time,temperature_2m,dew_point_2m,relative_humidity_2m,precipitation,cloud_cover,pressure_msl,wind_speed_10m,wind_speed_100m,wind_direction_10m,wind_gusts_10m,shortwave_radiation,direct_radiation,diffuse_radiation,sunshine_duration,rain,snowfall,vapour_pressure_deficit,et0_fao_evapotranspiration,soil_temperature_0_to_7cm,soil_temperature_7_to_28cm,soil_temperature_28_to_100cm,soil_temperature_100_to_255cm,soil_moisture_0_to_7cm,soil_moisture_7_to_28cm,soil_moisture_28_to_100cm,soil_moisture_100_to_255cm,water_balance_mm,local_time
2026-06-01 22:00:00+00:00,15.6,15.4,98,1.6,100,1012.3,1.33,2.39,326,2.9,0.0,0.0,0.0,0.0,1.6,0.0,0.03,0.0,16.5,17.6,15.4,10.2,0.389,0.17,0.251,0.278,1.6,2026-06-02 00:00:00+02:00
2026-06-01 23:00:00+00:00,15.5,15.2,98,2.1,100,1012.3,2.48,4.48,332,4.4,0.0,0.0,0.0,0.0,2.1,0.0,0.03,0.0,16.4,17.5,15.4,10.2,0.406,0.175,0.251,0.278,2.1,2026-06-02 01:00:00+02:00
2026-06-02 00:00:00+00:00,14.9,14.7,98,2.2,88,1011.9,2.79,5.3,351,5.5,0.0,0.0,0.0,0.0,2.2,0.0,0.03,0.0,16.3,17.6,15.3,10.2,0.386,0.171,0.251,0.278,2.2,2026-06-02 02:00:00+02:00
2026-06-02 01:00:00+00:00,14.7,14.5,98,0.1,95,1011.9,2.48,4.79,341,4.8,0.0,0.0,0.0,0.0,0.1,0.0,0.03,0.0,16.0,17.4,15.3,10.2,0.379,0.174,0.251,0.278,0.1,2026-06-02 03:00:00+02:00
2026-06-02 02:00:00+00:00,14.5,14.2,98,0.2,98,1012.0,2.57,4.95,336,4.7,0.0,0.0,0.0,0.0,0.2,0.0,0.03,0.0,15.7,17.3,15.3,10.2,0.375,0.176,0.251,0.278,0.2,2026-06-02 04:00:00+02:00
2026-06-02 03:00:00+00:00,14.4,14.1,98,0.1,100,1012.1,2.21,4.45,332,4.7,1.0,0.0,1.0,0.0,0.1,0.0,0.03,0.0,15.5,17.2,15.3,10.2,0.369,0.178,0.251,0.278,0.1,2026-06-02 05:00:00+02:00
2026-06-02 04:00:00+00:00,15.0,14.6,98,0.1,52,1012.4,2.23,3.96,314,4.1,27.0,0.0,27.0,0.0,0.1,0.0,0.04,0.02,15.5,17.0,15.3,10.2,0.365,0.18,0.25,0.278,0.08,2026-06-02 06:00:00+02:00
2026-06-02 05:00:00+00:00,15.5,14.7,95,0.0,38,1012.5,2.8,4.29,329,5.7,89.0,2.0,87.0,0.0,0.0,0.0,0.09,0.05,15.8,16.9,15.3,10.2,0.36,0.182,0.25,0.278,-0.05,2026-06-02 07:00:00+02:00
2026-06-02 06:00:00+00:00,16.8,14.7,87,0.0,32,1012.6,2.97,4.11,347,6.7,297.0,173.0,124.0,3600.0,0.0,0.0,0.25,0.15,16.5,16.8,15.3,10.2,0.355,0.183,0.25,0.278,-0.15,2026-06-02 08:00:00+02:00
2026-06-02 07:00:00+00:00,18.2,14.2,77,0.0,48,1012.5,3.06,4.26,354,7.2,467.0,300.0,167.0,3600.0,0.0,0.0,0.47,0.25,17.5,16.8,15.3,10.2,0.349,0.184,0.25,0.278,-0.25,2026-06-02 09:00:00+02:00
2026-06-02 08:00:00+00:00,19.4,13.8,70,0.1,39,1012.6,3.17,4.36,354,7.5,563.0,391.0,172.0,3600.0,0.1,0.0,0.68,0.33,18.6,16.9,15.3,10.2,0.344,0.185,0.25,0.278,-0.23,2026-06-02 10:00:00+02:00
2026-06-02 09:00:00+00:00,20.5,13.3,63,0.1,26,1012.6,2.67,3.67,352,7.4,661.0,461.0,200.0,3600.0,0.1,0.0,0.88,0.4,19.7,17.0,15.3,10.2,0.339,0.186,0.25,0.278,-0.30000000000000004,2026-06-02 11:00:00+02:00
2026-06-02 10:00:00+00:00,21.5,12.9,58,0.2,27,1012.5,2.38,3.26,345,6.7,806.0,642.0,164.0,3600.0,0.2,0.0,1.07,0.5,20.8,17.2,15.3,10.2,0.334,0.187,0.25,0.278,-0.3,2026-06-02 12:00:00+02:00
2026-06-02 11:00:00+00:00,22.2,12.5,54,0.1,23,1012.1,1.92,2.64,332,6.3,774.0,524.0,250.0,3600.0,0.1,0.0,1.23,0.5,21.7,17.4,15.3,10.2,0.327,0.187,0.25,0.278,-0.4,2026-06-02 13:00:00+02:00
2026-06-02 12:00:00+00:00,23.2,11.5,48,0.1,25,1011.9,2.46,3.31,322,6.0,819.0,643.0,176.0,3600.0,0.1,0.0,1.49,0.54,22.7,17.6,15.3,10.2,0.315,0.189,0.25,0.278,-0.44000000000000006,2026-06-02 14:00:00+02:00
2026-06-02 13:00:00+00:00,23.3,11.5,47,0.1,9,1011.4,2.41,3.25,313,6.2,722.0,587.0,135.0,3600.0,0.1,0.0,1.51,0.48,23.0,17.8,15.3,10.2,0.309,0.189,0.25,0.278,-0.38,2026-06-02 15:00:00+02:00
2026-06-02 14:00:00+00:00,23.4,11.5,47,0.0,11,1011.1,2.34,3.18,304,6.1,663.0,541.0,122.0,3600.0,0.0,0.0,1.53,0.44,23.0,18.1,15.3,10.2,0.303,0.189,0.25,0.278,-0.44,2026-06-02 16:00:00+02:00
2026-06-02 15:00:00+00:00,23.3,11.4,47,0.0,23,1011.2,1.95,2.71,293,5.7,528.0,420.0,108.0,3600.0,0.0,0.0,1.51,0.35,22.9,18.3,15.3,10.2,0.298,0.189,0.25,0.278,-0.35,2026-06-02 17:00:00+02:00
2026-06-02 16:00:00+00:00,22.9,12.3,51,0.0,20,1011.1,1.81,2.65,246,4.6,344.0,243.0,101.0,3600.0,0.0,0.0,1.36,0.24,22.4,18.5,15.3,10.2,0.294,0.19,0.25,0.278,-0.24,2026-06-02 18:00:00+02:00
2026-06-02 17:00:00+00:00,21.5,14.6,65,0.0,16,1010.7,2.12,4.23,225,4.0,195.0,130.0,65.0,3600.0,0.0,0.0,0.9,0.13,21.6,18.6,15.3,10.2,0.292,0.19,0.25,0.278,-0.13,2026-06-02 19:00:00+02:00
2026-06-02 18:00:00+00:00,19.9,14.0,69,0.0,12,1010.6,1.46,3.9,264,3.8,68.0,34.0,34.0,3600.0,0.0,0.0,0.73,0.05,20.7,19.0,15.8,10.2,0.247,0.181,0.249,0.278,-0.05,2026-06-02 20:00:00+02:00
2026-06-02 19:00:00+00:00,18.9,13.6,71,0.0,12,1010.8,1.12,2.73,201,2.0,2.0,0.0,2.0,0.0,0.0,0.0,0.63,0.02,19.5,19.0,15.8,10.2,0.247,0.181,0.249,0.278,-0.02,2026-06-02 21:00:00+02:00
2026-06-02 20:00:00+00:00,17.8,13.8,78,0.0,27,1010.8,2.02,3.36,157,3.5,0.0,0.0,0.0,0.0,0.0,0.0,0.45,0.02,18.6,18.9,15.8,10.2,0.247,0.181,0.249,0.278,-0.02,2026-06-02 22:00:00+02:00
2026-06-02 21:00:00+00:00,17.0,12.7,76,0.0,42,1010.8,2.66,5.59,176,4.5,0.0,0.0,0.0,0.0,0.0,0.0,0.46,0.02,17.8,18.8,15.8,10.3,0.246,0.181,0.249,0.278,-0.02,2026-06-02 23:00:00+02:00
2026-06-02 22:00:00+00:00,16.7,11.9,73,0.0,84,1011.0,3.36,7.18,185,5.8,0.0,0.0,0.0,0.0,0.0,0.0,0.51,0.04,17.3,18.7,15.8,10.3,0.245,0.181,0.249,0.278,-0.04,2026-06-03 00:00:00+02:00
2026-06-02 23:00:00+00:00,16.5,12.6,78,0.0,76,1010.8,3.12,6.87,186,6.2,0.0,0.0,0.0,0.0,0.0,0.0,0.42,0.03,16.9,18.6,15.8,10.3,0.245,0.181,0.249,0.278,-0.03,2026-06-03 01:00:00+02:00
2026-06-03 00:00:00+00:00,15.8,14.0,89,0.0,10,1010.6,3.19,6.55,171,5.6,0.0,0.0,0.0,0.0,0.0,0.0,0.2,0.01,16.4,18.3,15.4,10.3,0.254,0.188,0.25,0.278,-0.01,2026-06-03 02:00:00+02:00
2026-06-03 01:00:00+00:00,15.7,13.9,89,0.0,7,1010.2,3.25,6.64,170,5.8,0.0,0.0,0.0,0.0,0.0,0.0,0.19,0.01,16.2,18.2,15.5,10.3,0.254,0.188,0.25,0.278,-0.01,2026-06-03 03:00:00+02:00
2026-06-03 02:00:00+00:00,15.3,13.8,91,0.0,4,1009.9,3.22,6.61,173,5.9,0.0,0.0,0.0,0.0,0.0,0.0,0.16,0.01,16.0,18.0,15.5,10.3,0.253,0.188,0.25,0.278,-0.01,2026-06-03 04:00:00+02:00
2026-06-03 03:00:00+00:00,15.1,13.9,93,0.0,6,1009.9,3.17,6.53,174,5.9,2.0,0.0,2.0,0.0,0.0,0.0,0.12,0.0,15.8,17.8,15.5,10.3,0.253,0.188,0.25,0.278,0.0,2026-06-03 05:00:00+02:00
2026-06-03 04:00:00+00:00,15.9,14.4,91,0.0,22,1010.0,3.35,6.46,180,6.2,66.0,32.0,34.0,3600.0,0.0,0.0,0.17,0.03,15.9,17.7,15.5,10.3,0.253,0.189,0.25,0.278,-0.03,2026-06-03 06:00:00+02:00
2026-06-03 05:00:00+00:00,17.6,15.3,87,0.0,45,1010.1,2.85,6.88,180,6.3,205.0,136.0,69.0,3600.0,0.0,0.0,0.27,0.1,16.6,17.6,15.5,10.3,0.252,0.189,0.25,0.278,-0.1,2026-06-03 07:00:00+02:00
2026-06-03 06:00:00+00:00,19.3,16.1,82,0.0,95,1010.2,2.55,4.3,183,7.2,361.0,252.0,109.0,3600.0,0.0,0.0,0.4,0.2,17.8,17.5,15.5,10.3,0.249,0.188,0.25,0.278,-0.2,2026-06-03 08:00:00+02:00
2026-06-03 07:00:00+00:00,21.0,16.4,75,0.0,67,1010.1,2.9,4.2,179,6.8,466.0,269.0,197.0,3600.0,0.0,0.0,0.62,0.28,19.1,17.6,15.5,10.3,0.246,0.188,0.25,0.278,-0.28,2026-06-03 09:00:00+02:00
2026-06-03 08:00:00+00:00,22.6,16.0,66,0.0,93,1009.9,3.1,4.25,177,8.5,657.0,498.0,159.0,3600.0,0.0,0.0,0.92,0.41,20.5,17.7,15.5,10.3,0.243,0.188,0.25,0.278,-0.41,2026-06-03 10:00:00+02:00
2026-06-03 09:00:00+00:00,23.8,15.2,58,0.0,98,1009.5,3.08,4.22,173,8.5,803.0,667.0,136.0,3600.0,0.0,0.0,1.23,0.52,21.9,17.8,15.5,10.3,0.238,0.188,0.25,0.278,-0.52,2026-06-03 11:00:00+02:00
2026-06-03 10:00:00+00:00,24.7,12.8,48,0.0,100,1009.4,3.5,4.75,178,8.3,851.0,706.0,145.0,3600.0,0.0,0.0,1.62,0.57,23.0,18.0,15.5,10.3,0.232,0.188,0.25,0.278,-0.57,2026-06-03 12:00:00+02:00
2026-06-03 11:00:00+00:00,24.8,11.9,44,0.0,84,1009.0,3.35,4.65,179,8.4,762.0,500.0,262.0,3600.0,0.0,0.0,1.74,0.53,23.5,18.3,15.5,10.3,0.227,0.188,0.249,0.278,-0.53,2026-06-03 13:00:00+02:00
2026-06-03 12:00:00+00:00,25.6,11.5,41,0.0,43,1008.5,3.51,4.91,183,8.1,767.0,578.0,189.0,3600.0,0.0,0.0,1.93,0.55,24.1,18.8,15.7,10.3,0.218,0.185,0.248,0.278,-0.55,2026-06-03 14:00:00+02:00
2026-06-03 13:00:00+00:00,26.0,11.4,40,0.0,18,1007.8,3.21,4.47,176,8.1,765.0,622.0,143.0,3600.0,0.0,0.0,2.01,0.55,24.6,19.0,15.7,10.3,0.213,0.185,0.248,0.278,-0.55,2026-06-03 15:00:00+02:00
2026-06-03 14:00:00+00:00,26.0,11.3,40,0.0,5,1007.5,2.74,3.86,171,7.5,673.0,563.0,110.0,3600.0,0.0,0.0,2.03,0.48,24.8,19.3,15.7,10.3,0.208,0.185,0.247,0.278,-0.48,2026-06-03 16:00:00+02:00
2026-06-03 15:00:00+00:00,25.7,11.4,41,0.0,23,1007.3,2.36,3.31,175,6.4,536.0,437.0,99.0,3600.0,0.0,0.0,1.94,0.39,24.6,19.5,15.7,10.3,0.204,0.185,0.247,0.277,-0.39,2026-06-03 17:00:00+02:00
2026-06-03 16:00:00+00:00,25.0,13.4,48,0.0,60,1007.3,2.41,4.0,174,5.3,376.0,286.0,90.0,3600.0,0.0,0.0,1.64,0.28,24.2,19.7,15.7,10.3,0.201,0.185,0.247,0.277,-0.28,2026-06-03 18:00:00+02:00
2026-06-03 17:00:00+00:00,23.5,15.3,60,0.0,88,1006.9,1.7,3.81,152,4.6,178.0,97.0,81.0,3600.0,0.0,0.0,1.16,0.13,23.3,19.8,15.7,10.3,0.2,0.185,0.247,0.277,-0.13,2026-06-03 19:00:00+02:00
2026-06-03 18:00:00+00:00,22.1,15.0,64,0.0,98,1007.1,2.41,4.66,249,3.3,61.0,25.0,36.0,3600.0,0.0,0.0,0.95,0.07,22.2,20.0,15.8,10.3,0.201,0.185,0.247,0.277,-0.07,2026-06-03 20:00:00+02:00
2026-06-03 19:00:00+00:00,21.0,14.3,65,0.2,99,1007.4,2.62,4.66,288,4.6,1.0,0.0,1.0,0.0,0.2,0.0,0.86,0.06,21.2,20.0,15.8,10.3,0.202,0.185,0.247,0.277,0.14,2026-06-03 21:00:00+02:00
2026-06-03 20:00:00+00:00,20.1,14.5,70,0.0,100,1007.4,1.41,2.99,352,4.6,0.0,0.0,0.0,0.0,0.0,0.0,0.7,0.02,20.5,20.0,15.9,10.3,0.202,0.185,0.247,0.277,-0.02,2026-06-03 22:00:00+02:00
2026-06-03 21:00:00+00:00,19.1,14.8,76,0.0,69,1007.5,2.24,3.88,63,4.1,0.0,0.0,0.0,0.0,0.0,0.0,0.53,0.02,19.8,19.9,15.9,10.4,0.201,0.185,0.247,0.277,-0.02,2026-06-03 23:00:00+02:00
2026-06-03 22:00:00+00:00,18.9,14.9,78,0.0,100,1007.6,2.15,3.63,68,3.9,0.0,0.0,0.0,0.0,0.0,0.0,0.49,0.02,19.2,19.8,15.9,10.4,0.201,0.185,0.247,0.277,-0.02,2026-06-04 00:00:00+02:00
2026-06-03 23:00:00+00:00,17.8,15.0,84,0.0,95,1007.6,1.58,3.2,191,3.7,0.0,0.0,0.0,0.0,0.0,0.0,0.33,0.01,18.7,19.7,15.9,10.4,0.201,0.185,0.247,0.277,-0.01,2026-06-04 01:00:00+02:00
2026-06-04 00:00:00+00:00,16.4,15.0,92,0.0,97,1007.5,0.32,0.57,108,3.8,0.0,0.0,0.0,0.0,0.0,0.0,0.15,0.0,18.0,19.5,15.8,10.4,0.207,0.186,0.246,0.277,0.0,2026-06-04 02:00:00+02:00
2026-06-04 01:00:00+00:00,16.7,15.5,93,0.0,60,1007.6,2.62,5.07,204,6.3,0.0,0.0,0.0,0.0,0.0,0.0,0.13,0.0,17.7,19.3,15.8,10.4,0.207,0.186,0.246,0.277,0.0,2026-06-04 03:00:00+02:00
2026-06-04 02:00:00+00:00,16.2,15.4,95,0.0,52,1007.4,0.92,2.23,193,4.4,0.0,0.0,0.0,0.0,0.0,0.0,0.1,0.0,17.3,19.2,15.8,10.4,0.207,0.186,0.246,0.277,0.0,2026-06-04 04:00:00+02:00
2026-06-04 03:00:00+00:00,16.3,15.7,96,0.0,45,1008.0,3.04,5.75,153,5.5,2.0,0.0,2.0,0.0,0.0,0.0,0.07,0.0,17.1,19.0,15.8,10.4,0.207,0.186,0.246,0.277,0.0,2026-06-04 05:00:00+02:00
2026-06-04 04:00:00+00:00,16.8,15.9,94,0.0,63,1008.5,2.71,5.4,175,5.6,62.0,26.0,36.0,3600.0,0.0,0.0,0.11,0.03,17.2,18.8,15.8,10.4,0.207,0.186,0.246,0.277,-0.03,2026-06-04 06:00:00+02:00
2026-06-04 05:00:00+00:00,18.4,16.4,88,0.0,88,1008.8,3.11,4.56,191,6.7,190.0,105.0,85.0,3600.0,0.0,0.0,0.25,0.1,17.8,18.8,15.8,10.4,0.206,0.186,0.246,0.277,-0.1,2026-06-04 07:00:00+02:00
2026-06-04 06:00:00+00:00,19.1,16.9,87,0.0,100,1009.4,3.48,4.97,196,7.5,273.0,129.0,144.0,3600.0,0.0,0.0,0.29,0.15,18.7,18.7,15.8,10.4,0.203,0.186,0.246,0.277,-0.15,2026-06-04 08:00:00+02:00
2026-06-04 07:00:00+00:00,19.8,16.8,83,0.1,71,1009.7,3.19,4.44,197,7.6,327.0,128.0,199.0,3600.0,0.1,0.0,0.4,0.19,19.5,18.7,15.9,10.4,0.203,0.186,0.246,0.277,-0.09,2026-06-04 09:00:00+02:00
2026-06-04 08:00:00+00:00,21.2,16.6,75,0.2,84,1010.0,3.0,4.08,198,7.6,523.0,278.0,245.0,3600.0,0.2,0.0,0.63,0.32,20.6,18.7,15.9,10.4,0.202,0.186,0.246,0.277,-0.12,2026-06-04 10:00:00+02:00
2026-06-04 09:00:00+00:00,22.7,17.4,72,0.0,69,1010.0,2.61,3.48,197,8.0,749.0,564.0,185.0,3600.0,0.0,0.0,0.77,0.46,22.1,18.8,15.9,10.4,0.199,0.185,0.245,0.277,-0.46,2026-06-04 11:00:00+02:00
2026-06-04 10:00:00+00:00,23.4,17.1,68,0.0,99,1009.9,2.79,3.72,201,8.1,758.0,475.0,283.0,3600.0,0.0,0.0,0.92,0.48,23.3,18.9,15.9,10.4,0.195,0.185,0.245,0.277,-0.48,2026-06-04 12:00:00+02:00
2026-06-04 11:00:00+00:00,23.5,17.0,67,0.0,100,1009.7,3.22,4.3,206,8.2,717.0,441.0,276.0,3600.0,0.0,0.0,0.96,0.46,24.0,19.2,15.9,10.4,0.192,0.185,0.245,0.277,-0.46,2026-06-04 13:00:00+02:00
2026-06-04 12:00:00+00:00,23.8,16.6,64,0.1,31,1009.8,3.91,5.35,207,9.0,812.0,616.0,196.0,3600.0,0.1,0.0,1.07,0.51,24.5,19.3,15.9,10.4,0.199,0.187,0.247,0.277,-0.41000000000000003,2026-06-04 14:00:00+02:00
2026-06-04 13:00:00+00:00,23.1,15.9,64,0.3,56,1009.9,3.67,5.08,218,9.7,553.0,321.0,232.0,3600.0,0.3,0.0,1.01,0.37,24.4,19.5,15.9,10.4,0.199,0.187,0.247,0.277,-0.07,2026-06-04 15:00:00+02:00
2026-06-04 14:00:00+00:00,23.7,16.9,66,0.0,65,1009.8,3.43,4.78,223,8.4,556.0,387.0,169.0,3600.0,0.0,0.0,1.01,0.37,24.4,19.7,15.9,10.4,0.196,0.187,0.247,0.277,-0.37,2026-06-04 16:00:00+02:00
2026-06-04 15:00:00+00:00,23.3,16.4,65,0.1,55,1009.9,3.96,5.62,224,9.0,485.0,335.0,150.0,3600.0,0.1,0.0,0.99,0.32,24.2,19.8,15.9,10.4,0.194,0.186,0.247,0.277,-0.22,2026-06-04 17:00:00+02:00
2026-06-04 16:00:00+00:00,22.8,16.2,66,0.0,52,1009.8,2.9,4.28,224,8.7,273.0,161.0,112.0,3600.0,0.0,0.0,0.93,0.2,23.6,20.0,15.9,10.4,0.192,0.186,0.247,0.277,-0.2,2026-06-04 18:00:00+02:00
2026-06-04 17:00:00+00:00,22.3,16.8,71,0.0,46,1010.0,2.26,3.82,215,6.1,190.0,110.0,80.0,3600.0,0.0,0.0,0.78,0.13,23.0,20.1,15.9,10.4,0.191,0.186,0.247,0.277,-0.13,2026-06-04 19:00:00+02:00
2026-06-04 18:00:00+00:00,20.7,17.1,80,0.1,37,1010.5,2.04,4.43,191,4.3,59.0,25.0,34.0,3600.0,0.1,0.0,0.5,0.05,22.2,20.2,16.0,10.4,0.177,0.186,0.247,0.277,0.05,2026-06-04 20:00:00+02:00
2026-06-04 19:00:00+00:00,20.0,16.6,81,0.0,17,1010.7,3.14,6.11,171,5.5,3.0,0.0,3.0,0.0,0.0,0.0,0.44,0.03,21.2,20.2,16.0,10.5,0.177,0.186,0.247,0.277,-0.03,2026-06-04 21:00:00+02:00
2026-06-04 20:00:00+00:00,19.0,15.9,82,0.0,9,1011.3,3.45,6.83,199,6.4,0.0,0.0,0.0,0.0,0.0,0.0,0.4,0.03,20.4,20.1,16.0,10.5,0.177,0.186,0.247,0.277,-0.03,2026-06-04 22:00:00+02:00
2026-06-04 21:00:00+00:00,18.0,15.4,85,0.0,13,1011.6,3.53,6.92,198,6.4,0.0,0.0,0.0,0.0,0.0,0.0,0.32,0.02,19.6,20.0,16.0,10.5,0.177,0.186,0.247,0.277,-0.02,2026-06-04 23:00:00+02:00
2026-06-04 22:00:00+00:00,17.3,15.0,86,0.0,30,1011.7,3.3,6.58,198,6.6,0.0,0.0,0.0,0.0,0.0,0.0,0.27,0.02,19.0,19.9,16.0,10.5,0.177,0.186,0.247,0.277,-0.02,2026-06-05 00:00:00+02:00
2026-06-04 23:00:00+00:00,16.7,14.7,88,0.0,27,1011.7,3.07,6.14,187,6.0,0.0,0.0,0.0,0.0,0.0,0.0,0.23,0.01,18.4,19.8,16.0,10.5,0.176,0.186,0.247,0.277,-0.01,2026-06-05 01:00:00+02:00
2026-06-05 00:00:00+00:00,16.3,14.5,89,0.0,37,1011.8,3.11,6.14,175,5.8,0.0,0.0,0.0,0.0,0.0,0.0,0.2,0.01,17.9,19.6,15.9,10.5,0.187,0.186,0.247,0.277,-0.01,2026-06-05 02:00:00+02:00
2026-06-05 01:00:00+00:00,15.9,14.4,91,0.0,96,1011.8,3.2,6.3,170,6.0,0.0,0.0,0.0,0.0,0.0,0.0,0.17,0.01,17.5,19.4,15.9,10.5,0.187,0.186,0.247,0.277,-0.01,2026-06-05 03:00:00+02:00
2026-06-05 02:00:00+00:00,15.4,14.2,93,0.0,95,1011.8,3.05,6.05,170,5.9,0.0,0.0,0.0,0.0,0.0,0.0,0.13,0.01,17.1,19.3,15.9,10.5,0.187,0.186,0.247,0.277,-0.01,2026-06-05 04:00:00+02:00
2026-06-05 03:00:00+00:00,15.2,14.1,93,0.0,72,1012.1,3.19,6.26,166,5.8,2.0,0.0,2.0,0.0,0.0,0.0,0.12,0.0,16.7,19.1,15.9,10.5,0.187,0.186,0.247,0.277,0.0,2026-06-05 05:00:00+02:00
2026-06-05 04:00:00+00:00,16.1,14.4,90,0.0,81,1012.4,2.86,5.95,168,5.9,65.0,27.0,38.0,3600.0,0.0,0.0,0.19,0.03,16.8,18.9,15.9,10.5,0.187,0.187,0.247,0.277,-0.03,2026-06-05 06:00:00+02:00
2026-06-05 05:00:00+00:00,17.4,14.9,85,0.0,91,1012.4,2.69,5.04,165,5.9,185.0,92.0,93.0,3600.0,0.0,0.0,0.29,0.1,17.4,18.8,15.9,10.5,0.186,0.186,0.247,0.277,-0.1,2026-06-05 07:00:00+02:00
2026-06-05 06:00:00+00:00,18.7,15.7,82,0.0,91,1013.0,2.67,3.86,167,6.8,329.0,172.0,157.0,3600.0,0.0,0.0,0.38,0.18,18.4,18.7,15.9,10.5,0.19,0.188,0.247,0.277,-0.18,2026-06-05 08:00:00+02:00
2026-06-05 07:00:00+00:00,20.5,16.3,77,0.0,95,1013.3,2.76,3.81,175,6.9,502.0,344.0,158.0,3600.0,0.0,0.0,0.56,0.29,19.7,18.6,15.9,10.5,0.188,0.188,0.247,0.277,-0.29,2026-06-05 09:00:00+02:00
2026-06-05 08:00:00+00:00,22.0,15.9,68,0.0,99,1013.3,2.98,4.0,189,7.4,641.0,449.0,192.0,3600.0,0.0,0.0,0.84,0.39,21.1,18.7,15.9,10.5,0.186,0.188,0.247,0.277,-0.39,2026-06-05 10:00:00+02:00
2026-06-05 09:00:00+00:00,22.5,15.6,65,0.1,99,1013.4,2.93,4.03,205,7.5,549.0,234.0,315.0,3600.0,0.1,0.0,0.95,0.36,21.9,18.8,15.9,10.5,0.184,0.188,0.246,0.277,-0.26,2026-06-05 11:00:00+02:00
2026-06-05 10:00:00+00:00,23.4,15.2,60,0.0,99,1013.4,3.37,4.58,212,7.9,592.0,189.0,403.0,3600.0,0.0,0.0,1.16,0.4,22.7,18.9,15.9,10.5,0.181,0.188,0.246,0.277,-0.4,2026-06-05 12:00:00+02:00
2026-06-05 11:00:00+00:00,24.0,15.0,57,0.0,98,1013.2,3.59,4.91,220,8.4,619.0,207.0,412.0,3600.0,0.0,0.0,1.28,0.43,23.4,19.1,15.9,10.5,0.178,0.187,0.246,0.277,-0.43,2026-06-05 13:00:00+02:00
2026-06-05 12:00:00+00:00,24.7,14.8,54,0.0,98,1013.2,3.47,4.75,221,8.5,682.0,313.0,369.0,3600.0,0.0,0.0,1.43,0.47,24.1,19.4,16.1,10.5,0.185,0.19,0.247,0.277,-0.47,2026-06-05 14:00:00+02:00
2026-06-05 13:00:00+00:00,24.9,14.4,52,0.0,74,1012.8,3.4,4.74,227,7.9,603.0,298.0,305.0,3600.0,0.0,0.0,1.5,0.43,24.4,19.6,16.1,10.5,0.182,0.19,0.247,0.277,-0.43,2026-06-05 15:00:00+02:00
2026-06-05 14:00:00+00:00,25.6,14.1,49,0.0,72,1012.6,3.34,4.6,230,8.0,625.0,427.0,198.0,3600.0,0.0,0.0,1.67,0.45,24.8,19.8,16.1,10.5,0.178,0.19,0.247,0.277,-0.45,2026-06-05 16:00:00+02:00
2026-06-05 15:00:00+00:00,25.4,13.6,48,0.0,96,1012.5,3.23,4.58,235,8.0,515.0,393.0,122.0,3600.0,0.0,0.0,1.68,0.38,24.8,20.0,16.1,10.5,0.175,0.189,0.247,0.277,-0.38,2026-06-05 17:00:00+02:00
2026-06-05 16:00:00+00:00,24.7,14.6,53,0.0,99,1012.8,2.26,3.57,252,7.1,313.0,162.0,151.0,3600.0,0.0,0.0,1.45,0.24,24.3,20.2,16.1,10.5,0.173,0.189,0.247,0.277,-0.24,2026-06-05 18:00:00+02:00
2026-06-05 17:00:00+00:00,23.8,17.1,66,0.0,99,1012.7,1.14,2.79,255,4.2,164.0,52.0,112.0,3590.11,0.0,0.0,1.0,0.12,23.7,20.3,16.1,10.5,0.172,0.189,0.247,0.277,-0.12,2026-06-05 19:00:00+02:00
2026-06-05 18:00:00+00:00,22.3,16.0,67,0.0,100,1013.0,1.66,4.23,241,1.8,47.0,3.0,44.0,0.0,0.0,0.0,0.88,0.06,22.8,20.4,16.3,10.5,0.158,0.185,0.246,0.277,-0.06,2026-06-05 20:00:00+02:00
2026-06-05 19:00:00+00:00,21.5,14.9,66,0.0,100,1013.4,1.77,4.47,220,2.9,2.0,0.0,2.0,0.0,0.0,0.0,0.86,0.04,21.7,20.5,16.3,10.6,0.158,0.185,0.245,0.277,-0.04,2026-06-05 21:00:00+02:00
2026-06-05 20:00:00+00:00,21.1,14.3,65,0.0,100,1013.8,2.87,5.99,257,4.8,0.0,0.0,0.0,0.0,0.0,0.0,0.86,0.05,21.0,20.4,16.3,10.6,0.157,0.185,0.245,0.277,-0.05,2026-06-05 22:00:00+02:00
2026-06-05 21:00:00+00:00,20.0,15.4,75,0.0,100,1014.2,3.09,6.1,279,5.9,0.0,0.0,0.0,0.0,0.0,0.0,0.59,0.04,20.5,20.4,16.3,10.6,0.157,0.185,0.245,0.277,-0.04,2026-06-05 23:00:00+02:00
2026-06-05 22:00:00+00:00,18.9,15.5,81,0.0,92,1014.7,3.66,6.88,280,6.7,0.0,0.0,0.0,0.0,0.0,0.0,0.42,0.03,19.9,20.3,16.3,10.6,0.156,0.185,0.245,0.277,-0.03,2026-06-06 00:00:00+02:00
2026-06-05 23:00:00+00:00,18.1,15.1,83,0.0,100,1015.0,3.11,5.99,289,6.8,0.0,0.0,0.0,0.0,0.0,0.0,0.36,0.02,19.4,20.2,16.3,10.6,0.156,0.185,0.245,0.277,-0.02,2026-06-06 01:00:00+02:00
2026-06-06 00:00:00+00:00,17.2,14.8,86,0.0,100,1014.9,2.45,4.81,282,5.7,0.0,0.0,0.0,0.0,0.0,0.0,0.28,0.01,18.8,19.7,15.9,10.6,0.162,0.186,0.244,0.277,-0.01,2026-06-06 02:00:00+02:00
2026-06-06 01:00:00+00:00,16.9,14.7,87,0.0,99,1015.2,2.33,4.52,293,4.3,0.0,0.0,0.0,0.0,0.0,0.0,0.25,0.01,18.3,19.6,15.9,10.6,0.162,0.186,0.244,0.277,-0.01,2026-06-06 03:00:00+02:00
2026-06-06 02:00:00+00:00,16.4,14.5,89,0.0,89,1015.4,1.38,3.09,283,4.3,0.0,0.0,0.0,0.0,0.0,0.0,0.21,0.0,17.9,19.4,15.9,10.6,0.162,0.186,0.244,0.277,0.0,2026-06-06 04:00:00+02:00
2026-06-06 03:00:00+00:00,15.8,14.3,91,0.0,69,1016.0,2.61,3.91,250,4.6,1.0,0.0,1.0,0.0,0.0,0.0,0.16,0.02,17.5,19.3,15.9,10.6,0.162,0.186,0.244,0.277,-0.02,2026-06-06 05:00:00+02:00
2026-06-06 04:00:00+00:00,16.2,14.2,88,0.1,88,1016.6,1.43,2.84,299,5.0,53.0,13.0,40.0,1516.67,0.1,0.0,0.22,0.03,17.5,19.2,15.9,10.6,0.162,0.186,0.244,0.277,0.07,2026-06-06 06:00:00+02:00
2026-06-06 05:00:00+00:00,16.6,14.3,86,0.0,94,1016.8,2.1,2.96,1,4.9,146.0,58.0,88.0,3600.0,0.0,0.0,0.26,0.08,17.7,19.0,15.9,10.6,0.162,0.186,0.244,0.277,-0.08,2026-06-06 07:00:00+02:00
2026-06-06 06:00:00+00:00,16.9,12.7,76,0.0,99,1017.2,1.46,2.09,31,5.3,209.0,54.0,155.0,1889.37,0.0,0.0,0.46,0.13,18.2,18.9,15.8,10.6,0.159,0.186,0.244,0.277,-0.13,2026-06-06 08:00:00+02:00
2026-06-06 07:00:00+00:00,17.6,13.1,75,0.0,100,1017.7,0.28,0.49,45,3.5,230.0,78.0,152.0,2169.48,0.0,0.0,0.5,0.14,18.7,18.8,15.8,10.6,0.158,0.186,0.244,0.277,-0.14,2026-06-06 09:00:00+02:00
2026-06-06 08:00:00+00:00,17.6,13.7,78,0.4,99,1017.8,0.32,0.3,288,2.4,200.0,31.0,169.0,0.0,0.4,0.0,0.45,0.13,19.0,18.7,15.8,10.6,0.161,0.185,0.244,0.277,0.27,2026-06-06 10:00:00+02:00
2026-06-06 09:00:00+00:00,18.3,15.0,81,0.9,99,1017.9,0.4,0.49,330,3.5,409.0,108.0,301.0,2155.72,0.9,0.0,0.4,0.25,19.6,18.7,15.8,10.6,0.17,0.185,0.244,0.277,0.65,2026-06-06 11:00:00+02:00
2026-06-06 10:00:00+00:00,18.8,15.2,80,0.4,89,1017.9,0.21,0.27,104,5.0,388.0,97.0,291.0,1497.05,0.4,0.0,0.44,0.25,20.0,18.7,15.8,10.6,0.173,0.185,0.244,0.277,0.15000000000000002,2026-06-06 12:00:00+02:00
2026-06-06 11:00:00+00:00,21.2,15.7,71,0.0,33,1017.6,1.26,1.61,198,6.4,780.0,467.0,313.0,3600.0,0.0,0.0,0.74,0.49,21.8,18.8,15.8,10.6,0.171,0.185,0.244,0.277,-0.49,2026-06-06 13:00:00+02:00
2026-06-06 12:00:00+00:00,18.2,16.1,87,0.0,99,1018.0,0.49,0.62,66,7.0,786.0,581.0,205.0,3600.0,0.0,0.0,0.27,0.47,21.7,18.6,15.8,10.6,0.221,0.192,0.249,0.277,-0.47,2026-06-06 14:00:00+02:00
2026-06-06 13:00:00+00:00,19.9,15.7,77,0.0,64,1017.5,0.81,1.07,259,3.5,452.0,151.0,301.0,3600.0,0.0,0.0,0.53,0.29,21.9,18.7,15.8,10.6,0.219,0.191,0.248,0.277,-0.29,2026-06-06 15:00:00+02:00
2026-06-06 14:00:00+00:00,21.1,15.6,71,0.0,97,1017.4,1.0,1.35,217,4.2,624.0,416.0,208.0,3600.0,0.0,0.0,0.73,0.39,22.6,18.9,15.8,10.6,0.216,0.191,0.248,0.277,-0.39,2026-06-06 16:00:00+02:00
2026-06-06 15:00:00+00:00,21.2,15.1,68,0.0,56,1017.3,0.35,0.45,172,4.0,440.0,217.0,223.0,3600.0,0.0,0.0,0.8,0.27,22.7,19.0,15.8,10.6,0.214,0.191,0.248,0.277,-0.27,2026-06-06 17:00:00+02:00
2026-06-06 16:00:00+00:00,21.2,14.9,67,0.0,9,1017.2,0.83,1.03,155,3.0,341.0,223.0,118.0,3600.0,0.0,0.0,0.82,0.21,22.5,19.1,15.8,10.6,0.212,0.191,0.248,0.277,-0.21,2026-06-06 18:00:00+02:00
2026-06-06 17:00:00+00:00,20.7,14.8,69,0.0,13,1017.0,0.81,1.12,158,2.9,204.0,122.0,82.0,3600.0,0.0,0.0,0.76,0.12,21.9,19.3,15.8,10.6,0.211,0.191,0.248,0.277,-0.12,2026-06-06 19:00:00+02:00
2026-06-06 18:00:00+00:00,19.4,15.3,77,0.0,98,1017.1,1.97,2.86,97,2.2,75.0,39.0,36.0,3600.0,0.0,0.0,0.51,0.05,21.1,19.4,15.9,10.7,0.183,0.186,0.245,0.277,-0.05,2026-06-06 20:00:00+02:00
2026-06-06 19:00:00+00:00,18.2,14.7,80,0.0,99,1017.4,2.24,3.66,119,4.2,3.0,0.0,3.0,0.0,0.0,0.0,0.42,0.02,20.0,19.4,15.9,10.7,0.183,0.186,0.245,0.277,-0.02,2026-06-06 21:00:00+02:00
2026-06-06 20:00:00+00:00,17.7,14.8,83,0.0,91,1017.8,1.84,3.27,151,3.9,0.0,0.0,0.0,0.0,0.0,0.0,0.35,0.01,19.1,19.4,15.9,10.7,0.183,0.186,0.245,0.277,-0.01,2026-06-06 22:00:00+02:00
2026-06-06 21:00:00+00:00,17.3,14.9,86,0.0,52,1018.0,1.71,3.29,165,3.2,0.0,0.0,0.0,0.0,0.0,0.0,0.27,0.01,18.4,19.3,15.9,10.7,0.183,0.186,0.245,0.277,-0.01,2026-06-06 23:00:00+02:00
2026-06-06 22:00:00+00:00,16.9,14.7,87,0.0,77,1018.0,0.9,2.28,146,2.8,0.0,0.0,0.0,0.0,0.0,0.0,0.25,0.0,17.7,19.1,15.9,10.7,0.183,0.186,0.245,0.277,0.0,2026-06-07 00:00:00+02:00
2026-06-06 23:00:00+00:00,16.8,14.7,87,0.0,96,1018.0,0.49,1.8,114,1.3,0.0,0.0,0.0,0.0,0.0,0.0,0.24,0.0,17.3,19.0,15.9,10.7,0.183,0.186,0.245,0.277,0.0,2026-06-07 01:00:00+02:00
2026-06-07 00:00:00+00:00,16.1,14.5,90,0.0,78,1018.0,0.8,1.58,90,0.7,0.0,0.0,0.0,0.0,0.0,0.0,0.18,0.0,16.8,18.8,15.2,10.7,0.198,0.184,0.238,0.277,0.0,2026-06-07 02:00:00+02:00
2026-06-07 01:00:00+00:00,15.2,14.1,93,0.0,43,1018.1,1.13,1.23,77,2.4,0.0,0.0,0.0,0.0,0.0,0.0,0.12,0.0,16.5,18.6,15.2,10.7,0.198,0.184,0.238,0.277,0.0,2026-06-07 03:00:00+02:00
2026-06-07 02:00:00+00:00,14.4,13.6,95,0.0,20,1018.4,1.46,2.02,112,2.4,0.0,0.0,0.0,0.0,0.0,0.0,0.08,0.0,16.0,18.4,15.3,10.7,0.198,0.184,0.238,0.277,0.0,2026-06-07 04:00:00+02:00
2026-06-07 03:00:00+00:00,14.0,13.4,96,0.0,25,1018.6,0.94,1.55,115,2.5,2.0,0.0,2.0,0.0,0.0,0.0,0.06,0.0,15.6,18.2,15.3,10.7,0.198,0.184,0.238,0.277,0.0,2026-06-07 05:00:00+02:00
2026-06-07 04:00:00+00:00,15.2,14.4,95,0.0,5,1019.2,0.91,0.58,81,2.1,67.0,31.0,36.0,3600.0,0.0,0.0,0.09,0.02,15.8,18.0,15.3,10.7,0.198,0.184,0.238,0.277,-0.02,2026-06-07 06:00:00+02:00
2026-06-07 05:00:00+00:00,17.6,15.7,89,0.0,1,1019.4,0.87,1.43,114,2.9,204.0,135.0,69.0,3600.0,0.0,0.0,0.22,0.1,16.7,17.9,15.3,10.7,0.198,0.184,0.238,0.277,-0.1,2026-06-07 07:00:00+02:00
2026-06-07 06:00:00+00:00,19.4,16.4,83,0.0,0,1019.7,0.6,0.81,138,3.0,372.0,282.0,90.0,3600.0,0.0,0.0,0.39,0.21,18.2,17.9,15.5,10.7,0.194,0.184,0.238,0.277,-0.21,2026-06-07 08:00:00+02:00
2026-06-07 07:00:00+00:00,21.2,16.7,75,0.0,2,1019.8,0.16,0.2,198,3.1,539.0,437.0,102.0,3600.0,0.0,0.0,0.62,0.33,19.9,17.9,15.5,10.7,0.192,0.184,0.238,0.277,-0.33,2026-06-07 09:00:00+02:00
2026-06-07 08:00:00+00:00,22.6,16.2,67,0.0,12,1019.8,0.85,1.11,249,5.8,684.0,570.0,114.0,3600.0,0.0,0.0,0.91,0.43,21.6,18.0,15.5,10.7,0.19,0.184,0.238,0.277,-0.43,2026-06-07 10:00:00+02:00
2026-06-07 09:00:00+00:00,23.6,14.3,56,0.1,16,1019.9,1.96,2.59,289,5.6,768.0,631.0,137.0,3600.0,0.1,0.0,1.27,0.5,22.9,18.2,15.5,10.7,0.187,0.183,0.238,0.277,-0.4,2026-06-07 11:00:00+02:00
2026-06-07 10:00:00+00:00,24.1,14.1,53,0.1,2,1019.8,2.35,3.18,294,7.0,818.0,671.0,147.0,3600.0,0.1,0.0,1.4,0.54,23.9,18.4,15.5,10.7,0.184,0.183,0.238,0.277,-0.44000000000000006,2026-06-07 12:00:00+02:00
2026-06-07 11:00:00+00:00,24.8,14.1,52,0.0,14,1019.4,2.31,3.04,288,7.2,861.0,712.0,149.0,3600.0,0.0,0.0,1.51,0.58,24.8,18.7,15.5,10.7,0.179,0.183,0.238,0.277,-0.58,2026-06-07 13:00:00+02:00
2026-06-07 12:00:00+00:00,26.0,11.8,41,0.0,19,1019.0,2.31,3.06,265,7.3,821.0,661.0,160.0,3600.0,0.0,0.0,1.97,0.58,25.7,19.1,15.9,10.7,0.148,0.171,0.235,0.277,-0.58,2026-06-07 14:00:00+02:00
2026-06-07 13:00:00+00:00,26.4,12.3,42,0.0,18,1018.6,2.72,3.67,264,7.2,770.0,630.0,140.0,3600.0,0.0,0.0,2.0,0.55,26.3,19.4,15.9,10.7,0.145,0.171,0.234,0.277,-0.55,2026-06-07 15:00:00+02:00
2026-06-07 14:00:00+00:00,26.2,13.0,44,0.0,36,1018.4,2.93,4.0,256,7.5,590.0,471.0,119.0,3600.0,0.0,0.0,1.91,0.44,26.3,19.7,15.9,10.7,0.142,0.171,0.234,0.277,-0.44,2026-06-07 16:00:00+02:00
2026-06-07 15:00:00+00:00,26.0,12.5,43,0.0,30,1018.3,3.23,4.57,283,7.9,458.0,330.0,128.0,3600.0,0.0,0.0,1.9,0.36,26.0,19.9,15.9,10.7,0.14,0.171,0.234,0.277,-0.36,2026-06-07 17:00:00+02:00
2026-06-07 16:00:00+00:00,25.9,11.3,40,0.0,13,1018.1,2.55,4.15,281,7.1,362.0,272.0,90.0,3600.0,0.0,0.0,2.0,0.29,25.5,20.1,15.9,10.7,0.138,0.171,0.234,0.277,-0.29,2026-06-07 18:00:00+02:00
2026-06-07 17:00:00+00:00,24.4,13.3,50,0.0,5,1018.0,2.55,5.0,305,5.0,206.0,139.0,67.0,3600.0,0.0,0.0,1.53,0.18,24.6,20.3,15.9,10.7,0.136,0.171,0.234,0.277,-0.18,2026-06-07 19:00:00+02:00
2026-06-07 18:00:00+00:00,22.3,13.8,58,0.0,13,1018.2,2.8,5.75,359,4.6,76.0,40.0,36.0,3600.0,0.0,0.0,1.12,0.09,23.3,20.4,15.9,10.8,0.139,0.172,0.234,0.277,-0.09,2026-06-07 20:00:00+02:00
2026-06-07 19:00:00+00:00,20.8,13.3,62,0.0,6,1018.6,1.65,4.71,2,5.0,4.0,1.0,3.0,0.0,0.0,0.0,0.93,0.03,22.0,20.4,15.9,10.8,0.139,0.172,0.234,0.277,-0.03,2026-06-07 21:00:00+02:00
2026-06-07 20:00:00+00:00,19.6,13.0,65,0.0,2,1019.0,2.14,4.44,344,3.1,0.0,0.0,0.0,0.0,0.0,0.0,0.79,0.03,20.7,20.4,15.9,10.8,0.139,0.172,0.234,0.277,-0.03,2026-06-07 22:00:00+02:00
2026-06-07 21:00:00+00:00,18.6,13.2,71,0.0,5,1019.2,2.41,5.15,347,4.0,0.0,0.0,0.0,0.0,0.0,0.0,0.63,0.03,19.8,20.3,16.0,10.8,0.138,0.172,0.234,0.277,-0.03,2026-06-07 23:00:00+02:00
2026-06-07 22:00:00+00:00,17.9,13.6,76,0.0,1,1019.5,2.3,5.14,360,4.1,0.0,0.0,0.0,0.0,0.0,0.0,0.49,0.02,19.0,20.1,16.0,10.8,0.138,0.172,0.234,0.277,-0.02,2026-06-08 00:00:00+02:00
2026-06-07 23:00:00+00:00,17.4,13.6,79,0.0,3,1019.7,2.4,5.35,2,4.0,0.0,0.0,0.0,0.0,0.0,0.0,0.42,0.02,18.4,20.0,16.0,10.8,0.138,0.172,0.234,0.277,-0.02,2026-06-08 01:00:00+02:00
2026-06-08 00:00:00+00:00,16.0,13.0,82,0.0,2,1019.9,2.06,4.68,6,4.2,0.0,0.0,0.0,0.0,0.0,0.0,0.32,0.01,17.2,19.2,14.7,10.8,0.16,0.179,0.237,0.277,-0.01,2026-06-08 02:00:00+02:00
2026-06-08 01:00:00+00:00,15.3,12.9,86,0.0,1,1019.8,2.34,4.89,11,3.9,0.0,0.0,0.0,0.0,0.0,0.0,0.25,0.01,16.7,19.0,14.7,10.8,0.159,0.179,0.237,0.277,-0.01,2026-06-08 03:00:00+02:00
2026-06-08 02:00:00+00:00,14.8,12.9,88,0.0,0,1019.9,2.25,4.82,3,4.1,0.0,0.0,0.0,0.0,0.0,0.0,0.2,0.01,16.2,18.8,14.8,10.8,0.159,0.179,0.237,0.277,-0.01,2026-06-08 04:00:00+02:00
2026-06-08 03:00:00+00:00,14.3,12.8,90,0.0,3,1020.2,1.86,4.28,355,3.8,2.0,0.0,2.0,0.0,0.0,0.0,0.16,0.01,15.7,18.6,14.8,10.8,0.159,0.179,0.237,0.277,-0.01,2026-06-08 05:00:00+02:00
2026-06-08 04:00:00+00:00,15.7,13.3,86,0.0,2,1020.3,2.23,4.81,9,3.6,70.0,36.0,34.0,3600.0,0.0,0.0,0.26,0.03,15.8,18.4,14.8,10.8,0.159,0.179,0.237,0.277,-0.03,2026-06-08 06:00:00+02:00
2026-06-08 05:00:00+00:00,18.2,13.8,75,0.0,1,1020.3,2.21,5.75,5,4.5,212.0,146.0,66.0,3600.0,0.0,0.0,0.52,0.12,16.7,18.2,14.8,10.8,0.159,0.179,0.236,0.277,-0.12,2026-06-08 07:00:00+02:00
2026-06-08 06:00:00+00:00,19.9,13.4,66,0.0,12,1020.7,2.65,4.17,359,6.0,381.0,296.0,85.0,3600.0,0.0,0.0,0.79,0.23,18.1,18.3,15.0,10.8,0.154,0.177,0.236,0.277,-0.23,2026-06-08 08:00:00+02:00
2026-06-08 07:00:00+00:00,21.7,13.0,58,0.0,3,1020.5,2.75,3.91,16,6.6,543.0,436.0,107.0,3600.0,0.0,0.0,1.1,0.34,19.7,18.2,15.0,10.8,0.152,0.177,0.235,0.277,-0.34,2026-06-08 09:00:00+02:00
2026-06-08 08:00:00+00:00,23.4,11.3,47,0.0,2,1020.5,2.42,3.36,22,6.7,693.0,578.0,115.0,3600.0,0.0,0.0,1.53,0.46,21.3,18.3,15.0,10.8,0.149,0.177,0.235,0.277,-0.46,2026-06-08 10:00:00+02:00
2026-06-08 09:00:00+00:00,24.4,10.5,41,0.0,13,1020.3,1.91,2.45,354,6.4,812.0,696.0,116.0,3600.0,0.0,0.0,1.79,0.54,23.0,18.4,15.0,10.8,0.146,0.177,0.235,0.277,-0.54,2026-06-08 11:00:00+02:00
2026-06-08 10:00:00+00:00,25.0,10.1,39,0.0,17,1020.3,2.0,2.55,323,5.9,864.0,717.0,147.0,3600.0,0.0,0.0,1.93,0.59,24.4,18.6,15.0,10.8,0.143,0.177,0.235,0.277,-0.59,2026-06-08 12:00:00+02:00
2026-06-08 11:00:00+00:00,25.1,9.8,38,0.0,22,1019.7,1.99,2.57,321,6.0,809.0,591.0,218.0,3600.0,0.0,0.0,1.97,0.56,25.3,18.9,15.1,10.8,0.139,0.177,0.235,0.277,-0.56,2026-06-08 13:00:00+02:00
2026-06-08 12:00:00+00:00,25.9,9.2,35,0.0,77,1019.1,1.63,2.13,317,5.9,784.0,578.0,206.0,3600.0,0.0,0.0,2.18,0.55,25.9,19.3,15.4,10.8,0.125,0.167,0.231,0.276,-0.55,2026-06-08 14:00:00+02:00
2026-06-08 13:00:00+00:00,26.0,9.3,35,0.0,100,1018.6,1.6,2.1,321,4.9,588.0,319.0,269.0,3600.0,0.0,0.0,2.18,0.43,26.3,19.5,15.4,10.8,0.122,0.167,0.231,0.276,-0.43,2026-06-08 15:00:00+02:00
2026-06-08 14:00:00+00:00,26.1,9.5,35,0.0,53,1018.2,1.57,2.06,333,4.8,509.0,255.0,254.0,3600.0,0.0,0.0,2.18,0.38,26.4,19.7,15.4,10.8,0.12,0.167,0.231,0.276,-0.38,2026-06-08 16:00:00+02:00
2026-06-08 15:00:00+00:00,26.3,9.3,34,0.0,52,1017.6,1.31,1.72,353,4.7,495.0,332.0,163.0,3600.0,0.0,0.0,2.24,0.35,26.5,20.0,15.4,10.8,0.118,0.167,0.231,0.276,-0.35,2026-06-08 17:00:00+02:00
2026-06-08 16:00:00+00:00,25.7,9.5,36,0.0,5,1017.1,1.21,1.46,66,4.0,383.0,296.0,87.0,3600.0,0.0,0.0,2.11,0.26,26.1,20.1,15.4,10.8,0.117,0.167,0.231,0.276,-0.26,2026-06-08 18:00:00+02:00
2026-06-08 17:00:00+00:00,24.5,12.8,48,0.0,2,1016.8,1.07,1.82,101,3.4,221.0,154.0,67.0,3600.0,0.0,0.0,1.6,0.15,25.2,20.3,15.4,10.8,0.116,0.167,0.231,0.276,-0.15,2026-06-08 19:00:00+02:00
2026-06-08 18:00:00+00:00,22.6,14.2,59,0.0,5,1016.6,0.49,1.48,135,2.0,81.0,44.0,37.0,3600.0,0.0,0.0,1.12,0.04,24.1,20.4,15.4,10.8,0.095,0.156,0.224,0.276,-0.04,2026-06-08 20:00:00+02:00
2026-06-08 19:00:00+00:00,21.9,13.2,58,0.0,2,1016.8,0.42,1.11,135,0.9,4.0,1.0,3.0,0.0,0.0,0.0,1.12,0.0,22.5,20.5,15.5,10.8,0.095,0.156,0.224,0.276,0.0,2026-06-08 21:00:00+02:00
2026-06-08 20:00:00+00:00,21.4,12.2,56,0.0,1,1016.8,0.41,0.92,194,0.7,0.0,0.0,0.0,0.0,0.0,0.0,1.12,0.0,21.2,20.4,15.5,10.8,0.095,0.156,0.224,0.276,0.0,2026-06-08 22:00:00+02:00
2026-06-08 21:00:00+00:00,19.7,10.4,55,0.0,2,1016.9,3.15,5.22,110,5.0,0.0,0.0,0.0,0.0,0.0,0.0,1.03,0.06,20.2,20.4,15.5,10.8,0.095,0.156,0.224,0.276,-0.06,2026-06-08 23:00:00+02:00
2026-06-08 22:00:00+00:00,18.8,8.3,50,0.0,1,1017.1,3.22,6.58,102,6.3,0.0,0.0,0.0,0.0,0.0,0.0,1.07,0.07,19.7,20.3,15.5,10.8,0.095,0.156,0.224,0.276,-0.07,2026-06-09 00:00:00+02:00
2026-06-08 23:00:00+00:00,18.0,8.3,53,0.0,2,1016.8,3.49,7.06,103,6.1,0.0,0.0,0.0,0.0,0.0,0.0,0.97,0.07,19.0,20.1,15.5,10.8,0.095,0.156,0.224,0.276,-0.07,2026-06-09 01:00:00+02:00
2026-06-09 00:00:00+00:00,16.4,10.6,69,0.0,5,1016.7,2.84,6.05,118,6.2,0.0,0.0,0.0,0.0,0.0,0.0,0.59,0.04,17.8,19.8,15.5,10.8,0.148,0.183,0.23,0.276,-0.04,2026-06-09 02:00:00+02:00
2026-06-09 01:00:00+00:00,15.8,10.8,72,0.0,2,1016.3,1.93,4.83,143,4.9,0.0,0.0,0.0,0.0,0.0,0.0,0.49,0.02,17.2,19.6,15.5,10.8,0.148,0.183,0.23,0.276,-0.02,2026-06-09 03:00:00+02:00
2026-06-09 02:00:00+00:00,14.6,11.3,81,0.0,6,1016.1,1.09,3.05,164,3.2,0.0,0.0,0.0,0.0,0.0,0.0,0.32,0.0,16.5,19.4,15.6,10.8,0.147,0.183,0.23,0.276,0.0,2026-06-09 04:00:00+02:00
2026-06-09 03:00:00+00:00,14.7,11.1,79,0.0,13,1016.1,0.93,2.55,106,1.5,2.0,0.0,2.0,0.0,0.0,0.0,0.36,0.01,15.9,19.2,15.6,10.8,0.147,0.183,0.23,0.276,-0.01,2026-06-09 05:00:00+02:00
2026-06-09 04:00:00+00:00,16.4,11.9,75,0.0,68,1016.0,2.03,3.29,106,3.5,71.0,36.0,35.0,3600.0,0.0,0.0,0.47,0.04,16.1,19.0,15.6,10.8,0.147,0.183,0.23,0.276,-0.04,2026-06-09 06:00:00+02:00
2026-06-09 05:00:00+00:00,18.9,12.8,68,0.0,59,1015.8,1.95,3.97,132,4.3,200.0,126.0,74.0,3600.0,0.0,0.0,0.7,0.12,17.0,18.8,15.6,10.8,0.147,0.183,0.23,0.276,-0.12,2026-06-09 07:00:00+02:00
2026-06-09 06:00:00+00:00,21.1,14.1,64,0.0,64,1016.2,1.59,3.36,134,4.2,372.0,272.0,100.0,3600.0,0.0,0.0,0.89,0.23,18.6,18.7,15.6,10.8,0.14,0.18,0.229,0.276,-0.23,2026-06-09 08:00:00+02:00
2026-06-09 07:00:00+00:00,23.3,14.3,57,0.0,99,1016.0,1.82,2.57,143,5.1,544.0,438.0,106.0,3600.0,0.0,0.0,1.23,0.35,20.4,18.7,15.6,10.8,0.139,0.18,0.229,0.276,-0.35,2026-06-09 09:00:00+02:00
2026-06-09 08:00:00+00:00,24.8,14.0,51,0.0,99,1015.8,2.29,3.13,160,6.1,642.0,444.0,198.0,3600.0,0.0,0.0,1.54,0.44,22.2,18.8,15.6,10.9,0.136,0.18,0.229,0.276,-0.44,2026-06-09 10:00:00+02:00
2026-06-09 09:00:00+00:00,25.8,13.6,47,0.0,99,1015.6,2.57,3.53,167,6.7,665.0,328.0,337.0,3600.0,0.0,0.0,1.75,0.48,23.6,18.9,15.6,10.9,0.134,0.18,0.229,0.276,-0.48,2026-06-09 11:00:00+02:00
2026-06-09 10:00:00+00:00,26.5,12.6,42,0.0,99,1015.4,2.85,3.9,177,7.1,661.0,244.0,417.0,3600.0,0.0,0.0,2.0,0.5,24.7,19.1,15.6,10.9,0.132,0.179,0.229,0.276,-0.5,2026-06-09 12:00:00+02:00
2026-06-09 11:00:00+00:00,27.4,11.7,38,0.0,100,1014.8,2.67,3.57,193,7.2,735.0,404.0,331.0,3600.0,0.0,0.0,2.27,0.55,25.7,19.3,15.6,10.9,0.129,0.179,0.229,0.276,-0.55,2026-06-09 13:00:00+02:00
2026-06-09 12:00:00+00:00,28.5,11.9,36,0.0,83,1014.4,2.29,3.04,196,7.0,752.0,465.0,287.0,3600.0,0.0,0.0,2.49,0.57,27.1,19.8,15.9,10.9,0.119,0.175,0.223,0.276,-0.57,2026-06-09 14:00:00+02:00
2026-06-09 13:00:00+00:00,28.7,11.2,34,0.0,74,1013.8,2.46,3.29,207,6.7,735.0,547.0,188.0,3600.0,0.0,0.0,2.6,0.56,27.9,20.1,15.9,10.9,0.117,0.175,0.223,0.276,-0.56,2026-06-09 15:00:00+02:00
2026-06-09 14:00:00+00:00,28.7,10.9,33,0.0,95,1013.1,2.37,3.18,198,6.7,664.0,553.0,111.0,3600.0,0.0,0.0,2.62,0.51,28.3,20.4,15.9,10.9,0.115,0.174,0.223,0.276,-0.51,2026-06-09 16:00:00+02:00
2026-06-09 15:00:00+00:00,28.2,11.3,35,0.0,99,1012.7,2.67,3.68,188,6.3,483.0,347.0,136.0,3600.0,0.0,0.0,2.48,0.39,28.1,20.6,15.9,10.9,0.113,0.174,0.223,0.276,-0.39,2026-06-09 17:00:00+02:00
2026-06-09 16:00:00+00:00,27.6,11.9,38,0.0,95,1012.8,2.36,3.52,174,6.3,351.0,227.0,124.0,3600.0,0.0,0.0,2.29,0.29,27.6,20.9,15.9,10.9,0.111,0.174,0.223,0.276,-0.29,2026-06-09 18:00:00+02:00
2026-06-09 17:00:00+00:00,25.9,14.4,49,0.0,93,1012.7,2.83,5.01,148,5.1,174.0,73.0,101.0,3600.0,0.0,0.0,1.7,0.18,26.6,21.0,15.9,10.9,0.11,0.174,0.223,0.276,-0.18,2026-06-09 19:00:00+02:00
2026-06-09 18:00:00+00:00,24.5,13.5,50,0.0,45,1012.7,2.74,5.53,142,5.4,67.0,25.0,42.0,3600.0,0.0,0.0,1.52,0.11,25.4,21.2,15.9,10.9,0.1,0.17,0.22,0.276,-0.11,2026-06-09 20:00:00+02:00
2026-06-09 19:00:00+00:00,23.5,12.7,51,0.0,58,1013.0,2.73,5.41,145,4.8,4.0,1.0,3.0,0.0,0.0,0.0,1.42,0.08,24.2,21.2,16.0,10.9,0.099,0.17,0.22,0.276,-0.08,2026-06-09 21:00:00+02:00
2026-06-09 20:00:00+00:00,22.7,11.1,48,0.0,59,1013.4,2.84,6.21,141,5.2,0.0,0.0,0.0,0.0,0.0,0.0,1.43,0.07,23.2,21.2,16.0,10.9,0.099,0.17,0.22,0.276,-0.07,2026-06-09 22:00:00+02:00
2026-06-09 21:00:00+00:00,22.0,10.3,48,0.0,70,1013.6,2.28,4.93,151,5.0,0.0,0.0,0.0,0.0,0.0,0.0,1.38,0.06,22.3,21.2,16.0,10.9,0.099,0.17,0.22,0.276,-0.06,2026-06-09 23:00:00+02:00
2026-06-09 22:00:00+00:00,21.3,10.7,51,0.0,40,1013.6,1.79,3.45,153,3.9,0.0,0.0,0.0,0.0,0.0,0.0,1.24,0.04,21.4,21.1,16.0,10.9,0.099,0.17,0.22,0.276,-0.04,2026-06-10 00:00:00+02:00
2026-06-09 23:00:00+00:00,20.3,11.2,56,0.0,40,1013.2,1.53,1.15,122,3.1,0.0,0.0,0.0,0.0,0.0,0.0,1.05,0.03,20.7,21.0,16.0,10.9,0.099,0.17,0.22,0.276,-0.03,2026-06-10 01:00:00+02:00
2026-06-10 00:00:00+00:00,17.8,13.5,76,0.0,91,1013.7,1.1,1.65,30,2.8,0.0,0.0,0.0,0.0,0.0,0.0,0.49,0.01,19.5,20.7,15.5,10.9,0.114,0.176,0.224,0.276,-0.01,2026-06-10 02:00:00+02:00
2026-06-10 01:00:00+00:00,17.6,13.4,76,0.3,83,1014.0,3.54,6.77,29,7.1,0.0,0.0,0.0,0.0,0.3,0.0,0.48,0.03,18.9,20.5,15.5,10.9,0.116,0.176,0.224,0.276,0.27,2026-06-10 03:00:00+02:00
2026-06-10 02:00:00+00:00,17.6,12.9,74,0.0,11,1013.7,3.01,5.84,48,6.3,0.0,0.0,0.0,0.0,0.0,0.0,0.53,0.03,18.5,20.3,15.5,10.9,0.116,0.176,0.224,0.276,-0.03,2026-06-10 04:00:00+02:00
2026-06-10 03:00:00+00:00,17.2,12.5,74,0.0,6,1013.6,3.18,6.27,53,5.8,2.0,0.0,2.0,0.0,0.0,0.0,0.51,0.04,18.1,20.2,15.5,10.9,0.116,0.176,0.224,0.276,-0.04,2026-06-10 05:00:00+02:00
2026-06-10 04:00:00+00:00,18.0,13.0,72,0.0,38,1013.9,2.87,5.49,61,5.7,67.0,34.0,33.0,3600.0,0.0,0.0,0.57,0.06,18.1,20.0,15.5,10.9,0.116,0.176,0.224,0.276,-0.06,2026-06-10 06:00:00+02:00
2026-06-10 05:00:00+00:00,19.7,13.8,69,0.0,81,1013.9,2.18,5.23,53,5.2,200.0,128.0,72.0,3600.0,0.0,0.0,0.72,0.13,18.8,19.9,15.5,10.9,0.115,0.176,0.224,0.276,-0.13,2026-06-10 07:00:00+02:00
2026-06-10 06:00:00+00:00,22.2,14.6,62,0.0,83,1014.2,1.62,3.59,81,4.9,331.0,220.0,111.0,3600.0,0.0,0.0,1.02,0.22,19.9,19.8,15.7,10.9,0.115,0.176,0.224,0.276,-0.22,2026-06-10 08:00:00+02:00
2026-06-10 07:00:00+00:00,23.9,14.7,56,0.0,54,1014.2,2.07,3.02,105,5.3,395.0,241.0,154.0,3600.0,0.0,0.0,1.3,0.28,21.3,19.8,15.7,10.9,0.114,0.176,0.224,0.276,-0.28,2026-06-10 09:00:00+02:00
2026-06-10 08:00:00+00:00,26.0,13.7,46,0.0,94,1014.0,2.35,3.25,142,6.3,600.0,444.0,156.0,3600.0,0.0,0.0,1.8,0.43,23.2,19.8,15.7,10.9,0.113,0.176,0.224,0.276,-0.43,2026-06-10 10:00:00+02:00
2026-06-10 09:00:00+00:00,27.1,15.0,47,0.0,86,1014.0,2.3,3.12,167,6.4,690.0,520.0,170.0,3600.0,0.0,0.0,1.89,0.5,25.0,20.0,15.7,10.9,0.111,0.176,0.224,0.276,-0.5,2026-06-10 11:00:00+02:00
2026-06-10 10:00:00+00:00,28.6,14.6,43,0.0,69,1013.6,2.59,3.54,190,8.0,809.0,633.0,176.0,3600.0,0.0,0.0,2.24,0.6,26.9,20.1,15.7,10.9,0.109,0.175,0.224,0.276,-0.6,2026-06-10 12:00:00+02:00
2026-06-10 11:00:00+00:00,29.3,12.5,36,0.0,45,1013.0,3.4,4.64,190,8.7,788.0,585.0,203.0,3600.0,0.0,0.0,2.61,0.62,28.2,20.4,15.8,11.0,0.107,0.175,0.224,0.276,-0.62,2026-06-10 13:00:00+02:00
2026-06-10 12:00:00+00:00,25.1,16.8,60,0.0,55,1013.6,2.14,3.29,303,9.2,837.0,695.0,142.0,3600.0,0.0,0.0,1.26,0.56,29.8,20.9,15.8,11.0,0.103,0.175,0.223,0.276,-0.56,2026-06-10 14:00:00+02:00
2026-06-10 13:00:00+00:00,28.1,15.7,47,0.2,51,1012.4,0.67,0.87,103,5.2,649.0,442.0,207.0,3600.0,0.2,0.0,2.01,0.47,30.2,21.2,15.8,11.0,0.104,0.175,0.223,0.276,-0.26999999999999996,2026-06-10 15:00:00+02:00
2026-06-10 14:00:00+00:00,29.0,14.5,41,0.0,56,1011.9,1.28,1.66,111,6.0,650.0,513.0,137.0,3600.0,0.0,0.0,2.36,0.48,30.7,21.5,15.9,11.0,0.103,0.174,0.223,0.276,-0.48,2026-06-10 16:00:00+02:00
2026-06-10 15:00:00+00:00,28.7,14.5,42,0.3,81,1011.5,1.48,2.0,118,6.3,544.0,414.0,130.0,3600.0,0.3,0.0,2.29,0.4,30.5,21.8,15.9,11.0,0.105,0.174,0.223,0.276,-0.10000000000000003,2026-06-10 17:00:00+02:00
2026-06-10 16:00:00+00:00,28.6,13.9,41,0.0,66,1011.3,0.99,1.42,139,4.7,306.0,168.0,138.0,3600.0,0.0,0.0,2.31,0.23,29.6,22.0,15.9,11.0,0.104,0.174,0.223,0.276,-0.23,2026-06-10 18:00:00+02:00
2026-06-10 17:00:00+00:00,27.8,14.6,45,0.0,5,1011.3,0.55,0.38,275,2.9,204.0,121.0,83.0,3600.0,0.0,0.0,2.06,0.14,28.7,22.2,15.9,11.0,0.104,0.174,0.223,0.276,-0.14,2026-06-10 19:00:00+02:00
2026-06-10 18:00:00+00:00,25.7,18.3,64,0.0,41,1011.4,0.83,1.39,245,1.6,80.0,43.0,37.0,3600.0,0.0,0.0,1.2,0.05,27.3,22.4,15.9,11.0,0.104,0.174,0.223,0.276,-0.05,2026-06-10 20:00:00+02:00
2026-06-10 19:00:00+00:00,24.3,17.8,67,0.0,21,1011.8,0.5,8.09,174,12.0,5.0,0.0,5.0,0.0,0.0,0.0,1.0,0.0,25.7,22.4,16.0,11.0,0.104,0.174,0.223,0.276,0.0,2026-06-10 21:00:00+02:00
2026-06-10 20:00:00+00:00,23.3,17.5,70,0.0,30,1011.5,1.03,4.02,151,8.1,0.0,0.0,0.0,0.0,0.0,0.0,0.87,0.01,24.4,22.4,16.0,11.0,0.104,0.174,0.223,0.276,-0.01,2026-06-10 22:00:00+02:00
2026-06-10 21:00:00+00:00,22.1,17.2,74,0.0,27,1011.3,1.21,2.46,150,4.4,0.0,0.0,0.0,0.0,0.0,0.0,0.7,0.01,23.3,22.4,16.0,11.0,0.103,0.174,0.223,0.276,-0.01,2026-06-10 23:00:00+02:00
2026-06-10 22:00:00+00:00,21.3,17.0,76,0.0,54,1010.7,0.76,3.77,281,4.2,0.0,0.0,0.0,0.0,0.0,0.0,0.6,0.0,22.3,22.3,16.0,11.0,0.104,0.174,0.223,0.276,0.0,2026-06-11 00:00:00+02:00
2026-06-10 23:00:00+00:00,20.3,17.1,82,0.0,48,1010.2,1.57,4.44,343,4.4,0.0,0.0,0.0,0.0,0.0,0.0,0.44,0.01,21.6,22.2,16.1,11.0,0.104,0.174,0.223,0.276,-0.01,2026-06-11 01:00:00+02:00
2026-06-11 00:00:00+00:00,19.2,15.2,77,0.0,98,1009.7,3.74,7.69,152,5.6,0.0,0.0,0.0,0.0,0.0,0.0,0.5,0.04,21.3,22.1,15.9,11.0,0.107,0.174,0.223,0.276,-0.04,2026-06-11 02:00:00+02:00
2026-06-11 01:00:00+00:00,19.9,14.9,73,0.0,98,1009.0,4.7,9.15,171,8.3,0.0,0.0,0.0,0.0,0.0,0.0,0.63,0.06,20.7,21.9,15.9,11.0,0.106,0.174,0.223,0.276,-0.06,2026-06-11 03:00:00+02:00
2026-06-11 02:00:00+00:00,19.3,15.4,78,0.0,98,1009.5,2.91,5.66,258,8.5,0.0,0.0,0.0,0.0,0.0,0.0,0.49,0.03,20.3,21.8,16.0,11.0,0.106,0.174,0.223,0.276,-0.03,2026-06-11 04:00:00+02:00
2026-06-11 03:00:00+00:00,17.7,16.0,90,1.0,100,1011.7,3.18,5.68,225,7.6,2.0,0.0,2.0,0.0,1.0,0.0,0.21,0.02,19.9,21.6,16.0,11.0,0.118,0.174,0.223,0.276,0.98,2026-06-11 05:00:00+02:00
2026-06-11 04:00:00+00:00,17.7,16.8,95,1.5,100,1011.6,0.25,1.07,127,6.5,15.0,0.0,15.0,0.0,1.5,0.0,0.11,0.02,19.3,21.4,16.0,11.0,0.136,0.174,0.223,0.276,1.48,2026-06-11 06:00:00+02:00
2026-06-11 05:00:00+00:00,17.8,17.3,97,1.0,100,1012.1,2.96,4.51,192,5.3,58.0,0.0,58.0,0.0,1.0,0.0,0.06,0.04,19.1,21.2,16.0,11.0,0.149,0.174,0.223,0.276,0.96,2026-06-11 07:00:00+02:00
2026-06-11 06:00:00+00:00,15.9,15.8,99,0.4,100,1014.2,3.73,6.36,220,8.4,103.0,0.0,103.0,0.0,0.4,0.0,0.02,0.05,18.7,20.9,15.9,11.0,0.154,0.175,0.223,0.276,0.35000000000000003,2026-06-11 08:00:00+02:00
2026-06-11 07:00:00+00:00,16.0,14.4,91,0.0,100,1014.3,3.73,5.28,244,8.7,153.0,0.0,153.0,0.0,0.0,0.0,0.17,0.09,18.3,20.7,15.9,11.0,0.154,0.175,0.223,0.276,-0.09,2026-06-11 09:00:00+02:00
2026-06-11 08:00:00+00:00,18.2,13.7,75,0.0,95,1014.8,3.73,5.14,252,8.9,493.0,185.0,308.0,3600.0,0.0,0.0,0.52,0.27,19.3,20.6,15.9,11.0,0.154,0.175,0.223,0.276,-0.27,2026-06-11 10:00:00+02:00
2026-06-11 09:00:00+00:00,20.3,12.3,60,0.0,98,1015.2,3.69,5.01,242,8.8,639.0,358.0,281.0,3600.0,0.0,0.0,0.94,0.39,20.8,20.5,16.0,11.0,0.152,0.175,0.223,0.276,-0.39,2026-06-11 11:00:00+02:00
2026-06-11 10:00:00+00:00,21.7,11.9,54,0.0,59,1015.1,4.54,6.15,246,10.5,813.0,591.0,222.0,3600.0,0.0,0.0,1.2,0.5,22.3,20.4,16.0,11.0,0.149,0.174,0.222,0.276,-0.5,2026-06-11 12:00:00+02:00
2026-06-11 11:00:00+00:00,21.8,12.6,56,0.0,20,1014.8,4.82,6.66,251,11.2,871.0,692.0,179.0,3600.0,0.0,0.0,1.16,0.53,23.5,20.5,16.0,11.0,0.146,0.174,0.222,0.276,-0.53,2026-06-11 13:00:00+02:00
2026-06-11 12:00:00+00:00,22.0,12.2,54,0.0,71,1015.3,4.0,5.5,250,11.2,879.0,737.0,142.0,3600.0,0.0,0.0,1.21,0.54,24.7,20.4,15.6,11.0,0.19,0.181,0.234,0.276,-0.54,2026-06-11 14:00:00+02:00
2026-06-11 13:00:00+00:00,22.2,12.1,53,0.0,66,1015.1,4.4,6.12,251,9.8,595.0,259.0,336.0,3600.0,0.0,0.0,1.27,0.41,24.5,20.5,15.6,11.0,0.186,0.181,0.234,0.275,-0.41,2026-06-11 15:00:00+02:00
2026-06-11 14:00:00+00:00,22.6,11.8,50,0.0,91,1015.1,3.81,5.36,259,10.0,583.0,328.0,255.0,3600.0,0.0,0.0,1.36,0.4,24.4,20.6,15.7,11.1,0.183,0.181,0.234,0.275,-0.4,2026-06-11 16:00:00+02:00
2026-06-11 15:00:00+00:00,23.0,10.7,46,0.0,99,1015.0,4.02,5.8,259,8.6,455.0,250.0,205.0,3600.0,0.0,0.0,1.51,0.34,24.0,20.7,15.7,11.1,0.179,0.181,0.234,0.275,-0.34,2026-06-11 17:00:00+02:00
2026-06-11 16:00:00+00:00,21.5,11.9,54,0.0,98,1015.2,2.25,3.22,307,9.1,268.0,106.0,162.0,3600.0,0.0,0.0,1.17,0.2,23.3,20.8,15.7,11.1,0.177,0.181,0.234,0.275,-0.2,2026-06-11 18:00:00+02:00
2026-06-11 17:00:00+00:00,19.5,14.0,71,0.3,100,1015.7,1.51,2.24,326,5.0,97.0,17.0,80.0,0.0,0.3,0.0,0.66,0.08,22.3,20.8,15.7,11.1,0.18,0.181,0.234,0.275,0.21999999999999997,2026-06-11 19:00:00+02:00
2026-06-11 18:00:00+00:00,18.2,12.1,68,0.4,100,1015.9,2.24,3.95,241,3.4,16.0,0.0,16.0,0.0,0.4,0.0,0.67,0.06,21.0,20.5,15.7,11.1,0.203,0.185,0.236,0.275,0.34,2026-06-11 20:00:00+02:00
2026-06-11 19:00:00+00:00,17.7,13.4,76,0.0,100,1016.4,2.71,4.83,4,4.4,1.0,0.0,1.0,0.0,0.0,0.0,0.48,0.05,20.1,20.5,15.7,11.1,0.203,0.185,0.236,0.275,-0.05,2026-06-11 21:00:00+02:00
2026-06-11 20:00:00+00:00,16.6,12.5,76,0.0,100,1017.3,3.71,6.32,14,7.5,0.0,0.0,0.0,0.0,0.0,0.0,0.44,0.03,19.3,20.3,15.7,11.1,0.202,0.185,0.236,0.275,-0.03,2026-06-11 22:00:00+02:00
2026-06-11 21:00:00+00:00,15.8,12.4,80,0.3,100,1017.6,2.93,5.3,8,7.1,0.0,0.0,0.0,0.0,0.3,0.0,0.36,0.02,18.6,20.2,15.7,11.1,0.205,0.185,0.236,0.275,0.27999999999999997,2026-06-11 23:00:00+02:00
2026-06-11 22:00:00+00:00,15.1,12.7,85,0.4,100,1017.9,3.0,5.26,359,5.6,0.0,0.0,0.0,0.0,0.4,0.0,0.25,0.01,17.8,20.0,15.7,11.1,0.209,0.185,0.236,0.275,0.39,2026-06-12 00:00:00+02:00
2026-06-11 23:00:00+00:00,14.4,12.6,89,0.7,100,1017.9,3.38,5.83,347,6.0,0.0,0.0,0.0,0.0,0.7,0.0,0.18,0.01,17.1,19.8,15.7,11.1,0.216,0.185,0.236,0.275,0.69,2026-06-12 01:00:00+02:00
2026-06-12 00:00:00+00:00,13.9,13.2,95,0.6,100,1018.2,3.21,5.55,339,6.2,0.0,0.0,0.0,0.0,0.6,0.0,0.08,0.0,16.0,19.6,15.5,11.1,0.244,0.187,0.238,0.275,0.6,2026-06-12 02:00:00+02:00
2026-06-12 01:00:00+00:00,13.5,12.7,95,0.6,100,1018.2,3.4,6.17,346,6.5,0.0,0.0,0.0,0.0,0.6,0.0,0.07,0.0,15.6,19.4,15.5,11.1,0.251,0.187,0.238,0.275,0.6,2026-06-12 03:00:00+02:00
2026-06-12 02:00:00+00:00,13.3,12.5,95,0.4,100,1018.5,3.12,5.82,348,6.1,0.0,0.0,0.0,0.0,0.4,0.0,0.07,0.0,15.3,19.1,15.5,11.1,0.256,0.187,0.238,0.275,0.4,2026-06-12 04:00:00+02:00
2026-06-12 03:00:00+00:00,13.1,12.4,96,0.3,18,1018.9,3.15,5.56,340,5.7,1.0,0.0,1.0,0.0,0.3,0.0,0.07,0.01,15.0,18.8,15.6,11.1,0.259,0.187,0.238,0.275,0.29,2026-06-12 05:00:00+02:00
2026-06-12 04:00:00+00:00,13.2,12.4,95,0.1,9,1019.3,3.26,5.66,345,5.7,58.0,22.0,36.0,3600.0,0.1,0.0,0.07,0.02,14.8,18.5,15.6,11.1,0.259,0.187,0.238,0.275,0.08,2026-06-12 06:00:00+02:00
2026-06-12 05:00:00+00:00,14.2,12.8,91,0.0,5,1019.5,3.18,4.95,347,6.5,212.0,137.0,75.0,3600.0,0.0,0.0,0.14,0.09,15.2,18.2,15.6,11.1,0.259,0.187,0.238,0.275,-0.09,2026-06-12 07:00:00+02:00
2026-06-12 06:00:00+00:00,15.5,12.1,80,0.0,44,1020.2,3.75,5.51,2,7.9,365.0,266.0,99.0,3600.0,0.0,0.0,0.35,0.18,16.1,18.1,15.6,11.1,0.243,0.187,0.238,0.275,-0.18,2026-06-12 08:00:00+02:00
2026-06-12 07:00:00+00:00,16.4,10.2,67,0.1,20,1020.3,3.36,4.74,4,8.2,419.0,266.0,153.0,3600.0,0.1,0.0,0.62,0.24,16.9,17.9,15.6,11.1,0.242,0.187,0.238,0.275,-0.13999999999999999,2026-06-12 09:00:00+02:00
2026-06-12 08:00:00+00:00,17.7,9.8,60,0.0,16,1020.4,3.15,4.31,1,8.1,659.0,518.0,141.0,3600.0,0.0,0.0,0.81,0.37,18.2,17.9,15.6,11.1,0.239,0.187,0.238,0.275,-0.37,2026-06-12 10:00:00+02:00
2026-06-12 09:00:00+00:00,18.5,10.4,59,0.1,27,1020.5,3.13,4.21,347,8.1,781.0,640.0,141.0,3600.0,0.1,0.0,0.87,0.44,19.4,17.9,15.6,11.1,0.237,0.187,0.238,0.275,-0.33999999999999997,2026-06-12 11:00:00+02:00
2026-06-12 10:00:00+00:00,19.2,11.1,60,0.0,27,1020.4,3.0,4.02,342,8.1,840.0,677.0,163.0,3600.0,0.0,0.0,0.9,0.48,20.5,18.0,15.6,11.1,0.232,0.187,0.238,0.275,-0.48,2026-06-12 12:00:00+02:00
2026-06-12 11:00:00+00:00,19.7,11.1,58,0.1,16,1020.1,2.84,3.76,332,7.9,819.0,644.0,175.0,3600.0,0.1,0.0,0.97,0.48,21.3,18.1,15.6,11.1,0.229,0.187,0.238,0.275,-0.38,2026-06-12 13:00:00+02:00
2026-06-12 12:00:00+00:00,20.0,9.3,50,0.1,29,1020.0,3.24,4.25,333,7.6,841.0,695.0,146.0,3600.0,0.1,0.0,1.16,0.5,22.0,18.3,15.6,11.1,0.176,0.173,0.237,0.275,-0.4,2026-06-12 14:00:00+02:00
2026-06-12 13:00:00+00:00,20.0,9.5,51,0.1,9,1019.7,2.53,3.35,333,7.8,698.0,546.0,152.0,3600.0,0.1,0.0,1.15,0.43,22.3,18.4,15.6,11.1,0.174,0.173,0.237,0.275,-0.32999999999999996,2026-06-12 15:00:00+02:00
2026-06-12 14:00:00+00:00,19.9,9.1,50,0.0,17,1019.2,2.51,3.29,337,6.8,637.0,503.0,134.0,3600.0,0.0,0.0,1.17,0.39,22.4,18.6,15.6,11.1,0.171,0.173,0.237,0.275,-0.39,2026-06-12 16:00:00+02:00
2026-06-12 15:00:00+00:00,19.9,9.1,50,0.0,21,1019.2,2.8,3.76,333,7.0,527.0,405.0,122.0,3600.0,0.0,0.0,1.17,0.33,22.3,18.7,15.6,11.1,0.168,0.173,0.237,0.275,-0.33,2026-06-12 17:00:00+02:00
2026-06-12 16:00:00+00:00,19.6,9.4,52,0.0,11,1019.3,2.06,2.84,334,7.0,372.0,275.0,97.0,3600.0,0.0,0.0,1.1,0.23,21.8,18.8,15.6,11.1,0.167,0.173,0.237,0.275,-0.23,2026-06-12 18:00:00+02:00
2026-06-12 17:00:00+00:00,19.1,9.9,55,0.0,15,1019.3,1.25,1.87,344,4.8,218.0,146.0,72.0,3600.0,0.0,0.0,0.99,0.13,21.0,18.9,15.6,11.1,0.165,0.173,0.237,0.275,-0.13,2026-06-12 19:00:00+02:00
2026-06-12 18:00:00+00:00,18.0,13.1,73,0.0,27,1019.4,0.14,0.92,225,2.1,79.0,40.0,39.0,3600.0,0.0,0.0,0.56,0.03,20.1,19.0,15.8,11.2,0.145,0.167,0.237,0.275,-0.03,2026-06-12 20:00:00+02:00
2026-06-12 19:00:00+00:00,16.7,12.5,76,0.0,20,1019.5,0.63,0.87,151,1.0,5.0,1.0,4.0,0.0,0.0,0.0,0.45,0.0,18.9,19.0,15.8,11.2,0.145,0.167,0.237,0.275,0.0,2026-06-12 21:00:00+02:00
2026-06-12 20:00:00+00:00,15.9,12.3,79,0.0,12,1019.7,0.76,1.36,148,1.3,0.0,0.0,0.0,0.0,0.0,0.0,0.38,0.0,17.8,18.9,15.8,11.2,0.145,0.167,0.237,0.275,0.0,2026-06-12 22:00:00+02:00
2026-06-12 21:00:00+00:00,15.2,11.8,80,0.0,13,1019.7,0.96,1.8,152,1.3,0.0,0.0,0.0,0.0,0.0,0.0,0.34,0.0,16.8,18.8,15.8,11.2,0.145,0.167,0.237,0.275,0.0,2026-06-12 23:00:00+02:00
2026-06-12 22:00:00+00:00,14.5,11.3,81,0.0,36,1019.7,1.18,2.66,168,1.9,0.0,0.0,0.0,0.0,0.0,0.0,0.31,0.0,16.0,18.6,15.8,11.2,0.145,0.167,0.237,0.275,0.0,2026-06-13 00:00:00+02:00
2026-06-12 23:00:00+00:00,14.0,10.8,81,0.0,30,1019.3,1.72,3.73,188,2.9,0.0,0.0,0.0,0.0,0.0,0.0,0.3,0.01,15.4,18.4,15.8,11.2,0.145,0.167,0.237,0.275,-0.01,2026-06-13 01:00:00+02:00
2026-06-13 00:00:00+00:00,12.3,10.2,87,0.0,1,1019.2,2.35,4.7,179,3.4,0.0,0.0,0.0,0.0,0.0,0.0,0.19,0.01,14.0,17.7,15.6,11.2,0.178,0.168,0.234,0.275,-0.01,2026-06-13 02:00:00+02:00
2026-06-13 01:00:00+00:00,11.8,10.1,90,0.0,2,1018.7,2.05,3.88,181,4.1,0.0,0.0,0.0,0.0,0.0,0.0,0.14,0.0,13.6,17.5,15.6,11.2,0.178,0.168,0.234,0.275,0.0,2026-06-13 03:00:00+02:00
2026-06-13 02:00:00+00:00,11.4,9.8,90,0.0,0,1018.6,2.35,4.37,192,3.9,0.0,0.0,0.0,0.0,0.0,0.0,0.13,0.0,13.3,17.2,15.6,11.2,0.178,0.168,0.234,0.275,0.0,2026-06-13 04:00:00+02:00
2026-06-13 03:00:00+00:00,11.2,9.5,89,0.0,0,1018.6,2.67,5.31,203,4.6,3.0,0.0,3.0,0.0,0.0,0.0,0.15,0.0,13.0,17.0,15.6,11.2,0.177,0.168,0.234,0.275,0.0,2026-06-13 05:00:00+02:00
2026-06-13 04:00:00+00:00,12.5,9.6,82,0.0,35,1018.8,2.76,5.48,222,5.2,72.0,36.0,36.0,3600.0,0.0,0.0,0.25,0.04,13.2,16.8,15.6,11.2,0.177,0.168,0.234,0.275,-0.04,2026-06-13 06:00:00+02:00
2026-06-13 05:00:00+00:00,14.2,10.6,79,0.0,68,1018.9,2.3,5.09,222,5.1,208.0,133.0,75.0,3600.0,0.0,0.0,0.35,0.1,14.0,16.6,15.6,11.2,0.177,0.168,0.234,0.275,-0.1,2026-06-13 07:00:00+02:00
2026-06-13 06:00:00+00:00,15.7,11.6,76,0.0,77,1018.8,2.31,3.36,219,6.1,362.0,249.0,113.0,3600.0,0.0,0.0,0.42,0.18,15.2,16.5,15.6,11.2,0.184,0.168,0.234,0.275,-0.18,2026-06-13 08:00:00+02:00
2026-06-13 07:00:00+00:00,17.7,12.5,72,0.0,28,1018.5,2.67,3.65,232,6.7,521.0,383.0,138.0,3600.0,0.0,0.0,0.58,0.28,16.8,16.4,15.6,11.2,0.182,0.168,0.234,0.275,-0.28,2026-06-13 09:00:00+02:00
2026-06-13 08:00:00+00:00,19.2,12.4,65,0.0,45,1018.5,3.47,4.74,237,8.4,653.0,491.0,162.0,3600.0,0.0,0.0,0.78,0.37,18.3,16.5,15.6,11.2,0.18,0.168,0.234,0.275,-0.37,2026-06-13 10:00:00+02:00
2026-06-13 09:00:00+00:00,20.6,12.5,60,0.0,81,1018.1,3.96,5.41,249,9.8,764.0,588.0,176.0,3600.0,0.0,0.0,0.97,0.45,19.8,16.6,15.6,11.2,0.177,0.168,0.234,0.275,-0.45,2026-06-13 11:00:00+02:00
2026-06-13 10:00:00+00:00,21.3,13.5,61,0.0,84,1017.7,3.99,5.42,246,9.9,760.0,460.0,300.0,3600.0,0.0,0.0,0.99,0.46,21.0,16.8,15.6,11.2,0.173,0.168,0.234,0.275,-0.46,2026-06-13 12:00:00+02:00
2026-06-13 11:00:00+00:00,21.8,13.9,61,0.0,100,1016.9,4.24,5.8,251,10.1,744.0,416.0,328.0,3600.0,0.0,0.0,1.02,0.46,22.0,17.0,15.6,11.2,0.17,0.168,0.234,0.275,-0.46,2026-06-13 13:00:00+02:00
2026-06-13 12:00:00+00:00,19.9,14.1,69,0.1,85,1017.1,6.19,8.72,227,10.2,447.0,91.0,356.0,1264.87,0.1,0.0,0.71,0.28,21.8,17.2,15.6,11.2,0.178,0.17,0.234,0.275,-0.18000000000000002,2026-06-13 14:00:00+02:00
2026-06-13 13:00:00+00:00,19.4,16.4,83,1.0,9,1016.6,2.42,3.24,240,13.0,514.0,259.0,255.0,3600.0,1.0,0.0,0.39,0.3,21.3,17.3,15.6,11.2,0.187,0.17,0.234,0.275,0.7,2026-06-13 15:00:00+02:00
2026-06-13 14:00:00+00:00,21.5,16.7,74,0.2,36,1015.6,3.64,5.02,224,9.5,699.0,573.0,126.0,3600.0,0.2,0.0,0.66,0.4,21.9,17.5,15.6,11.2,0.186,0.17,0.234,0.275,-0.2,2026-06-13 16:00:00+02:00
2026-06-13 15:00:00+00:00,19.4,15.8,80,0.5,82,1015.1,4.0,5.61,221,10.2,490.0,309.0,181.0,3600.0,0.5,0.0,0.46,0.27,22.0,17.7,15.6,11.2,0.189,0.17,0.233,0.275,0.22999999999999998,2026-06-13 17:00:00+02:00
2026-06-13 16:00:00+00:00,18.0,16.6,92,1.6,75,1015.1,3.55,5.19,182,9.7,269.0,153.0,116.0,3600.0,1.6,0.0,0.17,0.14,20.7,17.9,15.6,11.2,0.205,0.17,0.233,0.275,1.46,2026-06-13 18:00:00+02:00
2026-06-13 17:00:00+00:00,18.4,17.2,93,0.0,45,1014.2,3.05,6.53,170,7.8,196.0,98.0,98.0,3600.0,0.0,0.0,0.15,0.1,19.9,18.0,15.6,11.2,0.205,0.17,0.233,0.275,-0.1,2026-06-13 19:00:00+02:00
2026-06-13 18:00:00+00:00,16.8,16.0,95,0.0,75,1014.2,3.96,7.4,155,6.6,81.0,40.0,41.0,3600.0,0.0,0.0,0.1,0.03,19.6,18.3,15.6,11.2,0.176,0.165,0.232,0.275,-0.03,2026-06-13 20:00:00+02:00
2026-06-13 19:00:00+00:00,16.8,16.2,97,0.0,34,1014.2,3.32,6.47,174,7.3,5.0,1.0,4.0,0.0,0.0,0.0,0.07,0.0,18.6,18.2,15.6,11.2,0.176,0.165,0.232,0.275,0.0,2026-06-13 21:00:00+02:00
2026-06-13 20:00:00+00:00,16.9,15.9,94,0.0,20,1014.1,3.05,6.39,201,6.0,0.0,0.0,0.0,0.0,0.0,0.0,0.11,0.0,17.9,18.2,15.6,11.2,0.176,0.165,0.232,0.275,0.0,2026-06-13 22:00:00+02:00
2026-06-13 21:00:00+00:00,16.6,14.2,85,0.0,4,1014.0,3.26,6.84,230,5.6,0.0,0.0,0.0,0.0,0.0,0.0,0.27,0.02,17.3,18.1,15.7,11.2,0.176,0.165,0.232,0.275,-0.02,2026-06-13 23:00:00+02:00
2026-06-13 22:00:00+00:00,16.2,12.6,79,0.0,1,1013.9,3.86,7.86,239,6.7,0.0,0.0,0.0,0.0,0.0,0.0,0.39,0.03,16.8,18.0,15.7,11.2,0.176,0.165,0.232,0.275,-0.03,2026-06-14 00:00:00+02:00
2026-06-13 23:00:00+00:00,16.2,12.5,79,0.0,0,1013.7,3.91,7.99,245,7.0,0.0,0.0,0.0,0.0,0.0,0.0,0.39,0.03,16.3,17.9,15.7,11.3,0.176,0.165,0.232,0.275,-0.03,2026-06-14 01:00:00+02:00
2026-06-14 00:00:00+00:00,15.8,12.8,82,0.0,62,1013.7,3.47,7.05,213,6.8,0.0,0.0,0.0,0.0,0.0,0.0,0.32,0.02,16.0,17.9,15.9,11.3,0.177,0.16,0.231,0.275,-0.02,2026-06-14 02:00:00+02:00
2026-06-14 01:00:00+00:00,14.6,12.6,88,2.5,48,1013.8,1.84,3.99,213,6.2,0.0,0.0,0.0,0.0,2.5,0.0,0.2,0.0,15.8,17.8,15.9,11.3,0.207,0.16,0.231,0.275,2.5,2026-06-14 03:00:00+02:00
2026-06-14 02:00:00+00:00,13.6,12.8,95,0.4,87,1012.9,2.85,5.8,195,5.9,0.0,0.0,0.0,0.0,0.4,0.0,0.08,0.0,15.2,17.7,15.9,11.3,0.212,0.16,0.231,0.275,0.4,2026-06-14 04:00:00+02:00
2026-06-14 03:00:00+00:00,14.0,13.1,94,0.0,73,1012.9,4.06,7.87,184,7.3,3.0,0.0,3.0,0.0,0.0,0.0,0.09,0.0,14.9,17.5,15.9,11.3,0.212,0.16,0.231,0.275,0.0,2026-06-14 05:00:00+02:00
2026-06-14 04:00:00+00:00,14.7,14.0,96,0.0,45,1013.0,3.8,6.89,180,7.4,64.0,21.0,43.0,3377.66,0.0,0.0,0.07,0.02,15.0,17.3,15.9,11.3,0.212,0.16,0.231,0.275,-0.02,2026-06-14 06:00:00+02:00
2026-06-14 05:00:00+00:00,16.1,15.1,94,0.0,7,1012.9,2.75,6.65,177,6.8,197.0,123.0,74.0,3600.0,0.0,0.0,0.11,0.09,15.7,17.2,15.9,11.3,0.212,0.16,0.231,0.275,-0.09,2026-06-14 07:00:00+02:00
2026-06-14 06:00:00+00:00,18.0,16.2,89,0.0,81,1012.5,2.5,4.07,178,7.4,370.0,276.0,94.0,3600.0,0.0,0.0,0.22,0.19,16.9,17.2,16.0,11.3,0.202,0.157,0.228,0.275,-0.19,2026-06-14 08:00:00+02:00
2026-06-14 07:00:00+00:00,19.7,16.1,80,0.0,88,1012.2,2.63,3.63,201,6.4,443.0,267.0,176.0,3600.0,0.0,0.0,0.47,0.25,18.2,17.2,15.9,11.3,0.201,0.157,0.228,0.275,-0.25,2026-06-14 09:00:00+02:00
2026-06-14 08:00:00+00:00,21.4,16.1,72,0.0,71,1011.9,2.93,3.93,226,8.6,586.0,349.0,237.0,3600.0,0.0,0.0,0.72,0.35,19.7,17.3,15.9,11.3,0.198,0.157,0.228,0.275,-0.35,2026-06-14 10:00:00+02:00
2026-06-14 09:00:00+00:00,22.6,16.3,68,0.0,88,1011.3,3.43,4.68,228,9.5,689.0,445.0,244.0,3600.0,0.0,0.0,0.89,0.43,21.2,17.4,15.9,11.3,0.195,0.157,0.227,0.275,-0.43,2026-06-14 11:00:00+02:00
2026-06-14 10:00:00+00:00,23.5,15.8,62,0.1,96,1010.7,4.03,5.55,240,10.7,734.0,423.0,311.0,3600.0,0.1,0.0,1.11,0.47,22.3,17.6,15.9,11.3,0.192,0.157,0.227,0.275,-0.37,2026-06-14 12:00:00+02:00
2026-06-14 11:00:00+00:00,23.8,13.8,53,0.0,68,1009.7,5.8,8.29,253,13.6,699.0,322.0,377.0,3600.0,0.0,0.0,1.38,0.48,23.0,17.8,15.9,11.3,0.188,0.157,0.227,0.275,-0.48,2026-06-14 13:00:00+02:00
2026-06-14 12:00:00+00:00,24.1,11.7,46,0.3,98,1009.2,6.41,9.32,259,16.8,743.0,508.0,235.0,3600.0,0.3,0.0,1.63,0.53,23.2,18.2,16.1,11.3,0.163,0.15,0.219,0.275,-0.23000000000000004,2026-06-14 14:00:00+02:00
2026-06-14 13:00:00+00:00,23.8,10.8,44,0.0,64,1009.2,7.05,10.39,256,15.8,572.0,276.0,296.0,3600.0,0.0,0.0,1.66,0.45,23.4,18.4,16.1,11.3,0.16,0.15,0.219,0.275,-0.45,2026-06-14 15:00:00+02:00
2026-06-14 14:00:00+00:00,22.2,12.6,55,0.2,100,1009.0,6.46,9.46,245,15.2,466.0,279.0,187.0,3600.0,0.2,0.0,1.22,0.35,23.2,18.6,16.1,11.3,0.159,0.15,0.219,0.275,-0.14999999999999997,2026-06-14 16:00:00+02:00
2026-06-14 15:00:00+00:00,19.8,14.3,71,0.0,32,1008.8,5.17,9.87,213,13.4,77.0,0.0,77.0,0.0,0.0,0.0,0.67,0.12,22.0,18.7,16.1,11.3,0.158,0.15,0.219,0.275,-0.12,2026-06-14 17:00:00+02:00
2026-06-14 16:00:00+00:00,21.9,12.4,55,0.0,9,1008.6,5.3,8.41,236,11.3,364.0,258.0,106.0,3600.0,0.0,0.0,1.19,0.28,22.0,18.9,16.1,11.3,0.156,0.15,0.219,0.275,-0.28,2026-06-14 18:00:00+02:00
2026-06-14 17:00:00+00:00,21.4,12.7,57,0.0,13,1008.4,4.41,7.54,237,10.7,216.0,147.0,69.0,3600.0,0.0,0.0,1.08,0.18,21.5,19.0,16.1,11.3,0.155,0.15,0.219,0.275,-0.18,2026-06-14 19:00:00+02:00
2026-06-14 18:00:00+00:00,20.2,11.1,56,0.0,27,1008.5,3.35,6.71,284,8.5,80.0,42.0,38.0,3600.0,0.0,0.0,1.05,0.1,20.7,19.0,16.1,11.3,0.125,0.15,0.21,0.275,-0.1,2026-06-14 20:00:00+02:00
2026-06-14 19:00:00+00:00,19.5,8.9,50,0.0,20,1009.5,4.24,8.06,300,7.7,6.0,1.0,5.0,0.0,0.0,0.0,1.12,0.1,19.8,19.0,16.1,11.3,0.125,0.15,0.21,0.275,-0.1,2026-06-14 21:00:00+02:00
2026-06-14 20:00:00+00:00,18.7,6.9,46,0.0,2,1010.1,4.82,8.93,289,8.9,0.0,0.0,0.0,0.0,0.0,0.0,1.17,0.11,19.0,18.9,16.1,11.3,0.124,0.15,0.21,0.275,-0.11,2026-06-14 22:00:00+02:00
2026-06-14 21:00:00+00:00,17.1,6.4,49,0.0,67,1010.6,3.54,6.79,303,9.1,0.0,0.0,0.0,0.0,0.0,0.0,0.99,0.07,18.2,18.9,16.1,11.3,0.124,0.15,0.21,0.275,-0.07,2026-06-14 23:00:00+02:00
2026-06-14 22:00:00+00:00,15.2,8.6,65,0.0,73,1011.3,1.99,4.74,18,6.3,0.0,0.0,0.0,0.0,0.0,0.0,0.6,0.03,17.3,18.8,16.1,11.3,0.123,0.15,0.21,0.275,-0.03,2026-06-15 00:00:00+02:00
2026-06-14 23:00:00+00:00,14.4,9.5,72,0.0,87,1011.2,1.35,3.87,15,3.3,0.0,0.0,0.0,0.0,0.0,0.0,0.46,0.01,16.4,18.7,16.1,11.3,0.123,0.15,0.21,0.275,-0.01,2026-06-15 01:00:00+02:00
2026-06-15 00:00:00+00:00,13.4,9.5,78,0.0,96,1011.5,0.36,2.42,124,2.1,0.0,0.0,0.0,0.0,0.0,0.0,0.34,0.0,15.5,18.2,15.7,11.3,0.142,0.146,0.238,0.275,0.0,2026-06-15 02:00:00+02:00
2026-06-15 01:00:00+00:00,13.1,9.3,78,0.0,98,1011.3,0.83,1.1,213,1.4,0.0,0.0,0.0,0.0,0.0,0.0,0.33,0.0,14.9,18.0,15.7,11.3,0.142,0.146,0.238,0.275,0.0,2026-06-15 03:00:00+02:00
2026-06-15 02:00:00+00:00,12.6,9.5,82,0.0,98,1011.2,1.56,2.07,230,2.6,0.0,0.0,0.0,0.0,0.0,0.0,0.27,0.01,14.4,17.8,15.7,11.3,0.142,0.146,0.238,0.275,-0.01,2026-06-15 04:00:00+02:00
2026-06-15 03:00:00+00:00,12.4,9.4,82,0.0,98,1011.4,1.27,2.51,228,2.6,2.0,0.0,2.0,0.0,0.0,0.0,0.26,0.01,14.1,17.6,15.7,11.4,0.142,0.146,0.238,0.275,-0.01,2026-06-15 05:00:00+02:00
2026-06-15 04:00:00+00:00,12.9,9.2,78,0.0,98,1012.0,2.25,4.03,233,3.9,35.0,2.0,33.0,0.0,0.0,0.0,0.32,0.04,14.0,17.4,15.7,11.4,0.141,0.146,0.238,0.275,-0.04,2026-06-15 06:00:00+02:00
2026-06-15 05:00:00+00:00,13.7,9.3,75,0.0,98,1012.4,2.28,5.91,241,4.7,101.0,7.0,94.0,0.0,0.0,0.0,0.39,0.07,14.4,17.2,15.7,11.4,0.141,0.146,0.238,0.275,-0.07,2026-06-15 07:00:00+02:00
2026-06-15 06:00:00+00:00,15.3,9.3,67,0.0,85,1012.7,3.02,6.17,254,6.2,204.0,29.0,175.0,170.17,0.0,0.0,0.57,0.14,15.0,17.2,15.7,11.4,0.137,0.146,0.238,0.275,-0.14,2026-06-15 08:00:00+02:00
2026-06-15 07:00:00+00:00,17.6,8.5,55,0.0,19,1012.6,4.1,5.9,267,9.1,445.0,222.0,223.0,3600.0,0.0,0.0,0.9,0.27,16.5,17.1,15.7,11.4,0.135,0.146,0.238,0.275,-0.27,2026-06-15 09:00:00+02:00
2026-06-15 08:00:00+00:00,19.5,7.1,45,0.0,20,1012.6,4.65,6.45,269,10.5,707.0,599.0,108.0,3600.0,0.0,0.0,1.25,0.43,18.3,17.1,15.7,11.4,0.134,0.146,0.238,0.275,-0.43,2026-06-15 10:00:00+02:00
2026-06-15 09:00:00+00:00,20.7,6.3,39,0.0,84,1012.8,5.9,8.25,270,12.9,824.0,710.0,114.0,3600.0,0.0,0.0,1.48,0.52,19.9,17.1,15.7,11.4,0.131,0.146,0.237,0.275,-0.52,2026-06-15 11:00:00+02:00
2026-06-15 10:00:00+00:00,21.0,5.4,36,0.0,99,1012.9,5.8,8.15,269,13.1,686.0,421.0,265.0,3600.0,0.0,0.0,1.58,0.48,20.9,17.2,15.7,11.4,0.129,0.146,0.237,0.275,-0.48,2026-06-15 12:00:00+02:00
2026-06-15 11:00:00+00:00,20.6,5.3,37,0.0,78,1012.7,5.57,7.97,261,12.8,433.0,91.0,342.0,1200.22,0.0,0.0,1.54,0.37,21.1,17.4,15.7,11.4,0.127,0.146,0.237,0.275,-0.37,2026-06-15 13:00:00+02:00
2026-06-15 12:00:00+00:00,21.9,7.1,38,0.0,31,1012.8,5.57,7.88,261,12.9,516.0,231.0,285.0,3600.0,0.0,0.0,1.61,0.41,22.5,17.9,15.6,11.4,0.121,0.146,0.234,0.275,-0.41,2026-06-15 14:00:00+02:00
2026-06-15 13:00:00+00:00,21.6,7.0,39,0.0,21,1012.6,5.7,8.01,262,12.9,743.0,585.0,158.0,3600.0,0.0,0.0,1.58,0.5,23.2,18.1,15.6,11.4,0.119,0.146,0.234,0.275,-0.5,2026-06-15 15:00:00+02:00
2026-06-15 14:00:00+00:00,22.0,5.5,34,0.0,28,1012.6,5.5,7.9,268,12.6,669.0,543.0,126.0,3600.0,0.0,0.0,1.74,0.48,23.5,18.2,15.6,11.4,0.117,0.146,0.234,0.275,-0.48,2026-06-15 16:00:00+02:00
2026-06-15 15:00:00+00:00,22.5,4.5,31,0.0,77,1012.5,5.39,7.72,263,12.1,553.0,445.0,108.0,3600.0,0.0,0.0,1.88,0.43,23.5,18.4,15.6,11.4,0.115,0.147,0.233,0.275,-0.43,2026-06-15 17:00:00+02:00
2026-06-15 16:00:00+00:00,21.9,4.4,32,0.0,54,1012.4,4.85,7.29,258,11.6,341.0,223.0,118.0,3600.0,0.0,0.0,1.79,0.31,23.0,18.6,15.6,11.4,0.114,0.147,0.233,0.274,-0.31,2026-06-15 18:00:00+02:00
2026-06-15 17:00:00+00:00,20.4,7.3,43,0.0,20,1012.6,3.82,6.46,243,10.3,156.0,63.0,93.0,3600.0,0.0,0.0,1.37,0.18,22.2,18.7,15.7,11.4,0.113,0.147,0.233,0.274,-0.18,2026-06-15 19:00:00+02:00
2026-06-15 18:00:00+00:00,18.5,8.5,52,0.0,8,1012.9,2.57,5.5,262,7.5,84.0,43.0,41.0,3600.0,0.0,0.0,1.02,0.09,21.1,18.9,15.7,11.4,0.09,0.147,0.221,0.274,-0.09,2026-06-15 20:00:00+02:00
2026-06-15 19:00:00+00:00,17.5,7.5,52,0.0,2,1013.8,3.0,6.03,273,5.3,6.0,2.0,4.0,24.93,0.0,0.0,0.96,0.07,19.9,18.9,15.7,11.4,0.09,0.147,0.221,0.274,-0.07,2026-06-15 21:00:00+02:00
2026-06-15 20:00:00+00:00,16.9,6.7,51,0.0,9,1014.6,2.72,5.72,277,5.2,0.0,0.0,0.0,0.0,0.0,0.0,0.94,0.06,18.9,18.9,15.7,11.4,0.09,0.147,0.221,0.274,-0.06,2026-06-15 22:00:00+02:00
2026-06-15 21:00:00+00:00,16.1,7.1,55,0.0,30,1015.1,3.09,5.64,243,5.1,0.0,0.0,0.0,0.0,0.0,0.0,0.82,0.06,18.0,18.8,15.7,11.4,0.09,0.147,0.221,0.274,-0.06,2026-06-15 23:00:00+02:00
2026-06-15 22:00:00+00:00,15.7,7.9,60,0.0,9,1015.7,4.15,7.67,234,7.5,0.0,0.0,0.0,0.0,0.0,0.0,0.72,0.07,17.4,18.7,15.7,11.4,0.09,0.147,0.221,0.274,-0.07,2026-06-16 00:00:00+02:00
2026-06-15 23:00:00+00:00,15.1,9.2,68,0.0,6,1015.8,3.96,7.48,244,7.5,0.0,0.0,0.0,0.0,0.0,0.0,0.55,0.05,16.9,18.6,15.8,11.4,0.09,0.147,0.221,0.274,-0.05,2026-06-16 01:00:00+02:00
2026-06-16 00:00:00+00:00,14.2,10.0,76,0.0,9,1015.9,4.16,8.09,250,7.4,0.0,0.0,0.0,0.0,0.0,0.0,0.4,0.04,15.4,17.7,15.4,11.4,0.1,0.147,0.24,0.274,-0.04,2026-06-16 02:00:00+02:00
2026-06-16 01:00:00+00:00,14.1,11.1,82,0.0,28,1016.0,4.21,7.96,254,8.2,0.0,0.0,0.0,0.0,0.0,0.0,0.29,0.03,15.1,17.6,15.4,11.4,0.1,0.147,0.24,0.274,-0.03,2026-06-16 03:00:00+02:00
2026-06-16 02:00:00+00:00,13.5,11.0,85,0.0,5,1016.0,3.72,7.19,250,7.7,0.0,0.0,0.0,0.0,0.0,0.0,0.23,0.02,14.8,17.5,15.4,11.4,0.099,0.147,0.24,0.274,-0.02,2026-06-16 04:00:00+02:00
2026-06-16 03:00:00+00:00,12.9,11.0,88,0.0,1,1016.3,3.07,6.23,240,6.8,3.0,0.0,3.0,0.0,0.0,0.0,0.18,0.01,14.4,17.3,15.4,11.4,0.099,0.147,0.24,0.274,-0.01,2026-06-16 05:00:00+02:00
2026-06-16 04:00:00+00:00,13.6,11.6,88,0.0,2,1017.1,2.39,4.54,213,5.4,71.0,35.0,36.0,3600.0,0.0,0.0,0.19,0.03,14.4,17.2,15.4,11.4,0.099,0.147,0.24,0.274,-0.03,2026-06-16 06:00:00+02:00
2026-06-16 05:00:00+00:00,15.2,12.2,83,0.0,0,1017.5,2.95,4.33,206,6.6,214.0,146.0,68.0,3600.0,0.0,0.0,0.3,0.1,15.2,17.1,15.4,11.4,0.099,0.147,0.24,0.274,-0.1,2026-06-16 07:00:00+02:00
2026-06-16 06:00:00+00:00,17.1,12.7,75,0.0,0,1017.8,3.0,4.23,217,7.8,381.0,290.0,91.0,3600.0,0.0,0.0,0.48,0.2,16.7,17.2,15.5,11.4,0.096,0.147,0.239,0.274,-0.2,2026-06-16 08:00:00+02:00
2026-06-16 07:00:00+00:00,19.0,13.2,69,0.0,4,1017.9,3.25,4.42,224,8.1,547.0,445.0,102.0,3600.0,0.0,0.0,0.68,0.31,18.5,17.2,15.5,11.4,0.095,0.147,0.239,0.274,-0.31,2026-06-16 09:00:00+02:00
2026-06-16 08:00:00+00:00,20.8,13.2,62,0.0,16,1017.9,3.75,5.09,222,10.6,672.0,542.0,130.0,3600.0,0.0,0.0,0.94,0.4,20.5,17.2,15.5,11.5,0.095,0.147,0.239,0.274,-0.4,2026-06-16 10:00:00+02:00
2026-06-16 09:00:00+00:00,22.1,12.5,54,0.1,31,1018.0,4.22,5.76,236,11.0,715.0,562.0,153.0,3600.0,0.1,0.0,1.22,0.46,22.2,17.3,15.5,11.5,0.095,0.147,0.239,0.274,-0.36,2026-06-16 11:00:00+02:00
2026-06-16 10:00:00+00:00,23.5,10.0,43,0.1,13,1017.8,5.03,6.93,251,11.6,810.0,645.0,165.0,3600.0,0.1,0.0,1.66,0.55,23.8,17.6,15.5,11.5,0.096,0.147,0.239,0.274,-0.45000000000000007,2026-06-16 12:00:00+02:00
2026-06-16 11:00:00+00:00,24.2,8.1,36,0.0,13,1017.3,5.13,7.15,248,12.3,786.0,579.0,207.0,3600.0,0.0,0.0,1.93,0.57,25.0,17.8,15.5,11.5,0.095,0.147,0.238,0.274,-0.57,2026-06-16 13:00:00+02:00
2026-06-16 12:00:00+00:00,25.9,7.9,32,0.0,20,1016.7,4.79,6.69,256,12.3,870.0,746.0,124.0,3600.0,0.0,0.0,2.28,0.64,25.8,18.2,15.9,11.5,0.09,0.147,0.236,0.274,-0.64,2026-06-16 14:00:00+02:00
2026-06-16 13:00:00+00:00,26.0,7.0,30,0.0,18,1016.4,5.47,7.6,261,12.3,776.0,613.0,163.0,3600.0,0.0,0.0,2.36,0.6,26.9,18.5,15.9,11.5,0.09,0.147,0.235,0.274,-0.6,2026-06-16 15:00:00+02:00
2026-06-16 14:00:00+00:00,26.1,7.0,30,0.0,3,1016.3,5.25,7.4,252,12.6,694.0,573.0,121.0,3600.0,0.0,0.0,2.37,0.55,27.5,18.8,15.9,11.5,0.09,0.147,0.235,0.274,-0.55,2026-06-16 16:00:00+02:00
2026-06-16 15:00:00+00:00,26.0,6.9,30,0.0,9,1016.0,5.28,7.57,255,11.9,569.0,470.0,99.0,3600.0,0.0,0.0,2.36,0.48,27.6,19.1,15.9,11.5,0.09,0.147,0.235,0.274,-0.48,2026-06-16 17:00:00+02:00
2026-06-16 16:00:00+00:00,25.5,6.4,29,0.0,3,1015.9,4.98,7.46,260,11.6,414.0,330.0,84.0,3600.0,0.0,0.0,2.3,0.38,27.2,19.3,15.9,11.5,0.09,0.147,0.235,0.274,-0.38,2026-06-16 18:00:00+02:00
2026-06-16 17:00:00+00:00,24.2,6.2,31,0.0,0,1015.8,4.53,7.5,259,10.9,245.0,178.0,67.0,3600.0,0.0,0.0,2.08,0.27,26.3,19.6,15.9,11.5,0.09,0.147,0.235,0.274,-0.27,2026-06-16 19:00:00+02:00
2026-06-16 18:00:00+00:00,23.0,5.2,32,0.0,10,1015.8,4.71,8.61,267,8.8,93.0,54.0,39.0,3600.0,0.0,0.0,1.92,0.19,25.1,19.9,16.1,11.5,0.076,0.147,0.231,0.274,-0.19,2026-06-16 20:00:00+02:00
2026-06-16 19:00:00+00:00,22.1,4.6,32,0.0,16,1016.4,4.63,8.72,259,9.1,7.0,2.0,5.0,12.7,0.0,0.0,1.81,0.16,23.8,20.0,16.1,11.5,0.076,0.147,0.231,0.274,-0.16,2026-06-16 21:00:00+02:00
2026-06-16 20:00:00+00:00,20.9,5.3,36,0.0,11,1017.1,4.1,7.91,272,8.5,0.0,0.0,0.0,0.0,0.0,0.0,1.57,0.12,22.6,20.0,16.1,11.5,0.076,0.147,0.231,0.274,-0.12,2026-06-16 22:00:00+02:00
2026-06-16 21:00:00+00:00,19.6,5.1,39,0.0,20,1017.2,3.35,6.86,269,7.4,0.0,0.0,0.0,0.0,0.0,0.0,1.4,0.09,21.5,20.0,16.1,11.5,0.076,0.147,0.231,0.274,-0.09,2026-06-16 23:00:00+02:00
2026-06-16 22:00:00+00:00,19.6,4.7,37,0.0,52,1017.3,3.12,6.65,282,5.8,0.0,0.0,0.0,0.0,0.0,0.0,1.42,0.09,20.6,20.0,16.1,11.5,0.076,0.147,0.231,0.274,-0.09,2026-06-17 00:00:00+02:00
2026-06-16 23:00:00+00:00,18.3,5.2,42,0.0,56,1017.4,2.58,4.6,224,5.2,0.0,0.0,0.0,0.0,0.0,0.0,1.22,0.06,19.8,19.9,16.1,11.5,0.076,0.147,0.231,0.274,-0.06,2026-06-17 01:00:00+02:00
2026-06-17 00:00:00+00:00,15.9,7.7,58,0.0,72,1017.3,3.2,6.39,182,6.2,0.0,0.0,0.0,0.0,0.0,0.0,0.76,0.05,18.0,19.2,15.4,11.5,0.092,0.147,0.226,0.274,-0.05,2026-06-17 02:00:00+02:00
2026-06-17 01:00:00+00:00,16.2,9.0,62,0.0,77,1017.3,2.78,5.43,232,5.6,0.0,0.0,0.0,0.0,0.0,0.0,0.69,0.04,17.6,19.1,15.4,11.5,0.092,0.147,0.226,0.274,-0.04,2026-06-17 03:00:00+02:00
2026-06-17 02:00:00+00:00,15.9,11.7,76,0.6,70,1017.1,3.19,5.97,215,7.2,0.0,0.0,0.0,0.0,0.6,0.0,0.43,0.03,17.2,19.0,15.4,11.5,0.098,0.147,0.226,0.274,0.57,2026-06-17 04:00:00+02:00
2026-06-17 03:00:00+00:00,15.3,13.1,87,0.4,82,1017.6,1.76,4.74,250,6.3,2.0,0.0,2.0,0.0,0.4,0.0,0.23,0.01,16.7,18.8,15.4,11.5,0.102,0.147,0.226,0.274,0.39,2026-06-17 05:00:00+02:00
2026-06-17 04:00:00+00:00,16.0,13.5,85,0.0,34,1017.7,2.08,2.75,156,3.5,46.0,18.0,28.0,2644.76,0.0,0.0,0.27,0.03,16.6,18.7,15.4,11.5,0.102,0.147,0.226,0.274,-0.03,2026-06-17 06:00:00+02:00
2026-06-17 05:00:00+00:00,17.4,14.1,81,0.0,48,1017.8,2.93,5.38,203,5.8,178.0,101.0,77.0,3600.0,0.0,0.0,0.38,0.1,17.1,18.6,15.4,11.5,0.102,0.147,0.226,0.274,-0.1,2026-06-17 07:00:00+02:00
2026-06-17 06:00:00+00:00,19.4,14.5,74,0.0,30,1017.7,2.32,3.39,199,6.4,345.0,231.0,114.0,3600.0,0.0,0.0,0.59,0.2,18.3,18.3,15.0,11.5,0.107,0.147,0.226,0.274,-0.2,2026-06-17 08:00:00+02:00
2026-06-17 07:00:00+00:00,21.4,14.9,67,0.0,14,1017.7,3.27,4.43,203,7.8,504.0,366.0,138.0,3600.0,0.0,0.0,0.85,0.31,20.0,18.3,15.0,11.5,0.106,0.147,0.226,0.274,-0.31,2026-06-17 09:00:00+02:00
2026-06-17 08:00:00+00:00,21.4,14.5,65,0.1,25,1017.7,4.0,5.45,206,10.4,673.0,554.0,119.0,3600.0,0.1,0.0,0.89,0.4,21.8,18.3,15.1,11.5,0.106,0.147,0.226,0.274,-0.30000000000000004,2026-06-17 10:00:00+02:00
2026-06-17 09:00:00+00:00,22.5,15.4,64,0.1,78,1017.6,3.98,5.42,195,10.7,695.0,494.0,201.0,3600.0,0.1,0.0,0.98,0.43,23.2,18.5,15.1,11.5,0.107,0.147,0.226,0.274,-0.32999999999999996,2026-06-17 11:00:00+02:00
2026-06-17 10:00:00+00:00,19.3,16.5,84,4.2,78,1017.9,4.89,7.11,233,10.8,502.0,186.0,316.0,3600.0,4.2,0.0,0.37,0.27,23.0,18.6,15.1,11.5,0.158,0.147,0.226,0.274,3.93,2026-06-17 12:00:00+02:00
2026-06-17 11:00:00+00:00,22.3,16.3,69,0.8,66,1016.8,2.21,3.47,237,10.0,702.0,471.0,231.0,3600.0,0.8,0.0,0.84,0.44,23.1,18.8,15.1,11.5,0.165,0.147,0.226,0.274,0.36000000000000004,2026-06-17 13:00:00+02:00
2026-06-17 12:00:00+00:00,24.3,15.8,59,0.7,59,1016.9,3.21,4.37,191,7.5,605.0,359.0,246.0,3600.0,0.7,0.0,1.24,0.42,28.3,19.6,15.5,11.5,0.078,0.147,0.23,0.274,0.27999999999999997,2026-06-17 14:00:00+02:00
2026-06-17 13:00:00+00:00,23.6,15.1,59,0.5,69,1016.6,3.86,5.19,190,10.9,686.0,491.0,195.0,3600.0,0.5,0.0,1.2,0.45,28.5,19.8,15.5,11.5,0.083,0.147,0.23,0.274,0.04999999999999999,2026-06-17 15:00:00+02:00
2026-06-17 14:00:00+00:00,24.7,15.4,56,0.6,61,1016.1,2.06,2.71,209,10.5,549.0,365.0,184.0,3600.0,0.6,0.0,1.36,0.38,28.2,20.1,15.5,11.5,0.089,0.147,0.229,0.274,0.21999999999999997,2026-06-17 16:00:00+02:00
2026-06-17 15:00:00+00:00,22.7,16.0,66,1.6,75,1016.5,2.85,3.96,252,7.6,454.0,308.0,146.0,3600.0,1.6,0.0,0.93,0.3,26.8,20.3,15.6,11.6,0.106,0.147,0.229,0.274,1.3,2026-06-17 17:00:00+02:00
2026-06-17 16:00:00+00:00,22.6,15.0,62,0.1,85,1016.2,0.35,0.81,188,6.3,257.0,151.0,106.0,3600.0,0.1,0.0,1.03,0.17,25.9,20.5,15.6,11.6,0.107,0.147,0.229,0.274,-0.07,2026-06-17 18:00:00+02:00
2026-06-17 17:00:00+00:00,22.0,16.5,71,0.3,67,1016.5,1.25,0.96,85,4.0,198.0,112.0,86.0,3600.0,0.3,0.0,0.76,0.13,25.0,20.6,15.6,11.6,0.11,0.147,0.229,0.274,0.16999999999999998,2026-06-17 19:00:00+02:00
2026-06-17 18:00:00+00:00,20.5,19.0,91,0.0,88,1016.9,0.83,1.9,25,3.4,81.0,37.0,44.0,3600.0,0.0,0.0,0.21,0.04,24.0,20.7,15.6,11.6,0.12,0.147,0.229,0.274,-0.04,2026-06-17 20:00:00+02:00
2026-06-17 19:00:00+00:00,19.1,18.4,95,0.0,88,1017.6,2.8,5.17,24,5.1,6.0,1.0,5.0,0.0,0.0,0.0,0.1,0.0,22.5,20.7,15.6,11.6,0.12,0.147,0.229,0.274,0.0,2026-06-17 21:00:00+02:00
2026-06-17 20:00:00+00:00,18.0,16.8,93,0.1,97,1018.5,2.78,5.55,38,5.2,0.0,0.0,0.0,0.0,0.1,0.0,0.14,0.01,21.2,20.7,15.6,11.6,0.121,0.147,0.229,0.274,0.09000000000000001,2026-06-17 22:00:00+02:00
2026-06-17 21:00:00+00:00,17.5,16.8,95,0.1,48,1018.8,2.39,4.77,101,5.0,0.0,0.0,0.0,0.0,0.1,0.0,0.09,0.0,20.2,20.6,15.6,11.6,0.122,0.147,0.229,0.274,0.1,2026-06-17 23:00:00+02:00
2026-06-17 22:00:00+00:00,17.0,16.5,97,0.0,19,1019.2,1.41,3.64,96,4.3,0.0,0.0,0.0,0.0,0.0,0.0,0.05,0.0,19.4,20.5,15.6,11.6,0.122,0.147,0.229,0.274,0.0,2026-06-18 00:00:00+02:00
2026-06-17 23:00:00+00:00,16.3,15.9,97,0.0,65,1019.3,0.86,2.5,80,2.5,0.0,0.0,0.0,0.0,0.0,0.0,0.05,0.0,18.5,20.3,15.7,11.6,0.122,0.147,0.229,0.274,0.0,2026-06-18 01:00:00+02:00
2026-06-18 00:00:00+00:00,15.9,15.4,97,0.0,58,1019.5,2.22,4.48,76,1.4,0.0,0.0,0.0,0.0,0.0,0.0,0.06,0.0,18.7,20.2,15.1,11.6,0.103,0.147,0.245,0.274,0.0,2026-06-18 02:00:00+02:00
2026-06-18 01:00:00+00:00,15.5,15.1,97,0.0,9,1019.5,1.81,3.85,84,3.9,0.0,0.0,0.0,0.0,0.0,0.0,0.04,0.0,18.0,20.1,15.1,11.6,0.103,0.148,0.245,0.274,0.0,2026-06-18 03:00:00+02:00
2026-06-18 02:00:00+00:00,15.1,14.7,97,0.0,22,1019.7,1.42,3.1,72,3.1,0.0,0.0,0.0,0.0,0.0,0.0,0.04,0.0,17.4,19.9,15.1,11.6,0.103,0.148,0.245,0.274,0.0,2026-06-18 04:00:00+02:00
2026-06-18 03:00:00+00:00,14.6,14.5,99,0.0,92,1020.0,1.59,3.02,49,2.7,3.0,0.0,3.0,0.0,0.0,0.0,0.01,0.0,16.9,19.7,15.1,11.6,0.103,0.148,0.245,0.274,0.0,2026-06-18 05:00:00+02:00
2026-06-18 04:00:00+00:00,15.3,15.1,99,0.0,100,1020.3,1.68,2.67,30,3.5,61.0,15.0,46.0,1911.9,0.0,0.0,0.02,0.02,17.0,19.5,15.1,11.6,0.103,0.148,0.245,0.274,-0.02,2026-06-18 06:00:00+02:00
2026-06-18 05:00:00+00:00,17.7,15.9,89,0.0,64,1020.5,1.22,2.35,19,3.7,188.0,96.0,92.0,3600.0,0.0,0.0,0.22,0.09,17.7,19.3,15.2,11.6,0.103,0.148,0.245,0.274,-0.09,2026-06-18 07:00:00+02:00
2026-06-18 06:00:00+00:00,20.1,16.4,79,0.0,70,1020.6,0.83,1.26,33,3.8,352.0,226.0,126.0,3600.0,0.0,0.0,0.49,0.2,19.4,19.3,15.4,11.6,0.094,0.148,0.241,0.274,-0.2,2026-06-18 08:00:00+02:00
2026-06-18 07:00:00+00:00,22.1,15.9,68,0.0,30,1020.8,1.07,1.48,28,4.5,525.0,408.0,117.0,3600.0,0.0,0.0,0.86,0.33,21.5,19.3,15.4,11.6,0.094,0.148,0.241,0.274,-0.33,2026-06-18 09:00:00+02:00
2026-06-18 08:00:00+00:00,23.6,13.3,52,0.1,38,1021.1,1.33,1.76,20,5.2,667.0,539.0,128.0,3600.0,0.1,0.0,1.39,0.44,23.7,19.4,15.4,11.6,0.094,0.148,0.241,0.274,-0.33999999999999997,2026-06-18 10:00:00+02:00
2026-06-18 09:00:00+00:00,24.8,11.5,43,0.0,65,1021.2,1.7,2.2,358,5.9,749.0,604.0,145.0,3600.0,0.0,0.0,1.76,0.51,25.6,19.5,15.4,11.6,0.094,0.148,0.241,0.274,-0.51,2026-06-18 11:00:00+02:00
2026-06-18 10:00:00+00:00,25.6,10.6,39,0.0,97,1021.2,1.69,2.16,341,6.0,825.0,617.0,208.0,3600.0,0.0,0.0,2.01,0.57,27.5,19.8,15.4,11.6,0.094,0.148,0.24,0.274,-0.57,2026-06-18 12:00:00+02:00
2026-06-18 11:00:00+00:00,26.2,10.3,37,0.0,98,1020.6,2.19,2.86,336,6.6,686.0,357.0,329.0,3600.0,0.0,0.0,2.14,0.51,28.4,20.0,15.5,11.6,0.094,0.148,0.24,0.274,-0.51,2026-06-18 13:00:00+02:00
2026-06-18 12:00:00+00:00,26.2,10.3,37,0.0,95,1020.5,3.22,4.22,334,6.6,471.0,152.0,319.0,3307.78,0.0,0.0,2.14,0.41,28.9,20.4,15.8,11.6,0.097,0.148,0.242,0.274,-0.41,2026-06-18 14:00:00+02:00
2026-06-18 13:00:00+00:00,26.6,10.3,36,0.0,100,1020.3,2.62,3.42,334,8.2,604.0,312.0,292.0,3600.0,0.0,0.0,2.23,0.47,29.2,20.6,15.8,11.6,0.096,0.148,0.242,0.274,-0.47,2026-06-18 15:00:00+02:00
2026-06-18 14:00:00+00:00,26.6,10.4,36,0.0,89,1019.9,1.94,2.57,325,7.0,427.0,139.0,288.0,3600.0,0.0,0.0,2.23,0.35,29.0,20.9,15.9,11.6,0.095,0.148,0.242,0.274,-0.35,2026-06-18 16:00:00+02:00
2026-06-18 15:00:00+00:00,26.7,10.2,36,0.0,27,1019.5,2.3,2.99,333,5.9,444.0,249.0,195.0,3600.0,0.0,0.0,2.26,0.35,28.9,21.1,15.9,11.6,0.095,0.148,0.242,0.274,-0.35,2026-06-18 17:00:00+02:00
2026-06-18 16:00:00+00:00,26.5,10.4,36,0.0,15,1019.2,3.01,4.02,317,6.8,365.0,253.0,112.0,3600.0,0.0,0.0,2.2,0.31,28.5,21.3,15.9,11.6,0.095,0.148,0.242,0.273,-0.31,2026-06-18 18:00:00+02:00
2026-06-18 17:00:00+00:00,25.6,11.5,41,0.0,18,1019.3,2.07,2.99,307,6.8,226.0,153.0,73.0,3600.0,0.0,0.0,1.92,0.19,27.6,21.5,15.9,11.6,0.094,0.148,0.241,0.273,-0.19,2026-06-18 19:00:00+02:00
2026-06-18 18:00:00+00:00,24.1,14.5,55,0.0,15,1019.3,0.56,2.23,350,4.3,85.0,44.0,41.0,3600.0,0.0,0.0,1.35,0.05,26.3,21.6,15.9,11.6,0.077,0.148,0.23,0.273,-0.05,2026-06-18 20:00:00+02:00
2026-06-18 19:00:00+00:00,22.6,12.8,54,0.0,3,1019.5,1.21,3.44,66,1.9,6.0,1.0,5.0,0.0,0.0,0.0,1.26,0.03,24.8,21.7,16.0,11.6,0.077,0.148,0.23,0.273,-0.03,2026-06-18 21:00:00+02:00
2026-06-18 20:00:00+00:00,21.8,12.4,55,0.0,17,1020.1,0.86,2.53,100,2.0,0.0,0.0,0.0,0.0,0.0,0.0,1.17,0.01,23.5,21.7,16.0,11.7,0.077,0.148,0.23,0.273,-0.01,2026-06-18 22:00:00+02:00
2026-06-18 21:00:00+00:00,20.6,12.2,58,0.0,3,1020.2,1.52,2.74,131,2.3,0.0,0.0,0.0,0.0,0.0,0.0,1.01,0.03,22.4,21.6,16.0,11.7,0.077,0.148,0.23,0.273,-0.03,2026-06-18 23:00:00+02:00
2026-06-18 22:00:00+00:00,19.8,12.1,61,0.0,7,1020.2,2.1,3.89,128,3.7,0.0,0.0,0.0,0.0,0.0,0.0,0.9,0.04,21.5,21.5,16.0,11.7,0.077,0.148,0.23,0.273,-0.04,2026-06-19 00:00:00+02:00
2026-06-18 23:00:00+00:00,19.4,12.1,63,0.0,7,1020.2,1.42,3.22,129,3.6,0.0,0.0,0.0,0.0,0.0,0.0,0.83,0.02,20.7,21.4,16.0,11.7,0.077,0.148,0.23,0.273,-0.02,2026-06-19 01:00:00+02:00
2026-06-19 00:00:00+00:00,17.9,12.1,69,0.0,12,1020.2,1.36,2.56,96,2.4,0.0,0.0,0.0,0.0,0.0,0.0,0.63,0.01,19.6,20.9,15.4,11.7,0.107,0.148,0.241,0.273,-0.01,2026-06-19 02:00:00+02:00
2026-06-19 01:00:00+00:00,17.1,12.5,74,0.0,13,1020.1,1.73,2.55,80,2.9,0.0,0.0,0.0,0.0,0.0,0.0,0.5,0.02,19.0,20.8,15.4,11.7,0.107,0.148,0.241,0.273,-0.02,2026-06-19 03:00:00+02:00
2026-06-19 02:00:00+00:00,17.0,12.7,76,0.0,11,1020.2,1.78,2.85,79,3.2,0.0,0.0,0.0,0.0,0.0,0.0,0.47,0.02,18.4,20.6,15.4,11.7,0.106,0.148,0.241,0.273,-0.02,2026-06-19 04:00:00+02:00
2026-06-19 03:00:00+00:00,16.8,12.9,78,0.0,26,1020.7,1.82,2.77,53,3.1,2.0,0.0,2.0,0.0,0.0,0.0,0.43,0.02,18.0,20.4,15.5,11.7,0.106,0.148,0.241,0.273,-0.02,2026-06-19 05:00:00+02:00
2026-06-19 04:00:00+00:00,18.0,13.8,77,0.0,14,1020.9,1.59,2.25,41,3.2,62.0,26.0,36.0,3600.0,0.0,0.0,0.48,0.04,18.1,20.3,15.5,11.7,0.106,0.148,0.241,0.273,-0.04,2026-06-19 06:00:00+02:00
2026-06-19 05:00:00+00:00,20.3,15.1,72,0.0,11,1021.1,0.54,1.41,22,2.9,194.0,121.0,73.0,3600.0,0.0,0.0,0.67,0.11,19.0,20.1,15.5,11.7,0.106,0.148,0.241,0.273,-0.11,2026-06-19 07:00:00+02:00
2026-06-19 06:00:00+00:00,22.0,16.1,69,0.0,17,1021.2,0.21,0.87,76,2.6,347.0,252.0,95.0,3600.0,0.0,0.0,0.82,0.21,20.6,20.0,15.4,11.7,0.108,0.148,0.242,0.273,-0.21,2026-06-19 08:00:00+02:00
2026-06-19 07:00:00+00:00,24.3,15.8,59,0.0,7,1021.3,0.35,0.56,360,3.1,499.0,378.0,121.0,3600.0,0.0,0.0,1.25,0.32,22.6,20.0,15.5,11.7,0.107,0.148,0.242,0.273,-0.32,2026-06-19 09:00:00+02:00
2026-06-19 08:00:00+00:00,25.4,15.6,54,0.0,20,1021.6,1.36,1.78,324,6.0,639.0,512.0,127.0,3600.0,0.0,0.0,1.48,0.43,24.6,20.1,15.5,11.7,0.105,0.148,0.241,0.273,-0.43,2026-06-19 10:00:00+02:00
2026-06-19 09:00:00+00:00,26.2,15.8,53,0.0,23,1021.7,1.48,1.97,327,6.3,715.0,568.0,147.0,3600.0,0.0,0.0,1.61,0.5,26.3,20.2,15.5,11.7,0.104,0.148,0.241,0.273,-0.5,2026-06-19 11:00:00+02:00
2026-06-19 10:00:00+00:00,27.1,16.0,51,0.0,30,1021.5,1.42,1.94,321,6.4,770.0,594.0,176.0,3600.0,0.0,0.0,1.77,0.55,27.9,20.4,15.5,11.7,0.104,0.148,0.241,0.273,-0.55,2026-06-19 12:00:00+02:00
2026-06-19 11:00:00+00:00,27.6,15.8,49,0.1,32,1021.0,1.37,1.84,327,6.1,781.0,612.0,169.0,3600.0,0.1,0.0,1.9,0.56,29.2,20.7,15.5,11.7,0.103,0.148,0.241,0.273,-0.4600000000000001,2026-06-19 13:00:00+02:00
2026-06-19 12:00:00+00:00,28.7,14.5,42,0.2,45,1020.7,1.01,1.26,333,5.5,787.0,622.0,165.0,3600.0,0.2,0.0,2.28,0.57,30.4,21.3,16.1,11.7,0.097,0.148,0.228,0.273,-0.36999999999999994,2026-06-19 14:00:00+02:00
2026-06-19 13:00:00+00:00,28.8,14.1,41,0.1,27,1020.3,1.12,1.48,328,5.4,716.0,555.0,161.0,3600.0,0.1,0.0,2.35,0.52,31.4,21.7,16.1,11.7,0.097,0.148,0.228,0.273,-0.42000000000000004,2026-06-19 15:00:00+02:00
2026-06-19 14:00:00+00:00,29.2,14.0,40,0.0,65,1020.0,1.63,2.02,313,5.8,658.0,527.0,131.0,3600.0,0.0,0.0,2.44,0.49,31.8,21.9,16.1,11.7,0.097,0.148,0.228,0.273,-0.49,2026-06-19 16:00:00+02:00
2026-06-19 15:00:00+00:00,29.0,13.8,39,0.0,88,1019.7,2.23,2.84,316,6.1,524.0,369.0,155.0,3600.0,0.0,0.0,2.43,0.41,31.6,22.2,16.1,11.7,0.096,0.148,0.228,0.273,-0.41,2026-06-19 17:00:00+02:00
2026-06-19 16:00:00+00:00,28.7,13.7,40,0.0,83,1019.5,2.57,3.36,323,6.0,349.0,197.0,152.0,3600.0,0.0,0.0,2.37,0.3,30.9,22.5,16.1,11.7,0.096,0.148,0.227,0.273,-0.3,2026-06-19 18:00:00+02:00
2026-06-19 17:00:00+00:00,27.8,14.0,43,0.0,9,1019.1,2.94,4.25,325,6.1,205.0,117.0,88.0,3600.0,0.0,0.0,2.14,0.21,29.9,22.7,16.2,11.7,0.095,0.148,0.227,0.273,-0.21,2026-06-19 19:00:00+02:00
2026-06-19 18:00:00+00:00,26.9,15.9,51,0.0,29,1019.2,2.11,3.7,329,5.6,86.0,45.0,41.0,3600.0,0.0,0.0,1.74,0.1,28.6,23.0,16.5,11.7,0.079,0.148,0.212,0.273,-0.1,2026-06-19 20:00:00+02:00
2026-06-19 19:00:00+00:00,25.9,15.2,52,0.0,8,1019.3,2.0,3.66,347,3.9,6.0,1.0,5.0,0.0,0.0,0.0,1.62,0.06,27.3,23.1,16.6,11.7,0.079,0.148,0.212,0.273,-0.06,2026-06-19 21:00:00+02:00
2026-06-19 20:00:00+00:00,24.7,14.7,54,0.0,3,1019.8,2.28,4.16,26,3.8,0.0,0.0,0.0,0.0,0.0,0.0,1.44,0.05,26.1,23.1,16.6,11.7,0.079,0.148,0.212,0.273,-0.05,2026-06-19 22:00:00+02:00
2026-06-19 21:00:00+00:00,23.6,14.7,57,0.0,2,1020.1,2.68,5.0,63,4.7,0.0,0.0,0.0,0.0,0.0,0.0,1.24,0.06,25.1,23.1,16.6,11.7,0.079,0.148,0.212,0.273,-0.06,2026-06-19 23:00:00+02:00
2026-06-19 22:00:00+00:00,22.9,15.6,63,0.0,3,1020.4,2.4,4.98,86,4.7,0.0,0.0,0.0,0.0,0.0,0.0,1.02,0.04,24.2,23.0,16.6,11.7,0.079,0.148,0.212,0.273,-0.04,2026-06-20 00:00:00+02:00
2026-06-19 23:00:00+00:00,22.5,15.8,66,0.0,9,1020.2,2.34,4.51,106,4.2,0.0,0.0,0.0,0.0,0.0,0.0,0.93,0.04,23.4,23.0,16.7,11.7,0.079,0.148,0.212,0.273,-0.04,2026-06-20 01:00:00+02:00
2026-06-20 00:00:00+00:00,20.8,16.0,74,0.0,84,1020.4,2.61,5.25,122,4.0,0.0,0.0,0.0,0.0,0.0,0.0,0.64,0.03,21.5,22.1,15.7,11.7,0.108,0.148,0.226,0.273,-0.03,2026-06-20 02:00:00+02:00
2026-06-20 01:00:00+00:00,20.2,16.6,80,0.1,97,1020.6,1.31,3.63,140,4.5,0.0,0.0,0.0,0.0,0.1,0.0,0.48,0.01,21.0,22.0,15.8,11.7,0.108,0.148,0.226,0.273,0.09000000000000001,2026-06-20 03:00:00+02:00
2026-06-20 02:00:00+00:00,19.8,16.8,83,0.0,87,1020.8,0.55,2.54,185,2.1,0.0,0.0,0.0,0.0,0.0,0.0,0.39,0.0,20.5,21.8,15.8,11.7,0.108,0.148,0.226,0.273,0.0,2026-06-20 04:00:00+02:00
2026-06-20 03:00:00+00:00,19.8,16.5,81,0.0,87,1020.9,1.05,2.41,85,2.0,2.0,0.0,2.0,0.0,0.0,0.0,0.44,0.01,20.2,21.7,15.8,11.8,0.108,0.149,0.226,0.273,-0.01,2026-06-20 05:00:00+02:00
2026-06-20 04:00:00+00:00,20.8,16.7,77,0.0,45,1021.0,1.63,3.15,162,2.3,55.0,17.0,38.0,2434.8,0.0,0.0,0.56,0.04,20.2,21.5,15.8,11.8,0.108,0.149,0.226,0.273,-0.04,2026-06-20 06:00:00+02:00
2026-06-20 05:00:00+00:00,22.9,17.3,70,0.0,45,1021.5,1.31,2.58,133,3.2,190.0,114.0,76.0,3600.0,0.0,0.0,0.82,0.12,21.1,21.4,15.8,11.8,0.108,0.149,0.226,0.273,-0.12,2026-06-20 07:00:00+02:00
2026-06-20 06:00:00+00:00,24.7,17.6,65,0.0,8,1021.5,1.65,2.77,125,4.2,324.0,222.0,102.0,3600.0,0.0,0.0,1.1,0.22,22.6,21.4,16.0,11.8,0.102,0.149,0.226,0.273,-0.22,2026-06-20 08:00:00+02:00
2026-06-20 07:00:00+00:00,27.0,17.3,55,0.0,13,1021.5,1.55,2.11,165,4.9,504.0,398.0,106.0,3600.0,0.0,0.0,1.6,0.36,24.5,21.4,16.0,11.8,0.102,0.149,0.226,0.273,-0.36,2026-06-20 09:00:00+02:00
2026-06-20 08:00:00+00:00,28.5,16.9,49,0.0,66,1021.7,1.77,2.36,196,5.8,670.0,556.0,114.0,3600.0,0.0,0.0,1.96,0.49,26.6,21.4,16.0,11.8,0.1,0.149,0.225,0.273,-0.49,2026-06-20 10:00:00+02:00
2026-06-20 09:00:00+00:00,29.3,16.4,46,0.0,80,1021.8,1.67,2.17,231,5.8,740.0,571.0,169.0,3600.0,0.0,0.0,2.2,0.55,28.5,21.6,16.0,11.8,0.1,0.149,0.225,0.273,-0.55,2026-06-20 11:00:00+02:00
2026-06-20 10:00:00+00:00,29.6,16.7,46,0.1,45,1022.0,1.5,1.97,240,6.9,759.0,551.0,208.0,3600.0,0.1,0.0,2.25,0.57,30.1,21.8,16.0,11.8,0.099,0.149,0.225,0.273,-0.47,2026-06-20 12:00:00+02:00
2026-06-20 11:00:00+00:00,30.5,16.7,44,0.0,49,1021.7,1.23,1.57,249,6.9,798.0,608.0,190.0,3600.0,0.0,0.0,2.45,0.6,31.5,22.1,16.1,11.8,0.098,0.149,0.225,0.273,-0.6,2026-06-20 13:00:00+02:00
2026-06-20 12:00:00+00:00,31.3,16.1,40,0.0,64,1021.3,0.92,1.06,135,6.2,780.0,588.0,192.0,3600.0,0.0,0.0,2.74,0.59,31.6,22.5,16.2,11.8,0.088,0.149,0.216,0.273,-0.59,2026-06-20 14:00:00+02:00
2026-06-20 13:00:00+00:00,31.6,16.2,39,0.0,80,1021.0,0.75,0.75,217,5.2,719.0,534.0,185.0,3600.0,0.0,0.0,2.81,0.54,33.1,22.8,16.2,11.8,0.088,0.149,0.216,0.273,-0.54,2026-06-20 15:00:00+02:00
2026-06-20 14:00:00+00:00,31.3,16.0,40,0.0,91,1020.9,1.82,2.26,291,5.6,471.0,242.0,229.0,3600.0,0.0,0.0,2.75,0.4,33.3,23.1,16.2,11.8,0.088,0.149,0.215,0.273,-0.4,2026-06-20 16:00:00+02:00
2026-06-20 15:00:00+00:00,27.1,18.5,59,0.4,81,1021.7,2.67,3.95,6,7.7,155.0,16.0,139.0,0.0,0.4,0.0,1.46,0.18,31.6,23.3,16.3,11.8,0.092,0.149,0.215,0.273,0.22000000000000003,2026-06-20 17:00:00+02:00
2026-06-20 16:00:00+00:00,27.7,18.0,56,0.0,95,1021.5,0.39,0.38,220,5.7,265.0,103.0,162.0,3600.0,0.0,0.0,1.65,0.19,31.0,23.5,16.3,11.8,0.092,0.149,0.215,0.273,-0.19,2026-06-20 18:00:00+02:00
2026-06-20 17:00:00+00:00,27.5,18.4,58,0.0,90,1021.3,1.27,2.0,259,3.7,154.0,44.0,110.0,2494.96,0.0,0.0,1.55,0.13,30.0,23.7,16.3,11.8,0.092,0.149,0.215,0.273,-0.13,2026-06-20 19:00:00+02:00
2026-06-20 18:00:00+00:00,26.7,17.9,58,0.0,32,1021.4,2.41,4.34,13,3.3,56.0,12.0,44.0,646.99,0.0,0.0,1.46,0.1,28.8,23.8,16.3,11.8,0.085,0.149,0.212,0.273,-0.1,2026-06-20 20:00:00+02:00
2026-06-20 19:00:00+00:00,25.3,17.9,64,0.0,52,1021.5,1.64,3.04,12,4.2,6.0,1.0,5.0,0.0,0.0,0.0,1.17,0.04,27.5,23.8,16.4,11.8,0.085,0.149,0.212,0.273,-0.04,2026-06-20 21:00:00+02:00
2026-06-20 20:00:00+00:00,24.7,18.0,66,0.0,48,1021.9,1.7,3.23,3,2.8,0.0,0.0,0.0,0.0,0.0,0.0,1.05,0.03,26.4,23.8,16.4,11.8,0.085,0.149,0.212,0.273,-0.03,2026-06-20 22:00:00+02:00
2026-06-20 21:00:00+00:00,24.1,17.9,68,0.0,69,1022.3,2.4,3.83,315,3.9,0.0,0.0,0.0,0.0,0.0,0.0,0.96,0.04,25.5,23.8,16.4,11.8,0.085,0.149,0.212,0.273,-0.04,2026-06-20 23:00:00+02:00
2026-06-20 22:00:00+00:00,23.6,18.2,72,0.0,21,1022.5,2.34,3.97,304,4.5,0.0,0.0,0.0,0.0,0.0,0.0,0.83,0.03,24.8,23.7,16.4,11.8,0.085,0.149,0.212,0.273,-0.03,2026-06-21 00:00:00+02:00
2026-06-20 23:00:00+00:00,22.7,18.6,78,0.0,4,1022.7,2.65,4.81,324,4.4,0.0,0.0,0.0,0.0,0.0,0.0,0.61,0.03,24.1,23.6,16.5,11.8,0.085,0.149,0.212,0.273,-0.03,2026-06-21 01:00:00+02:00
2026-06-21 00:00:00+00:00,18.9,18.4,97,0.0,51,1023.3,3.36,5.52,233,4.7,0.0,0.0,0.0,0.0,0.0,0.0,0.07,0.0,23.2,23.6,16.4,11.8,0.097,0.149,0.219,0.273,0.0,2026-06-21 02:00:00+02:00
2026-06-21 01:00:00+00:00,19.2,18.8,98,4.3,98,1023.8,0.76,1.16,98,6.3,0.0,0.0,0.0,0.0,4.3,0.0,0.05,0.0,22.0,23.4,16.5,11.8,0.156,0.149,0.219,0.273,4.3,2026-06-21 03:00:00+02:00
2026-06-21 02:00:00+00:00,18.7,18.7,100,2.1,34,1023.5,3.83,6.56,258,5.6,0.0,0.0,0.0,0.0,2.1,0.0,0.0,0.0,21.2,23.2,16.5,11.8,0.186,0.149,0.219,0.273,2.1,2026-06-21 04:00:00+02:00
2026-06-21 03:00:00+00:00,18.7,18.3,97,0.0,20,1022.7,2.03,4.8,286,9.0,2.0,0.0,2.0,0.0,0.0,0.0,0.06,0.0,20.6,23.0,16.5,11.8,0.186,0.149,0.219,0.273,0.0,2026-06-21 05:00:00+02:00
2026-06-21 04:00:00+00:00,19.7,19.0,96,0.0,4,1022.7,1.72,3.59,8,4.1,64.0,30.0,34.0,3600.0,0.0,0.0,0.1,0.03,20.5,22.8,16.5,11.8,0.186,0.149,0.219,0.273,-0.03,2026-06-21 06:00:00+02:00
2026-06-21 05:00:00+00:00,20.9,20.0,94,0.0,2,1022.9,0.88,0.79,133,3.3,203.0,136.0,67.0,3600.0,0.0,0.0,0.14,0.11,21.1,22.6,16.5,11.8,0.186,0.149,0.219,0.273,-0.11,2026-06-21 07:00:00+02:00
2026-06-21 06:00:00+00:00,23.3,20.7,85,0.0,20,1023.3,1.84,2.6,283,3.2,364.0,277.0,87.0,3600.0,0.0,0.0,0.42,0.22,22.6,22.7,16.8,11.8,0.149,0.149,0.219,0.273,-0.22,2026-06-21 08:00:00+02:00
2026-06-21 07:00:00+00:00,25.4,20.3,73,0.0,59,1023.3,1.07,1.42,233,5.2,493.0,380.0,113.0,3600.0,0.0,0.0,0.86,0.33,24.1,22.7,16.9,11.9,0.147,0.149,0.219,0.273,-0.33,2026-06-21 09:00:00+02:00
2026-06-21 08:00:00+00:00,27.0,20.2,66,0.0,13,1023.3,1.01,1.3,243,4.1,635.0,503.0,132.0,3600.0,0.0,0.0,1.2,0.44,25.8,22.7,16.9,11.9,0.145,0.149,0.219,0.273,-0.44,2026-06-21 10:00:00+02:00
2026-06-21 09:00:00+00:00,28.5,20.5,62,0.0,9,1023.3,1.31,1.71,277,4.7,769.0,644.0,125.0,3600.0,0.0,0.0,1.48,0.55,27.6,22.8,16.9,11.9,0.142,0.149,0.219,0.273,-0.55,2026-06-21 11:00:00+02:00
2026-06-21 10:00:00+00:00,29.3,20.5,59,0.0,41,1023.1,0.98,1.28,285,6.0,837.0,706.0,131.0,3600.0,0.0,0.0,1.66,0.61,29.1,22.9,16.9,11.9,0.139,0.149,0.219,0.273,-0.61,2026-06-21 12:00:00+02:00
2026-06-21 11:00:00+00:00,29.9,20.1,56,0.0,22,1022.4,1.3,1.63,254,6.1,782.0,559.0,223.0,3600.0,0.0,0.0,1.87,0.58,30.2,23.1,16.9,11.9,0.136,0.149,0.219,0.273,-0.58,2026-06-21 13:00:00+02:00
2026-06-21 12:00:00+00:00,29.0,18.7,54,0.0,46,1022.0,3.0,4.05,296,6.3,863.0,729.0,134.0,3600.0,0.0,0.0,1.84,0.63,34.6,23.8,16.8,11.9,0.097,0.149,0.218,0.273,-0.63,2026-06-21 14:00:00+02:00
2026-06-21 13:00:00+00:00,26.7,19.3,64,1.3,97,1022.7,4.67,6.4,315,9.4,540.0,313.0,227.0,3600.0,1.3,0.0,1.26,0.4,33.4,24.1,16.8,11.9,0.11,0.149,0.218,0.272,0.9,2026-06-21 15:00:00+02:00
2026-06-21 14:00:00+00:00,25.6,20.1,72,0.7,99,1022.4,0.46,0.59,77,10.9,303.0,66.0,237.0,875.18,0.7,0.0,0.93,0.22,31.2,24.3,16.8,11.9,0.117,0.149,0.218,0.272,0.48,2026-06-21 16:00:00+02:00
2026-06-21 15:00:00+00:00,26.7,20.0,67,0.0,98,1021.7,1.29,1.6,193,4.3,408.0,158.0,250.0,3600.0,0.0,0.0,1.16,0.29,30.6,24.4,16.8,11.9,0.116,0.149,0.218,0.272,-0.29,2026-06-21 17:00:00+02:00
2026-06-21 16:00:00+00:00,26.8,20.0,66,0.0,100,1021.9,0.92,1.17,248,4.3,278.0,85.0,193.0,3600.0,0.0,0.0,1.18,0.2,29.8,24.6,16.9,11.9,0.115,0.149,0.218,0.272,-0.2,2026-06-21 18:00:00+02:00
2026-06-21 17:00:00+00:00,26.3,20.2,69,0.0,99,1021.7,1.71,2.3,265,3.7,129.0,6.0,123.0,0.0,0.0,0.0,1.06,0.12,28.7,24.6,16.9,11.9,0.115,0.149,0.218,0.272,-0.12,2026-06-21 19:00:00+02:00
2026-06-21 18:00:00+00:00,25.9,19.6,68,0.0,70,1021.6,1.61,2.75,306,3.8,62.0,13.0,49.0,839.93,0.0,0.0,1.05,0.07,27.4,24.6,16.9,11.9,0.114,0.149,0.218,0.272,-0.07,2026-06-21 20:00:00+02:00
2026-06-21 19:00:00+00:00,24.2,19.6,76,0.0,14,1021.7,1.55,2.66,327,2.9,6.0,1.0,5.0,0.0,0.0,0.0,0.74,0.02,26.1,24.6,16.9,11.9,0.114,0.149,0.218,0.272,-0.02,2026-06-21 21:00:00+02:00
2026-06-21 20:00:00+00:00,23.2,19.3,79,0.0,8,1022.1,1.16,2.23,353,2.6,0.0,0.0,0.0,0.0,0.0,0.0,0.6,0.01,25.0,24.5,17.0,11.9,0.114,0.149,0.218,0.272,-0.01,2026-06-21 22:00:00+02:00
2026-06-21 21:00:00+00:00,22.6,18.8,79,0.0,13,1022.1,1.6,2.54,358,2.7,0.0,0.0,0.0,0.0,0.0,0.0,0.56,0.01,24.1,24.4,17.0,11.9,0.114,0.149,0.218,0.272,-0.01,2026-06-21 23:00:00+02:00
2026-06-21 22:00:00+00:00,22.0,18.7,82,0.0,3,1022.1,1.3,3.06,344,2.7,0.0,0.0,0.0,0.0,0.0,0.0,0.49,0.01,23.3,24.3,17.0,11.9,0.114,0.149,0.218,0.272,-0.01,2026-06-22 00:00:00+02:00
2026-06-21 23:00:00+00:00,21.5,18.5,83,0.0,6,1022.0,1.46,3.26,338,2.2,0.0,0.0,0.0,0.0,0.0,0.0,0.43,0.01,22.6,24.1,17.1,11.9,0.113,0.149,0.218,0.272,-0.01,2026-06-22 01:00:00+02:00
2026-06-22 00:00:00+00:00,21.1,18.4,85,0.0,97,1022.0,4.21,7.28,252,2.7,0.0,0.0,0.0,0.0,0.0,0.0,0.38,0.03,22.6,23.6,15.9,11.9,0.129,0.149,0.218,0.272,-0.03,2026-06-22 02:00:00+02:00
2026-06-22 01:00:00+00:00,20.1,18.9,93,0.2,96,1021.1,1.97,3.77,263,9.8,0.0,0.0,0.0,0.0,0.2,0.0,0.18,0.0,22.1,23.4,16.0,11.9,0.131,0.149,0.218,0.272,0.2,2026-06-22 03:00:00+02:00
2026-06-22 02:00:00+00:00,19.8,18.9,95,0.0,98,1021.2,2.1,4.48,298,4.6,0.0,0.0,0.0,0.0,0.0,0.0,0.12,0.0,21.6,23.2,16.0,11.9,0.131,0.149,0.218,0.272,0.0,2026-06-22 04:00:00+02:00
2026-06-22 03:00:00+00:00,19.9,19.3,96,0.0,98,1021.2,1.74,3.95,348,4.1,1.0,0.0,1.0,0.0,0.0,0.0,0.09,0.01,21.3,23.0,16.0,11.9,0.131,0.149,0.218,0.272,-0.01,2026-06-22 05:00:00+02:00
2026-06-22 04:00:00+00:00,20.4,19.4,94,0.0,82,1021.0,1.12,2.88,350,3.0,37.0,3.0,34.0,0.0,0.0,0.0,0.14,0.02,21.2,22.9,16.1,11.9,0.131,0.149,0.218,0.272,-0.02,2026-06-22 06:00:00+02:00
2026-06-22 05:00:00+00:00,21.3,19.3,88,0.0,97,1021.2,1.33,2.04,340,5.0,135.0,41.0,94.0,2616.45,0.0,0.0,0.29,0.08,21.6,22.7,16.1,11.9,0.131,0.149,0.218,0.272,-0.08,2026-06-22 07:00:00+02:00
2026-06-22 06:00:00+00:00,22.4,20.1,87,0.0,99,1021.1,2.37,3.95,353,3.3,152.0,18.0,134.0,0.0,0.0,0.0,0.35,0.11,22.3,22.7,16.3,11.9,0.099,0.149,0.218,0.272,-0.11,2026-06-22 08:00:00+02:00
2026-06-22 07:00:00+00:00,24.9,20.1,75,0.0,95,1020.6,1.38,2.01,13,5.3,383.0,157.0,226.0,3600.0,0.0,0.0,0.79,0.26,23.8,22.6,16.4,11.9,0.1,0.149,0.218,0.272,-0.26,2026-06-22 09:00:00+02:00
2026-06-22 08:00:00+00:00,27.3,19.9,64,0.1,74,1020.5,1.75,2.36,3,5.5,602.0,396.0,206.0,3600.0,0.1,0.0,1.3,0.43,26.0,22.6,16.4,11.9,0.1,0.149,0.218,0.272,-0.32999999999999996,2026-06-22 10:00:00+02:00
2026-06-22 09:00:00+00:00,28.4,18.9,56,0.3,55,1020.4,2.14,2.77,349,6.5,752.0,597.0,155.0,3600.0,0.3,0.0,1.69,0.54,28.1,22.7,16.4,11.9,0.102,0.149,0.217,0.272,-0.24000000000000005,2026-06-22 11:00:00+02:00
2026-06-22 10:00:00+00:00,27.5,18.8,59,0.3,77,1020.5,2.4,3.03,343,6.7,692.0,494.0,198.0,3600.0,0.3,0.0,1.49,0.5,29.4,22.9,16.4,12.0,0.104,0.149,0.217,0.272,-0.2,2026-06-22 12:00:00+02:00
2026-06-22 11:00:00+00:00,25.5,20.4,73,2.7,85,1019.8,2.65,3.4,270,7.4,621.0,358.0,263.0,3600.0,2.7,0.0,0.87,0.42,28.6,23.0,16.4,12.0,0.134,0.149,0.217,0.272,2.2800000000000002,2026-06-22 13:00:00+02:00
2026-06-22 12:00:00+00:00,25.8,20.4,72,0.6,98,1019.2,1.1,1.41,180,8.3,621.0,262.0,359.0,3600.0,0.6,0.0,0.93,0.43,30.2,23.4,16.3,12.0,0.102,0.149,0.217,0.272,0.16999999999999998,2026-06-22 14:00:00+02:00
2026-06-22 13:00:00+00:00,27.9,19.5,60,0.2,98,1018.6,1.1,1.35,267,6.5,566.0,276.0,290.0,3600.0,0.2,0.0,1.49,0.42,30.6,23.5,16.4,12.0,0.104,0.149,0.217,0.272,-0.21999999999999997,2026-06-22 15:00:00+02:00
2026-06-22 14:00:00+00:00,27.7,19.1,60,0.7,95,1018.5,0.75,0.93,180,6.4,466.0,210.0,256.0,3600.0,0.7,0.0,1.49,0.34,30.6,23.7,16.4,12.0,0.111,0.149,0.217,0.272,0.35999999999999993,2026-06-22 16:00:00+02:00
2026-06-22 15:00:00+00:00,27.4,19.3,61,0.0,95,1018.9,1.72,2.26,343,5.2,492.0,306.0,186.0,3600.0,0.0,0.0,1.41,0.35,30.5,23.9,16.4,12.0,0.11,0.149,0.217,0.272,-0.35,2026-06-22 17:00:00+02:00
2026-06-22 16:00:00+00:00,27.0,19.7,65,0.0,90,1018.3,1.04,1.3,287,5.1,256.0,115.0,141.0,3600.0,0.0,0.0,1.26,0.19,29.7,24.0,16.5,12.0,0.11,0.149,0.217,0.272,-0.19,2026-06-22 18:00:00+02:00
2026-06-22 17:00:00+00:00,27.1,18.8,60,0.0,87,1018.2,1.83,2.9,343,4.3,187.0,70.0,117.0,3600.0,0.0,0.0,1.41,0.16,28.9,24.1,16.5,12.0,0.109,0.149,0.217,0.272,-0.16,2026-06-22 19:00:00+02:00
2026-06-22 18:00:00+00:00,26.1,17.0,57,0.0,99,1018.1,4.05,7.6,358,3.8,73.0,22.0,51.0,2651.84,0.0,0.0,1.44,0.14,27.2,23.9,16.5,12.0,0.07,0.149,0.217,0.272,-0.14,2026-06-22 20:00:00+02:00
2026-06-22 19:00:00+00:00,25.2,16.8,60,0.0,98,1018.3,4.15,7.61,1,8.1,5.0,0.0,5.0,0.0,0.0,0.0,1.28,0.1,26.4,23.9,16.5,12.0,0.07,0.149,0.217,0.272,-0.1,2026-06-22 21:00:00+02:00
2026-06-22 20:00:00+00:00,24.7,17.5,64,0.0,73,1018.6,4.12,7.57,6,7.7,0.0,0.0,0.0,0.0,0.0,0.0,1.12,0.08,25.6,23.9,16.6,12.0,0.07,0.149,0.217,0.272,-0.08,2026-06-22 22:00:00+02:00
2026-06-22 21:00:00+00:00,24.0,17.7,68,0.0,75,1018.8,4.21,7.6,10,8.2,0.0,0.0,0.0,0.0,0.0,0.0,0.96,0.07,25.1,23.8,16.6,12.0,0.07,0.149,0.217,0.272,-0.07,2026-06-22 23:00:00+02:00
2026-06-22 22:00:00+00:00,23.0,17.5,71,0.0,99,1018.7,4.22,7.61,5,8.7,0.0,0.0,0.0,0.0,0.0,0.0,0.8,0.06,24.4,23.7,16.6,12.0,0.07,0.149,0.216,0.272,-0.06,2026-06-23 00:00:00+02:00
2026-06-22 23:00:00+00:00,22.4,17.8,75,0.0,98,1018.1,3.81,7.17,356,7.8,0.0,0.0,0.0,0.0,0.0,0.0,0.67,0.05,23.8,23.6,16.6,12.0,0.07,0.149,0.216,0.272,-0.05,2026-06-23 01:00:00+02:00
2026-06-23 00:00:00+00:00,21.1,17.6,80,0.0,86,1018.2,2.82,5.74,6,7.0,0.0,0.0,0.0,0.0,0.0,0.0,0.5,0.03,22.3,23.0,16.6,12.0,0.114,0.149,0.217,0.272,-0.03,2026-06-23 02:00:00+02:00
2026-06-23 01:00:00+00:00,20.7,17.5,82,0.0,90,1017.5,2.42,5.11,7,4.9,0.0,0.0,0.0,0.0,0.0,0.0,0.45,0.02,21.8,22.9,16.7,12.0,0.114,0.149,0.217,0.272,-0.02,2026-06-23 03:00:00+02:00
2026-06-23 02:00:00+00:00,20.2,17.4,84,0.0,95,1017.5,2.55,5.06,2,4.5,0.0,0.0,0.0,0.0,0.0,0.0,0.37,0.02,21.3,22.7,16.7,12.0,0.114,0.149,0.217,0.272,-0.02,2026-06-23 04:00:00+02:00
2026-06-23 03:00:00+00:00,20.0,17.5,85,0.0,97,1017.6,2.75,5.31,357,4.8,2.0,0.0,2.0,0.0,0.0,0.0,0.34,0.02,20.9,22.6,16.7,12.0,0.113,0.149,0.217,0.272,-0.02,2026-06-23 05:00:00+02:00
2026-06-23 04:00:00+00:00,20.8,17.7,82,0.0,77,1017.8,3.13,5.87,17,6.2,48.0,17.0,31.0,2501.28,0.0,0.0,0.43,0.05,20.9,22.4,16.7,12.0,0.113,0.149,0.217,0.272,-0.05,2026-06-23 06:00:00+02:00
2026-06-23 05:00:00+00:00,22.1,18.1,78,0.0,72,1017.9,3.18,4.87,28,6.8,194.0,117.0,77.0,3600.0,0.0,0.0,0.58,0.13,21.6,22.3,16.7,12.0,0.113,0.149,0.217,0.272,-0.13,2026-06-23 07:00:00+02:00
2026-06-23 06:00:00+00:00,24.2,18.4,70,0.0,28,1018.0,3.14,4.66,37,8.4,334.0,207.0,127.0,3600.0,0.0,0.0,0.91,0.23,22.6,22.1,16.8,12.0,0.114,0.149,0.217,0.272,-0.23,2026-06-23 08:00:00+02:00
2026-06-23 07:00:00+00:00,26.0,17.9,61,0.0,27,1017.9,3.75,5.27,46,8.5,489.0,337.0,152.0,3600.0,0.0,0.0,1.32,0.35,24.1,22.1,16.8,12.0,0.113,0.149,0.216,0.272,-0.35,2026-06-23 09:00:00+02:00
2026-06-23 08:00:00+00:00,26.9,17.5,56,0.0,41,1018.0,4.01,5.56,54,9.4,628.0,482.0,146.0,3600.0,0.0,0.0,1.54,0.46,25.7,22.1,16.8,12.0,0.112,0.149,0.216,0.272,-0.46,2026-06-23 10:00:00+02:00
2026-06-23 09:00:00+00:00,27.5,17.2,53,0.0,52,1017.9,3.46,4.76,59,9.5,704.0,548.0,156.0,3600.0,0.0,0.0,1.71,0.51,27.1,22.2,16.8,12.0,0.11,0.149,0.216,0.272,-0.51,2026-06-23 11:00:00+02:00
2026-06-23 10:00:00+00:00,28.3,16.8,50,0.0,61,1017.8,2.76,3.75,48,8.5,781.0,593.0,188.0,3600.0,0.0,0.0,1.94,0.57,28.6,22.4,16.8,12.0,0.109,0.149,0.216,0.272,-0.57,2026-06-23 12:00:00+02:00
2026-06-23 11:00:00+00:00,29.2,16.5,46,0.1,55,1017.1,2.23,3.04,42,7.8,846.0,659.0,187.0,3600.0,0.1,0.0,2.18,0.62,30.0,22.6,16.8,12.0,0.107,0.149,0.216,0.272,-0.52,2026-06-23 13:00:00+02:00
2026-06-23 12:00:00+00:00,28.2,17.3,52,0.0,30,1016.4,3.59,5.15,40,7.3,790.0,559.0,231.0,3600.0,0.0,0.0,1.85,0.58,31.1,22.7,16.9,12.0,0.148,0.149,0.216,0.272,-0.58,2026-06-23 14:00:00+02:00
2026-06-23 13:00:00+00:00,30.1,16.0,43,0.0,13,1015.5,2.97,4.1,48,8.1,778.0,624.0,154.0,3600.0,0.0,0.0,2.45,0.6,31.1,23.0,16.9,12.0,0.144,0.149,0.216,0.272,-0.6,2026-06-23 15:00:00+02:00
2026-06-23 14:00:00+00:00,30.2,15.4,41,0.0,23,1015.4,3.26,4.54,27,7.9,637.0,487.0,150.0,3600.0,0.0,0.0,2.54,0.52,30.8,23.3,16.9,12.1,0.141,0.149,0.215,0.272,-0.52,2026-06-23 16:00:00+02:00
2026-06-23 15:00:00+00:00,29.7,14.8,40,0.1,19,1015.1,3.35,4.79,17,7.9,507.0,388.0,119.0,3600.0,0.1,0.0,2.49,0.43,30.3,23.5,17.0,12.1,0.138,0.149,0.215,0.272,-0.32999999999999996,2026-06-23 17:00:00+02:00
2026-06-23 16:00:00+00:00,28.8,15.1,43,0.0,14,1015.3,3.12,4.83,58,7.7,311.0,215.0,96.0,3600.0,0.0,0.0,2.24,0.3,29.4,23.7,17.0,12.1,0.136,0.149,0.215,0.272,-0.3,2026-06-23 18:00:00+02:00
2026-06-23 17:00:00+00:00,27.2,17.8,56,0.0,5,1015.6,2.19,3.76,101,6.5,227.0,159.0,68.0,3600.0,0.0,0.0,1.58,0.19,28.4,23.8,17.0,12.1,0.135,0.149,0.215,0.272,-0.19,2026-06-23 19:00:00+02:00
2026-06-23 18:00:00+00:00,25.5,19.6,70,0.0,7,1016.0,1.48,3.79,62,4.2,87.0,47.0,40.0,3600.0,0.0,0.0,0.98,0.07,27.5,24.0,17.0,12.1,0.111,0.149,0.215,0.272,-0.07,2026-06-23 20:00:00+02:00
2026-06-23 19:00:00+00:00,24.3,18.5,70,0.0,8,1016.3,1.98,3.91,43,3.1,7.0,2.0,5.0,0.0,0.0,0.0,0.91,0.03,26.1,24.0,17.1,12.1,0.111,0.149,0.215,0.272,-0.03,2026-06-23 21:00:00+02:00
2026-06-23 20:00:00+00:00,23.8,15.1,58,0.0,5,1016.8,3.02,6.33,19,4.9,0.0,0.0,0.0,0.0,0.0,0.0,1.23,0.07,24.9,23.9,17.1,12.1,0.111,0.149,0.215,0.272,-0.07,2026-06-23 22:00:00+02:00
2026-06-23 21:00:00+00:00,23.7,13.0,51,0.0,2,1016.8,4.09,8.03,12,7.4,0.0,0.0,0.0,0.0,0.0,0.0,1.43,0.1,24.1,23.8,17.1,12.1,0.11,0.149,0.215,0.272,-0.1,2026-06-23 23:00:00+02:00
2026-06-23 22:00:00+00:00,23.1,13.8,56,0.0,1,1016.8,4.44,8.64,17,8.2,0.0,0.0,0.0,0.0,0.0,0.0,1.25,0.1,23.5,23.7,17.1,12.1,0.11,0.149,0.215,0.272,-0.1,2026-06-24 00:00:00+02:00
2026-06-23 23:00:00+00:00,22.5,14.0,59,0.0,2,1016.7,4.1,8.23,24,8.2,0.0,0.0,0.0,0.0,0.0,0.0,1.12,0.08,22.9,23.6,17.1,12.1,0.109,0.149,0.215,0.272,-0.08,2026-06-24 01:00:00+02:00
2026-06-24 00:00:00+00:00,20.5,15.3,72,0.0,7,1017.0,3.8,7.49,25,7.5,0.0,0.0,0.0,0.0,0.0,0.0,0.68,0.05,21.5,23.1,18.0,12.1,0.174,0.149,0.215,0.272,-0.05,2026-06-24 02:00:00+02:00
2026-06-24 01:00:00+00:00,20.0,15.3,74,0.0,0,1016.7,3.43,7.13,23,6.7,0.0,0.0,0.0,0.0,0.0,0.0,0.61,0.04,20.9,22.9,18.0,12.1,0.173,0.149,0.215,0.272,-0.04,2026-06-24 03:00:00+02:00
2026-06-24 02:00:00+00:00,19.6,15.0,75,0.0,2,1016.5,3.54,7.2,23,6.3,0.0,0.0,0.0,0.0,0.0,0.0,0.58,0.04,20.5,22.8,18.0,12.1,0.173,0.149,0.215,0.272,-0.04,2026-06-24 04:00:00+02:00
2026-06-24 03:00:00+00:00,19.3,14.7,74,0.0,10,1016.7,3.6,7.38,27,6.6,2.0,0.0,2.0,0.0,0.0,0.0,0.57,0.04,20.1,22.6,18.0,12.1,0.172,0.149,0.215,0.272,-0.04,2026-06-24 05:00:00+02:00
2026-06-24 04:00:00+00:00,20.1,14.9,72,0.0,4,1016.9,3.36,6.8,33,6.6,69.0,35.0,34.0,3600.0,0.0,0.0,0.65,0.07,20.1,22.4,18.0,12.1,0.172,0.149,0.215,0.272,-0.07,2026-06-24 06:00:00+02:00
2026-06-24 05:00:00+00:00,21.6,16.1,71,0.0,0,1017.1,2.75,7.36,27,6.3,208.0,144.0,64.0,3600.0,0.0,0.0,0.75,0.14,20.6,22.2,18.0,12.1,0.171,0.15,0.215,0.272,-0.14,2026-06-24 07:00:00+02:00
2026-06-24 06:00:00+00:00,23.6,16.6,65,0.0,2,1017.4,2.14,4.84,21,5.5,372.0,289.0,83.0,3600.0,0.0,0.0,1.03,0.24,21.8,22.1,18.1,12.1,0.163,0.15,0.215,0.272,-0.24,2026-06-24 08:00:00+02:00
2026-06-24 07:00:00+00:00,26.1,16.0,54,0.0,1,1017.5,2.6,3.76,23,6.1,525.0,420.0,105.0,3600.0,0.0,0.0,1.56,0.37,23.4,22.1,18.1,12.1,0.16,0.15,0.215,0.272,-0.37,2026-06-24 09:00:00+02:00
2026-06-24 08:00:00+00:00,27.7,14.7,45,0.0,2,1017.5,2.62,3.63,26,6.6,672.0,560.0,112.0,3600.0,0.0,0.0,2.04,0.49,25.0,22.1,18.1,12.1,0.157,0.15,0.215,0.272,-0.49,2026-06-24 10:00:00+02:00
2026-06-24 09:00:00+00:00,28.6,13.7,40,0.0,10,1017.5,2.39,3.25,20,6.6,785.0,667.0,118.0,3600.0,0.0,0.0,2.33,0.58,26.5,22.2,18.1,12.1,0.153,0.15,0.215,0.272,-0.58,2026-06-24 11:00:00+02:00
2026-06-24 10:00:00+00:00,29.2,13.5,38,0.0,5,1017.2,2.04,2.78,11,6.3,790.0,645.0,145.0,3600.0,0.0,0.0,2.5,0.59,27.7,22.4,18.1,12.1,0.149,0.15,0.214,0.272,-0.59,2026-06-24 12:00:00+02:00
2026-06-24 11:00:00+00:00,29.9,13.3,36,0.0,10,1016.6,2.0,2.66,1,6.1,889.0,767.0,122.0,3600.0,0.0,0.0,2.69,0.66,29.0,22.6,18.1,12.1,0.145,0.15,0.214,0.271,-0.66,2026-06-24 13:00:00+02:00
2026-06-24 12:00:00+00:00,30.9,12.5,32,0.0,3,1015.8,2.6,3.47,11,6.1,841.0,718.0,123.0,3600.0,0.0,0.0,3.02,0.66,30.1,23.0,18.5,12.1,0.141,0.15,0.214,0.271,-0.66,2026-06-24 14:00:00+02:00
2026-06-24 13:00:00+00:00,31.3,12.7,32,0.0,19,1015.6,2.5,3.35,357,6.7,819.0,707.0,112.0,3600.0,0.0,0.0,3.09,0.64,30.7,23.3,18.6,12.1,0.136,0.15,0.214,0.271,-0.64,2026-06-24 15:00:00+02:00
2026-06-24 14:00:00+00:00,31.2,11.7,30,0.0,10,1015.5,2.75,3.77,350,6.6,706.0,598.0,108.0,3600.0,0.0,0.0,3.17,0.57,30.9,23.6,18.6,12.1,0.133,0.15,0.214,0.271,-0.57,2026-06-24 16:00:00+02:00
2026-06-24 15:00:00+00:00,31.0,10.9,29,0.0,2,1015.1,3.35,4.72,346,7.2,544.0,434.0,110.0,3600.0,0.0,0.0,3.19,0.48,30.6,23.8,18.6,12.1,0.13,0.15,0.213,0.271,-0.48,2026-06-24 17:00:00+02:00
2026-06-24 16:00:00+00:00,30.2,12.0,33,0.0,1,1015.0,3.94,6.14,345,7.8,398.0,309.0,89.0,3600.0,0.0,0.0,2.88,0.39,29.9,24.0,18.6,12.1,0.127,0.15,0.213,0.271,-0.39,2026-06-24 18:00:00+02:00
2026-06-24 17:00:00+00:00,28.5,12.5,37,0.0,4,1015.1,3.95,7.1,358,7.6,235.0,163.0,72.0,3600.0,0.0,0.0,2.44,0.27,28.9,24.1,18.6,12.2,0.125,0.15,0.213,0.271,-0.27,2026-06-24 19:00:00+02:00
2026-06-24 18:00:00+00:00,26.2,13.9,47,0.0,4,1015.4,1.87,4.35,20,7.2,93.0,53.0,40.0,3600.0,0.0,0.0,1.81,0.1,27.7,24.4,18.8,12.2,0.11,0.15,0.213,0.271,-0.1,2026-06-24 20:00:00+02:00
2026-06-24 19:00:00+00:00,24.2,13.5,51,0.0,43,1015.8,1.44,3.58,34,3.0,8.0,2.0,6.0,0.0,0.0,0.0,1.47,0.04,26.0,24.4,18.8,12.2,0.109,0.15,0.213,0.271,-0.04,2026-06-24 21:00:00+02:00
2026-06-24 20:00:00+00:00,23.2,12.3,50,0.0,9,1016.2,2.42,4.74,22,3.9,0.0,0.0,0.0,0.0,0.0,0.0,1.41,0.06,24.7,24.3,18.8,12.2,0.109,0.15,0.213,0.271,-0.06,2026-06-24 22:00:00+02:00
2026-06-24 21:00:00+00:00,22.8,11.0,47,0.0,0,1016.7,3.13,6.71,29,5.2,0.0,0.0,0.0,0.0,0.0,0.0,1.45,0.08,23.7,24.2,18.8,12.2,0.109,0.15,0.213,0.271,-0.08,2026-06-24 23:00:00+02:00
2026-06-24 22:00:00+00:00,22.5,11.6,50,0.0,0,1017.0,3.43,7.31,23,6.0,0.0,0.0,0.0,0.0,0.0,0.0,1.35,0.08,22.9,24.1,18.8,12.2,0.108,0.15,0.213,0.271,-0.08,2026-06-25 00:00:00+02:00
2026-06-24 23:00:00+00:00,21.7,12.4,55,0.0,0,1017.0,3.14,6.77,9,5.9,0.0,0.0,0.0,0.0,0.0,0.0,1.16,0.07,22.3,23.9,18.9,12.2,0.108,0.15,0.213,0.271,-0.07,2026-06-25 01:00:00+02:00
2026-06-25 00:00:00+00:00,21.2,12.4,57,0.0,0,1017.2,4.38,8.32,27,5.6,0.0,0.0,0.0,0.0,0.0,0.0,1.07,0.09,22.4,23.3,17.8,12.2,0.121,0.15,0.213,0.271,-0.09,2026-06-25 02:00:00+02:00
2026-06-25 01:00:00+00:00,20.4,12.6,61,0.0,1,1017.0,3.99,7.94,30,7.8,0.0,0.0,0.0,0.0,0.0,0.0,0.94,0.07,21.7,23.1,17.8,12.2,0.121,0.15,0.213,0.271,-0.07,2026-06-25 03:00:00+02:00
2026-06-25 02:00:00+00:00,19.8,12.6,63,0.0,0,1016.9,3.47,7.18,30,7.2,0.0,0.0,0.0,0.0,0.0,0.0,0.85,0.06,21.1,23.0,17.8,12.2,0.12,0.15,0.213,0.271,-0.06,2026-06-25 04:00:00+02:00
2026-06-25 03:00:00+00:00,19.2,12.6,66,0.0,0,1017.0,3.21,6.62,31,6.3,2.0,0.0,2.0,0.0,0.0,0.0,0.76,0.05,20.5,22.8,17.8,12.2,0.12,0.15,0.213,0.271,-0.05,2026-06-25 05:00:00+02:00
2026-06-25 04:00:00+00:00,19.8,13.1,65,0.0,3,1017.3,2.94,5.92,32,5.7,69.0,36.0,33.0,3600.0,0.0,0.0,0.8,0.07,20.4,22.6,17.8,12.2,0.12,0.15,0.213,0.271,-0.07,2026-06-25 06:00:00+02:00
2026-06-25 05:00:00+00:00,21.4,14.0,63,0.0,18,1017.3,1.93,5.4,31,5.3,207.0,144.0,63.0,3600.0,0.0,0.0,0.95,0.14,21.0,22.5,17.8,12.2,0.119,0.15,0.213,0.271,-0.14,2026-06-25 07:00:00+02:00
2026-06-25 06:00:00+00:00,23.5,14.5,57,0.0,30,1017.6,1.69,3.15,19,4.3,368.0,285.0,83.0,3600.0,0.0,0.0,1.25,0.24,22.3,22.4,17.9,12.2,0.11,0.15,0.213,0.271,-0.24,2026-06-25 08:00:00+02:00
2026-06-25 07:00:00+00:00,26.2,14.1,47,0.0,23,1017.6,1.74,2.56,27,5.1,531.0,429.0,102.0,3600.0,0.0,0.0,1.79,0.37,24.1,22.4,17.9,12.2,0.108,0.15,0.213,0.271,-0.37,2026-06-25 09:00:00+02:00
2026-06-25 08:00:00+00:00,28.3,11.7,36,0.0,0,1017.8,2.18,2.93,20,6.0,679.0,569.0,110.0,3600.0,0.0,0.0,2.46,0.5,26.1,22.4,17.9,12.2,0.107,0.15,0.213,0.271,-0.5,2026-06-25 10:00:00+02:00
2026-06-25 09:00:00+00:00,29.3,10.3,31,0.0,0,1017.8,2.51,3.38,6,6.9,797.0,685.0,112.0,3600.0,0.0,0.0,2.82,0.6,28.1,22.5,17.9,12.2,0.105,0.15,0.213,0.271,-0.6,2026-06-25 11:00:00+02:00
2026-06-25 10:00:00+00:00,30.0,10.0,29,0.0,0,1017.7,2.36,3.1,355,7.0,876.0,763.0,113.0,3600.0,0.0,0.0,3.02,0.66,29.8,22.7,17.9,12.2,0.103,0.15,0.212,0.271,-0.66,2026-06-25 12:00:00+02:00
2026-06-25 11:00:00+00:00,30.7,9.8,27,0.0,0,1017.2,2.56,3.41,343,7.1,911.0,798.0,113.0,3600.0,0.0,0.0,3.21,0.7,31.3,22.9,18.0,12.2,0.101,0.15,0.212,0.271,-0.7,2026-06-25 13:00:00+02:00
2026-06-25 12:00:00+00:00,31.3,8.8,25,0.0,0,1017.0,4.02,5.47,341,8.3,896.0,784.0,112.0,3600.0,0.0,0.0,3.44,0.73,32.6,23.6,18.5,12.2,0.097,0.15,0.212,0.271,-0.73,2026-06-25 14:00:00+02:00
2026-06-25 13:00:00+00:00,31.5,8.4,24,0.0,0,1016.6,3.93,5.38,348,9.8,830.0,722.0,108.0,3600.0,0.0,0.0,3.52,0.69,33.3,23.9,18.5,12.2,0.096,0.15,0.211,0.271,-0.69,2026-06-25 15:00:00+02:00
2026-06-25 14:00:00+00:00,31.6,8.5,24,0.0,0,1016.2,3.71,5.05,356,9.5,721.0,618.0,103.0,3600.0,0.0,0.0,3.54,0.61,33.6,24.2,18.5,12.2,0.095,0.15,0.211,0.271,-0.61,2026-06-25 16:00:00+02:00
2026-06-25 15:00:00+00:00,31.5,9.5,26,0.0,0,1016.0,3.05,4.25,360,8.8,578.0,484.0,94.0,3600.0,0.0,0.0,3.43,0.49,33.5,24.4,18.5,12.3,0.094,0.15,0.211,0.271,-0.49,2026-06-25 17:00:00+02:00
2026-06-25 16:00:00+00:00,31.1,10.4,28,0.0,0,1015.9,2.43,3.55,14,7.4,413.0,330.0,83.0,3600.0,0.0,0.0,3.25,0.36,33.0,24.7,18.6,12.3,0.094,0.15,0.211,0.271,-0.36,2026-06-25 18:00:00+02:00
2026-06-25 17:00:00+00:00,29.9,11.8,33,0.0,1,1015.7,2.61,4.4,36,5.9,244.0,177.0,67.0,3600.0,0.0,0.0,2.84,0.24,32.0,24.9,18.6,12.3,0.094,0.15,0.211,0.271,-0.24,2026-06-25 19:00:00+02:00
2026-06-25 18:00:00+00:00,28.2,11.1,34,0.0,2,1016.0,3.23,6.22,49,4.9,94.0,54.0,40.0,3600.0,0.0,0.0,2.51,0.17,30.7,25.1,18.8,12.3,0.085,0.15,0.21,0.271,-0.17,2026-06-25 20:00:00+02:00
2026-06-25 19:00:00+00:00,27.2,10.3,35,0.0,0,1016.3,3.48,6.75,40,5.9,7.0,2.0,5.0,0.0,0.0,0.0,2.35,0.14,29.2,25.2,18.8,12.3,0.085,0.15,0.21,0.271,-0.14,2026-06-25 21:00:00+02:00
2026-06-25 20:00:00+00:00,26.1,10.8,38,0.0,0,1016.8,3.76,7.27,27,6.6,0.0,0.0,0.0,0.0,0.0,0.0,2.09,0.13,28.0,25.2,18.8,12.3,0.085,0.15,0.21,0.271,-0.13,2026-06-25 22:00:00+02:00
2026-06-25 21:00:00+00:00,25.1,11.4,42,0.0,0,1017.2,3.32,6.57,21,6.5,0.0,0.0,0.0,0.0,0.0,0.0,1.84,0.1,26.9,25.2,18.8,12.3,0.085,0.15,0.21,0.271,-0.1,2026-06-25 23:00:00+02:00
2026-06-25 22:00:00+00:00,24.1,12.0,47,0.0,1,1017.6,3.37,6.59,32,5.8,0.0,0.0,0.0,0.0,0.0,0.0,1.6,0.09,25.9,25.1,18.8,12.3,0.085,0.15,0.21,0.271,-0.09,2026-06-26 00:00:00+02:00
2026-06-25 23:00:00+00:00,23.3,12.4,50,0.0,1,1017.6,3.11,6.24,37,5.8,0.0,0.0,0.0,0.0,0.0,0.0,1.42,0.08,25.1,25.1,18.9,12.3,0.085,0.15,0.21,0.271,-0.08,2026-06-26 01:00:00+02:00
2026-06-26 00:00:00+00:00,21.9,13.3,58,0.0,0,1017.7,3.57,6.98,22,5.3,0.0,0.0,0.0,0.0,0.0,0.0,1.11,0.07,23.4,24.4,18.2,12.3,0.127,0.15,0.211,0.271,-0.07,2026-06-26 02:00:00+02:00
2026-06-26 01:00:00+00:00,21.5,13.9,62,0.0,0,1017.4,3.18,6.66,16,6.1,0.0,0.0,0.0,0.0,0.0,0.0,0.98,0.06,22.7,24.2,18.2,12.3,0.126,0.15,0.211,0.271,-0.06,2026-06-26 03:00:00+02:00
2026-06-26 02:00:00+00:00,21.1,14.2,65,0.0,1,1017.3,2.95,5.93,1,5.5,0.0,0.0,0.0,0.0,0.0,0.0,0.88,0.05,22.0,24.0,18.2,12.3,0.126,0.15,0.211,0.271,-0.05,2026-06-26 04:00:00+02:00
2026-06-26 03:00:00+00:00,20.2,14.4,69,0.0,0,1017.7,3.04,6.04,33,5.3,2.0,0.0,2.0,0.0,0.0,0.0,0.73,0.05,21.5,23.9,18.2,12.3,0.125,0.15,0.211,0.271,-0.05,2026-06-26 05:00:00+02:00
2026-06-26 04:00:00+00:00,20.9,15.1,69,0.0,0,1018.0,2.64,5.5,37,5.3,69.0,36.0,33.0,3600.0,0.0,0.0,0.75,0.06,21.3,23.7,18.2,12.3,0.125,0.15,0.211,0.271,-0.06,2026-06-26 06:00:00+02:00
2026-06-26 05:00:00+00:00,22.9,16.4,67,0.0,0,1017.9,2.16,5.01,34,4.7,207.0,145.0,62.0,3600.0,0.0,0.0,0.92,0.14,22.0,23.5,18.2,12.3,0.125,0.15,0.211,0.271,-0.14,2026-06-26 07:00:00+02:00
2026-06-26 06:00:00+00:00,25.3,17.0,60,0.0,0,1018.2,1.43,4.07,54,4.1,371.0,290.0,81.0,3600.0,0.0,0.0,1.28,0.25,23.4,23.4,18.2,12.3,0.121,0.15,0.211,0.271,-0.25,2026-06-26 08:00:00+02:00
2026-06-26 07:00:00+00:00,28.0,16.5,50,0.0,0,1018.4,1.31,2.03,50,4.2,534.0,440.0,94.0,3600.0,0.0,0.0,1.9,0.38,25.2,23.3,18.2,12.3,0.12,0.15,0.211,0.271,-0.38,2026-06-26 09:00:00+02:00
2026-06-26 08:00:00+00:00,29.9,14.7,40,0.0,0,1018.5,1.66,2.34,16,5.0,679.0,575.0,104.0,3600.0,0.0,0.0,2.55,0.51,27.2,23.4,18.3,12.3,0.117,0.15,0.211,0.271,-0.51,2026-06-26 10:00:00+02:00
2026-06-26 09:00:00+00:00,31.1,13.9,35,0.0,0,1018.5,2.05,2.77,1,5.9,792.0,682.0,110.0,3600.0,0.0,0.0,2.92,0.61,29.0,23.5,18.3,12.3,0.115,0.15,0.21,0.271,-0.61,2026-06-26 11:00:00+02:00
2026-06-26 10:00:00+00:00,32.0,13.9,33,0.0,9,1018.5,3.07,4.1,353,7.6,845.0,703.0,142.0,3600.0,0.0,0.0,3.17,0.68,30.6,23.7,18.3,12.3,0.112,0.15,0.21,0.271,-0.68,2026-06-26 12:00:00+02:00
2026-06-26 11:00:00+00:00,32.6,13.7,32,0.0,14,1018.1,3.25,4.45,359,8.5,825.0,648.0,177.0,3600.0,0.0,0.0,3.34,0.68,31.7,23.9,18.3,12.4,0.109,0.15,0.21,0.271,-0.68,2026-06-26 13:00:00+02:00
2026-06-26 12:00:00+00:00,34.1,12.2,27,0.0,67,1017.7,3.5,4.86,14,8.1,780.0,578.0,202.0,3600.0,0.0,0.0,3.92,0.68,33.0,24.5,18.8,12.4,0.101,0.15,0.21,0.27,-0.68,2026-06-26 14:00:00+02:00
2026-06-26 13:00:00+00:00,34.0,12.5,27,0.0,8,1017.3,4.41,6.07,18,10.2,719.0,509.0,210.0,3600.0,0.0,0.0,3.85,0.67,33.7,24.8,18.8,12.4,0.099,0.15,0.21,0.27,-0.67,2026-06-26 15:00:00+02:00
2026-06-26 14:00:00+00:00,34.1,12.6,27,0.0,7,1017.2,3.52,4.85,11,10.0,684.0,573.0,111.0,3600.0,0.0,0.0,3.88,0.61,34.2,25.0,18.8,12.4,0.098,0.15,0.209,0.27,-0.61,2026-06-26 16:00:00+02:00
2026-06-26 15:00:00+00:00,33.8,12.5,28,0.0,2,1017.1,3.04,4.2,25,8.3,541.0,431.0,110.0,3600.0,0.0,0.0,3.8,0.49,34.3,25.3,18.9,12.4,0.097,0.15,0.209,0.27,-0.49,2026-06-26 17:00:00+02:00
2026-06-26 16:00:00+00:00,33.3,12.8,29,0.0,9,1016.9,2.34,3.4,42,7.1,388.0,297.0,91.0,3600.0,0.0,0.0,3.64,0.36,33.9,25.5,18.9,12.4,0.096,0.15,0.209,0.27,-0.36,2026-06-26 18:00:00+02:00
2026-06-26 17:00:00+00:00,31.9,13.4,32,0.0,13,1016.8,2.45,4.11,70,5.4,215.0,140.0,75.0,3600.0,0.0,0.0,3.19,0.24,32.9,25.7,18.9,12.4,0.096,0.15,0.209,0.27,-0.24,2026-06-26 19:00:00+02:00
2026-06-26 18:00:00+00:00,29.6,12.1,34,0.0,5,1017.2,3.47,6.8,62,4.5,91.0,50.0,41.0,3600.0,0.0,0.0,2.73,0.18,31.8,26.0,19.2,12.4,0.095,0.15,0.209,0.27,-0.18,2026-06-26 20:00:00+02:00
2026-06-26 19:00:00+00:00,29.0,12.6,36,0.0,3,1017.7,3.41,6.8,51,6.7,7.0,2.0,5.0,0.0,0.0,0.0,2.55,0.14,30.3,26.1,19.2,12.4,0.095,0.15,0.209,0.27,-0.14,2026-06-26 21:00:00+02:00
2026-06-26 20:00:00+00:00,27.7,13.4,41,0.0,2,1018.2,2.67,5.63,38,6.0,0.0,0.0,0.0,0.0,0.0,0.0,2.18,0.09,29.1,26.1,19.2,12.4,0.095,0.15,0.209,0.27,-0.09,2026-06-26 22:00:00+02:00
2026-06-26 21:00:00+00:00,27.0,13.6,44,0.0,1,1018.4,2.97,6.11,33,5.0,0.0,0.0,0.0,0.0,0.0,0.0,2.0,0.09,27.9,26.1,19.3,12.4,0.095,0.15,0.209,0.27,-0.09,2026-06-26 23:00:00+02:00
2026-06-26 22:00:00+00:00,26.3,13.9,46,0.0,2,1018.7,3.32,6.72,44,5.6,0.0,0.0,0.0,0.0,0.0,0.0,1.84,0.1,27.1,26.1,19.3,12.4,0.094,0.15,0.209,0.27,-0.1,2026-06-27 00:00:00+02:00
2026-06-26 23:00:00+00:00,25.9,14.4,49,0.0,16,1019.0,3.61,7.36,47,6.3,0.0,0.0,0.0,0.0,0.0,0.0,1.7,0.1,26.4,26.0,19.3,12.4,0.094,0.15,0.209,0.27,-0.1,2026-06-27 01:00:00+02:00
2026-06-27 00:00:00+00:00,22.8,15.3,63,0.0,2,1019.6,1.65,3.39,2,6.3,0.0,0.0,0.0,0.0,0.0,0.0,1.04,0.03,25.1,25.2,18.3,12.4,0.094,0.15,0.209,0.27,-0.03,2026-06-27 02:00:00+02:00
2026-06-27 01:00:00+00:00,22.4,15.5,65,0.0,0,1019.6,2.1,3.13,12,3.6,0.0,0.0,0.0,0.0,0.0,0.0,0.94,0.03,24.3,25.0,18.3,12.4,0.094,0.15,0.209,0.27,-0.03,2026-06-27 03:00:00+02:00
2026-06-27 02:00:00+00:00,22.1,15.7,67,0.0,0,1019.6,2.37,4.19,28,4.0,0.0,0.0,0.0,0.0,0.0,0.0,0.87,0.04,23.6,24.9,18.3,12.4,0.094,0.15,0.209,0.27,-0.04,2026-06-27 04:00:00+02:00
2026-06-27 03:00:00+00:00,22.0,15.9,69,0.0,0,1019.7,2.35,4.68,29,4.0,2.0,0.0,2.0,0.0,0.0,0.0,0.83,0.04,23.1,24.7,18.4,12.4,0.094,0.15,0.209,0.27,-0.04,2026-06-27 05:00:00+02:00
2026-06-27 04:00:00+00:00,23.3,16.3,65,0.0,0,1020.2,3.16,6.1,51,5.7,66.0,34.0,32.0,3600.0,0.0,0.0,1.01,0.09,23.1,24.6,18.4,12.4,0.094,0.15,0.209,0.27,-0.09,2026-06-27 06:00:00+02:00
2026-06-27 05:00:00+00:00,25.2,17.2,61,0.0,0,1020.4,1.92,4.72,65,5.7,203.0,140.0,63.0,3600.0,0.0,0.0,1.25,0.15,23.9,24.4,18.4,12.4,0.094,0.15,0.209,0.27,-0.15,2026-06-27 07:00:00+02:00
2026-06-27 06:00:00+00:00,27.4,17.4,55,0.0,0,1020.6,1.28,3.4,69,4.3,366.0,284.0,82.0,3600.0,0.0,0.0,1.65,0.26,25.6,24.4,18.5,12.4,0.094,0.15,0.209,0.27,-0.26,2026-06-27 08:00:00+02:00
2026-06-27 07:00:00+00:00,30.3,16.8,44,0.0,0,1020.9,1.38,1.96,46,4.7,530.0,436.0,94.0,3600.0,0.0,0.0,2.41,0.4,27.7,24.4,18.5,12.5,0.094,0.15,0.209,0.27,-0.4,2026-06-27 09:00:00+02:00
2026-06-27 08:00:00+00:00,32.3,14.2,33,0.0,0,1021.0,2.33,3.06,25,6.4,676.0,572.0,104.0,3600.0,0.0,0.0,3.22,0.54,30.0,24.5,18.5,12.5,0.093,0.15,0.209,0.27,-0.54,2026-06-27 10:00:00+02:00
2026-06-27 09:00:00+00:00,33.3,13.6,30,0.0,0,1021.1,2.55,3.42,26,7.2,791.0,681.0,110.0,3600.0,0.0,0.0,3.56,0.64,32.2,24.7,18.5,12.5,0.093,0.15,0.208,0.27,-0.64,2026-06-27 11:00:00+02:00
2026-06-27 10:00:00+00:00,34.1,13.4,29,0.0,0,1021.1,2.37,3.13,25,7.2,866.0,753.0,113.0,3600.0,0.0,0.0,3.82,0.7,34.1,24.9,18.6,12.5,0.092,0.15,0.208,0.27,-0.7,2026-06-27 12:00:00+02:00
2026-06-27 11:00:00+00:00,34.8,13.0,27,0.0,0,1020.5,2.33,3.07,15,7.1,896.0,782.0,114.0,3600.0,0.0,0.0,4.05,0.73,35.8,25.2,18.6,12.5,0.092,0.15,0.208,0.27,-0.73,2026-06-27 13:00:00+02:00
2026-06-27 12:00:00+00:00,35.9,12.7,25,0.0,6,1019.9,2.98,3.89,9,7.1,879.0,766.0,113.0,3600.0,0.0,0.0,4.44,0.75,37.4,25.7,18.9,12.5,0.092,0.15,0.208,0.27,-0.75,2026-06-27 14:00:00+02:00
2026-06-27 13:00:00+00:00,36.0,12.5,24,0.0,0,1019.3,2.62,3.47,18,7.9,813.0,702.0,111.0,3600.0,0.0,0.0,4.5,0.69,38.2,26.0,18.9,12.5,0.092,0.15,0.208,0.27,-0.69,2026-06-27 15:00:00+02:00
2026-06-27 14:00:00+00:00,36.1,12.2,24,0.0,6,1019.2,2.26,3.01,31,7.4,708.0,606.0,102.0,3600.0,0.0,0.0,4.55,0.6,38.4,26.4,18.9,12.5,0.091,0.15,0.207,0.27,-0.6,2026-06-27 16:00:00+02:00
2026-06-27 15:00:00+00:00,35.8,11.8,23,0.0,18,1019.1,2.12,2.83,47,6.5,562.0,463.0,99.0,3600.0,0.0,0.0,4.5,0.49,38.2,26.8,18.9,12.5,0.091,0.15,0.207,0.27,-0.49,2026-06-27 17:00:00+02:00
2026-06-27 16:00:00+00:00,35.1,11.6,24,0.0,13,1018.8,1.96,2.69,71,5.9,389.0,290.0,99.0,3600.0,0.0,0.0,4.29,0.35,37.5,27.0,19.0,12.5,0.091,0.15,0.207,0.27,-0.35,2026-06-27 18:00:00+02:00
2026-06-27 17:00:00+00:00,33.6,12.7,28,0.0,18,1019.0,1.39,2.46,111,5.0,235.0,164.0,71.0,3600.0,0.0,0.0,3.73,0.21,36.2,27.3,19.0,12.5,0.091,0.15,0.207,0.27,-0.21,2026-06-27 19:00:00+02:00
2026-06-27 18:00:00+00:00,31.5,13.1,33,0.0,38,1019.2,1.53,3.22,142,3.4,93.0,53.0,40.0,3600.0,0.0,0.0,3.11,0.11,34.6,27.5,19.1,12.5,0.091,0.15,0.207,0.27,-0.11,2026-06-27 20:00:00+02:00
2026-06-27 19:00:00+00:00,29.5,12.2,35,0.0,35,1019.2,2.52,4.56,131,4.2,7.0,2.0,5.0,0.0,0.0,0.0,2.69,0.11,32.7,27.6,19.1,12.5,0.091,0.15,0.207,0.27,-0.11,2026-06-27 21:00:00+02:00
2026-06-27 20:00:00+00:00,28.8,11.4,34,0.0,38,1019.5,2.39,4.48,116,4.3,0.0,0.0,0.0,0.0,0.0,0.0,2.6,0.09,31.0,27.7,19.1,12.5,0.091,0.15,0.207,0.27,-0.09,2026-06-27 22:00:00+02:00
2026-06-27 21:00:00+00:00,27.6,11.5,37,0.0,17,1019.7,2.25,4.4,87,3.9,0.0,0.0,0.0,0.0,0.0,0.0,2.33,0.08,29.6,27.6,19.2,12.5,0.091,0.15,0.207,0.27,-0.08,2026-06-27 23:00:00+02:00
2026-06-27 22:00:00+00:00,26.8,11.5,38,0.0,2,1019.9,2.71,5.43,94,4.5,0.0,0.0,0.0,0.0,0.0,0.0,2.16,0.09,28.4,27.5,19.2,12.5,0.091,0.15,0.207,0.27,-0.09,2026-06-28 00:00:00+02:00
2026-06-27 23:00:00+00:00,26.0,12.2,42,0.0,1,1019.7,2.8,5.48,112,4.8,0.0,0.0,0.0,0.0,0.0,0.0,1.93,0.09,27.5,27.4,19.2,12.5,0.091,0.15,0.207,0.27,-0.09,2026-06-28 01:00:00+02:00
2026-06-28 00:00:00+00:00,23.6,13.3,52,0.0,1,1019.8,2.75,5.02,119,4.8,0.0,0.0,0.0,0.0,0.0,0.0,1.39,0.07,25.5,26.5,18.5,12.5,0.091,0.15,0.207,0.27,-0.07,2026-06-28 02:00:00+02:00
2026-06-28 01:00:00+00:00,22.6,14.1,59,0.0,0,1019.7,2.44,4.29,116,4.7,0.0,0.0,0.0,0.0,0.0,0.0,1.13,0.05,24.8,26.4,18.5,12.5,0.091,0.15,0.207,0.27,-0.05,2026-06-28 03:00:00+02:00
2026-06-28 02:00:00+00:00,22.1,14.5,62,0.0,0,1019.7,2.8,4.36,112,4.8,0.0,0.0,0.0,0.0,0.0,0.0,1.01,0.05,24.1,26.1,18.5,12.6,0.091,0.15,0.207,0.27,-0.05,2026-06-28 04:00:00+02:00
2026-06-28 03:00:00+00:00,21.6,14.9,66,0.0,0,1019.8,2.3,4.3,124,4.9,2.0,0.0,2.0,0.0,0.0,0.0,0.89,0.04,23.6,26.0,18.6,12.6,0.091,0.15,0.207,0.27,-0.04,2026-06-28 05:00:00+02:00
2026-06-28 04:00:00+00:00,22.6,15.9,66,0.0,0,1020.0,2.09,3.62,136,3.9,66.0,35.0,31.0,3600.0,0.0,0.0,0.94,0.06,23.5,25.7,18.6,12.6,0.091,0.15,0.207,0.27,-0.06,2026-06-28 06:00:00+02:00
2026-06-28 05:00:00+00:00,25.1,17.1,61,0.0,0,1020.0,1.86,3.99,144,4.4,205.0,144.0,61.0,3600.0,0.0,0.0,1.24,0.15,24.3,25.5,18.6,12.6,0.091,0.15,0.207,0.27,-0.15,2026-06-28 07:00:00+02:00
2026-06-28 06:00:00+00:00,27.5,17.8,55,0.0,0,1020.1,1.69,3.01,168,4.9,368.0,289.0,79.0,3600.0,0.0,0.0,1.63,0.27,26.0,25.4,18.6,12.6,0.091,0.15,0.207,0.27,-0.27,2026-06-28 08:00:00+02:00
2026-06-28 07:00:00+00:00,29.8,18.0,49,0.0,0,1020.4,1.76,2.47,187,5.5,532.0,441.0,91.0,3600.0,0.0,0.0,2.13,0.4,28.1,25.4,18.7,12.6,0.091,0.15,0.207,0.269,-0.4,2026-06-28 09:00:00+02:00
2026-06-28 08:00:00+00:00,31.8,17.9,43,0.0,0,1020.5,1.69,2.26,199,5.8,678.0,578.0,100.0,3600.0,0.0,0.0,2.66,0.52,30.4,25.5,18.7,12.6,0.091,0.15,0.207,0.269,-0.52,2026-06-28 10:00:00+02:00
2026-06-28 09:00:00+00:00,33.4,17.4,39,0.0,0,1020.3,1.68,2.17,210,6.0,793.0,686.0,107.0,3600.0,0.0,0.0,3.15,0.62,32.8,25.6,18.7,12.6,0.091,0.15,0.206,0.269,-0.62,2026-06-28 11:00:00+02:00
2026-06-28 10:00:00+00:00,34.7,15.8,33,0.0,0,1020.0,1.42,1.75,238,6.0,869.0,759.0,110.0,3600.0,0.0,0.0,3.72,0.68,35.0,25.8,18.7,12.6,0.091,0.15,0.206,0.269,-0.68,2026-06-28 12:00:00+02:00
2026-06-28 11:00:00+00:00,35.5,14.5,29,0.0,1,1019.7,1.42,1.73,260,5.8,898.0,786.0,112.0,3600.0,0.0,0.0,4.11,0.71,36.9,26.1,18.7,12.6,0.091,0.15,0.206,0.269,-0.71,2026-06-28 13:00:00+02:00
2026-06-28 12:00:00+00:00,35.9,14.2,27,0.0,4,1019.2,1.45,1.75,268,5.8,875.0,758.0,117.0,3600.0,0.0,0.0,4.29,0.7,38.2,26.4,18.8,12.6,0.091,0.15,0.206,0.269,-0.7,2026-06-28 14:00:00+02:00
2026-06-28 13:00:00+00:00,36.1,14.2,27,0.0,5,1018.8,1.82,2.19,262,6.1,810.0,699.0,111.0,3600.0,0.0,0.0,4.35,0.66,39.1,26.8,18.8,12.6,0.091,0.15,0.205,0.269,-0.66,2026-06-28 15:00:00+02:00
2026-06-28 14:00:00+00:00,36.0,14.1,27,0.0,32,1018.5,2.46,3.12,257,6.9,695.0,584.0,111.0,3600.0,0.0,0.0,4.32,0.6,39.2,27.1,18.8,12.6,0.091,0.15,0.205,0.269,-0.6,2026-06-28 16:00:00+02:00
2026-06-28 15:00:00+00:00,35.5,13.6,27,0.0,10,1018.1,2.96,3.8,258,7.4,535.0,419.0,116.0,3600.0,0.0,0.0,4.23,0.5,38.7,27.4,18.9,12.6,0.091,0.15,0.205,0.269,-0.5,2026-06-28 17:00:00+02:00
2026-06-28 16:00:00+00:00,34.9,13.3,27,0.0,20,1018.2,2.92,3.81,257,7.4,386.0,283.0,103.0,3600.0,0.0,0.0,4.05,0.39,37.7,27.7,18.9,12.6,0.091,0.15,0.205,0.269,-0.39,2026-06-28 18:00:00+02:00
2026-06-28 17:00:00+00:00,33.6,14.7,32,0.0,29,1018.2,2.2,3.34,258,6.7,228.0,157.0,71.0,3600.0,0.0,0.0,3.51,0.24,36.4,27.9,18.9,12.6,0.091,0.15,0.205,0.269,-0.24,2026-06-28 19:00:00+02:00
2026-06-28 18:00:00+00:00,33.2,15.4,34,0.0,16,1017.9,2.06,4.22,221,4.4,87.0,44.0,43.0,3600.0,0.0,0.0,3.34,0.14,35.2,28.4,19.1,12.6,0.091,0.15,0.205,0.269,-0.14,2026-06-28 20:00:00+02:00
2026-06-28 19:00:00+00:00,32.2,14.2,34,0.0,6,1017.9,2.44,4.74,239,4.2,7.0,2.0,5.0,0.0,0.0,0.0,3.18,0.11,33.6,28.5,19.2,12.6,0.091,0.15,0.205,0.269,-0.11,2026-06-28 21:00:00+02:00
2026-06-28 20:00:00+00:00,30.6,13.9,36,0.0,3,1017.9,2.83,5.04,212,4.7,0.0,0.0,0.0,0.0,0.0,0.0,2.81,0.11,32.2,28.5,19.2,12.6,0.091,0.15,0.205,0.269,-0.11,2026-06-28 22:00:00+02:00
2026-06-28 21:00:00+00:00,29.2,13.6,38,0.0,1,1018.3,2.55,5.68,208,5.3,0.0,0.0,0.0,0.0,0.0,0.0,2.49,0.09,30.9,28.5,19.2,12.6,0.091,0.15,0.205,0.269,-0.09,2026-06-28 23:00:00+02:00
2026-06-28 22:00:00+00:00,28.2,14.0,42,0.0,1,1018.8,3.15,6.21,237,5.2,0.0,0.0,0.0,0.0,0.0,0.0,2.22,0.11,29.7,28.4,19.3,12.7,0.091,0.15,0.205,0.269,-0.11,2026-06-29 00:00:00+02:00
2026-06-28 23:00:00+00:00,27.8,14.7,45,0.0,1,1018.6,3.21,6.82,249,5.6,0.0,0.0,0.0,0.0,0.0,0.0,2.06,0.1,28.9,28.3,19.3,12.7,0.091,0.15,0.205,0.269,-0.1,2026-06-29 01:00:00+02:00
2026-06-29 00:00:00+00:00,26.4,16.7,55,0.0,12,1018.8,1.45,4.34,229,5.5,0.0,0.0,0.0,0.0,0.0,0.0,1.53,0.03,27.2,27.6,18.9,12.7,0.091,0.15,0.205,0.269,-0.03,2026-06-29 02:00:00+02:00
2026-06-29 01:00:00+00:00,25.2,16.4,58,0.0,5,1018.8,1.73,2.44,170,2.9,0.0,0.0,0.0,0.0,0.0,0.0,1.33,0.04,26.5,27.4,18.9,12.7,0.091,0.15,0.205,0.269,-0.04,2026-06-29 03:00:00+02:00
2026-06-29 02:00:00+00:00,24.3,16.1,60,0.0,5,1018.5,2.02,3.04,171,3.8,0.0,0.0,0.0,0.0,0.0,0.0,1.2,0.04,25.9,27.3,18.9,12.7,0.091,0.15,0.205,0.269,-0.04,2026-06-29 04:00:00+02:00
2026-06-29 03:00:00+00:00,24.0,16.1,61,0.0,3,1018.7,2.45,3.79,180,4.2,2.0,0.0,2.0,0.0,0.0,0.0,1.15,0.05,25.4,27.0,19.0,12.7,0.091,0.15,0.205,0.269,-0.05,2026-06-29 05:00:00+02:00
2026-06-29 04:00:00+00:00,24.9,17.0,62,0.0,2,1018.8,2.58,4.24,195,4.7,63.0,33.0,30.0,3600.0,0.0,0.0,1.2,0.08,25.3,26.9,19.0,12.7,0.091,0.15,0.205,0.269,-0.08,2026-06-29 06:00:00+02:00
2026-06-29 05:00:00+00:00,26.8,18.4,60,0.0,2,1018.8,1.88,4.07,202,4.8,199.0,137.0,62.0,3600.0,0.0,0.0,1.41,0.15,26.1,26.7,19.0,12.7,0.091,0.15,0.205,0.269,-0.15,2026-06-29 07:00:00+02:00
2026-06-29 06:00:00+00:00,28.9,19.0,55,0.0,4,1018.8,1.49,2.45,200,4.9,360.0,279.0,81.0,3600.0,0.0,0.0,1.77,0.27,27.4,26.5,19.0,12.7,0.091,0.15,0.205,0.269,-0.27,2026-06-29 08:00:00+02:00
2026-06-29 07:00:00+00:00,30.9,19.1,49,0.0,13,1018.8,1.81,2.41,222,5.6,515.0,418.0,97.0,3600.0,0.0,0.0,2.26,0.4,29.5,26.5,19.0,12.7,0.091,0.15,0.205,0.269,-0.4,2026-06-29 09:00:00+02:00
2026-06-29 08:00:00+00:00,32.7,19.2,45,0.0,2,1018.8,1.63,2.15,243,5.7,659.0,555.0,104.0,3600.0,0.0,0.0,2.73,0.52,31.7,26.5,19.0,12.7,0.091,0.15,0.204,0.269,-0.52,2026-06-29 10:00:00+02:00
2026-06-29 09:00:00+00:00,34.3,19.2,41,0.0,3,1018.7,1.7,2.25,270,6.0,764.0,639.0,125.0,3600.0,0.0,0.0,3.18,0.61,34.0,26.6,19.0,12.7,0.091,0.15,0.204,0.269,-0.61,2026-06-29 11:00:00+02:00
2026-06-29 10:00:00+00:00,35.9,18.1,35,0.0,4,1018.7,2.2,2.85,287,6.7,835.0,711.0,124.0,3600.0,0.0,0.0,3.84,0.69,36.1,26.8,19.1,12.7,0.091,0.15,0.204,0.269,-0.69,2026-06-29 12:00:00+02:00
2026-06-29 11:00:00+00:00,36.6,15.4,28,0.0,35,1018.2,2.17,2.8,293,6.9,827.0,677.0,150.0,3600.0,0.0,0.0,4.39,0.7,37.6,27.1,19.1,12.7,0.091,0.15,0.204,0.269,-0.7,2026-06-29 13:00:00+02:00
2026-06-29 12:00:00+00:00,37.7,14.4,25,0.0,27,1017.5,1.92,2.5,263,6.7,788.0,644.0,144.0,3600.0,0.0,0.0,4.88,0.67,39.2,27.6,19.2,12.7,0.091,0.15,0.204,0.269,-0.67,2026-06-29 14:00:00+02:00
2026-06-29 13:00:00+00:00,37.4,13.7,24,0.0,44,1016.8,2.5,3.25,258,6.9,671.0,478.0,193.0,3600.0,0.0,0.0,4.85,0.61,39.7,27.9,19.3,12.7,0.091,0.15,0.203,0.268,-0.61,2026-06-29 15:00:00+02:00
2026-06-29 14:00:00+00:00,37.4,12.3,22,0.0,23,1016.7,3.15,4.1,267,7.9,614.0,461.0,153.0,3600.0,0.0,0.0,4.96,0.59,39.7,28.2,19.3,12.7,0.091,0.15,0.203,0.268,-0.59,2026-06-29 16:00:00+02:00
2026-06-29 15:00:00+00:00,37.2,11.2,21,0.0,36,1016.4,2.75,3.61,272,7.9,519.0,392.0,127.0,3600.0,0.0,0.0,5.01,0.5,39.3,28.5,19.3,12.7,0.091,0.15,0.203,0.268,-0.5,2026-06-29 17:00:00+02:00
2026-06-29 16:00:00+00:00,36.7,11.2,21,0.0,24,1016.4,2.52,3.47,278,6.9,369.0,259.0,110.0,3600.0,0.0,0.0,4.85,0.38,38.6,28.8,19.4,12.7,0.091,0.15,0.203,0.268,-0.38,2026-06-29 18:00:00+02:00
2026-06-29 17:00:00+00:00,35.7,12.9,26,0.0,30,1016.0,1.98,3.15,223,5.9,233.0,165.0,68.0,3600.0,0.0,0.0,4.34,0.24,37.5,29.0,19.4,12.7,0.091,0.15,0.203,0.268,-0.24,2026-06-29 19:00:00+02:00
2026-06-29 18:00:00+00:00,34.4,14.9,31,0.0,46,1015.7,0.45,2.18,276,3.8,89.0,47.0,42.0,3600.0,0.0,0.0,3.73,0.06,35.8,29.1,19.4,12.8,0.091,0.15,0.203,0.268,-0.06,2026-06-29 20:00:00+02:00
2026-06-29 19:00:00+00:00,32.2,14.1,33,0.0,39,1016.1,0.32,1.21,321,1.0,6.0,1.0,5.0,0.0,0.0,0.0,3.2,0.01,34.0,29.2,19.5,12.8,0.091,0.15,0.203,0.268,-0.01,2026-06-29 21:00:00+02:00
2026-06-29 20:00:00+00:00,30.8,14.9,38,0.0,33,1016.4,0.7,1.3,274,1.3,0.0,0.0,0.0,0.0,0.0,0.0,2.73,0.01,32.3,29.2,19.5,12.8,0.091,0.15,0.203,0.268,-0.01,2026-06-29 22:00:00+02:00
2026-06-29 21:00:00+00:00,30.6,16.1,42,0.0,25,1016.5,0.36,1.76,254,1.4,0.0,0.0,0.0,0.0,0.0,0.0,2.56,0.0,31.0,29.1,19.5,12.8,0.091,0.15,0.203,0.268,0.0,2026-06-29 23:00:00+02:00
2026-06-29 22:00:00+00:00,30.3,15.0,40,0.0,44,1016.7,0.35,1.41,188,0.7,0.0,0.0,0.0,0.0,0.0,0.0,2.6,0.0,29.8,29.0,19.5,12.8,0.091,0.15,0.203,0.268,0.0,2026-06-30 00:00:00+02:00
2026-06-29 23:00:00+00:00,28.2,15.4,46,0.0,45,1016.9,0.72,2.26,335,1.0,0.0,0.0,0.0,0.0,0.0,0.0,2.07,0.01,28.8,28.9,19.6,12.8,0.091,0.15,0.203,0.268,-0.01,2026-06-30 01:00:00+02:00
2026-06-30 00:00:00+00:00,26.0,14.6,49,0.0,33,1017.0,0.62,1.01,14,1.8,0.0,0.0,0.0,0.0,0.0,0.0,1.7,0.01,27.6,27.8,19.1,12.8,0.091,0.15,0.212,0.268,-0.01,2026-06-30 02:00:00+02:00
2026-06-30 01:00:00+00:00,25.4,14.8,52,0.0,25,1016.8,2.33,2.51,59,4.0,0.0,0.0,0.0,0.0,0.0,0.0,1.56,0.06,26.9,27.6,19.2,12.8,0.091,0.15,0.212,0.268,-0.06,2026-06-30 03:00:00+02:00
2026-06-30 02:00:00+00:00,24.6,15.4,56,0.0,34,1017.1,1.03,2.85,47,4.0,0.0,0.0,0.0,0.0,0.0,0.0,1.35,0.02,26.2,27.4,19.2,12.8,0.091,0.15,0.212,0.268,-0.02,2026-06-30 04:00:00+02:00
2026-06-30 03:00:00+00:00,24.5,15.5,57,0.0,34,1017.7,2.87,5.73,6,4.6,2.0,0.0,2.0,0.0,0.0,0.0,1.3,0.06,25.5,27.2,19.2,12.8,0.091,0.15,0.212,0.268,-0.06,2026-06-30 05:00:00+02:00
2026-06-30 04:00:00+00:00,26.2,17.5,59,0.0,49,1017.6,3.72,6.98,36,6.7,62.0,30.0,32.0,3600.0,0.0,0.0,1.4,0.11,25.6,27.0,19.3,12.8,0.091,0.15,0.212,0.268,-0.11,2026-06-30 06:00:00+02:00
2026-06-30 05:00:00+00:00,27.6,17.7,55,0.0,20,1017.5,2.87,5.84,41,6.8,196.0,131.0,65.0,3600.0,0.0,0.0,1.67,0.18,26.3,26.9,19.3,12.8,0.091,0.15,0.212,0.268,-0.18,2026-06-30 07:00:00+02:00
2026-06-30 06:00:00+00:00,29.4,18.4,52,0.0,19,1017.6,2.45,3.75,39,6.1,360.0,279.0,81.0,3600.0,0.0,0.0,1.97,0.29,27.8,26.7,19.3,12.8,0.091,0.15,0.213,0.268,-0.29,2026-06-30 08:00:00+02:00
2026-06-30 07:00:00+00:00,31.8,18.4,45,0.0,41,1017.6,2.35,3.34,38,6.4,520.0,423.0,97.0,3600.0,0.0,0.0,2.59,0.42,29.7,26.7,19.3,12.8,0.091,0.15,0.213,0.268,-0.42,2026-06-30 09:00:00+02:00
2026-06-30 08:00:00+00:00,34.1,18.1,39,0.0,70,1017.5,2.19,2.94,47,6.5,661.0,546.0,115.0,3600.0,0.0,0.0,3.27,0.54,32.0,26.8,19.3,12.8,0.091,0.15,0.213,0.268,-0.54,2026-06-30 10:00:00+02:00
2026-06-30 09:00:00+00:00,36.1,17.5,34,0.0,59,1017.3,1.72,2.3,54,6.4,769.0,634.0,135.0,3600.0,0.0,0.0,3.96,0.63,34.3,26.9,19.4,12.8,0.091,0.15,0.212,0.268,-0.63,2026-06-30 11:00:00+02:00
2026-06-30 10:00:00+00:00,37.4,15.8,28,0.0,45,1017.0,1.38,1.84,41,6.1,843.0,709.0,134.0,3600.0,0.0,0.0,4.61,0.69,36.6,27.1,19.4,12.8,0.091,0.15,0.212,0.268,-0.69,2026-06-30 12:00:00+02:00
2026-06-30 11:00:00+00:00,37.9,15.4,27,0.0,47,1016.5,1.86,2.31,324,6.1,833.0,670.0,163.0,3600.0,0.0,0.0,4.82,0.71,38.4,27.4,19.4,12.8,0.091,0.15,0.212,0.268,-0.71,2026-06-30 13:00:00+02:00
2026-06-30 12:00:00+00:00,36.5,14.7,27,0.0,82,1016.7,1.93,2.59,69,8.5,736.0,535.0,201.0,3600.0,0.0,0.0,4.42,0.63,38.2,27.7,19.5,12.8,0.092,0.15,0.201,0.268,-0.63,2026-06-30 14:00:00+02:00
2026-06-30 13:00:00+00:00,34.0,16.8,36,0.0,73,1017.0,6.7,9.77,38,14.2,559.0,302.0,257.0,3600.0,0.0,0.0,3.4,0.61,38.1,28.0,19.5,12.8,0.092,0.15,0.201,0.268,-0.61,2026-06-30 15:00:00+02:00
2026-06-30 14:00:00+00:00,34.4,14.8,31,0.0,58,1016.7,3.95,5.5,91,14.3,472.0,239.0,233.0,3600.0,0.0,0.0,3.76,0.5,37.4,28.2,19.5,12.8,0.092,0.15,0.201,0.268,-0.5,2026-06-30 16:00:00+02:00
2026-06-30 15:00:00+00:00,35.2,13.1,26,0.0,82,1016.2,3.12,4.31,78,8.8,532.0,406.0,126.0,3600.0,0.0,0.0,4.18,0.5,37.3,28.4,19.5,12.8,0.092,0.15,0.201,0.268,-0.5,2026-06-30 17:00:00+02:00
2026-06-30 16:00:00+00:00,35.0,12.6,26,0.0,100,1015.9,2.24,3.06,80,7.4,346.0,200.0,146.0,3600.0,0.0,0.0,4.15,0.34,36.7,28.6,19.6,12.8,0.092,0.15,0.201,0.268,-0.34,2026-06-30 18:00:00+02:00
2026-06-30 17:00:00+00:00,33.6,15.7,34,0.0,100,1015.6,1.5,2.47,116,5.3,144.0,21.0,123.0,234.5,0.0,0.0,3.41,0.17,35.5,28.7,19.6,12.8,0.092,0.15,0.201,0.268,-0.17,2026-06-30 19:00:00+02:00
2026-06-30 18:00:00+00:00,30.6,18.2,47,0.0,98,1015.9,3.6,6.14,119,2.9,61.0,6.0,55.0,0.0,0.0,0.0,2.31,0.16,33.5,28.5,19.4,12.8,0.092,0.15,0.201,0.268,-0.16,2026-06-30 20:00:00+02:00
2026-06-30 19:00:00+00:00,29.2,18.1,51,0.0,99,1015.8,3.11,5.5,109,6.8,5.0,0.0,5.0,0.0,0.0,0.0,1.98,0.11,32.2,28.5,19.4,12.9,0.092,0.15,0.201,0.268,-0.11,2026-06-30 21:00:00+02:00
2026-06-30 20:00:00+00:00,28.2,17.5,52,0.0,100,1016.1,3.4,6.11,80,6.1,0.0,0.0,0.0,0.0,0.0,0.0,1.81,0.09,30.9,28.5,19.4,12.9,0.092,0.15,0.201,0.268,-0.09,2026-06-30 22:00:00+02:00
2026-06-30 21:00:00+00:00,27.3,16.8,53,0.0,98,1016.4,3.45,6.2,73,6.6,0.0,0.0,0.0,0.0,0.0,0.0,1.72,0.09,29.9,28.4,19.5,12.9,0.092,0.15,0.201,0.268,-0.09,2026-06-30 23:00:00+02:00
2026-06-30 22:00:00+00:00,26.1,16.5,56,0.0,37,1016.4,3.1,5.66,80,6.3,0.0,0.0,0.0,0.0,0.0,0.0,1.49,0.08,28.8,28.3,19.5,12.9,0.092,0.15,0.201,0.268,-0.08,2026-07-01 00:00:00+02:00
2026-06-30 23:00:00+00:00,24.8,16.4,60,0.0,88,1016.3,2.91,5.7,85,5.6,0.0,0.0,0.0,0.0,0.0,0.0,1.26,0.06,27.8,28.1,19.5,12.9,0.092,0.15,0.201,0.268,-0.06,2026-07-01 01:00:00+02:00
2026-07-01 00:00:00+00:00,23.1,17.8,72,0.0,73,1015.9,1.41,1.83,84,5.2,0.0,0.0,0.0,0.0,0.0,0.0,0.79,0.02,26.2,26.7,20.5,12.9,0.158,0.15,0.201,0.268,-0.02,2026-07-01 02:00:00+02:00
2026-07-01 01:00:00+00:00,22.4,18.1,76,0.0,96,1016.0,2.73,3.9,82,5.1,0.0,0.0,0.0,0.0,0.0,0.0,0.64,0.03,25.2,26.6,20.5,12.9,0.158,0.15,0.201,0.268,-0.03,2026-07-01 03:00:00+02:00
2026-07-01 02:00:00+00:00,22.1,17.7,76,0.0,94,1015.3,3.13,5.12,77,5.6,0.0,0.0,0.0,0.0,0.0,0.0,0.63,0.04,24.4,26.4,20.5,12.9,0.157,0.15,0.201,0.268,-0.04,2026-07-01 04:00:00+02:00
2026-07-01 03:00:00+00:00,22.1,17.2,74,0.0,82,1014.8,3.25,6.26,80,6.1,1.0,0.0,1.0,0.0,0.0,0.0,0.7,0.05,23.8,26.2,20.5,12.9,0.157,0.15,0.201,0.268,-0.05,2026-07-01 05:00:00+02:00
2026-07-01 04:00:00+00:00,22.7,17.5,72,0.0,42,1015.0,2.95,5.92,90,5.9,55.0,18.0,37.0,3097.02,0.0,0.0,0.77,0.07,23.5,26.0,20.5,12.9,0.156,0.15,0.201,0.268,-0.07,2026-07-01 06:00:00+02:00
2026-07-01 05:00:00+00:00,24.4,18.4,69,0.0,9,1014.7,2.8,7.11,93,5.5,197.0,127.0,70.0,3600.0,0.0,0.0,0.95,0.15,24.0,25.8,20.5,12.9,0.155,0.15,0.201,0.268,-0.15,2026-07-01 07:00:00+02:00
2026-07-01 06:00:00+00:00,25.9,19.0,66,0.0,70,1014.6,2.55,4.07,116,6.8,369.0,290.0,79.0,3600.0,0.0,0.0,1.14,0.26,24.9,25.5,20.5,12.9,0.155,0.15,0.201,0.268,-0.26,2026-07-01 08:00:00+02:00
2026-07-01 07:00:00+00:00,27.6,19.2,60,0.0,70,1014.5,2.06,2.82,154,6.1,514.0,407.0,107.0,3600.0,0.0,0.0,1.47,0.37,26.3,25.4,20.5,12.9,0.153,0.15,0.201,0.268,-0.37,2026-07-01 09:00:00+02:00
2026-07-01 08:00:00+00:00,29.1,19.5,56,0.0,91,1014.2,1.5,2.01,184,5.4,624.0,443.0,181.0,3600.0,0.0,0.0,1.77,0.46,27.7,25.4,20.5,12.9,0.15,0.15,0.2,0.268,-0.46,2026-07-01 10:00:00+02:00
2026-07-01 09:00:00+00:00,30.7,18.1,47,0.0,93,1013.9,2.48,3.41,220,6.4,763.0,596.0,167.0,3600.0,0.0,0.0,2.35,0.58,29.3,25.5,20.5,12.9,0.146,0.15,0.2,0.268,-0.58,2026-07-01 11:00:00+02:00
2026-07-01 10:00:00+00:00,31.5,17.4,43,0.0,96,1013.7,2.59,3.48,230,7.1,831.0,653.0,178.0,3600.0,0.0,0.0,2.64,0.65,30.6,25.6,20.5,12.9,0.142,0.15,0.2,0.268,-0.65,2026-07-01 12:00:00+02:00
2026-07-01 11:00:00+00:00,32.1,17.1,41,0.0,98,1012.9,2.28,3.0,241,6.9,837.0,597.0,240.0,3600.0,0.0,0.0,2.84,0.66,31.6,25.8,20.5,12.9,0.138,0.15,0.2,0.267,-0.66,2026-07-01 13:00:00+02:00
2026-07-01 12:00:00+00:00,32.6,17.1,40,0.0,59,1011.8,0.78,0.92,315,6.2,830.0,633.0,197.0,3600.0,0.0,0.0,2.97,0.63,33.8,26.9,20.9,13.0,0.116,0.15,0.198,0.267,-0.63,2026-07-01 14:00:00+02:00
2026-07-01 13:00:00+00:00,33.9,17.0,37,0.0,67,1010.7,1.68,2.2,197,5.4,719.0,506.0,213.0,3600.0,0.0,0.0,3.34,0.58,34.6,27.1,20.9,13.0,0.113,0.15,0.198,0.267,-0.58,2026-07-01 15:00:00+02:00
2026-07-01 14:00:00+00:00,33.8,16.8,36,0.0,86,1010.8,0.79,1.0,108,5.2,622.0,426.0,196.0,3600.0,0.0,0.0,3.33,0.48,34.9,27.3,20.9,13.0,0.11,0.15,0.198,0.267,-0.48,2026-07-01 16:00:00+02:00
2026-07-01 15:00:00+00:00,29.9,19.4,54,0.6,80,1011.6,1.6,2.19,88,7.2,410.0,244.0,166.0,3600.0,0.6,0.0,1.95,0.32,33.9,27.5,20.9,13.0,0.115,0.15,0.198,0.267,0.27999999999999997,2026-07-01 17:00:00+02:00
2026-07-01 16:00:00+00:00,25.8,20.1,71,0.8,95,1011.7,1.52,2.62,224,11.5,190.0,53.0,137.0,1591.41,0.8,0.0,0.98,0.15,31.8,27.6,20.9,13.0,0.123,0.15,0.198,0.267,0.65,2026-07-01 18:00:00+02:00
2026-07-01 17:00:00+00:00,24.8,21.7,83,0.4,73,1011.5,0.83,1.1,205,3.8,100.0,25.0,75.0,624.4,0.4,0.0,0.53,0.08,30.0,27.7,21.0,13.0,0.127,0.15,0.198,0.267,0.32,2026-07-01 19:00:00+02:00
2026-07-01 18:00:00+00:00,23.9,21.5,87,0.0,23,1010.4,2.0,3.91,267,3.2,63.0,15.0,48.0,1230.36,0.0,0.0,0.39,0.05,27.8,27.1,21.0,13.0,0.108,0.15,0.197,0.267,-0.05,2026-07-01 20:00:00+02:00
2026-07-01 19:00:00+00:00,23.9,19.8,78,0.0,100,1010.2,1.45,3.91,316,3.6,7.0,2.0,5.0,0.0,0.0,0.0,0.66,0.02,26.5,27.0,21.0,13.0,0.108,0.15,0.197,0.267,-0.02,2026-07-01 21:00:00+02:00
2026-07-01 20:00:00+00:00,24.3,18.6,71,0.0,98,1010.3,2.65,4.29,2,4.5,0.0,0.0,0.0,0.0,0.0,0.0,0.89,0.04,25.8,26.8,21.0,13.0,0.108,0.15,0.197,0.267,-0.04,2026-07-01 22:00:00+02:00
2026-07-01 21:00:00+00:00,23.4,18.2,72,0.0,41,1010.9,2.09,3.91,57,4.7,0.0,0.0,0.0,0.0,0.0,0.0,0.79,0.03,25.2,26.7,21.0,13.0,0.108,0.15,0.197,0.267,-0.03,2026-07-01 23:00:00+02:00
2026-07-01 22:00:00+00:00,21.1,19.7,91,1.4,80,1011.8,2.92,3.33,186,4.5,0.0,0.0,0.0,0.0,1.4,0.0,0.21,0.01,24.3,26.5,21.0,13.0,0.123,0.15,0.197,0.267,1.39,2026-07-02 00:00:00+02:00
2026-07-01 23:00:00+00:00,20.9,20.2,96,1.0,96,1012.1,3.46,4.4,356,6.8,0.0,0.0,0.0,0.0,1.0,0.0,0.1,0.0,23.3,26.3,21.0,13.0,0.136,0.15,0.197,0.267,1.0,2026-07-02 01:00:00+02:00
2026-07-02 00:00:00+00:00,21.6,19.2,86,0.9,96,1011.3,3.36,7.01,44,7.8,0.0,0.0,0.0,0.0,0.9,0.0,0.35,0.02,24.0,26.9,20.7,13.0,0.084,0.15,0.191,0.267,0.88,2026-07-02 02:00:00+02:00
2026-07-02 01:00:00+00:00,21.8,19.5,87,0.1,77,1011.3,2.8,5.81,66,6.2,0.0,0.0,0.0,0.0,0.1,0.0,0.34,0.02,23.4,26.7,20.7,13.0,0.085,0.15,0.191,0.267,0.08,2026-07-02 03:00:00+02:00
2026-07-02 02:00:00+00:00,21.3,19.7,91,0.0,53,1011.3,1.72,3.55,36,4.8,0.0,0.0,0.0,0.0,0.0,0.0,0.23,0.0,23.0,26.5,20.7,13.0,0.085,0.15,0.191,0.267,0.0,2026-07-02 04:00:00+02:00
2026-07-02 03:00:00+00:00,20.9,19.5,92,0.0,73,1011.4,2.7,5.48,34,4.5,1.0,0.0,1.0,0.0,0.0,0.0,0.2,0.01,22.6,26.2,20.7,13.0,0.085,0.15,0.191,0.267,-0.01,2026-07-02 05:00:00+02:00
2026-07-02 04:00:00+00:00,21.6,19.2,86,0.0,69,1011.2,3.47,6.1,12,6.6,52.0,15.0,37.0,2331.73,0.0,0.0,0.36,0.04,22.6,26.0,20.7,13.1,0.086,0.15,0.191,0.267,-0.04,2026-07-02 06:00:00+02:00
2026-07-02 05:00:00+00:00,22.8,19.2,80,0.0,84,1011.4,3.26,5.35,21,7.0,176.0,94.0,82.0,3600.0,0.0,0.0,0.56,0.12,23.2,25.8,20.7,13.1,0.086,0.15,0.191,0.267,-0.12,2026-07-02 07:00:00+02:00
2026-07-02 06:00:00+00:00,24.1,18.3,70,0.0,17,1012.0,4.4,6.44,15,7.6,314.0,177.0,137.0,3600.0,0.0,0.0,0.9,0.23,24.3,25.6,20.7,13.1,0.095,0.15,0.191,0.267,-0.23,2026-07-02 08:00:00+02:00
2026-07-02 07:00:00+00:00,26.1,17.9,61,0.0,77,1011.8,4.49,6.29,17,10.3,527.0,427.0,100.0,3600.0,0.0,0.0,1.33,0.38,25.9,25.5,20.8,13.1,0.094,0.15,0.191,0.267,-0.38,2026-07-02 09:00:00+02:00
2026-07-02 08:00:00+00:00,27.7,17.5,54,0.0,23,1011.9,4.63,6.37,18,10.8,649.0,519.0,130.0,3600.0,0.0,0.0,1.7,0.48,27.7,25.5,20.8,13.1,0.094,0.15,0.191,0.267,-0.48,2026-07-02 10:00:00+02:00
2026-07-02 09:00:00+00:00,28.9,17.5,50,0.0,30,1012.2,4.51,6.14,21,10.9,764.0,629.0,135.0,3600.0,0.0,0.0,1.97,0.57,29.6,25.5,20.8,13.1,0.094,0.15,0.191,0.267,-0.57,2026-07-02 11:00:00+02:00
2026-07-02 10:00:00+00:00,29.4,17.6,49,0.0,97,1012.5,4.36,5.89,3,10.7,782.0,569.0,213.0,3600.0,0.0,0.0,2.07,0.6,31.1,25.6,20.8,13.1,0.094,0.15,0.191,0.267,-0.6,2026-07-02 12:00:00+02:00
2026-07-02 11:00:00+00:00,28.9,17.3,50,0.0,60,1012.1,4.83,6.57,10,11.2,637.0,365.0,272.0,3600.0,0.0,0.0,2.0,0.52,31.7,25.8,20.8,13.1,0.094,0.15,0.191,0.267,-0.52,2026-07-02 13:00:00+02:00
2026-07-02 12:00:00+00:00,28.4,17.3,51,0.1,63,1012.3,6.02,8.57,28,11.2,612.0,422.0,190.0,3600.0,0.1,0.0,1.9,0.5,31.9,26.1,20.8,13.1,0.05,0.15,0.191,0.267,-0.4,2026-07-02 14:00:00+02:00
2026-07-02 13:00:00+00:00,26.8,17.3,56,0.7,70,1012.9,6.78,9.69,11,14.4,519.0,262.0,257.0,3600.0,0.7,0.0,1.55,0.42,31.4,26.2,20.8,13.1,0.057,0.15,0.191,0.267,0.27999999999999997,2026-07-02 15:00:00+02:00
2026-07-02 14:00:00+00:00,27.3,16.9,53,0.3,57,1012.7,4.73,6.59,10,14.2,553.0,335.0,218.0,3600.0,0.3,0.0,1.71,0.44,31.4,26.3,20.8,13.1,0.06,0.15,0.191,0.267,-0.14,2026-07-02 16:00:00+02:00
2026-07-02 15:00:00+00:00,27.5,16.3,50,0.0,20,1012.5,4.79,6.72,7,10.9,476.0,300.0,176.0,3600.0,0.0,0.0,1.81,0.4,31.4,26.4,20.9,13.1,0.06,0.15,0.191,0.267,-0.4,2026-07-02 17:00:00+02:00
2026-07-02 16:00:00+00:00,27.0,16.2,52,0.0,27,1012.2,5.33,7.62,12,11.5,382.0,285.0,97.0,3600.0,0.0,0.0,1.72,0.34,31.1,26.4,20.9,13.1,0.06,0.15,0.191,0.267,-0.34,2026-07-02 18:00:00+02:00
2026-07-02 17:00:00+00:00,25.6,15.9,55,0.0,70,1012.6,5.39,7.97,11,11.6,221.0,137.0,84.0,3600.0,0.0,0.0,1.47,0.23,30.2,26.5,20.9,13.1,0.06,0.15,0.19,0.267,-0.23,2026-07-02 19:00:00+02:00
2026-07-02 18:00:00+00:00,24.2,15.7,59,0.0,41,1013.5,5.6,8.75,16,11.3,79.0,31.0,48.0,3600.0,0.0,0.0,1.23,0.15,28.7,26.4,20.8,13.1,0.048,0.15,0.19,0.267,-0.15,2026-07-02 20:00:00+02:00
2026-07-02 19:00:00+00:00,22.9,15.5,63,0.0,23,1014.1,5.8,8.9,7,11.5,6.0,1.0,5.0,0.0,0.0,0.0,1.04,0.11,27.4,26.3,20.9,13.1,0.049,0.15,0.19,0.267,-0.11,2026-07-02 21:00:00+02:00
2026-07-02 20:00:00+00:00,21.9,15.4,66,0.0,15,1014.6,5.23,8.36,10,11.5,0.0,0.0,0.0,0.0,0.0,0.0,0.88,0.08,26.2,26.3,20.9,13.1,0.049,0.15,0.19,0.267,-0.08,2026-07-02 22:00:00+02:00
2026-07-02 21:00:00+00:00,21.2,15.0,68,0.0,28,1014.7,4.92,8.13,5,10.3,0.0,0.0,0.0,0.0,0.0,0.0,0.82,0.07,25.1,26.2,20.9,13.2,0.049,0.15,0.19,0.267,-0.07,2026-07-02 23:00:00+02:00
2026-07-02 22:00:00+00:00,20.9,13.8,64,0.0,27,1014.7,4.57,7.79,6,9.5,0.0,0.0,0.0,0.0,0.0,0.0,0.9,0.08,24.2,26.1,20.9,13.2,0.049,0.15,0.19,0.267,-0.08,2026-07-03 00:00:00+02:00
2026-07-02 23:00:00+00:00,20.6,12.6,60,0.0,9,1014.4,3.97,7.06,6,8.8,0.0,0.0,0.0,0.0,0.0,0.0,0.96,0.07,23.5,25.9,20.9,13.2,0.049,0.15,0.19,0.267,-0.07,2026-07-03 01:00:00+02:00
2026-07-03 00:00:00+00:00,19.9,11.9,60,0.0,9,1014.3,3.71,6.72,3,7.5,0.0,0.0,0.0,0.0,0.0,0.0,0.94,0.07,22.7,25.6,21.0,13.2,0.102,0.15,0.19,0.267,-0.07,2026-07-03 02:00:00+02:00
2026-07-03 01:00:00+00:00,19.7,11.6,60,0.0,2,1014.0,3.63,6.82,7,6.9,0.0,0.0,0.0,0.0,0.0,0.0,0.92,0.07,22.1,25.4,21.0,13.2,0.102,0.15,0.19,0.267,-0.07,2026-07-03 03:00:00+02:00
2026-07-03 02:00:00+00:00,19.3,11.6,61,0.0,25,1014.2,3.35,6.28,360,6.8,0.0,0.0,0.0,0.0,0.0,0.0,0.87,0.06,21.6,25.1,21.0,13.2,0.102,0.15,0.19,0.267,-0.06,2026-07-03 04:00:00+02:00
2026-07-03 03:00:00+00:00,18.8,11.7,63,0.0,12,1014.4,3.2,6.05,2,6.1,1.0,0.0,1.0,0.0,0.0,0.0,0.8,0.06,21.1,24.9,21.0,13.2,0.101,0.15,0.19,0.267,-0.06,2026-07-03 05:00:00+02:00
2026-07-03 04:00:00+00:00,19.3,12.1,63,0.0,11,1014.5,3.1,5.89,3,6.1,59.0,28.0,31.0,3600.0,0.0,0.0,0.82,0.07,21.0,24.7,21.0,13.2,0.101,0.15,0.19,0.267,-0.07,2026-07-03 06:00:00+02:00
2026-07-03 05:00:00+00:00,20.7,12.3,59,0.0,23,1014.7,2.52,4.0,352,5.9,189.0,122.0,67.0,3600.0,0.0,0.0,1.01,0.14,21.5,24.5,21.0,13.2,0.101,0.15,0.19,0.267,-0.14,2026-07-03 07:00:00+02:00
2026-07-03 06:00:00+00:00,22.6,11.8,50,0.0,28,1014.9,2.87,4.12,353,6.7,343.0,244.0,99.0,3600.0,0.0,0.0,1.36,0.25,22.8,24.4,21.0,13.2,0.082,0.15,0.19,0.267,-0.25,2026-07-03 08:00:00+02:00
2026-07-03 07:00:00+00:00,24.9,10.7,41,0.0,20,1015.0,3.22,4.55,6,7.9,453.0,300.0,153.0,3600.0,0.0,0.0,1.86,0.35,24.4,24.3,21.0,13.2,0.082,0.15,0.19,0.267,-0.35,2026-07-03 09:00:00+02:00
2026-07-03 08:00:00+00:00,26.9,10.4,36,0.0,0,1015.0,3.7,5.1,21,9.0,633.0,494.0,139.0,3600.0,0.0,0.0,2.28,0.49,26.5,24.3,21.0,13.2,0.082,0.15,0.19,0.267,-0.49,2026-07-03 10:00:00+02:00
2026-07-03 09:00:00+00:00,28.3,10.7,33,0.0,3,1015.1,4.0,5.51,3,9.8,793.0,671.0,122.0,3600.0,0.0,0.0,2.56,0.61,28.6,24.4,21.0,13.2,0.082,0.15,0.19,0.267,-0.61,2026-07-03 11:00:00+02:00
2026-07-03 10:00:00+00:00,29.4,10.1,30,0.0,5,1015.0,4.48,6.08,353,10.8,865.0,738.0,127.0,3600.0,0.0,0.0,2.85,0.68,30.5,24.5,21.0,13.2,0.082,0.15,0.19,0.267,-0.68,2026-07-03 12:00:00+02:00
2026-07-03 11:00:00+00:00,30.2,9.0,27,0.0,12,1014.4,4.01,5.48,346,10.8,871.0,728.0,143.0,3600.0,0.0,0.0,3.13,0.7,32.0,24.7,21.0,13.2,0.082,0.15,0.19,0.267,-0.7,2026-07-03 13:00:00+02:00
2026-07-03 12:00:00+00:00,29.9,8.1,26,0.0,99,1014.1,5.38,7.5,343,10.6,844.0,701.0,143.0,3600.0,0.0,0.0,3.14,0.71,33.4,25.3,21.1,13.2,0.081,0.15,0.19,0.267,-0.71,2026-07-03 14:00:00+02:00
2026-07-03 13:00:00+00:00,29.9,9.2,27,0.0,92,1014.1,5.46,7.48,339,12.7,573.0,335.0,238.0,3600.0,0.0,0.0,3.06,0.56,33.3,25.5,21.1,13.3,0.081,0.15,0.19,0.267,-0.56,2026-07-03 15:00:00+02:00
2026-07-03 14:00:00+00:00,28.9,10.4,32,0.0,25,1014.2,4.96,6.86,357,12.2,513.0,318.0,195.0,3600.0,0.0,0.0,2.71,0.49,33.0,25.7,21.1,13.3,0.081,0.15,0.189,0.267,-0.49,2026-07-03 16:00:00+02:00
2026-07-03 15:00:00+00:00,28.2,11.3,35,0.0,31,1014.4,4.75,6.45,1,11.0,517.0,387.0,130.0,3600.0,0.0,0.0,2.49,0.46,32.8,25.9,21.1,13.3,0.081,0.15,0.189,0.266,-0.46,2026-07-03 17:00:00+02:00
2026-07-03 16:00:00+00:00,26.1,13.4,45,0.1,52,1014.8,5.09,7.23,23,11.5,333.0,233.0,100.0,3600.0,0.1,0.0,1.84,0.32,31.6,26.1,21.2,13.3,0.082,0.15,0.189,0.266,-0.22,2026-07-03 18:00:00+02:00
2026-07-03 17:00:00+00:00,24.8,14.2,52,0.0,40,1015.4,4.71,6.86,17,11.1,177.0,103.0,74.0,3600.0,0.0,0.0,1.51,0.21,30.2,26.2,21.2,13.3,0.083,0.15,0.189,0.266,-0.21,2026-07-03 19:00:00+02:00
2026-07-03 18:00:00+00:00,24.3,13.3,50,0.0,22,1015.6,4.27,6.87,29,9.9,66.0,30.0,36.0,3600.0,0.0,0.0,1.52,0.15,29.0,26.4,21.2,13.3,0.031,0.15,0.189,0.266,-0.15,2026-07-03 20:00:00+02:00
2026-07-03 19:00:00+00:00,23.9,10.7,43,0.0,10,1016.4,5.6,9.02,23,10.8,6.0,1.0,5.0,0.0,0.0,0.0,1.68,0.17,27.7,26.3,21.2,13.3,0.031,0.15,0.189,0.266,-0.17,2026-07-03 21:00:00+02:00
2026-07-03 20:00:00+00:00,22.7,8.8,41,0.0,12,1017.5,5.92,9.64,16,12.4,0.0,0.0,0.0,0.0,0.0,0.0,1.63,0.16,26.5,26.3,21.2,13.3,0.031,0.15,0.189,0.266,-0.16,2026-07-03 22:00:00+02:00
2026-07-03 21:00:00+00:00,21.8,8.4,42,0.0,3,1018.4,5.58,9.22,15,11.7,0.0,0.0,0.0,0.0,0.0,0.0,1.5,0.15,25.3,26.2,21.3,13.3,0.031,0.15,0.189,0.266,-0.15,2026-07-03 23:00:00+02:00
2026-07-03 22:00:00+00:00,20.9,7.0,41,0.0,0,1019.0,4.79,8.14,16,10.9,0.0,0.0,0.0,0.0,0.0,0.0,1.47,0.13,24.3,26.1,21.3,13.3,0.031,0.15,0.189,0.266,-0.13,2026-07-04 00:00:00+02:00
2026-07-03 23:00:00+00:00,20.1,7.0,42,0.0,0,1019.6,4.3,7.38,2,9.2,0.0,0.0,0.0,0.0,0.0,0.0,1.35,0.11,23.4,25.9,21.3,13.3,0.031,0.15,0.189,0.266,-0.11,2026-07-04 01:00:00+02:00
2026-07-04 00:00:00+00:00,19.0,7.2,46,0.0,0,1019.8,5.23,8.99,7,8.2,0.0,0.0,0.0,0.0,0.0,0.0,1.18,0.12,21.9,25.1,20.9,13.3,0.081,0.15,0.189,0.266,-0.12,2026-07-04 02:00:00+02:00
2026-07-04 01:00:00+00:00,18.4,6.9,47,0.0,0,1019.9,4.55,8.05,12,10.0,0.0,0.0,0.0,0.0,0.0,0.0,1.11,0.1,21.3,24.9,20.9,13.3,0.081,0.15,0.189,0.266,-0.1,2026-07-04 03:00:00+02:00
2026-07-04 02:00:00+00:00,17.5,7.3,51,0.0,0,1019.9,3.95,7.31,18,8.7,0.0,0.0,0.0,0.0,0.0,0.0,0.98,0.08,20.6,24.7,20.9,13.3,0.081,0.15,0.189,0.266,-0.08,2026-07-04 04:00:00+02:00
2026-07-04 03:00:00+00:00,16.8,7.6,55,0.0,0,1019.9,3.31,6.63,15,7.4,1.0,0.0,1.0,0.0,0.0,0.0,0.87,0.07,19.9,24.5,20.9,13.3,0.081,0.15,0.189,0.266,-0.07,2026-07-04 05:00:00+02:00
2026-07-04 04:00:00+00:00,17.4,8.1,54,0.0,0,1020.1,2.63,5.25,9,6.0,63.0,33.0,30.0,3600.0,0.0,0.0,0.9,0.07,19.7,24.3,20.9,13.3,0.081,0.15,0.189,0.266,-0.07,2026-07-04 06:00:00+02:00
2026-07-04 05:00:00+00:00,19.0,8.8,52,0.0,0,1020.3,1.45,2.82,333,4.6,203.0,142.0,61.0,3600.0,0.0,0.0,1.06,0.12,20.3,24.1,20.9,13.3,0.081,0.15,0.189,0.266,-0.12,2026-07-04 07:00:00+02:00
2026-07-04 06:00:00+00:00,20.5,8.7,47,0.0,0,1020.4,1.72,2.26,296,5.5,371.0,290.0,81.0,3600.0,0.0,0.0,1.28,0.23,21.8,24.0,21.0,13.4,0.073,0.15,0.189,0.266,-0.23,2026-07-04 08:00:00+02:00
2026-07-04 07:00:00+00:00,22.0,7.1,38,0.0,0,1020.2,2.08,2.7,305,6.1,537.0,442.0,95.0,3600.0,0.0,0.0,1.64,0.35,23.5,23.9,21.0,13.4,0.073,0.15,0.189,0.266,-0.35,2026-07-04 09:00:00+02:00
2026-07-04 08:00:00+00:00,23.2,6.6,34,0.0,2,1019.8,2.29,2.98,306,6.8,688.0,582.0,106.0,3600.0,0.0,0.0,1.87,0.46,25.4,23.9,21.0,13.4,0.073,0.15,0.189,0.266,-0.46,2026-07-04 10:00:00+02:00
2026-07-04 09:00:00+00:00,24.4,6.2,31,0.0,35,1019.6,3.14,4.1,284,8.4,806.0,691.0,115.0,3600.0,0.0,0.0,2.1,0.56,27.3,23.9,21.0,13.4,0.073,0.15,0.189,0.266,-0.56,2026-07-04 11:00:00+02:00
2026-07-04 10:00:00+00:00,25.1,5.7,29,0.0,47,1019.3,3.95,5.2,269,10.0,822.0,640.0,182.0,3600.0,0.0,0.0,2.27,0.6,28.8,24.0,21.0,13.4,0.073,0.15,0.189,0.266,-0.6,2026-07-04 12:00:00+02:00
2026-07-04 11:00:00+00:00,25.6,5.1,27,0.0,100,1018.6,3.77,5.03,275,10.0,785.0,573.0,212.0,3600.0,0.0,0.0,2.4,0.59,29.8,24.2,21.0,13.4,0.073,0.15,0.189,0.266,-0.59,2026-07-04 13:00:00+02:00
2026-07-04 12:00:00+00:00,26.0,3.6,23,0.0,97,1017.7,3.1,4.29,273,9.5,373.0,56.0,317.0,86.06,0.0,0.0,2.57,0.37,30.0,24.4,21.0,13.4,0.072,0.15,0.189,0.266,-0.37,2026-07-04 14:00:00+02:00
2026-07-04 13:00:00+00:00,27.0,3.1,21,0.0,98,1017.0,3.97,5.4,289,9.2,464.0,160.0,304.0,3600.0,0.0,0.0,2.79,0.45,30.2,24.6,21.0,13.4,0.072,0.15,0.188,0.266,-0.45,2026-07-04 15:00:00+02:00
2026-07-04 14:00:00+00:00,26.7,3.3,22,0.0,91,1016.7,4.35,6.13,300,9.9,347.0,130.0,217.0,3470.68,0.0,0.0,2.73,0.4,29.8,24.7,21.0,13.4,0.072,0.15,0.188,0.266,-0.4,2026-07-04 16:00:00+02:00
2026-07-04 15:00:00+00:00,26.4,3.9,23,0.0,95,1016.8,4.53,6.44,326,9.7,296.0,138.0,158.0,3600.0,0.0,0.0,2.63,0.37,29.4,24.8,21.0,13.4,0.072,0.15,0.188,0.266,-0.37,2026-07-04 17:00:00+02:00
2026-07-04 16:00:00+00:00,25.6,4.6,26,0.0,4,1016.7,4.86,6.92,340,11.2,294.0,150.0,144.0,3600.0,0.0,0.0,2.42,0.35,28.9,24.9,21.0,13.4,0.072,0.15,0.188,0.266,-0.35,2026-07-04 18:00:00+02:00
2026-07-04 17:00:00+00:00,25.5,4.5,26,0.0,21,1016.1,2.5,3.76,323,10.2,234.0,163.0,71.0,3600.0,0.0,0.0,2.41,0.22,28.3,25.0,21.0,13.4,0.072,0.15,0.188,0.266,-0.22,2026-07-04 19:00:00+02:00
2026-07-04 18:00:00+00:00,24.2,5.6,30,0.0,3,1016.3,2.22,4.6,8,5.3,85.0,43.0,42.0,3600.0,0.0,0.0,2.1,0.12,27.4,25.1,21.2,13.4,0.064,0.15,0.188,0.266,-0.12,2026-07-04 20:00:00+02:00
2026-07-04 19:00:00+00:00,22.8,5.7,33,0.0,2,1016.6,4.41,7.58,26,7.6,7.0,2.0,5.0,0.0,0.0,0.0,1.85,0.15,26.0,25.1,21.2,13.4,0.064,0.15,0.188,0.266,-0.15,2026-07-04 21:00:00+02:00
2026-07-04 20:00:00+00:00,21.0,7.8,42,0.0,14,1017.4,4.16,7.43,39,9.7,0.0,0.0,0.0,0.0,0.0,0.0,1.43,0.11,24.8,25.1,21.2,13.4,0.064,0.15,0.188,0.266,-0.11,2026-07-04 22:00:00+02:00
2026-07-04 21:00:00+00:00,20.2,8.1,46,0.0,9,1017.9,3.4,6.27,41,8.0,0.0,0.0,0.0,0.0,0.0,0.0,1.29,0.09,23.7,25.0,21.2,13.4,0.064,0.15,0.188,0.266,-0.09,2026-07-04 23:00:00+02:00
2026-07-04 22:00:00+00:00,19.5,8.2,48,0.0,12,1018.2,2.87,5.71,49,6.2,0.0,0.0,0.0,0.0,0.0,0.0,1.17,0.07,22.7,24.9,21.2,13.4,0.064,0.15,0.188,0.266,-0.07,2026-07-05 00:00:00+02:00
2026-07-04 23:00:00+00:00,18.7,8.4,51,0.0,0,1018.1,2.42,5.1,60,5.1,0.0,0.0,0.0,0.0,0.0,0.0,1.05,0.05,21.8,24.7,21.2,13.4,0.064,0.15,0.188,0.266,-0.05,2026-07-05 01:00:00+02:00
2026-07-05 00:00:00+00:00,17.1,8.4,57,0.0,3,1017.9,2.02,4.55,97,4.1,0.0,0.0,0.0,0.0,0.0,0.0,0.85,0.03,20.5,24.1,20.2,13.4,0.087,0.15,0.188,0.266,-0.03,2026-07-05 02:00:00+02:00
2026-07-05 01:00:00+00:00,16.4,8.6,60,0.0,1,1017.7,1.66,3.95,106,3.4,0.0,0.0,0.0,0.0,0.0,0.0,0.74,0.02,19.7,23.9,20.2,13.4,0.087,0.15,0.188,0.266,-0.02,2026-07-05 03:00:00+02:00
2026-07-05 02:00:00+00:00,16.0,8.9,63,0.0,5,1017.4,0.6,2.68,138,2.7,0.0,0.0,0.0,0.0,0.0,0.0,0.68,0.0,18.9,23.6,20.2,13.4,0.087,0.15,0.188,0.266,0.0,2026-07-05 04:00:00+02:00
2026-07-05 03:00:00+00:00,15.7,9.1,65,0.0,3,1017.5,0.18,1.18,236,1.0,1.0,0.0,1.0,0.0,0.0,0.0,0.63,0.0,18.1,23.4,20.2,13.4,0.087,0.15,0.188,0.266,0.0,2026-07-05 05:00:00+02:00
2026-07-05 04:00:00+00:00,16.5,9.3,63,0.0,6,1017.6,1.35,1.17,301,2.6,59.0,30.0,29.0,3600.0,0.0,0.0,0.7,0.04,18.1,23.1,20.2,13.4,0.087,0.15,0.188,0.266,-0.04,2026-07-05 06:00:00+02:00
2026-07-05 05:00:00+00:00,18.2,9.6,57,0.0,15,1017.4,1.01,2.05,290,3.4,195.0,131.0,64.0,3600.0,0.0,0.0,0.9,0.11,19.0,22.9,20.2,13.5,0.087,0.15,0.188,0.266,-0.11,2026-07-05 07:00:00+02:00
2026-07-05 06:00:00+00:00,19.7,9.3,51,0.0,35,1017.4,0.5,0.65,276,4.3,354.0,263.0,91.0,3600.0,0.0,0.0,1.13,0.2,20.6,22.8,20.2,13.5,0.085,0.15,0.188,0.266,-0.2,2026-07-05 08:00:00+02:00
2026-07-05 07:00:00+00:00,21.6,8.3,42,0.0,58,1017.1,1.45,1.91,221,5.0,482.0,341.0,141.0,3600.0,0.0,0.0,1.49,0.31,22.5,22.7,20.2,13.5,0.085,0.15,0.188,0.266,-0.31,2026-07-05 09:00:00+02:00
2026-07-05 08:00:00+00:00,22.9,7.8,38,0.0,43,1016.5,3.0,3.94,208,7.8,647.0,497.0,150.0,3600.0,0.0,0.0,1.73,0.44,24.5,22.7,20.2,13.5,0.085,0.15,0.188,0.266,-0.44,2026-07-05 10:00:00+02:00
2026-07-05 09:00:00+00:00,24.0,7.7,35,0.0,35,1016.2,3.86,5.15,214,9.8,766.0,606.0,160.0,3600.0,0.0,0.0,1.94,0.54,26.3,22.7,20.2,13.5,0.085,0.15,0.188,0.266,-0.54,2026-07-05 11:00:00+02:00
2026-07-05 10:00:00+00:00,25.2,8.2,34,0.0,100,1015.6,4.23,5.71,246,10.4,800.0,617.0,183.0,3600.0,0.0,0.0,2.11,0.58,27.8,22.9,20.2,13.5,0.085,0.15,0.188,0.266,-0.58,2026-07-05 12:00:00+02:00
2026-07-05 11:00:00+00:00,24.4,9.2,38,0.1,37,1015.1,3.97,5.41,264,10.4,500.0,236.0,264.0,3600.0,0.1,0.0,1.89,0.41,28.0,23.0,20.2,13.5,0.086,0.15,0.188,0.266,-0.30999999999999994,2026-07-05 13:00:00+02:00
2026-07-05 12:00:00+00:00,25.0,9.8,38,0.1,71,1014.7,4.73,6.57,286,10.8,705.0,479.0,226.0,3600.0,0.1,0.0,1.96,0.53,28.7,23.2,20.0,13.5,0.104,0.15,0.188,0.266,-0.43000000000000005,2026-07-05 14:00:00+02:00
2026-07-05 13:00:00+00:00,25.0,11.1,42,0.1,29,1014.2,4.59,6.39,299,11.1,537.0,295.0,242.0,3600.0,0.1,0.0,1.85,0.44,28.5,23.4,20.0,13.5,0.103,0.15,0.188,0.266,-0.33999999999999997,2026-07-05 15:00:00+02:00
2026-07-05 14:00:00+00:00,25.7,11.1,40,0.0,23,1013.9,4.11,5.65,288,10.8,658.0,532.0,126.0,3600.0,0.0,0.0,1.97,0.49,28.9,23.6,20.0,13.5,0.102,0.15,0.188,0.266,-0.49,2026-07-05 16:00:00+02:00
2026-07-05 15:00:00+00:00,25.7,10.7,39,0.0,20,1013.6,3.91,5.42,286,9.9,508.0,381.0,127.0,3600.0,0.0,0.0,2.02,0.41,28.8,23.7,20.0,13.5,0.101,0.15,0.188,0.266,-0.41,2026-07-05 17:00:00+02:00
2026-07-05 16:00:00+00:00,25.6,10.5,39,0.0,6,1013.1,3.95,5.54,288,9.4,389.0,296.0,93.0,3600.0,0.0,0.0,2.01,0.33,28.4,23.9,20.0,13.5,0.101,0.15,0.188,0.266,-0.33,2026-07-05 18:00:00+02:00
2026-07-05 17:00:00+00:00,25.0,10.5,40,0.0,5,1012.7,3.26,4.88,274,8.8,233.0,162.0,71.0,3600.0,0.0,0.0,1.9,0.22,27.6,24.0,20.0,13.5,0.1,0.15,0.187,0.265,-0.22,2026-07-05 19:00:00+02:00
2026-07-05 18:00:00+00:00,23.3,12.0,49,0.0,66,1013.2,3.34,6.2,302,6.4,88.0,47.0,41.0,3600.0,0.0,0.0,1.46,0.13,26.5,24.1,20.1,13.5,0.088,0.15,0.187,0.265,-0.13,2026-07-05 20:00:00+02:00
2026-07-05 19:00:00+00:00,22.4,11.0,48,0.0,40,1013.6,3.24,6.12,297,6.2,6.0,1.0,5.0,0.0,0.0,0.0,1.4,0.09,25.3,24.1,20.1,13.5,0.088,0.15,0.187,0.265,-0.09,2026-07-05 21:00:00+02:00
2026-07-05 20:00:00+00:00,21.5,11.1,52,0.0,59,1014.0,3.24,6.12,279,5.6,0.0,0.0,0.0,0.0,0.0,0.0,1.24,0.08,24.2,24.1,20.1,13.5,0.088,0.15,0.187,0.265,-0.08,2026-07-05 22:00:00+02:00
2026-07-05 21:00:00+00:00,20.8,11.5,55,0.0,36,1014.4,3.63,7.06,278,6.5,0.0,0.0,0.0,0.0,0.0,0.0,1.09,0.08,23.3,24.0,20.1,13.5,0.088,0.15,0.187,0.265,-0.08,2026-07-05 23:00:00+02:00
2026-07-05 22:00:00+00:00,20.3,12.0,59,0.0,23,1014.4,3.37,6.61,282,6.6,0.0,0.0,0.0,0.0,0.0,0.0,0.98,0.06,22.6,23.9,20.1,13.5,0.088,0.15,0.187,0.265,-0.06,2026-07-06 00:00:00+02:00
2026-07-05 23:00:00+00:00,19.5,12.3,63,0.0,23,1014.5,3.03,6.04,283,6.0,0.0,0.0,0.0,0.0,0.0,0.0,0.84,0.05,21.8,23.7,20.1,13.5,0.088,0.15,0.187,0.265,-0.05,2026-07-06 01:00:00+02:00
2026-07-06 00:00:00+00:00,18.7,12.0,65,0.0,52,1014.7,2.62,5.45,315,5.3,0.0,0.0,0.0,0.0,0.0,0.0,0.75,0.04,21.2,23.3,19.7,13.5,0.092,0.15,0.188,0.265,-0.04,2026-07-06 02:00:00+02:00
2026-07-06 01:00:00+00:00,17.9,12.0,68,0.0,49,1014.7,1.5,3.0,30,4.6,0.0,0.0,0.0,0.0,0.0,0.0,0.65,0.02,20.6,23.1,19.7,13.6,0.092,0.15,0.188,0.265,-0.02,2026-07-06 03:00:00+02:00
2026-07-06 02:00:00+00:00,17.2,12.0,71,0.0,72,1014.9,1.54,3.06,103,2.6,0.0,0.0,0.0,0.0,0.0,0.0,0.56,0.02,19.9,23.0,19.7,13.6,0.092,0.15,0.188,0.265,-0.02,2026-07-06 04:00:00+02:00
2026-07-06 03:00:00+00:00,17.0,12.0,72,0.0,54,1015.2,2.11,3.91,95,3.6,1.0,0.0,1.0,0.0,0.0,0.0,0.54,0.02,19.5,22.8,19.7,13.6,0.092,0.149,0.188,0.265,-0.02,2026-07-06 05:00:00+02:00
2026-07-06 04:00:00+00:00,17.5,12.2,71,0.0,57,1015.7,2.19,4.39,114,4.2,49.0,17.0,32.0,3174.37,0.0,0.0,0.58,0.05,19.3,22.6,19.7,13.6,0.092,0.149,0.188,0.265,-0.05,2026-07-06 06:00:00+02:00
2026-07-06 05:00:00+00:00,19.2,12.5,65,0.0,64,1016.4,1.32,3.08,127,4.2,170.0,92.0,78.0,3600.0,0.0,0.0,0.77,0.1,20.0,22.5,19.7,13.6,0.092,0.149,0.188,0.265,-0.1,2026-07-06 07:00:00+02:00
2026-07-06 06:00:00+00:00,20.8,10.9,53,0.0,24,1016.7,1.64,2.31,78,4.1,257.0,139.0,118.0,3600.0,0.0,0.0,1.15,0.18,21.3,22.4,19.7,13.6,0.089,0.149,0.187,0.265,-0.18,2026-07-06 08:00:00+02:00
2026-07-06 07:00:00+00:00,22.3,9.1,43,0.0,30,1016.8,1.63,2.19,67,5.7,512.0,395.0,117.0,3600.0,0.0,0.0,1.54,0.33,23.1,22.3,19.7,13.6,0.089,0.149,0.187,0.265,-0.33,2026-07-06 09:00:00+02:00
2026-07-06 08:00:00+00:00,23.5,8.7,39,0.0,31,1016.9,0.55,0.78,5,5.4,644.0,502.0,142.0,3600.0,0.0,0.0,1.77,0.41,25.2,22.4,19.7,13.6,0.089,0.149,0.187,0.265,-0.41,2026-07-06 10:00:00+02:00
2026-07-06 09:00:00+00:00,24.5,8.7,36,0.0,62,1016.9,2.51,3.18,283,7.2,729.0,576.0,153.0,3600.0,0.0,0.0,1.95,0.51,27.1,22.5,19.7,13.6,0.089,0.149,0.187,0.265,-0.51,2026-07-06 11:00:00+02:00
2026-07-06 10:00:00+00:00,25.0,8.6,35,0.0,81,1016.8,2.73,3.53,262,7.6,657.0,382.0,275.0,3600.0,0.0,0.0,2.04,0.49,28.2,22.6,19.7,13.6,0.089,0.149,0.187,0.265,-0.49,2026-07-06 12:00:00+02:00
2026-07-06 11:00:00+00:00,25.4,8.4,34,0.0,95,1016.3,3.03,4.03,248,7.9,545.0,170.0,375.0,3600.0,0.0,0.0,2.14,0.44,28.8,22.8,19.7,13.6,0.089,0.149,0.187,0.265,-0.44,2026-07-06 13:00:00+02:00
2026-07-06 12:00:00+00:00,26.0,10.2,37,0.0,84,1016.2,2.69,3.52,235,9.5,676.0,385.0,291.0,3600.0,0.0,0.0,2.12,0.5,30.5,23.1,19.6,13.6,0.09,0.149,0.187,0.265,-0.5,2026-07-06 14:00:00+02:00
2026-07-06 13:00:00+00:00,25.9,11.9,42,0.1,73,1015.7,2.34,3.13,230,7.6,634.0,428.0,206.0,3600.0,0.1,0.0,1.94,0.47,30.9,23.3,19.6,13.6,0.091,0.149,0.187,0.265,-0.37,2026-07-06 15:00:00+02:00
2026-07-06 14:00:00+00:00,26.5,11.9,40,0.1,27,1015.2,2.69,3.64,252,7.9,654.0,507.0,147.0,3600.0,0.1,0.0,2.06,0.48,31.3,23.6,19.6,13.6,0.092,0.149,0.187,0.265,-0.38,2026-07-06 16:00:00+02:00
2026-07-06 15:00:00+00:00,26.7,11.3,38,0.0,51,1015.0,3.58,4.9,258,9.0,555.0,456.0,99.0,3600.0,0.0,0.0,2.16,0.43,31.2,23.8,19.6,13.6,0.092,0.149,0.187,0.265,-0.43,2026-07-06 17:00:00+02:00
2026-07-06 16:00:00+00:00,26.3,10.8,38,0.0,67,1014.6,4.27,6.04,264,9.5,370.0,272.0,98.0,3600.0,0.0,0.0,2.12,0.34,30.4,24.0,19.6,13.6,0.092,0.149,0.187,0.265,-0.34,2026-07-06 18:00:00+02:00
2026-07-06 17:00:00+00:00,25.1,10.9,41,0.1,80,1014.4,3.95,5.75,271,9.6,181.0,104.0,77.0,3600.0,0.1,0.0,1.89,0.22,29.2,24.2,19.6,13.6,0.092,0.149,0.187,0.265,-0.12,2026-07-06 19:00:00+02:00
2026-07-06 18:00:00+00:00,22.8,14.4,59,0.0,38,1014.7,2.55,4.57,259,8.2,64.0,24.0,40.0,3163.11,0.0,0.0,1.14,0.09,27.6,24.2,19.6,13.6,0.092,0.149,0.187,0.265,-0.09,2026-07-06 20:00:00+02:00
2026-07-06 19:00:00+00:00,21.9,14.0,61,0.0,51,1014.9,3.4,6.04,244,5.9,6.0,1.0,5.0,0.0,0.0,0.0,1.02,0.07,26.1,24.2,19.6,13.6,0.092,0.149,0.187,0.265,-0.07,2026-07-06 21:00:00+02:00
2026-07-06 20:00:00+00:00,21.5,13.3,59,0.0,63,1015.1,3.81,6.79,259,7.3,0.0,0.0,0.0,0.0,0.0,0.0,1.04,0.07,24.9,24.2,19.6,13.6,0.092,0.149,0.187,0.265,-0.07,2026-07-06 22:00:00+02:00
2026-07-06 21:00:00+00:00,20.9,13.5,63,0.0,100,1015.5,3.58,6.32,258,7.1,0.0,0.0,0.0,0.0,0.0,0.0,0.92,0.06,24.0,24.1,19.6,13.7,0.092,0.149,0.187,0.265,-0.06,2026-07-06 23:00:00+02:00
2026-07-06 22:00:00+00:00,20.7,14.3,67,0.0,79,1015.5,3.53,6.05,254,6.8,0.0,0.0,0.0,0.0,0.0,0.0,0.81,0.05,23.3,24.1,19.6,13.7,0.092,0.149,0.187,0.265,-0.05,2026-07-07 00:00:00+02:00
2026-07-06 23:00:00+00:00,19.4,14.8,75,0.0,17,1015.6,3.56,6.36,246,6.7,0.0,0.0,0.0,0.0,0.0,0.0,0.57,0.04,22.5,24.0,19.6,13.7,0.092,0.149,0.187,0.265,-0.04,2026-07-07 01:00:00+02:00
2026-07-07 00:00:00+00:00,18.3,15.5,84,0.0,5,1015.6,3.26,6.29,252,6.7,0.0,0.0,0.0,0.0,0.0,0.0,0.34,0.02,21.6,23.7,19.6,13.7,0.113,0.149,0.187,0.265,-0.02,2026-07-07 02:00:00+02:00
2026-07-07 01:00:00+00:00,18.0,15.5,85,0.0,10,1015.1,2.96,5.67,240,5.9,0.0,0.0,0.0,0.0,0.0,0.0,0.3,0.02,20.9,23.5,19.7,13.7,0.113,0.149,0.187,0.265,-0.02,2026-07-07 03:00:00+02:00
2026-07-07 02:00:00+00:00,17.6,15.3,86,0.0,28,1015.0,3.04,5.95,237,5.5,0.0,0.0,0.0,0.0,0.0,0.0,0.27,0.02,20.3,23.3,19.7,13.7,0.112,0.149,0.187,0.265,-0.02,2026-07-07 04:00:00+02:00
2026-07-07 03:00:00+00:00,17.3,14.8,85,0.0,35,1015.0,3.02,5.88,231,5.6,1.0,0.0,1.0,0.0,0.0,0.0,0.29,0.01,19.8,23.1,19.7,13.7,0.112,0.149,0.187,0.265,-0.01,2026-07-07 05:00:00+02:00
2026-07-07 04:00:00+00:00,18.0,14.7,81,0.0,20,1015.4,3.05,6.04,230,5.7,54.0,24.0,30.0,3600.0,0.0,0.0,0.38,0.04,19.6,23.0,19.7,13.7,0.112,0.149,0.187,0.265,-0.04,2026-07-07 06:00:00+02:00
2026-07-07 05:00:00+00:00,19.6,14.8,74,0.0,66,1015.6,3.03,5.64,232,6.5,187.0,123.0,64.0,3600.0,0.0,0.0,0.6,0.12,20.2,22.8,19.7,13.7,0.112,0.149,0.187,0.265,-0.12,2026-07-07 07:00:00+02:00
2026-07-07 06:00:00+00:00,21.2,14.7,66,0.0,66,1015.8,3.19,4.72,238,7.6,331.0,223.0,108.0,3600.0,0.0,0.0,0.85,0.21,21.1,22.6,19.6,13.7,0.121,0.149,0.186,0.265,-0.21,2026-07-07 08:00:00+02:00
2026-07-07 07:00:00+00:00,22.6,14.6,61,0.0,79,1015.8,3.96,5.54,245,8.9,435.0,267.0,168.0,3600.0,0.0,0.0,1.07,0.3,22.4,22.5,19.6,13.7,0.12,0.149,0.186,0.265,-0.3,2026-07-07 09:00:00+02:00
2026-07-07 08:00:00+00:00,23.2,14.9,60,0.0,94,1015.7,4.64,6.49,240,10.4,511.0,337.0,174.0,3600.0,0.0,0.0,1.15,0.36,23.5,22.5,19.6,13.7,0.119,0.149,0.186,0.265,-0.36,2026-07-07 10:00:00+02:00
2026-07-07 09:00:00+00:00,23.9,15.8,61,0.0,79,1015.6,4.67,6.51,226,11.1,732.0,536.0,196.0,3600.0,0.0,0.0,1.16,0.47,25.0,22.5,19.6,13.7,0.117,0.149,0.186,0.265,-0.47,2026-07-07 11:00:00+02:00
2026-07-07 10:00:00+00:00,25.4,15.7,55,0.0,73,1015.1,4.42,6.01,225,11.2,804.0,596.0,208.0,3600.0,0.0,0.0,1.46,0.54,26.5,22.6,19.6,13.7,0.115,0.149,0.186,0.265,-0.54,2026-07-07 12:00:00+02:00
2026-07-07 11:00:00+00:00,27.3,15.0,47,0.0,92,1014.0,4.7,6.44,251,11.2,825.0,612.0,213.0,3600.0,0.0,0.0,1.92,0.6,27.8,22.7,19.6,13.7,0.113,0.149,0.186,0.265,-0.6,2026-07-07 13:00:00+02:00
2026-07-07 12:00:00+00:00,27.6,13.1,41,0.0,94,1013.9,4.86,6.73,246,11.8,750.0,460.0,290.0,3600.0,0.0,0.0,2.18,0.58,29.3,23.2,19.6,13.7,0.107,0.149,0.186,0.265,-0.58,2026-07-07 14:00:00+02:00
2026-07-07 13:00:00+00:00,27.5,13.6,42,0.0,82,1013.6,5.16,7.19,248,11.9,644.0,341.0,303.0,3600.0,0.0,0.0,2.12,0.52,29.6,23.4,19.6,13.7,0.105,0.149,0.186,0.265,-0.52,2026-07-07 15:00:00+02:00
2026-07-07 14:00:00+00:00,28.4,13.2,39,0.0,54,1012.8,4.68,6.57,247,11.9,629.0,429.0,200.0,3600.0,0.0,0.0,2.36,0.52,30.0,23.6,19.6,13.7,0.104,0.149,0.186,0.265,-0.52,2026-07-07 16:00:00+02:00
2026-07-07 15:00:00+00:00,29.2,11.3,33,0.0,67,1012.0,4.08,5.72,253,11.1,537.0,427.0,110.0,3600.0,0.0,0.0,2.7,0.47,30.1,23.8,19.6,13.7,0.103,0.149,0.186,0.265,-0.47,2026-07-07 17:00:00+02:00
2026-07-07 16:00:00+00:00,23.8,14.3,55,0.3,98,1012.8,6.23,9.66,237,14.4,355.0,232.0,123.0,3600.0,0.3,0.0,1.31,0.3,29.4,24.0,19.6,13.7,0.104,0.149,0.186,0.265,0.0,2026-07-07 18:00:00+02:00
2026-07-07 17:00:00+00:00,23.2,15.5,62,0.2,92,1011.7,3.02,6.03,207,12.1,102.0,23.0,79.0,457.15,0.2,0.0,1.08,0.13,27.7,24.1,19.7,13.7,0.106,0.149,0.186,0.265,0.07,2026-07-07 19:00:00+02:00
2026-07-07 18:00:00+00:00,23.0,15.0,61,0.2,72,1010.8,5.28,9.4,173,7.4,63.0,16.0,47.0,1531.08,0.2,0.0,1.11,0.13,26.3,24.4,19.9,13.7,0.09,0.149,0.186,0.265,0.07,2026-07-07 20:00:00+02:00
2026-07-07 19:00:00+00:00,23.7,13.1,52,0.0,52,1010.5,7.0,11.77,198,13.3,5.0,1.0,4.0,0.0,0.0,0.0,1.41,0.17,25.4,24.4,19.9,13.8,0.09,0.149,0.186,0.265,-0.17,2026-07-07 21:00:00+02:00
2026-07-07 20:00:00+00:00,22.1,13.3,57,0.0,88,1011.4,1.93,1.99,17,13.4,0.0,0.0,0.0,0.0,0.0,0.0,1.13,0.04,24.7,24.3,19.9,13.8,0.09,0.149,0.186,0.265,-0.04,2026-07-07 22:00:00+02:00
2026-07-07 21:00:00+00:00,20.2,14.1,68,0.0,78,1011.1,3.72,5.17,107,8.8,0.0,0.0,0.0,0.0,0.0,0.0,0.76,0.05,23.8,24.3,19.9,13.8,0.09,0.149,0.186,0.265,-0.05,2026-07-07 23:00:00+02:00
2026-07-07 22:00:00+00:00,20.9,13.8,64,0.0,96,1010.2,3.29,5.97,167,7.0,0.0,0.0,0.0,0.0,0.0,0.0,0.89,0.06,23.1,24.2,19.9,13.8,0.09,0.149,0.186,0.265,-0.06,2026-07-08 00:00:00+02:00
2026-07-07 23:00:00+00:00,21.8,12.3,55,0.0,100,1009.3,4.77,9.08,203,8.8,0.0,0.0,0.0,0.0,0.0,0.0,1.18,0.1,22.6,24.1,19.9,13.8,0.09,0.149,0.186,0.265,-0.1,2026-07-08 01:00:00+02:00
2026-07-08 00:00:00+00:00,20.6,14.8,69,0.0,100,1008.4,3.59,6.43,171,9.2,0.0,0.0,0.0,0.0,0.0,0.0,0.75,0.05,22.3,24.0,20.1,13.8,0.101,0.149,0.186,0.265,-0.05,2026-07-08 02:00:00+02:00
2026-07-08 01:00:00+00:00,18.5,14.9,79,0.0,100,1007.8,5.75,10.12,180,12.3,0.0,0.0,0.0,0.0,0.0,0.0,0.44,0.05,21.8,23.9,20.1,13.8,0.101,0.149,0.186,0.265,-0.05,2026-07-08 03:00:00+02:00
2026-07-08 02:00:00+00:00,18.4,15.3,82,0.0,91,1007.3,5.26,9.6,171,11.1,0.0,0.0,0.0,0.0,0.0,0.0,0.38,0.04,21.2,23.7,20.1,13.8,0.101,0.149,0.186,0.265,-0.04,2026-07-08 04:00:00+02:00
2026-07-08 03:00:00+00:00,19.2,14.9,76,0.0,100,1007.1,3.98,7.8,192,9.8,0.0,0.0,0.0,0.0,0.0,0.0,0.53,0.06,20.9,23.6,20.1,13.8,0.101,0.149,0.186,0.265,-0.06,2026-07-08 05:00:00+02:00
2026-07-08 04:00:00+00:00,20.4,14.6,69,0.0,100,1007.6,2.93,5.76,217,7.2,24.0,2.0,22.0,0.0,0.0,0.0,0.74,0.07,20.9,23.4,20.1,13.8,0.1,0.149,0.186,0.265,-0.07,2026-07-08 06:00:00+02:00
2026-07-08 05:00:00+00:00,20.4,15.1,72,0.2,100,1008.1,2.41,3.9,201,5.9,36.0,1.0,35.0,0.0,0.2,0.0,0.67,0.07,21.0,23.3,20.1,13.8,0.102,0.149,0.186,0.265,0.13,2026-07-08 07:00:00+02:00
2026-07-08 06:00:00+00:00,20.0,14.7,71,0.2,98,1008.2,2.82,4.78,205,7.8,126.0,12.0,114.0,0.0,0.2,0.0,0.67,0.11,21.1,23.0,20.1,13.8,0.104,0.149,0.186,0.265,0.09000000000000001,2026-07-08 08:00:00+02:00
2026-07-08 07:00:00+00:00,21.4,15.0,67,0.0,81,1008.3,2.41,4.23,222,5.9,201.0,19.0,182.0,0.0,0.0,0.0,0.84,0.16,21.7,22.9,20.1,13.8,0.104,0.149,0.186,0.264,-0.16,2026-07-08 09:00:00+02:00
2026-07-08 08:00:00+00:00,24.0,12.5,49,0.0,68,1008.3,3.47,4.86,263,8.8,465.0,216.0,249.0,3600.0,0.0,0.0,1.53,0.35,23.3,22.8,20.1,13.8,0.103,0.149,0.186,0.264,-0.35,2026-07-08 10:00:00+02:00
2026-07-08 09:00:00+00:00,23.9,12.8,50,0.0,100,1008.5,3.07,4.08,330,9.0,716.0,554.0,162.0,3600.0,0.0,0.0,1.49,0.48,25.4,22.9,20.1,13.8,0.102,0.149,0.185,0.264,-0.48,2026-07-08 11:00:00+02:00
2026-07-08 10:00:00+00:00,18.0,17.3,95,4.9,97,1009.5,2.54,4.43,32,10.8,290.0,43.0,247.0,0.0,4.9,0.0,0.1,0.16,23.7,22.9,20.1,13.8,0.161,0.149,0.185,0.264,4.74,2026-07-08 12:00:00+02:00
2026-07-08 11:00:00+00:00,21.2,15.3,69,0.6,55,1009.1,1.21,1.64,7,5.8,582.0,294.0,288.0,3600.0,0.6,0.0,0.77,0.37,24.0,22.9,20.1,13.8,0.166,0.149,0.185,0.264,0.22999999999999998,2026-07-08 13:00:00+02:00
2026-07-08 12:00:00+00:00,25.2,13.4,48,0.1,10,1008.1,2.74,3.61,279,5.3,806.0,610.0,196.0,3600.0,0.1,0.0,1.66,0.55,28.2,23.7,20.3,13.8,0.11,0.149,0.185,0.264,-0.45000000000000007,2026-07-08 14:00:00+02:00
2026-07-08 13:00:00+00:00,26.3,11.9,41,0.0,24,1007.7,3.49,4.68,299,9.6,772.0,636.0,136.0,3600.0,0.0,0.0,2.03,0.56,29.0,23.9,20.3,13.8,0.108,0.149,0.185,0.264,-0.56,2026-07-08 15:00:00+02:00
2026-07-08 14:00:00+00:00,26.1,11.7,41,0.3,28,1007.6,3.02,4.08,309,9.9,616.0,481.0,135.0,3600.0,0.3,0.0,2.0,0.46,29.1,24.0,20.3,13.8,0.11,0.149,0.185,0.264,-0.16000000000000003,2026-07-08 16:00:00+02:00
2026-07-08 15:00:00+00:00,26.9,8.1,30,0.0,37,1007.2,3.36,4.76,293,8.8,477.0,366.0,111.0,3600.0,0.0,0.0,2.46,0.41,29.0,24.2,20.3,13.8,0.108,0.149,0.185,0.264,-0.41,2026-07-08 17:00:00+02:00
2026-07-08 16:00:00+00:00,25.8,8.6,34,0.0,23,1007.1,4.22,6.05,354,8.8,310.0,194.0,116.0,3600.0,0.0,0.0,2.2,0.32,28.3,24.3,20.3,13.9,0.107,0.149,0.185,0.264,-0.32,2026-07-08 18:00:00+02:00
2026-07-08 17:00:00+00:00,22.0,14.2,61,0.0,20,1008.3,4.25,6.55,53,12.3,205.0,136.0,69.0,3600.0,0.0,0.0,1.02,0.17,27.1,24.4,20.3,13.9,0.106,0.149,0.185,0.264,-0.17,2026-07-08 19:00:00+02:00
2026-07-08 18:00:00+00:00,21.7,13.5,59,0.0,6,1009.0,4.09,6.67,65,8.6,79.0,43.0,36.0,3600.0,0.0,0.0,1.05,0.11,26.1,24.4,20.3,13.9,0.093,0.149,0.185,0.264,-0.11,2026-07-08 20:00:00+02:00
2026-07-08 19:00:00+00:00,20.6,12.5,60,0.0,6,1010.1,3.34,6.06,60,8.1,6.0,1.0,5.0,0.0,0.0,0.0,0.97,0.07,24.7,24.4,20.3,13.9,0.093,0.149,0.185,0.264,-0.07,2026-07-08 21:00:00+02:00
2026-07-08 20:00:00+00:00,20.3,7.5,44,0.0,5,1011.0,4.46,7.92,37,8.5,0.0,0.0,0.0,0.0,0.0,0.0,1.34,0.11,23.5,24.3,20.3,13.9,0.093,0.149,0.185,0.264,-0.11,2026-07-08 22:00:00+02:00
2026-07-08 21:00:00+00:00,19.5,5.6,40,0.0,0,1011.5,3.89,7.08,43,8.7,0.0,0.0,0.0,0.0,0.0,0.0,1.36,0.11,22.6,24.2,20.3,13.9,0.093,0.149,0.185,0.264,-0.11,2026-07-08 23:00:00+02:00
2026-07-08 22:00:00+00:00,18.5,5.8,43,0.0,0,1011.9,3.38,6.53,38,7.3,0.0,0.0,0.0,0.0,0.0,0.0,1.2,0.08,21.6,24.0,20.3,13.9,0.093,0.149,0.185,0.264,-0.08,2026-07-09 00:00:00+02:00
2026-07-08 23:00:00+00:00,17.4,6.1,47,0.0,0,1011.9,2.65,5.69,44,6.1,0.0,0.0,0.0,0.0,0.0,0.0,1.05,0.06,20.7,23.9,20.4,13.9,0.093,0.149,0.185,0.264,-0.06,2026-07-09 01:00:00+02:00
2026-07-09 00:00:00+00:00,15.4,7.2,58,0.0,0,1011.9,1.81,4.73,66,4.6,0.0,0.0,0.0,0.0,0.0,0.0,0.73,0.03,18.9,23.1,20.2,13.9,0.13,0.149,0.185,0.264,-0.03,2026-07-09 02:00:00+02:00
2026-07-09 01:00:00+00:00,14.7,8.2,65,0.0,0,1011.8,0.81,3.16,43,2.9,0.0,0.0,0.0,0.0,0.0,0.0,0.59,0.0,17.9,22.8,20.2,13.9,0.129,0.149,0.185,0.264,0.0,2026-07-09 03:00:00+02:00
2026-07-09 02:00:00+00:00,14.5,8.0,65,0.0,0,1011.7,0.4,1.96,360,1.2,0.0,0.0,0.0,0.0,0.0,0.0,0.57,0.0,17.1,22.6,20.2,13.9,0.129,0.149,0.185,0.264,0.0,2026-07-09 04:00:00+02:00
2026-07-09 03:00:00+00:00,13.8,7.9,68,0.0,0,1011.8,0.76,0.87,328,1.3,0.0,0.0,0.0,0.0,0.0,0.0,0.51,0.02,16.4,22.3,20.2,13.9,0.129,0.149,0.185,0.264,-0.02,2026-07-09 05:00:00+02:00
2026-07-09 04:00:00+00:00,15.0,8.4,65,0.0,69,1011.8,1.17,1.64,317,1.9,57.0,30.0,27.0,3600.0,0.0,0.0,0.6,0.03,16.3,22.0,20.2,13.9,0.129,0.149,0.185,0.264,-0.03,2026-07-09 06:00:00+02:00
2026-07-09 05:00:00+00:00,17.7,9.3,58,0.0,79,1011.6,0.65,0.91,328,2.3,188.0,118.0,70.0,3600.0,0.0,0.0,0.85,0.1,17.2,21.7,20.2,13.9,0.129,0.149,0.185,0.264,-0.1,2026-07-09 07:00:00+02:00
2026-07-09 06:00:00+00:00,19.5,8.1,48,0.0,59,1011.5,1.15,1.72,182,4.5,314.0,175.0,139.0,3600.0,0.0,0.0,1.18,0.19,18.4,21.4,20.2,13.9,0.138,0.149,0.185,0.264,-0.19,2026-07-09 08:00:00+02:00
2026-07-09 07:00:00+00:00,20.4,7.0,42,0.0,27,1011.7,2.09,2.7,237,5.6,473.0,312.0,161.0,3600.0,0.0,0.0,1.39,0.31,19.9,21.3,20.2,13.9,0.136,0.149,0.185,0.264,-0.31,2026-07-09 09:00:00+02:00
2026-07-09 08:00:00+00:00,21.3,6.9,39,0.0,30,1011.5,2.63,3.48,237,7.0,676.0,560.0,116.0,3600.0,0.0,0.0,1.54,0.43,21.6,21.2,20.2,13.9,0.134,0.149,0.185,0.264,-0.43,2026-07-09 10:00:00+02:00
2026-07-09 09:00:00+00:00,22.3,6.5,36,0.0,86,1011.3,3.54,4.81,241,8.6,767.0,625.0,142.0,3600.0,0.0,0.0,1.72,0.51,23.2,21.3,20.2,13.9,0.131,0.149,0.185,0.264,-0.51,2026-07-09 11:00:00+02:00
2026-07-09 10:00:00+00:00,22.8,5.9,33,0.0,33,1010.9,4.12,5.73,246,10.0,650.0,333.0,317.0,3600.0,0.0,0.0,1.85,0.48,23.9,21.4,20.2,13.9,0.129,0.149,0.185,0.264,-0.48,2026-07-09 12:00:00+02:00
2026-07-09 11:00:00+00:00,23.7,6.0,32,0.0,42,1010.3,4.1,5.6,261,10.1,746.0,595.0,151.0,3600.0,0.0,0.0,1.99,0.54,24.9,21.5,20.2,13.9,0.126,0.149,0.184,0.264,-0.54,2026-07-09 13:00:00+02:00
2026-07-09 12:00:00+00:00,23.8,5.2,30,0.0,87,1010.2,4.74,6.44,303,9.8,750.0,556.0,194.0,3600.0,0.0,0.0,2.07,0.55,26.0,22.0,20.3,14.0,0.107,0.149,0.184,0.264,-0.55,2026-07-09 14:00:00+02:00
2026-07-09 13:00:00+00:00,21.1,9.1,46,0.6,44,1011.0,5.9,8.45,360,13.0,578.0,281.0,297.0,3600.0,0.6,0.0,1.34,0.41,25.8,22.1,20.3,14.0,0.112,0.149,0.184,0.264,0.19,2026-07-09 15:00:00+02:00
2026-07-09 14:00:00+00:00,20.6,9.0,47,0.2,34,1011.4,3.84,5.27,32,12.6,506.0,314.0,192.0,3600.0,0.2,0.0,1.28,0.35,25.3,22.2,20.3,14.0,0.113,0.149,0.184,0.264,-0.14999999999999997,2026-07-09 16:00:00+02:00
2026-07-09 15:00:00+00:00,21.4,8.3,43,0.0,23,1011.5,2.96,4.02,16,8.8,558.0,444.0,114.0,3600.0,0.0,0.0,1.45,0.37,25.4,22.3,20.3,14.0,0.112,0.149,0.184,0.264,-0.37,2026-07-09 17:00:00+02:00
2026-07-09 16:00:00+00:00,21.2,7.4,41,0.0,23,1011.9,3.1,4.3,360,7.4,401.0,313.0,88.0,3600.0,0.0,0.0,1.48,0.28,25.0,22.4,20.2,14.0,0.111,0.149,0.184,0.264,-0.28,2026-07-09 18:00:00+02:00
2026-07-09 17:00:00+00:00,20.6,7.7,43,0.0,24,1011.8,3.25,4.75,360,7.3,231.0,160.0,71.0,3600.0,0.0,0.0,1.37,0.19,24.1,22.5,20.2,14.0,0.11,0.149,0.184,0.264,-0.19,2026-07-09 19:00:00+02:00
2026-07-09 18:00:00+00:00,19.3,8.8,50,0.0,60,1012.7,3.42,5.93,12,6.8,79.0,39.0,40.0,3600.0,0.0,0.0,1.11,0.11,23.0,22.5,20.3,14.0,0.096,0.149,0.184,0.264,-0.11,2026-07-09 20:00:00+02:00
2026-07-09 19:00:00+00:00,18.5,8.8,53,0.0,30,1013.2,3.4,5.9,26,6.6,5.0,1.0,4.0,0.0,0.0,0.0,0.99,0.08,21.9,22.5,20.2,14.0,0.096,0.149,0.184,0.264,-0.08,2026-07-09 21:00:00+02:00
2026-07-09 20:00:00+00:00,17.3,9.0,58,0.0,13,1013.7,2.53,4.94,27,6.5,0.0,0.0,0.0,0.0,0.0,0.0,0.82,0.04,20.8,22.4,20.2,14.0,0.096,0.149,0.184,0.264,-0.04,2026-07-09 22:00:00+02:00
2026-07-09 21:00:00+00:00,16.6,9.0,61,0.0,6,1013.9,2.1,4.38,18,4.5,0.0,0.0,0.0,0.0,0.0,0.0,0.74,0.03,19.9,22.3,20.2,14.0,0.096,0.149,0.184,0.264,-0.03,2026-07-09 23:00:00+02:00
2026-07-09 22:00:00+00:00,15.9,9.2,64,0.0,2,1014.1,2.06,4.37,18,3.5,0.0,0.0,0.0,0.0,0.0,0.0,0.64,0.03,19.0,22.1,20.2,14.0,0.096,0.149,0.184,0.264,-0.03,2026-07-10 00:00:00+02:00
2026-07-09 23:00:00+00:00,15.4,9.4,67,0.0,2,1014.0,1.98,4.37,34,3.4,0.0,0.0,0.0,0.0,0.0,0.0,0.57,0.02,18.2,22.0,20.2,14.0,0.096,0.149,0.184,0.264,-0.02,2026-07-10 01:00:00+02:00
2026-07-10 00:00:00+00:00,14.3,9.6,73,0.0,23,1014.1,2.2,5.02,49,3.3,0.0,0.0,0.0,0.0,0.0,0.0,0.44,0.02,16.9,21.3,20.2,14.0,0.116,0.149,0.184,0.264,-0.02,2026-07-10 02:00:00+02:00
2026-07-10 01:00:00+00:00,14.5,9.8,74,0.0,21,1014.1,1.98,4.56,49,3.9,0.0,0.0,0.0,0.0,0.0,0.0,0.43,0.02,16.5,21.1,20.2,14.0,0.115,0.149,0.184,0.264,-0.02,2026-07-10 03:00:00+02:00
2026-07-10 02:00:00+00:00,14.2,10.3,77,0.0,30,1014.2,0.25,2.18,323,3.3,0.0,0.0,0.0,0.0,0.0,0.0,0.37,0.0,16.0,20.9,20.2,14.0,0.116,0.149,0.184,0.264,0.0,2026-07-10 04:00:00+02:00
2026-07-10 03:00:00+00:00,13.8,10.0,78,0.0,24,1014.5,0.68,0.22,253,1.2,0.0,0.0,0.0,0.0,0.0,0.0,0.34,0.02,15.6,20.7,20.1,14.0,0.116,0.149,0.184,0.264,-0.02,2026-07-10 05:00:00+02:00
2026-07-10 04:00:00+00:00,14.3,10.6,79,0.0,4,1014.7,2.28,2.83,261,4.0,50.0,23.0,27.0,3600.0,0.0,0.0,0.35,0.03,15.7,20.5,20.1,14.0,0.116,0.149,0.184,0.264,-0.03,2026-07-10 06:00:00+02:00
2026-07-10 05:00:00+00:00,16.2,11.0,71,0.0,11,1015.0,1.5,3.49,255,4.2,186.0,122.0,64.0,3600.0,0.0,0.0,0.53,0.1,16.5,20.3,20.1,14.0,0.115,0.149,0.184,0.264,-0.1,2026-07-10 07:00:00+02:00
2026-07-10 06:00:00+00:00,18.4,10.9,62,0.0,4,1015.1,1.69,2.8,214,4.9,345.0,250.0,95.0,3600.0,0.0,0.0,0.81,0.2,17.9,20.1,20.1,14.0,0.118,0.149,0.184,0.264,-0.2,2026-07-10 08:00:00+02:00
2026-07-10 07:00:00+00:00,20.3,10.1,52,0.0,2,1014.9,2.24,2.94,219,6.1,517.0,409.0,108.0,3600.0,0.0,0.0,1.15,0.32,19.7,20.1,20.1,14.0,0.117,0.149,0.184,0.264,-0.32,2026-07-10 09:00:00+02:00
2026-07-10 08:00:00+00:00,21.5,9.0,45,0.1,47,1014.7,2.67,3.61,232,7.3,669.0,557.0,112.0,3600.0,0.1,0.0,1.42,0.43,21.6,20.1,20.1,14.0,0.116,0.149,0.184,0.264,-0.32999999999999996,2026-07-10 10:00:00+02:00
2026-07-10 09:00:00+00:00,22.1,8.0,40,0.2,41,1014.5,3.36,4.59,240,8.1,564.0,404.0,160.0,3600.0,0.2,0.0,1.58,0.4,22.6,20.2,20.1,14.0,0.117,0.149,0.184,0.264,-0.2,2026-07-10 11:00:00+02:00
2026-07-10 10:00:00+00:00,23.3,7.6,36,0.2,39,1014.3,3.3,4.48,252,8.6,711.0,535.0,176.0,3600.0,0.2,0.0,1.82,0.5,23.8,20.3,20.1,14.0,0.117,0.149,0.184,0.264,-0.3,2026-07-10 12:00:00+02:00
2026-07-10 11:00:00+00:00,23.8,7.9,36,0.0,14,1014.0,3.08,4.18,262,8.5,702.0,537.0,165.0,3600.0,0.0,0.0,1.88,0.5,24.9,20.5,20.1,14.0,0.115,0.149,0.184,0.264,-0.5,2026-07-10 13:00:00+02:00
2026-07-10 12:00:00+00:00,25.3,6.6,30,0.0,27,1013.5,3.5,4.75,272,8.4,765.0,629.0,136.0,3600.0,0.0,0.0,2.24,0.56,26.4,20.7,20.1,14.0,0.114,0.149,0.184,0.264,-0.56,2026-07-10 14:00:00+02:00
2026-07-10 13:00:00+00:00,25.5,5.9,28,0.0,45,1013.2,3.65,5.05,268,8.8,666.0,517.0,149.0,3600.0,0.0,0.0,2.33,0.52,26.9,21.0,20.1,14.0,0.112,0.149,0.184,0.263,-0.52,2026-07-10 15:00:00+02:00
2026-07-10 14:00:00+00:00,25.9,5.4,27,0.0,50,1012.9,4.65,6.5,282,10.1,533.0,369.0,164.0,3600.0,0.0,0.0,2.44,0.47,27.0,21.2,20.0,14.0,0.11,0.149,0.184,0.263,-0.47,2026-07-10 16:00:00+02:00
2026-07-10 15:00:00+00:00,25.5,6.1,29,0.0,73,1013.3,4.25,6.13,295,10.6,372.0,183.0,189.0,3600.0,0.0,0.0,2.32,0.37,26.7,21.4,20.0,14.0,0.109,0.149,0.183,0.263,-0.37,2026-07-10 17:00:00+02:00
2026-07-10 16:00:00+00:00,25.3,5.9,29,0.0,87,1013.4,2.34,3.67,281,9.1,253.0,124.0,129.0,3600.0,0.0,0.0,2.29,0.25,26.1,21.6,20.0,14.0,0.108,0.149,0.183,0.263,-0.25,2026-07-10 18:00:00+02:00
2026-07-10 17:00:00+00:00,23.7,10.0,42,0.0,45,1013.4,1.1,1.91,3,4.9,108.0,38.0,70.0,1966.56,0.0,0.0,1.71,0.11,25.2,21.7,20.0,14.1,0.107,0.149,0.183,0.263,-0.11,2026-07-10 19:00:00+02:00
2026-07-10 18:00:00+00:00,20.3,11.1,55,0.0,4,1014.6,3.71,6.31,76,7.7,71.0,28.0,43.0,3600.0,0.0,0.0,1.06,0.11,24.3,21.9,20.1,14.1,0.093,0.149,0.183,0.263,-0.11,2026-07-10 20:00:00+02:00
2026-07-10 19:00:00+00:00,19.1,11.7,62,0.0,16,1015.1,4.3,7.39,67,8.1,5.0,1.0,4.0,0.0,0.0,0.0,0.84,0.08,22.9,22.0,20.0,14.1,0.093,0.149,0.183,0.263,-0.08,2026-07-10 21:00:00+02:00
2026-07-10 20:00:00+00:00,17.9,11.4,66,0.0,29,1015.5,3.6,6.62,88,8.3,0.0,0.0,0.0,0.0,0.0,0.0,0.71,0.05,21.8,22.0,20.0,14.1,0.093,0.149,0.183,0.263,-0.05,2026-07-10 22:00:00+02:00
2026-07-10 21:00:00+00:00,17.4,11.5,68,0.0,23,1015.5,3.28,6.28,106,6.7,0.0,0.0,0.0,0.0,0.0,0.0,0.63,0.04,20.8,21.9,20.0,14.1,0.093,0.149,0.183,0.263,-0.04,2026-07-10 23:00:00+02:00
2026-07-10 22:00:00+00:00,16.9,11.4,70,0.0,2,1015.7,2.8,5.5,117,5.9,0.0,0.0,0.0,0.0,0.0,0.0,0.58,0.03,19.9,21.8,20.0,14.1,0.093,0.149,0.183,0.263,-0.03,2026-07-11 00:00:00+02:00
2026-07-10 23:00:00+00:00,16.2,11.4,73,0.0,1,1015.7,2.44,4.91,116,5.0,0.0,0.0,0.0,0.0,0.0,0.0,0.5,0.03,19.1,21.7,20.0,14.1,0.093,0.149,0.183,0.263,-0.03,2026-07-11 01:00:00+02:00
2026-07-11 00:00:00+00:00,16.0,12.2,78,0.0,100,1015.5,2.8,5.36,112,4.2,0.0,0.0,0.0,0.0,0.0,0.0,0.39,0.02,18.5,21.6,20.1,14.1,0.105,0.149,0.183,0.263,-0.02,2026-07-11 02:00:00+02:00
2026-07-11 01:00:00+00:00,16.5,12.3,76,0.0,100,1015.2,2.17,4.6,128,5.0,0.0,0.0,0.0,0.0,0.0,0.0,0.45,0.02,18.3,21.4,20.1,14.1,0.105,0.149,0.183,0.263,-0.02,2026-07-11 03:00:00+02:00
2026-07-11 02:00:00+00:00,16.6,12.4,76,0.0,100,1015.3,1.68,3.26,120,3.9,0.0,0.0,0.0,0.0,0.0,0.0,0.44,0.01,18.1,21.3,20.1,14.1,0.105,0.149,0.183,0.263,-0.01,2026-07-11 04:00:00+02:00
2026-07-11 03:00:00+00:00,16.7,13.0,79,0.0,100,1015.6,0.34,1.33,27,2.9,0.0,0.0,0.0,0.0,0.0,0.0,0.4,0.02,18.0,21.1,20.1,14.1,0.105,0.149,0.183,0.263,-0.02,2026-07-11 05:00:00+02:00
2026-07-11 04:00:00+00:00,16.8,12.8,77,0.0,20,1015.5,0.9,1.85,161,1.5,13.0,0.0,13.0,0.0,0.0,0.0,0.44,0.03,18.0,21.0,20.1,14.1,0.105,0.149,0.183,0.263,-0.03,2026-07-11 06:00:00+02:00
2026-07-11 05:00:00+00:00,18.4,12.9,70,0.0,6,1015.3,1.58,3.34,191,4.0,182.0,116.0,66.0,3600.0,0.0,0.0,0.63,0.1,18.7,20.9,20.1,14.1,0.104,0.149,0.183,0.263,-0.1,2026-07-11 07:00:00+02:00
2026-07-11 06:00:00+00:00,19.9,12.6,63,0.0,41,1015.8,1.36,2.02,152,4.2,348.0,264.0,84.0,3600.0,0.0,0.0,0.86,0.2,19.8,20.6,19.8,14.1,0.117,0.149,0.183,0.263,-0.2,2026-07-11 08:00:00+02:00
2026-07-11 07:00:00+00:00,22.2,12.2,53,0.0,77,1015.7,1.49,2.04,200,4.8,469.0,321.0,148.0,3600.0,0.0,0.0,1.25,0.3,21.4,20.6,19.8,14.1,0.115,0.149,0.183,0.263,-0.3,2026-07-11 09:00:00+02:00
2026-07-11 08:00:00+00:00,23.9,11.2,45,0.0,59,1015.8,1.7,2.3,267,5.2,567.0,386.0,181.0,3600.0,0.0,0.0,1.64,0.39,23.1,20.6,19.8,14.1,0.114,0.149,0.183,0.263,-0.39,2026-07-11 10:00:00+02:00
2026-07-11 09:00:00+00:00,25.0,10.3,40,0.0,19,1015.6,2.78,3.67,300,7.8,657.0,468.0,189.0,3600.0,0.0,0.0,1.91,0.47,24.7,20.8,19.8,14.1,0.112,0.149,0.183,0.263,-0.47,2026-07-11 11:00:00+02:00
2026-07-11 10:00:00+00:00,25.1,11.0,41,0.0,18,1015.7,2.67,3.44,330,8.5,672.0,464.0,208.0,3600.0,0.0,0.0,1.86,0.49,25.8,20.9,19.8,14.1,0.111,0.149,0.183,0.263,-0.49,2026-07-11 12:00:00+02:00
2026-07-11 11:00:00+00:00,25.3,11.8,43,0.0,53,1015.9,2.68,3.44,351,7.8,781.0,625.0,156.0,3600.0,0.0,0.0,1.84,0.55,27.1,21.1,19.8,14.1,0.109,0.149,0.183,0.263,-0.55,2026-07-11 13:00:00+02:00
2026-07-11 12:00:00+00:00,23.7,11.9,47,0.2,21,1016.2,4.47,6.34,34,8.3,683.0,472.0,211.0,3600.0,0.2,0.0,1.54,0.48,27.6,21.5,20.0,14.1,0.109,0.149,0.183,0.263,-0.27999999999999997,2026-07-11 14:00:00+02:00
2026-07-11 13:00:00+00:00,25.9,10.7,39,0.0,17,1015.8,3.27,4.37,19,9.3,748.0,607.0,141.0,3600.0,0.0,0.0,2.05,0.54,28.2,21.7,20.0,14.1,0.108,0.149,0.183,0.263,-0.54,2026-07-11 15:00:00+02:00
2026-07-11 14:00:00+00:00,26.2,9.8,36,0.0,9,1015.6,2.8,3.74,22,8.2,649.0,522.0,127.0,3600.0,0.0,0.0,2.19,0.48,28.6,22.0,20.0,14.1,0.106,0.149,0.183,0.263,-0.48,2026-07-11 16:00:00+02:00
2026-07-11 15:00:00+00:00,26.4,9.0,33,0.0,10,1015.6,2.55,3.41,3,7.1,528.0,424.0,104.0,3600.0,0.0,0.0,2.28,0.4,28.6,22.2,20.0,14.2,0.105,0.149,0.183,0.263,-0.4,2026-07-11 17:00:00+02:00
2026-07-11 16:00:00+00:00,25.4,8.8,35,0.0,9,1015.8,3.16,4.23,31,7.2,378.0,289.0,89.0,3600.0,0.0,0.0,2.11,0.32,28.1,22.4,20.0,14.2,0.104,0.149,0.183,0.263,-0.32,2026-07-11 18:00:00+02:00
2026-07-11 17:00:00+00:00,24.4,9.2,38,0.0,5,1015.8,2.64,3.89,15,7.2,218.0,153.0,65.0,3600.0,0.0,0.0,1.89,0.2,27.0,22.6,20.0,14.2,0.103,0.149,0.183,0.263,-0.2,2026-07-11 19:00:00+02:00
2026-07-11 18:00:00+00:00,22.9,10.0,44,0.0,15,1016.2,2.77,5.01,26,5.5,83.0,46.0,37.0,3600.0,0.0,0.0,1.56,0.12,25.8,22.9,20.2,14.2,0.103,0.149,0.183,0.263,-0.12,2026-07-11 20:00:00+02:00
2026-07-11 19:00:00+00:00,21.4,9.9,48,0.0,31,1016.7,2.95,5.78,62,5.4,5.0,1.0,4.0,0.0,0.0,0.0,1.33,0.08,24.4,22.9,20.2,14.2,0.102,0.149,0.183,0.263,-0.08,2026-07-11 21:00:00+02:00
2026-07-11 20:00:00+00:00,20.4,9.9,51,0.0,29,1017.2,3.0,5.95,88,5.4,0.0,0.0,0.0,0.0,0.0,0.0,1.18,0.07,23.2,22.9,20.2,14.2,0.102,0.149,0.183,0.263,-0.07,2026-07-11 22:00:00+02:00
2026-07-11 21:00:00+00:00,19.7,9.9,53,0.0,14,1017.3,3.21,6.4,86,5.8,0.0,0.0,0.0,0.0,0.0,0.0,1.08,0.07,22.2,22.8,20.2,14.2,0.102,0.149,0.183,0.263,-0.07,2026-07-11 23:00:00+02:00
2026-07-11 22:00:00+00:00,18.7,10.1,57,0.0,5,1017.4,3.21,6.47,75,5.9,0.0,0.0,0.0,0.0,0.0,0.0,0.92,0.06,21.3,22.8,20.2,14.2,0.102,0.149,0.183,0.263,-0.06,2026-07-12 00:00:00+02:00
2026-07-11 23:00:00+00:00,18.0,10.2,60,0.0,20,1017.1,2.6,5.61,79,5.8,0.0,0.0,0.0,0.0,0.0,0.0,0.82,0.04,20.5,22.6,20.2,14.2,0.101,0.149,0.183,0.263,-0.04,2026-07-12 01:00:00+02:00
2026-07-12 00:00:00+00:00,17.0,10.9,67,0.0,9,1016.4,2.8,5.75,80,4.4,0.0,0.0,0.0,0.0,0.0,0.0,0.64,0.04,19.3,22.0,19.6,14.2,0.12,0.149,0.183,0.263,-0.04,2026-07-12 02:00:00+02:00
2026-07-12 01:00:00+00:00,16.5,11.0,70,0.0,18,1016.0,2.57,5.45,66,4.9,0.0,0.0,0.0,0.0,0.0,0.0,0.56,0.03,18.6,21.8,19.6,14.2,0.12,0.149,0.183,0.263,-0.03,2026-07-12 03:00:00+02:00
2026-07-12 02:00:00+00:00,16.0,11.2,73,0.0,39,1016.0,2.02,4.58,67,4.5,0.0,0.0,0.0,0.0,0.0,0.0,0.48,0.02,18.1,21.6,19.6,14.2,0.12,0.149,0.183,0.263,-0.02,2026-07-12 04:00:00+02:00
2026-07-12 03:00:00+00:00,15.8,11.4,75,0.0,34,1016.1,2.32,4.69,57,4.0,0.0,0.0,0.0,0.0,0.0,0.0,0.45,0.04,17.7,21.5,19.6,14.2,0.12,0.149,0.183,0.263,-0.04,2026-07-12 05:00:00+02:00
2026-07-12 04:00:00+00:00,16.6,11.7,73,0.0,52,1016.0,2.35,4.77,66,4.3,43.0,16.0,27.0,3504.38,0.0,0.0,0.51,0.04,17.6,21.3,19.6,14.2,0.119,0.149,0.183,0.263,-0.04,2026-07-12 06:00:00+02:00
2026-07-12 05:00:00+00:00,18.5,12.5,68,0.0,36,1016.0,1.52,4.2,44,4.2,158.0,89.0,69.0,3600.0,0.0,0.0,0.68,0.1,18.3,21.1,19.6,14.2,0.119,0.149,0.183,0.263,-0.1,2026-07-12 07:00:00+02:00
2026-07-12 06:00:00+00:00,19.9,12.5,62,0.0,60,1016.3,1.31,2.25,47,5.1,300.0,200.0,100.0,3600.0,0.0,0.0,0.87,0.18,19.3,20.9,19.5,14.2,0.126,0.149,0.183,0.263,-0.18,2026-07-12 08:00:00+02:00
2026-07-12 07:00:00+00:00,21.9,12.0,53,0.0,63,1015.9,1.49,1.98,40,4.5,451.0,318.0,133.0,3600.0,0.0,0.0,1.22,0.29,20.9,20.8,19.5,14.2,0.125,0.149,0.183,0.263,-0.29,2026-07-12 09:00:00+02:00
2026-07-12 08:00:00+00:00,23.2,10.4,44,0.0,91,1015.7,2.22,2.97,346,6.2,644.0,516.0,128.0,3600.0,0.0,0.0,1.58,0.43,22.8,20.9,19.5,14.2,0.123,0.149,0.183,0.263,-0.43,2026-07-12 10:00:00+02:00
2026-07-12 09:00:00+00:00,23.6,10.1,42,0.0,45,1015.9,3.05,4.08,325,7.8,670.0,418.0,252.0,3600.0,0.0,0.0,1.68,0.47,24.1,21.0,19.5,14.2,0.121,0.149,0.182,0.263,-0.47,2026-07-12 11:00:00+02:00
2026-07-12 10:00:00+00:00,24.1,9.8,40,0.0,95,1015.9,3.43,4.59,329,8.6,774.0,545.0,229.0,3600.0,0.0,0.0,1.78,0.54,25.4,21.1,19.5,14.2,0.119,0.149,0.182,0.263,-0.54,2026-07-12 12:00:00+02:00
2026-07-12 11:00:00+00:00,23.4,10.2,43,0.0,95,1015.8,3.46,4.69,323,8.7,565.0,255.0,310.0,3600.0,0.0,0.0,1.64,0.42,25.7,21.3,19.5,14.2,0.118,0.149,0.182,0.263,-0.42,2026-07-12 13:00:00+02:00
2026-07-12 12:00:00+00:00,22.5,12.3,52,0.0,82,1016.1,2.41,3.16,5,8.3,649.0,252.0,397.0,3600.0,0.0,0.0,1.3,0.43,25.2,21.4,19.6,14.2,0.128,0.149,0.182,0.263,-0.43,2026-07-12 14:00:00+02:00
2026-07-12 13:00:00+00:00,23.1,11.4,48,0.0,100,1015.9,2.3,3.04,326,7.6,652.0,391.0,261.0,3600.0,0.0,0.0,1.48,0.44,25.9,21.6,19.6,14.2,0.126,0.149,0.182,0.263,-0.44,2026-07-12 15:00:00+02:00
2026-07-12 14:00:00+00:00,20.8,12.4,58,0.1,97,1016.2,2.2,2.94,343,7.5,179.0,0.0,179.0,0.0,0.1,0.0,1.02,0.16,24.8,21.7,19.6,14.2,0.126,0.149,0.182,0.263,-0.06,2026-07-12 16:00:00+02:00
2026-07-12 15:00:00+00:00,21.4,12.1,55,0.0,41,1015.9,1.74,2.33,12,6.8,333.0,137.0,196.0,3600.0,0.0,0.0,1.14,0.24,24.6,21.8,19.6,14.3,0.125,0.149,0.182,0.263,-0.24,2026-07-12 17:00:00+02:00
2026-07-12 16:00:00+00:00,21.6,11.9,54,0.0,12,1015.6,1.61,2.08,30,5.0,331.0,205.0,126.0,3600.0,0.0,0.0,1.19,0.22,24.3,21.9,19.6,14.3,0.124,0.149,0.182,0.263,-0.22,2026-07-12 18:00:00+02:00
2026-07-12 17:00:00+00:00,21.1,11.6,55,0.0,23,1015.4,1.18,1.51,36,4.3,230.0,161.0,69.0,3600.0,0.0,0.0,1.13,0.14,23.8,22.0,19.6,14.3,0.123,0.149,0.182,0.263,-0.14,2026-07-12 19:00:00+02:00
2026-07-12 18:00:00+00:00,20.8,12.3,58,0.0,60,1015.3,2.16,3.16,48,2.9,79.0,38.0,41.0,3600.0,0.0,0.0,1.03,0.08,23.2,22.2,19.6,14.3,0.11,0.149,0.182,0.263,-0.08,2026-07-12 20:00:00+02:00
2026-07-12 19:00:00+00:00,19.4,11.6,61,0.0,62,1015.9,2.62,5.06,18,4.4,4.0,1.0,3.0,0.0,0.0,0.0,0.89,0.05,22.0,22.2,19.6,14.3,0.11,0.149,0.182,0.263,-0.05,2026-07-12 21:00:00+02:00
2026-07-12 20:00:00+00:00,18.3,12.2,67,0.0,5,1016.4,3.11,5.75,28,5.8,0.0,0.0,0.0,0.0,0.0,0.0,0.69,0.04,21.1,22.1,19.6,14.3,0.11,0.149,0.182,0.263,-0.04,2026-07-12 22:00:00+02:00
2026-07-12 21:00:00+00:00,17.1,13.2,78,0.0,15,1016.7,2.94,5.73,21,5.6,0.0,0.0,0.0,0.0,0.0,0.0,0.44,0.03,20.2,22.0,19.6,14.3,0.109,0.149,0.182,0.263,-0.03,2026-07-12 23:00:00+02:00
2026-07-12 22:00:00+00:00,16.8,13.8,82,0.0,76,1016.9,2.73,5.5,26,5.4,0.0,0.0,0.0,0.0,0.0,0.0,0.33,0.02,19.5,21.9,19.6,14.3,0.109,0.149,0.182,0.263,-0.02,2026-07-13 00:00:00+02:00
2026-07-12 23:00:00+00:00,16.6,13.5,82,0.0,44,1016.8,2.63,5.27,14,4.9,0.0,0.0,0.0,0.0,0.0,0.0,0.35,0.02,18.9,21.7,19.6,14.3,0.109,0.149,0.182,0.263,-0.02,2026-07-13 01:00:00+02:00
2026-07-13 00:00:00+00:00,16.7,13.1,79,0.0,38,1016.4,2.5,5.07,1,4.6,0.0,0.0,0.0,0.0,0.0,0.0,0.39,0.02,18.5,21.6,19.9,14.3,0.108,0.149,0.182,0.263,-0.02,2026-07-13 02:00:00+02:00
2026-07-13 01:00:00+00:00,16.0,13.4,84,0.0,15,1016.0,2.0,4.38,360,4.3,0.0,0.0,0.0,0.0,0.0,0.0,0.29,0.01,18.0,21.5,19.9,14.3,0.108,0.149,0.182,0.263,-0.01,2026-07-13 03:00:00+02:00
2026-07-13 02:00:00+00:00,15.6,13.4,87,0.0,5,1016.2,2.62,5.4,353,4.6,0.0,0.0,0.0,0.0,0.0,0.0,0.23,0.01,17.6,21.3,19.9,14.3,0.108,0.149,0.182,0.263,-0.01,2026-07-13 04:00:00+02:00
2026-07-13 03:00:00+00:00,15.3,13.4,88,0.0,95,1016.4,2.85,5.8,358,5.1,0.0,0.0,0.0,0.0,0.0,0.0,0.2,0.02,17.2,21.1,19.9,14.3,0.108,0.149,0.182,0.263,-0.02,2026-07-13 05:00:00+02:00
2026-07-13 04:00:00+00:00,15.9,13.6,86,0.0,97,1016.6,2.66,5.4,356,5.3,38.0,5.0,33.0,0.0,0.0,0.0,0.25,0.03,17.2,20.9,19.9,14.3,0.108,0.149,0.182,0.263,-0.03,2026-07-13 06:00:00+02:00
2026-07-13 05:00:00+00:00,17.0,13.8,82,0.0,88,1016.8,2.8,4.25,360,6.1,137.0,39.0,98.0,2901.51,0.0,0.0,0.35,0.08,17.7,20.8,19.9,14.3,0.108,0.149,0.182,0.263,-0.08,2026-07-13 07:00:00+02:00
2026-07-13 06:00:00+00:00,18.9,14.0,73,0.0,86,1017.0,2.75,3.96,1,6.6,323.0,198.0,125.0,3600.0,0.0,0.0,0.59,0.19,19.0,20.8,20.0,14.3,0.094,0.149,0.182,0.263,-0.19,2026-07-13 08:00:00+02:00
2026-07-13 07:00:00+00:00,20.6,12.6,60,0.0,98,1017.0,3.28,4.5,8,7.9,443.0,266.0,177.0,3600.0,0.0,0.0,0.97,0.28,20.6,20.7,20.0,14.3,0.094,0.149,0.182,0.263,-0.28,2026-07-13 09:00:00+02:00
2026-07-13 08:00:00+00:00,22.1,11.6,51,0.0,98,1017.2,3.81,5.18,14,9.2,554.0,311.0,243.0,3600.0,0.0,0.0,1.29,0.38,22.3,20.7,20.0,14.3,0.094,0.149,0.182,0.263,-0.38,2026-07-13 10:00:00+02:00
2026-07-13 09:00:00+00:00,23.4,10.6,44,0.0,100,1017.2,3.86,5.25,19,9.5,649.0,370.0,279.0,3600.0,0.0,0.0,1.6,0.46,24.0,20.8,20.0,14.3,0.093,0.149,0.182,0.262,-0.46,2026-07-13 11:00:00+02:00
2026-07-13 10:00:00+00:00,24.3,9.7,40,0.0,100,1017.1,3.73,5.11,18,9.5,628.0,348.0,280.0,3600.0,0.0,0.0,1.83,0.47,25.4,21.0,20.0,14.3,0.093,0.149,0.182,0.262,-0.47,2026-07-13 12:00:00+02:00
2026-07-13 11:00:00+00:00,24.6,9.7,39,0.0,100,1016.9,3.83,5.25,7,9.2,486.0,137.0,349.0,2776.1,0.0,0.0,1.89,0.41,26.2,21.1,20.0,14.3,0.093,0.149,0.182,0.262,-0.41,2026-07-13 13:00:00+02:00
2026-07-13 12:00:00+00:00,24.7,10.0,39,0.0,91,1017.1,4.98,6.96,6,10.4,508.0,101.0,407.0,1629.92,0.0,0.0,1.88,0.43,27.9,21.4,20.1,14.3,0.101,0.149,0.182,0.262,-0.43,2026-07-13 14:00:00+02:00
2026-07-13 13:00:00+00:00,24.7,10.5,41,0.0,41,1017.0,4.06,5.65,356,11.3,416.0,168.0,248.0,3600.0,0.0,0.0,1.84,0.37,27.6,21.6,20.1,14.3,0.1,0.149,0.182,0.262,-0.37,2026-07-13 15:00:00+02:00
2026-07-13 14:00:00+00:00,26.1,9.6,35,0.0,100,1016.6,3.78,5.2,7,9.3,598.0,434.0,164.0,3600.0,0.0,0.0,2.19,0.47,28.1,21.8,20.0,14.4,0.099,0.149,0.182,0.262,-0.47,2026-07-13 16:00:00+02:00
2026-07-13 15:00:00+00:00,25.9,9.6,36,0.0,75,1016.4,4.35,6.06,2,9.5,401.0,204.0,197.0,3600.0,0.0,0.0,2.15,0.37,27.9,22.1,20.0,14.4,0.098,0.149,0.181,0.262,-0.37,2026-07-13 17:00:00+02:00
2026-07-13 16:00:00+00:00,25.2,10.2,39,0.0,33,1016.5,3.98,5.58,354,10.2,311.0,177.0,134.0,3600.0,0.0,0.0,1.95,0.3,27.5,22.2,20.0,14.4,0.098,0.149,0.181,0.262,-0.3,2026-07-13 18:00:00+02:00
2026-07-13 17:00:00+00:00,25.0,10.1,39,0.0,77,1016.3,3.5,5.25,358,8.5,179.0,98.0,81.0,3600.0,0.0,0.0,1.93,0.21,26.7,22.4,20.0,14.4,0.097,0.149,0.181,0.262,-0.21,2026-07-13 19:00:00+02:00
2026-07-13 18:00:00+00:00,23.1,12.0,50,0.0,5,1016.7,4.01,6.7,356,7.6,69.0,31.0,38.0,3600.0,0.0,0.0,1.42,0.14,26.0,22.7,20.1,14.4,0.093,0.149,0.181,0.262,-0.14,2026-07-13 20:00:00+02:00
2026-07-13 19:00:00+00:00,22.0,12.7,56,0.0,4,1017.1,2.78,5.2,8,7.5,4.0,1.0,3.0,0.0,0.0,0.0,1.17,0.07,24.7,22.7,20.1,14.4,0.093,0.149,0.181,0.262,-0.07,2026-07-13 21:00:00+02:00
2026-07-13 20:00:00+00:00,21.0,13.3,61,0.0,17,1017.4,2.09,4.43,21,4.9,0.0,0.0,0.0,0.0,0.0,0.0,0.96,0.04,23.6,22.7,20.1,14.4,0.093,0.149,0.181,0.262,-0.04,2026-07-13 22:00:00+02:00
2026-07-13 21:00:00+00:00,20.7,13.7,64,0.0,39,1017.4,2.12,4.69,19,3.5,0.0,0.0,0.0,0.0,0.0,0.0,0.87,0.03,22.7,22.7,20.1,14.4,0.093,0.149,0.181,0.262,-0.03,2026-07-13 23:00:00+02:00
2026-07-13 22:00:00+00:00,20.4,14.1,67,0.0,78,1017.5,2.43,5.17,351,4.1,0.0,0.0,0.0,0.0,0.0,0.0,0.79,0.04,22.0,22.6,20.1,14.4,0.093,0.149,0.181,0.262,-0.04,2026-07-14 00:00:00+02:00
2026-07-13 23:00:00+00:00,20.0,14.7,72,0.0,27,1017.7,2.97,5.9,340,5.2,0.0,0.0,0.0,0.0,0.0,0.0,0.66,0.04,21.4,22.6,20.1,14.4,0.093,0.149,0.181,0.262,-0.04,2026-07-14 01:00:00+02:00
2026-07-14 00:00:00+00:00,18.5,14.6,78,0.0,0,1017.6,2.73,5.27,319,5.4,0.0,0.0,0.0,0.0,0.0,0.0,0.47,0.02,20.6,22.1,19.9,14.4,0.098,0.149,0.181,0.262,-0.02,2026-07-14 02:00:00+02:00
2026-07-14 01:00:00+00:00,18.1,14.4,79,0.0,0,1017.4,2.41,5.23,318,5.0,0.0,0.0,0.0,0.0,0.0,0.0,0.44,0.02,20.0,22.0,19.9,14.4,0.098,0.149,0.181,0.262,-0.02,2026-07-14 03:00:00+02:00
2026-07-14 02:00:00+00:00,17.7,14.0,79,0.0,0,1017.2,2.26,4.91,329,4.1,0.0,0.0,0.0,0.0,0.0,0.0,0.43,0.02,19.5,21.9,19.9,14.4,0.098,0.149,0.181,0.262,-0.02,2026-07-14 04:00:00+02:00
2026-07-14 03:00:00+00:00,17.5,14.0,80,0.0,0,1017.2,2.41,4.91,310,4.0,0.0,0.0,0.0,0.0,0.0,0.0,0.41,0.04,19.0,21.7,19.9,14.4,0.098,0.149,0.181,0.262,-0.04,2026-07-14 05:00:00+02:00
2026-07-14 04:00:00+00:00,18.4,14.6,79,0.0,5,1017.4,2.59,5.13,310,4.8,46.0,22.0,24.0,3600.0,0.0,0.0,0.45,0.04,19.0,21.6,19.9,14.4,0.098,0.149,0.181,0.262,-0.04,2026-07-14 06:00:00+02:00
2026-07-14 05:00:00+00:00,19.9,15.1,74,0.0,9,1017.8,1.91,4.75,315,4.5,174.0,114.0,60.0,3600.0,0.0,0.0,0.61,0.1,19.8,21.5,19.9,14.4,0.098,0.149,0.181,0.262,-0.1,2026-07-14 07:00:00+02:00
2026-07-14 06:00:00+00:00,22.0,15.4,66,0.0,6,1018.1,1.53,2.47,322,5.1,333.0,247.0,86.0,3600.0,0.0,0.0,0.89,0.21,21.3,21.5,20.0,14.4,0.098,0.149,0.181,0.262,-0.21,2026-07-14 08:00:00+02:00
2026-07-14 07:00:00+00:00,24.5,15.6,58,0.0,2,1018.0,1.63,2.23,310,5.1,495.0,396.0,99.0,3600.0,0.0,0.0,1.3,0.33,23.3,21.5,20.0,14.4,0.097,0.149,0.181,0.262,-0.33,2026-07-14 09:00:00+02:00
2026-07-14 08:00:00+00:00,26.2,15.5,52,0.0,5,1018.0,2.41,3.22,312,6.8,645.0,538.0,107.0,3600.0,0.0,0.0,1.64,0.45,25.4,21.6,20.0,14.4,0.097,0.149,0.181,0.262,-0.45,2026-07-14 10:00:00+02:00
2026-07-14 09:00:00+00:00,27.5,14.9,46,0.0,11,1017.8,2.09,2.75,320,6.9,764.0,642.0,122.0,3600.0,0.0,0.0,1.98,0.55,27.6,21.8,20.0,14.4,0.096,0.149,0.181,0.262,-0.55,2026-07-14 11:00:00+02:00
2026-07-14 10:00:00+00:00,28.8,14.7,42,0.0,6,1017.5,2.01,2.62,325,6.7,837.0,706.0,131.0,3600.0,0.0,0.0,2.28,0.61,29.6,22.1,20.0,14.4,0.095,0.149,0.181,0.262,-0.61,2026-07-14 12:00:00+02:00
2026-07-14 11:00:00+00:00,29.7,14.4,39,0.0,12,1017.0,1.95,2.51,320,6.5,863.0,736.0,127.0,3600.0,0.0,0.0,2.53,0.64,31.4,22.3,20.0,14.4,0.094,0.149,0.181,0.262,-0.64,2026-07-14 13:00:00+02:00
2026-07-14 12:00:00+00:00,31.0,13.9,35,0.0,24,1016.5,2.2,2.79,300,6.7,809.0,672.0,137.0,3600.0,0.0,0.0,2.89,0.63,33.4,23.0,20.1,14.4,0.095,0.149,0.181,0.262,-0.63,2026-07-14 14:00:00+02:00
2026-07-14 13:00:00+00:00,30.8,13.9,36,0.0,19,1015.6,1.68,2.19,293,6.6,732.0,596.0,136.0,3600.0,0.0,0.0,2.85,0.56,34.0,23.4,20.1,14.5,0.094,0.149,0.181,0.262,-0.56,2026-07-14 15:00:00+02:00
2026-07-14 14:00:00+00:00,31.0,13.7,35,0.0,42,1015.3,1.75,2.3,301,6.0,654.0,524.0,130.0,3600.0,0.0,0.0,2.93,0.51,34.3,23.7,20.2,14.5,0.094,0.149,0.181,0.262,-0.51,2026-07-14 16:00:00+02:00
2026-07-14 15:00:00+00:00,30.8,13.5,35,0.0,33,1015.3,1.98,2.62,315,6.0,498.0,382.0,116.0,3600.0,0.0,0.0,2.89,0.4,34.1,24.1,20.2,14.5,0.094,0.149,0.181,0.262,-0.4,2026-07-14 17:00:00+02:00
2026-07-14 16:00:00+00:00,30.2,13.0,35,0.0,84,1015.3,1.99,2.64,321,5.7,365.0,261.0,104.0,3600.0,0.0,0.0,2.8,0.31,33.3,24.4,20.2,14.5,0.093,0.149,0.181,0.262,-0.31,2026-07-14 18:00:00+02:00
2026-07-14 17:00:00+00:00,29.4,12.4,35,0.0,17,1015.4,1.6,2.21,356,5.2,205.0,123.0,82.0,3600.0,0.0,0.0,2.66,0.18,32.2,24.7,20.2,14.5,0.093,0.149,0.18,0.262,-0.18,2026-07-14 19:00:00+02:00
2026-07-14 18:00:00+00:00,28.1,12.5,38,0.0,76,1015.4,2.44,3.77,62,3.8,70.0,35.0,35.0,3600.0,0.0,0.0,2.35,0.13,30.7,25.0,20.3,14.5,0.088,0.149,0.18,0.262,-0.13,2026-07-14 20:00:00+02:00
2026-07-14 19:00:00+00:00,26.9,12.6,41,0.0,41,1016.2,2.84,5.22,66,4.9,4.0,1.0,3.0,0.0,0.0,0.0,2.09,0.1,29.3,25.1,20.3,14.5,0.088,0.149,0.18,0.262,-0.1,2026-07-14 21:00:00+02:00
2026-07-14 20:00:00+00:00,25.9,13.0,45,0.0,27,1016.2,3.29,6.15,66,5.8,0.0,0.0,0.0,0.0,0.0,0.0,1.83,0.1,28.0,25.1,20.3,14.5,0.088,0.149,0.18,0.262,-0.1,2026-07-14 22:00:00+02:00
2026-07-14 21:00:00+00:00,24.9,13.1,48,0.0,21,1016.3,2.28,4.3,75,5.7,0.0,0.0,0.0,0.0,0.0,0.0,1.65,0.06,26.9,25.1,20.4,14.5,0.088,0.149,0.18,0.262,-0.06,2026-07-14 23:00:00+02:00
2026-07-14 22:00:00+00:00,23.7,13.1,52,0.0,84,1016.6,2.23,4.3,81,3.8,0.0,0.0,0.0,0.0,0.0,0.0,1.41,0.05,25.9,25.1,20.4,14.5,0.088,0.149,0.18,0.262,-0.05,2026-07-15 00:00:00+02:00
2026-07-14 23:00:00+00:00,23.0,13.4,55,0.0,2,1016.5,2.61,5.15,85,4.4,0.0,0.0,0.0,0.0,0.0,0.0,1.27,0.06,25.0,25.1,20.4,14.5,0.088,0.149,0.18,0.262,-0.06,2026-07-15 01:00:00+02:00
2026-07-15 00:00:00+00:00,21.4,15.5,69,0.0,6,1016.3,2.72,4.97,97,5.0,0.0,0.0,0.0,0.0,0.0,0.0,0.79,0.04,24.1,24.7,20.2,14.5,0.1,0.149,0.18,0.262,-0.04,2026-07-15 02:00:00+02:00
2026-07-15 01:00:00+00:00,20.8,15.9,73,0.0,2,1016.1,2.5,4.27,88,4.7,0.0,0.0,0.0,0.0,0.0,0.0,0.66,0.03,23.3,24.6,20.2,14.5,0.1,0.149,0.18,0.262,-0.03,2026-07-15 03:00:00+02:00
2026-07-15 02:00:00+00:00,20.2,16.1,77,0.0,20,1015.9,2.55,3.88,70,4.5,0.0,0.0,0.0,0.0,0.0,0.0,0.54,0.03,22.5,24.5,20.2,14.5,0.1,0.149,0.18,0.262,-0.03,2026-07-15 04:00:00+02:00
2026-07-15 03:00:00+00:00,19.6,16.2,81,0.0,43,1016.1,2.82,4.37,53,5.0,0.0,0.0,0.0,0.0,0.0,0.0,0.43,0.04,21.9,24.3,20.3,14.5,0.1,0.149,0.18,0.262,-0.04,2026-07-15 05:00:00+02:00
2026-07-15 04:00:00+00:00,20.0,16.7,81,0.0,71,1016.3,3.06,5.74,56,5.9,40.0,18.0,22.0,3600.0,0.0,0.0,0.44,0.04,21.7,24.2,20.3,14.5,0.1,0.149,0.18,0.262,-0.04,2026-07-15 06:00:00+02:00
2026-07-15 05:00:00+00:00,21.8,17.2,75,0.0,99,1016.7,2.42,7.04,60,5.7,147.0,65.0,82.0,3600.0,0.0,0.0,0.66,0.1,22.1,24.0,20.3,14.5,0.1,0.149,0.18,0.262,-0.1,2026-07-15 07:00:00+02:00
2026-07-15 06:00:00+00:00,24.1,17.4,66,0.0,99,1016.6,1.92,6.0,99,5.1,235.0,70.0,165.0,3357.05,0.0,0.0,1.01,0.17,23.1,24.0,20.4,14.5,0.091,0.149,0.18,0.262,-0.17,2026-07-15 08:00:00+02:00
2026-07-15 07:00:00+00:00,25.7,17.5,61,0.0,98,1016.9,0.97,1.03,235,4.3,337.0,120.0,217.0,3600.0,0.0,0.0,1.3,0.24,24.8,24.0,20.4,14.5,0.091,0.149,0.18,0.262,-0.24,2026-07-15 09:00:00+02:00
2026-07-15 08:00:00+00:00,27.7,17.4,54,0.0,100,1017.3,0.32,0.32,288,4.2,514.0,245.0,269.0,3600.0,0.0,0.0,1.72,0.36,26.9,24.0,20.4,14.5,0.091,0.149,0.18,0.262,-0.36,2026-07-15 10:00:00+02:00
2026-07-15 09:00:00+00:00,28.9,16.2,46,0.0,99,1017.4,0.89,1.11,344,4.2,542.0,219.0,323.0,3600.0,0.0,0.0,2.14,0.41,28.9,24.1,20.4,14.5,0.09,0.149,0.18,0.262,-0.41,2026-07-15 11:00:00+02:00
2026-07-15 10:00:00+00:00,30.2,15.4,41,0.0,99,1017.3,2.07,2.64,340,6.5,727.0,399.0,328.0,3600.0,0.0,0.0,2.54,0.56,31.1,24.3,20.4,14.5,0.091,0.149,0.18,0.262,-0.56,2026-07-15 12:00:00+02:00
2026-07-15 11:00:00+00:00,27.1,15.7,50,0.1,86,1017.6,3.37,4.3,325,8.2,591.0,248.0,343.0,3600.0,0.1,0.0,1.81,0.46,31.9,24.5,20.4,14.5,0.091,0.149,0.18,0.261,-0.36,2026-07-15 13:00:00+02:00
2026-07-15 12:00:00+00:00,25.6,18.1,63,2.2,91,1018.1,3.44,4.84,57,9.7,393.0,107.0,286.0,1842.93,2.2,0.0,1.21,0.31,28.3,24.2,20.2,14.5,0.098,0.149,0.18,0.262,1.8900000000000001,2026-07-15 14:00:00+02:00
2026-07-15 13:00:00+00:00,26.3,18.3,61,0.1,99,1017.8,1.58,2.14,342,8.0,447.0,195.0,252.0,3600.0,0.1,0.0,1.32,0.33,28.8,24.3,20.2,14.6,0.099,0.149,0.18,0.261,-0.23,2026-07-15 15:00:00+02:00
2026-07-15 14:00:00+00:00,27.4,17.7,55,0.2,100,1017.4,1.05,1.39,25,5.0,507.0,244.0,263.0,3600.0,0.2,0.0,1.62,0.37,29.6,24.4,20.2,14.6,0.101,0.149,0.18,0.261,-0.16999999999999998,2026-07-15 16:00:00+02:00
2026-07-15 15:00:00+00:00,27.7,16.8,51,0.0,63,1017.2,1.08,1.44,56,4.3,375.0,155.0,220.0,3600.0,0.0,0.0,1.81,0.28,29.8,24.6,20.2,14.6,0.1,0.149,0.18,0.261,-0.28,2026-07-15 17:00:00+02:00
2026-07-15 16:00:00+00:00,27.8,16.3,50,0.0,30,1017.1,1.76,2.27,75,4.5,280.0,147.0,133.0,3600.0,0.0,0.0,1.88,0.23,29.6,24.7,20.3,14.6,0.1,0.149,0.18,0.261,-0.23,2026-07-15 18:00:00+02:00
2026-07-15 17:00:00+00:00,27.2,16.3,51,0.0,21,1017.0,1.87,2.57,81,5.1,211.0,141.0,70.0,3600.0,0.0,0.0,1.75,0.17,29.0,24.8,20.3,14.6,0.099,0.149,0.18,0.261,-0.17,2026-07-15 19:00:00+02:00
2026-07-15 18:00:00+00:00,25.9,16.8,57,0.0,13,1017.4,1.49,2.94,70,4.3,67.0,32.0,35.0,3600.0,0.0,0.0,1.42,0.07,28.3,25.0,20.4,14.6,0.099,0.149,0.18,0.261,-0.07,2026-07-15 20:00:00+02:00
2026-07-15 19:00:00+00:00,24.8,17.5,64,0.0,19,1017.8,0.99,2.29,60,2.5,3.0,1.0,2.0,0.0,0.0,0.0,1.12,0.02,27.0,25.0,20.4,14.6,0.099,0.149,0.18,0.261,-0.02,2026-07-15 21:00:00+02:00
2026-07-15 20:00:00+00:00,24.0,17.2,66,0.0,11,1018.0,1.86,3.05,54,3.1,0.0,0.0,0.0,0.0,0.0,0.0,1.02,0.03,25.8,25.0,20.4,14.6,0.099,0.149,0.18,0.261,-0.03,2026-07-15 22:00:00+02:00
2026-07-15 21:00:00+00:00,23.0,17.2,70,0.0,8,1018.4,1.48,2.62,24,3.2,0.0,0.0,0.0,0.0,0.0,0.0,0.85,0.02,24.9,25.0,20.4,14.6,0.098,0.149,0.18,0.261,-0.02,2026-07-15 23:00:00+02:00
2026-07-15 22:00:00+00:00,22.3,17.3,73,0.0,28,1018.6,2.07,3.38,15,3.5,0.0,0.0,0.0,0.0,0.0,0.0,0.72,0.03,24.1,24.9,20.4,14.6,0.098,0.149,0.18,0.261,-0.03,2026-07-16 00:00:00+02:00
2026-07-15 23:00:00+00:00,21.8,17.4,76,0.0,2,1018.4,2.83,5.43,44,4.9,0.0,0.0,0.0,0.0,0.0,0.0,0.62,0.03,23.4,24.7,20.4,14.6,0.098,0.149,0.18,0.261,-0.03,2026-07-16 01:00:00+02:00
2026-07-16 00:00:00+00:00,20.7,17.6,82,0.0,3,1018.3,2.73,5.64,66,5.3,0.0,0.0,0.0,0.0,0.0,0.0,0.44,0.02,22.7,24.3,20.3,14.6,0.112,0.149,0.18,0.261,-0.02,2026-07-16 02:00:00+02:00
2026-07-16 01:00:00+00:00,20.2,17.3,84,0.0,1,1017.9,1.96,4.45,71,4.7,0.0,0.0,0.0,0.0,0.0,0.0,0.39,0.01,22.1,24.2,20.3,14.6,0.112,0.149,0.18,0.261,-0.01,2026-07-16 03:00:00+02:00
2026-07-16 02:00:00+00:00,19.7,17.2,85,0.0,59,1018.3,2.37,4.77,42,4.0,0.0,0.0,0.0,0.0,0.0,0.0,0.33,0.01,21.5,24.0,20.3,14.6,0.112,0.149,0.18,0.261,-0.01,2026-07-16 04:00:00+02:00
2026-07-16 03:00:00+00:00,19.5,17.1,86,0.0,82,1018.1,2.55,5.2,43,4.6,0.0,0.0,0.0,0.0,0.0,0.0,0.32,0.03,21.1,23.9,20.3,14.6,0.112,0.149,0.18,0.261,-0.03,2026-07-16 05:00:00+02:00
2026-07-16 04:00:00+00:00,20.0,17.4,85,0.0,81,1018.1,2.23,4.34,48,4.4,40.0,13.0,27.0,3003.57,0.0,0.0,0.35,0.03,21.0,23.7,20.3,14.6,0.112,0.149,0.18,0.261,-0.03,2026-07-16 06:00:00+02:00
2026-07-16 05:00:00+00:00,21.4,17.9,80,0.0,59,1018.2,1.07,2.63,28,3.9,153.0,74.0,79.0,3600.0,0.0,0.0,0.5,0.09,21.6,23.6,20.3,14.6,0.112,0.149,0.18,0.261,-0.09,2026-07-16 07:00:00+02:00
2026-07-16 06:00:00+00:00,23.5,18.3,73,0.0,66,1018.5,0.9,1.37,19,3.5,314.0,207.0,107.0,3600.0,0.0,0.0,0.79,0.2,22.8,23.4,20.3,14.6,0.11,0.149,0.18,0.261,-0.2,2026-07-16 08:00:00+02:00
2026-07-16 07:00:00+00:00,26.2,18.2,61,0.0,77,1018.4,0.7,0.92,4,3.6,484.0,366.0,118.0,3600.0,0.0,0.0,1.31,0.33,24.7,23.3,20.3,14.6,0.109,0.149,0.18,0.261,-0.33,2026-07-16 09:00:00+02:00
2026-07-16 08:00:00+00:00,27.8,16.5,50,0.1,71,1018.3,0.97,1.25,348,4.2,609.0,453.0,156.0,3600.0,0.1,0.0,1.86,0.43,26.7,23.4,20.3,14.6,0.108,0.149,0.18,0.261,-0.32999999999999996,2026-07-16 10:00:00+02:00
2026-07-16 09:00:00+00:00,28.8,15.5,44,0.2,62,1018.4,1.53,1.96,349,5.3,706.0,561.0,145.0,3600.0,0.2,0.0,2.2,0.52,28.6,23.5,20.3,14.6,0.108,0.149,0.18,0.261,-0.32,2026-07-16 11:00:00+02:00
2026-07-16 10:00:00+00:00,29.8,15.7,43,0.1,84,1018.2,1.88,2.41,343,6.0,809.0,641.0,168.0,3600.0,0.1,0.0,2.41,0.6,30.2,23.7,20.3,14.6,0.108,0.149,0.18,0.261,-0.5,2026-07-16 12:00:00+02:00
2026-07-16 11:00:00+00:00,30.4,15.7,41,0.0,88,1017.7,2.06,2.68,346,6.4,797.0,588.0,209.0,3600.0,0.0,0.0,2.55,0.61,31.5,24.0,20.3,14.6,0.105,0.149,0.18,0.261,-0.61,2026-07-16 13:00:00+02:00
2026-07-16 12:00:00+00:00,31.6,13.8,34,0.1,35,1017.0,2.58,3.35,338,6.5,766.0,547.0,219.0,3600.0,0.1,0.0,3.06,0.62,32.5,24.5,20.5,14.7,0.099,0.149,0.179,0.261,-0.52,2026-07-16 14:00:00+02:00
2026-07-16 13:00:00+00:00,31.9,13.4,32,0.0,16,1016.6,2.51,3.25,331,7.3,772.0,644.0,128.0,3600.0,0.0,0.0,3.19,0.62,33.6,24.7,20.5,14.7,0.097,0.149,0.179,0.261,-0.62,2026-07-16 15:00:00+02:00
2026-07-16 14:00:00+00:00,31.8,12.9,32,0.0,55,1016.5,3.06,4.01,332,7.7,640.0,519.0,121.0,3600.0,0.0,0.0,3.2,0.54,33.9,25.1,20.5,14.7,0.096,0.149,0.179,0.261,-0.54,2026-07-16 16:00:00+02:00
2026-07-16 15:00:00+00:00,31.5,12.8,32,0.0,49,1016.6,3.2,4.3,337,7.9,493.0,387.0,106.0,3600.0,0.0,0.0,3.15,0.45,33.7,25.3,20.5,14.7,0.096,0.149,0.179,0.261,-0.45,2026-07-16 17:00:00+02:00
2026-07-16 16:00:00+00:00,31.2,12.4,32,0.0,15,1016.3,2.97,4.1,347,7.7,354.0,240.0,114.0,3600.0,0.0,0.0,3.09,0.34,33.2,25.6,20.5,14.7,0.095,0.149,0.179,0.261,-0.34,2026-07-16 18:00:00+02:00
2026-07-16 17:00:00+00:00,30.5,12.3,33,0.0,13,1016.1,2.25,3.46,1,6.8,192.0,115.0,77.0,3600.0,0.0,0.0,2.94,0.21,32.2,25.8,20.6,14.7,0.095,0.149,0.179,0.261,-0.21,2026-07-16 19:00:00+02:00
2026-07-16 18:00:00+00:00,29.1,13.4,38,0.0,11,1016.2,3.46,6.41,31,4.2,70.0,35.0,35.0,3600.0,0.0,0.0,2.5,0.17,31.0,26.1,20.7,14.7,0.083,0.149,0.179,0.261,-0.17,2026-07-16 20:00:00+02:00
2026-07-16 19:00:00+00:00,28.3,13.7,41,0.0,6,1016.6,3.97,7.3,36,7.5,3.0,1.0,2.0,0.0,0.0,0.0,2.27,0.15,29.8,26.2,20.7,14.7,0.083,0.149,0.179,0.261,-0.15,2026-07-16 21:00:00+02:00
2026-07-16 20:00:00+00:00,27.2,14.0,44,0.0,3,1016.7,3.12,5.94,41,7.3,0.0,0.0,0.0,0.0,0.0,0.0,2.0,0.1,28.8,26.2,20.7,14.7,0.083,0.149,0.179,0.261,-0.1,2026-07-16 22:00:00+02:00
2026-07-16 21:00:00+00:00,26.0,14.2,48,0.0,2,1016.9,2.8,5.63,47,5.5,0.0,0.0,0.0,0.0,0.0,0.0,1.74,0.08,27.8,26.2,20.7,14.7,0.083,0.149,0.179,0.261,-0.08,2026-07-16 23:00:00+02:00
2026-07-16 22:00:00+00:00,25.2,14.6,52,0.0,4,1017.0,2.51,4.97,59,4.8,0.0,0.0,0.0,0.0,0.0,0.0,1.54,0.06,26.9,26.2,20.7,14.7,0.083,0.149,0.179,0.261,-0.06,2026-07-17 00:00:00+02:00
2026-07-16 23:00:00+00:00,24.4,14.9,55,0.0,2,1016.7,2.3,4.43,56,4.2,0.0,0.0,0.0,0.0,0.0,0.0,1.36,0.05,26.0,26.1,20.7,14.7,0.083,0.149,0.179,0.261,-0.05,2026-07-17 01:00:00+02:00
2026-07-17 00:00:00+00:00,22.2,15.5,66,0.0,9,1016.6,2.48,4.22,42,4.0,0.0,0.0,0.0,0.0,0.0,0.0,0.91,0.04,24.1,25.5,20.5,14.7,0.118,0.149,0.179,0.261,-0.04,2026-07-17 02:00:00+02:00
2026-07-17 01:00:00+00:00,21.2,16.2,73,0.0,1,1016.5,2.21,4.55,38,4.2,0.0,0.0,0.0,0.0,0.0,0.0,0.68,0.03,23.4,25.3,20.6,14.7,0.118,0.149,0.179,0.261,-0.03,2026-07-17 03:00:00+02:00
2026-07-17 02:00:00+00:00,20.6,16.5,77,0.0,2,1016.4,1.96,4.07,52,3.8,0.0,0.0,0.0,0.0,0.0,0.0,0.55,0.02,22.7,25.2,20.6,14.7,0.118,0.149,0.179,0.261,-0.02,2026-07-17 04:00:00+02:00
2026-07-17 03:00:00+00:00,20.0,16.7,81,0.0,5,1016.4,1.56,3.09,45,3.4,0.0,0.0,0.0,0.0,0.0,0.0,0.44,0.03,22.1,25.0,20.6,14.7,0.118,0.149,0.179,0.261,-0.03,2026-07-17 05:00:00+02:00
2026-07-17 04:00:00+00:00,20.6,17.1,80,0.0,13,1016.2,2.09,2.93,46,3.6,42.0,21.0,21.0,3600.0,0.0,0.0,0.48,0.03,21.9,24.8,20.6,14.7,0.118,0.149,0.179,0.261,-0.03,2026-07-17 06:00:00+02:00
2026-07-17 05:00:00+00:00,22.6,18.0,75,0.0,92,1015.9,1.39,2.83,38,3.9,167.0,106.0,61.0,3600.0,0.0,0.0,0.68,0.1,22.5,24.6,20.6,14.7,0.117,0.149,0.179,0.261,-0.1,2026-07-17 07:00:00+02:00
2026-07-17 06:00:00+00:00,25.0,18.3,66,0.0,25,1015.8,0.79,1.65,55,3.4,319.0,218.0,101.0,3600.0,0.0,0.0,1.06,0.21,23.8,24.5,20.6,14.7,0.118,0.149,0.179,0.261,-0.21,2026-07-17 08:00:00+02:00
2026-07-17 07:00:00+00:00,27.9,18.1,55,0.0,19,1015.8,0.64,0.88,39,3.3,491.0,384.0,107.0,3600.0,0.0,0.0,1.67,0.34,25.7,24.5,20.6,14.7,0.116,0.149,0.179,0.261,-0.34,2026-07-17 09:00:00+02:00
2026-07-17 08:00:00+00:00,29.7,17.2,47,0.0,13,1015.5,0.67,0.92,42,3.7,645.0,540.0,105.0,3600.0,0.0,0.0,2.21,0.46,27.7,24.5,20.6,14.7,0.114,0.149,0.179,0.261,-0.46,2026-07-17 10:00:00+02:00
2026-07-17 09:00:00+00:00,31.0,15.3,39,0.0,9,1015.1,0.54,0.81,34,3.8,753.0,637.0,116.0,3600.0,0.0,0.0,2.76,0.55,29.8,24.6,20.6,14.7,0.112,0.149,0.179,0.261,-0.55,2026-07-17 11:00:00+02:00
2026-07-17 10:00:00+00:00,31.9,13.6,33,0.0,20,1014.6,0.65,0.86,337,3.9,816.0,674.0,142.0,3600.0,0.0,0.0,3.17,0.6,31.6,24.8,20.6,14.7,0.109,0.149,0.179,0.261,-0.6,2026-07-17 12:00:00+02:00
2026-07-17 11:00:00+00:00,32.5,13.2,31,0.0,6,1014.2,1.42,1.71,302,5.1,837.0,709.0,128.0,3600.0,0.0,0.0,3.36,0.64,33.0,25.1,20.6,14.7,0.106,0.149,0.179,0.261,-0.64,2026-07-17 13:00:00+02:00
2026-07-17 12:00:00+00:00,33.5,12.7,28,0.0,24,1013.3,1.86,2.16,275,6.3,820.0,701.0,119.0,3600.0,0.0,0.0,3.69,0.65,34.8,25.6,20.7,14.7,0.1,0.149,0.179,0.26,-0.65,2026-07-17 14:00:00+02:00
2026-07-17 13:00:00+00:00,33.2,12.5,28,0.0,44,1012.8,2.4,2.95,266,6.9,730.0,570.0,160.0,3600.0,0.0,0.0,3.64,0.6,35.4,25.9,20.7,14.7,0.099,0.149,0.178,0.26,-0.6,2026-07-17 15:00:00+02:00
2026-07-17 14:00:00+00:00,32.9,12.3,28,0.0,40,1012.3,2.3,2.85,269,6.9,581.0,429.0,152.0,3600.0,0.0,0.0,3.58,0.5,35.3,26.2,20.7,14.7,0.098,0.149,0.178,0.26,-0.5,2026-07-17 16:00:00+02:00
2026-07-17 15:00:00+00:00,32.8,12.0,28,0.0,20,1011.8,2.38,2.99,260,6.5,505.0,381.0,124.0,3600.0,0.0,0.0,3.56,0.44,35.1,26.5,20.7,14.7,0.097,0.149,0.178,0.26,-0.44,2026-07-17 17:00:00+02:00
2026-07-17 16:00:00+00:00,32.2,11.4,28,0.0,11,1011.3,2.39,3.08,254,6.3,350.0,260.0,90.0,3600.0,0.0,0.0,3.46,0.33,34.4,26.7,20.7,14.7,0.096,0.149,0.178,0.26,-0.33,2026-07-17 18:00:00+02:00
2026-07-17 17:00:00+00:00,31.3,11.7,30,0.0,17,1010.8,1.86,2.8,246,5.8,210.0,145.0,65.0,3600.0,0.0,0.0,3.2,0.2,33.3,26.9,20.8,14.7,0.095,0.149,0.178,0.26,-0.2,2026-07-17 19:00:00+02:00
2026-07-17 18:00:00+00:00,30.5,16.0,42,0.0,30,1010.4,0.67,1.95,297,3.5,74.0,40.0,34.0,3600.0,0.0,0.0,2.54,0.06,31.9,27.1,20.8,14.7,0.095,0.149,0.178,0.26,-0.06,2026-07-17 20:00:00+02:00
2026-07-17 19:00:00+00:00,29.4,14.1,39,0.0,71,1010.3,0.36,0.21,56,1.1,3.0,0.0,3.0,0.0,0.0,0.0,2.49,0.01,30.2,27.2,20.8,14.8,0.095,0.149,0.178,0.26,-0.01,2026-07-17 21:00:00+02:00
2026-07-17 20:00:00+00:00,27.8,13.1,40,0.0,98,1010.5,2.1,3.07,108,3.6,0.0,0.0,0.0,0.0,0.0,0.0,2.22,0.07,28.9,27.2,20.8,14.8,0.095,0.149,0.178,0.26,-0.07,2026-07-17 22:00:00+02:00
2026-07-17 21:00:00+00:00,27.0,13.6,44,0.0,98,1010.8,3.02,5.86,151,5.3,0.0,0.0,0.0,0.0,0.0,0.0,2.0,0.1,28.1,27.1,20.8,14.8,0.094,0.149,0.178,0.26,-0.1,2026-07-17 23:00:00+02:00
2026-07-17 22:00:00+00:00,26.3,13.3,45,0.0,98,1010.9,2.99,5.85,162,5.6,0.0,0.0,0.0,0.0,0.0,0.0,1.89,0.09,27.3,27.1,20.9,14.8,0.094,0.149,0.178,0.26,-0.09,2026-07-18 00:00:00+02:00
2026-07-17 23:00:00+00:00,25.6,14.1,49,0.0,98,1011.1,2.4,5.29,239,5.9,0.0,0.0,0.0,0.0,0.0,0.0,1.66,0.07,26.7,27.0,20.9,14.8,0.094,0.149,0.178,0.26,-0.07,2026-07-18 01:00:00+02:00
2026-07-18 00:00:00+00:00,23.6,14.4,56,0.0,98,1010.6,2.35,3.59,178,4.0,0.0,0.0,0.0,0.0,0.0,0.0,1.26,0.05,25.6,26.6,20.7,14.8,0.094,0.149,0.178,0.26,-0.05,2026-07-18 02:00:00+02:00
2026-07-18 01:00:00+00:00,22.9,16.3,67,0.4,41,1010.6,1.69,3.91,236,5.7,0.0,0.0,0.0,0.0,0.4,0.0,0.93,0.03,25.0,26.4,20.7,14.8,0.098,0.149,0.178,0.26,0.37,2026-07-18 03:00:00+02:00
2026-07-18 02:00:00+00:00,22.2,16.9,72,0.2,40,1010.6,2.78,5.24,198,5.3,0.0,0.0,0.0,0.0,0.2,0.0,0.74,0.04,24.2,26.2,20.8,14.8,0.099,0.149,0.178,0.26,0.16,2026-07-18 04:00:00+02:00
2026-07-18 03:00:00+00:00,21.7,17.1,75,0.0,27,1010.5,0.83,2.4,147,4.6,0.0,0.0,0.0,0.0,0.0,0.0,0.65,0.0,23.5,26.1,20.8,14.8,0.099,0.149,0.178,0.26,0.0,2026-07-18 05:00:00+02:00
2026-07-18 04:00:00+00:00,22.0,17.0,73,0.0,20,1010.3,3.3,6.09,141,5.9,39.0,17.0,22.0,3573.13,0.0,0.0,0.71,0.06,23.2,25.9,20.8,14.8,0.099,0.149,0.178,0.26,-0.06,2026-07-18 06:00:00+02:00
2026-07-18 05:00:00+00:00,23.7,17.9,70,0.0,5,1010.6,2.9,7.67,191,6.2,149.0,90.0,59.0,3600.0,0.0,0.0,0.87,0.12,23.7,25.7,20.8,14.8,0.099,0.149,0.178,0.26,-0.12,2026-07-18 07:00:00+02:00
2026-07-18 06:00:00+00:00,25.8,18.0,62,0.1,20,1010.6,1.76,3.0,165,6.0,308.0,221.0,87.0,3600.0,0.1,0.0,1.25,0.22,25.1,25.7,20.9,14.8,0.099,0.149,0.178,0.26,-0.12,2026-07-18 08:00:00+02:00
2026-07-18 07:00:00+00:00,27.9,18.1,55,0.0,91,1010.3,2.25,3.15,183,5.9,436.0,317.0,119.0,3600.0,0.0,0.0,1.68,0.33,26.8,25.6,20.9,14.8,0.099,0.149,0.178,0.26,-0.33,2026-07-18 09:00:00+02:00
2026-07-18 08:00:00+00:00,29.7,17.5,48,0.0,79,1010.3,3.13,4.31,214,7.7,545.0,325.0,220.0,3600.0,0.0,0.0,2.16,0.44,28.6,25.6,20.9,14.8,0.098,0.149,0.178,0.26,-0.44,2026-07-18 10:00:00+02:00
2026-07-18 09:00:00+00:00,30.7,17.2,44,0.0,38,1010.5,3.55,4.77,248,9.0,718.0,561.0,157.0,3600.0,0.0,0.0,2.46,0.57,30.5,25.7,20.9,14.8,0.097,0.149,0.178,0.26,-0.57,2026-07-18 11:00:00+02:00
2026-07-18 10:00:00+00:00,31.4,16.9,42,0.0,6,1010.4,3.27,4.34,259,8.9,764.0,590.0,174.0,3600.0,0.0,0.0,2.66,0.61,32.1,25.9,20.9,14.8,0.096,0.149,0.178,0.26,-0.61,2026-07-18 12:00:00+02:00
2026-07-18 11:00:00+00:00,32.4,15.6,36,0.0,2,1009.8,3.25,4.31,260,8.7,858.0,728.0,130.0,3600.0,0.0,0.0,3.08,0.69,33.7,26.1,20.9,14.8,0.095,0.149,0.178,0.26,-0.69,2026-07-18 13:00:00+02:00
2026-07-18 12:00:00+00:00,33.3,14.4,32,0.0,9,1009.2,3.76,5.03,256,9.1,852.0,735.0,117.0,3600.0,0.0,0.0,3.47,0.71,35.0,26.5,20.8,14.8,0.099,0.149,0.178,0.26,-0.71,2026-07-18 14:00:00+02:00
2026-07-18 13:00:00+00:00,33.3,14.2,32,0.0,16,1008.8,3.37,4.6,255,9.3,716.0,583.0,133.0,3600.0,0.0,0.0,3.5,0.62,35.5,26.7,20.8,14.8,0.098,0.149,0.177,0.26,-0.62,2026-07-18 15:00:00+02:00
2026-07-18 14:00:00+00:00,33.7,13.2,29,0.0,65,1008.6,4.03,5.54,247,9.5,660.0,543.0,117.0,3600.0,0.0,0.0,3.7,0.6,35.7,27.0,20.8,14.8,0.097,0.149,0.177,0.26,-0.6,2026-07-18 16:00:00+02:00
2026-07-18 15:00:00+00:00,33.1,11.9,28,0.0,94,1008.6,5.43,7.66,257,11.7,508.0,396.0,112.0,3600.0,0.0,0.0,3.65,0.54,35.4,27.2,20.8,14.8,0.096,0.149,0.177,0.26,-0.54,2026-07-18 17:00:00+02:00
2026-07-18 16:00:00+00:00,32.2,11.7,29,0.0,80,1008.9,4.91,7.12,258,11.8,356.0,230.0,126.0,3600.0,0.0,0.0,3.42,0.42,34.6,27.4,20.8,14.8,0.095,0.149,0.177,0.26,-0.42,2026-07-18 18:00:00+02:00
2026-07-18 17:00:00+00:00,31.1,11.9,31,0.0,57,1009.0,4.17,6.57,260,10.4,211.0,131.0,80.0,3600.0,0.0,0.0,3.12,0.29,33.5,27.6,20.8,14.9,0.095,0.149,0.177,0.26,-0.29,2026-07-18 19:00:00+02:00
2026-07-18 18:00:00+00:00,29.4,11.2,33,0.0,23,1008.9,4.57,8.15,252,8.2,64.0,27.0,37.0,3600.0,0.0,0.0,2.76,0.22,32.5,27.9,20.9,14.9,0.059,0.149,0.177,0.26,-0.22,2026-07-18 20:00:00+02:00
2026-07-18 19:00:00+00:00,28.8,10.6,32,0.0,2,1009.6,3.5,6.28,316,8.4,3.0,1.0,2.0,0.0,0.0,0.0,2.67,0.15,31.2,27.9,20.9,14.9,0.059,0.149,0.177,0.26,-0.15,2026-07-18 21:00:00+02:00
2026-07-18 20:00:00+00:00,26.2,15.7,53,0.0,2,1010.3,3.23,5.58,13,6.9,0.0,0.0,0.0,0.0,0.0,0.0,1.61,0.08,29.9,27.9,20.9,14.9,0.059,0.149,0.177,0.26,-0.08,2026-07-18 22:00:00+02:00
2026-07-18 21:00:00+00:00,24.9,16.6,60,0.0,38,1010.8,2.6,4.91,2,5.8,0.0,0.0,0.0,0.0,0.0,0.0,1.25,0.06,28.6,27.8,20.9,14.9,0.059,0.149,0.177,0.26,-0.06,2026-07-18 23:00:00+02:00
2026-07-18 22:00:00+00:00,24.0,17.1,65,0.0,48,1011.0,3.3,5.79,3,6.0,0.0,0.0,0.0,0.0,0.0,0.0,1.04,0.06,27.5,27.7,21.0,14.9,0.059,0.149,0.177,0.26,-0.06,2026-07-19 00:00:00+02:00
2026-07-18 23:00:00+00:00,22.9,17.1,70,0.0,55,1011.1,3.43,6.06,8,6.5,0.0,0.0,0.0,0.0,0.0,0.0,0.85,0.05,26.5,27.6,21.0,14.9,0.059,0.149,0.177,0.26,-0.05,2026-07-19 01:00:00+02:00
2026-07-19 00:00:00+00:00,21.2,17.0,77,0.0,6,1011.4,2.8,5.36,16,6.4,0.0,0.0,0.0,0.0,0.0,0.0,0.59,0.03,25.3,26.8,20.5,14.9,0.103,0.149,0.177,0.26,-0.03,2026-07-19 02:00:00+02:00
2026-07-19 01:00:00+00:00,20.8,17.1,79,0.0,80,1011.3,2.52,5.01,7,5.0,0.0,0.0,0.0,0.0,0.0,0.0,0.51,0.02,24.4,26.6,20.5,14.9,0.103,0.149,0.177,0.26,-0.02,2026-07-19 03:00:00+02:00
2026-07-19 02:00:00+00:00,20.5,17.2,81,0.0,40,1011.6,1.9,4.04,2,4.5,0.0,0.0,0.0,0.0,0.0,0.0,0.46,0.01,23.6,26.4,20.5,14.9,0.103,0.149,0.177,0.26,-0.01,2026-07-19 04:00:00+02:00
2026-07-19 03:00:00+00:00,20.1,17.2,83,0.0,52,1011.9,1.87,3.76,352,3.2,0.0,0.0,0.0,0.0,0.0,0.0,0.39,0.01,22.9,26.2,20.5,14.9,0.103,0.149,0.177,0.26,-0.01,2026-07-19 05:00:00+02:00
2026-07-19 04:00:00+00:00,20.9,17.1,79,0.0,97,1012.3,2.25,4.37,357,4.3,30.0,11.0,19.0,2498.73,0.0,0.0,0.53,0.04,22.7,26.0,20.5,14.9,0.103,0.149,0.177,0.26,-0.04,2026-07-19 06:00:00+02:00
2026-07-19 05:00:00+00:00,21.6,17.0,75,0.0,13,1012.1,2.23,3.82,9,4.9,78.0,11.0,67.0,0.0,0.0,0.0,0.65,0.08,22.9,25.8,20.6,14.9,0.103,0.149,0.177,0.26,-0.08,2026-07-19 07:00:00+02:00
2026-07-19 06:00:00+00:00,23.3,17.3,69,0.0,73,1012.5,1.57,2.35,9,5.7,329.0,254.0,75.0,3600.0,0.0,0.0,0.89,0.21,24.0,25.5,20.4,14.9,0.105,0.149,0.177,0.26,-0.21,2026-07-19 08:00:00+02:00
2026-07-19 07:00:00+00:00,25.3,17.4,62,0.0,98,1012.3,1.48,1.99,24,4.7,394.0,230.0,164.0,3600.0,0.0,0.0,1.23,0.28,25.4,25.4,20.5,14.9,0.104,0.149,0.177,0.26,-0.28,2026-07-19 09:00:00+02:00
2026-07-19 08:00:00+00:00,27.3,16.4,51,0.0,49,1012.3,0.75,1.0,356,4.7,543.0,305.0,238.0,3600.0,0.0,0.0,1.76,0.38,27.2,25.4,20.5,14.9,0.103,0.149,0.177,0.26,-0.38,2026-07-19 10:00:00+02:00
2026-07-19 09:00:00+00:00,28.7,14.5,42,0.0,95,1012.6,2.03,2.62,286,6.7,675.0,461.0,214.0,3600.0,0.0,0.0,2.28,0.51,29.1,25.4,20.5,14.9,0.102,0.149,0.177,0.26,-0.51,2026-07-19 11:00:00+02:00
2026-07-19 10:00:00+00:00,28.1,13.4,40,0.2,99,1012.8,3.1,4.06,271,7.6,545.0,202.0,343.0,3600.0,0.2,0.0,2.26,0.45,29.9,25.5,20.5,14.9,0.103,0.149,0.177,0.26,-0.25,2026-07-19 12:00:00+02:00
2026-07-19 11:00:00+00:00,24.8,18.4,68,2.2,97,1012.9,2.92,3.92,239,7.8,359.0,74.0,285.0,693.15,2.2,0.0,1.01,0.28,28.5,25.6,20.5,14.9,0.127,0.149,0.177,0.26,1.9200000000000002,2026-07-19 13:00:00+02:00
2026-07-19 12:00:00+00:00,24.8,17.6,64,0.0,41,1012.9,1.5,1.83,210,7.2,455.0,231.0,224.0,3600.0,0.0,0.0,1.12,0.33,31.0,25.9,20.7,14.9,0.131,0.149,0.177,0.26,-0.33,2026-07-19 14:00:00+02:00
2026-07-19 13:00:00+00:00,27.1,14.6,46,0.0,86,1012.3,1.01,1.3,250,4.9,598.0,351.0,247.0,3600.0,0.0,0.0,1.91,0.43,30.9,26.1,20.7,14.9,0.129,0.149,0.177,0.26,-0.43,2026-07-19 15:00:00+02:00
2026-07-19 14:00:00+00:00,27.2,14.2,45,0.0,9,1012.0,0.99,1.27,225,4.1,381.0,89.0,292.0,1880.85,0.0,0.0,1.98,0.29,30.5,26.2,20.7,14.9,0.126,0.149,0.177,0.26,-0.29,2026-07-19 16:00:00+02:00
2026-07-19 15:00:00+00:00,27.9,14.6,44,0.0,16,1011.7,1.28,1.62,249,4.2,543.0,443.0,100.0,3600.0,0.0,0.0,2.09,0.39,30.7,26.3,20.7,14.9,0.124,0.149,0.177,0.26,-0.39,2026-07-19 17:00:00+02:00
2026-07-19 16:00:00+00:00,27.4,14.7,46,0.0,4,1011.5,1.55,2.02,249,4.5,368.0,283.0,85.0,3600.0,0.0,0.0,1.98,0.27,30.1,26.4,20.7,15.0,0.122,0.149,0.177,0.26,-0.27,2026-07-19 18:00:00+02:00
2026-07-19 17:00:00+00:00,27.0,15.0,48,0.0,22,1011.5,1.41,2.02,253,4.2,216.0,150.0,66.0,3600.0,0.0,0.0,1.86,0.16,29.2,26.4,20.8,15.0,0.121,0.149,0.177,0.26,-0.16,2026-07-19 19:00:00+02:00
2026-07-19 18:00:00+00:00,26.1,17.1,57,0.0,16,1011.5,0.45,0.83,96,2.9,70.0,38.0,32.0,3600.0,0.0,0.0,1.44,0.04,27.9,26.4,20.8,15.0,0.103,0.149,0.177,0.26,-0.04,2026-07-19 20:00:00+02:00
2026-07-19 19:00:00+00:00,24.9,15.1,54,0.0,17,1012.0,1.48,3.46,246,1.7,2.0,0.0,2.0,0.0,0.0,0.0,1.44,0.04,26.7,26.4,20.8,15.0,0.103,0.149,0.177,0.26,-0.04,2026-07-19 21:00:00+02:00
2026-07-19 20:00:00+00:00,23.7,14.0,55,0.0,26,1012.8,3.65,6.84,318,7.0,0.0,0.0,0.0,0.0,0.0,0.0,1.32,0.09,25.8,26.3,20.8,15.0,0.102,0.149,0.177,0.26,-0.09,2026-07-19 22:00:00+02:00
2026-07-19 21:00:00+00:00,22.2,14.4,61,0.0,31,1012.8,2.39,4.74,331,6.8,0.0,0.0,0.0,0.0,0.0,0.0,1.04,0.05,24.9,26.1,20.8,15.0,0.102,0.149,0.177,0.26,-0.05,2026-07-19 23:00:00+02:00
2026-07-19 22:00:00+00:00,21.7,15.2,66,0.0,72,1013.4,2.93,5.62,314,5.2,0.0,0.0,0.0,0.0,0.0,0.0,0.87,0.05,24.2,26.0,20.8,15.0,0.102,0.149,0.177,0.26,-0.05,2026-07-20 00:00:00+02:00
2026-07-19 23:00:00+00:00,21.4,15.2,68,0.0,62,1013.3,2.42,4.83,333,5.6,0.0,0.0,0.0,0.0,0.0,0.0,0.82,0.04,23.7,25.8,20.8,15.0,0.102,0.149,0.177,0.26,-0.04,2026-07-20 01:00:00+02:00
2026-07-20 00:00:00+00:00,19.0,16.3,84,0.1,43,1013.9,2.31,4.6,321,4.5,0.0,0.0,0.0,0.0,0.1,0.0,0.34,0.01,23.5,26.1,21.0,15.0,0.101,0.149,0.177,0.26,0.09000000000000001,2026-07-20 02:00:00+02:00
2026-07-20 01:00:00+00:00,19.0,16.3,84,0.0,33,1013.9,2.77,5.04,7,4.9,0.0,0.0,0.0,0.0,0.0,0.0,0.35,0.02,22.5,25.9,21.0,15.0,0.101,0.149,0.177,0.26,-0.02,2026-07-20 03:00:00+02:00
2026-07-20 02:00:00+00:00,18.6,16.3,86,0.0,7,1014.2,2.38,4.33,352,5.0,0.0,0.0,0.0,0.0,0.0,0.0,0.29,0.01,21.8,25.6,21.1,15.0,0.101,0.149,0.177,0.26,-0.01,2026-07-20 04:00:00+02:00
2026-07-20 03:00:00+00:00,17.9,15.6,86,0.0,8,1015.1,3.25,5.94,359,6.3,0.0,0.0,0.0,0.0,0.0,0.0,0.28,0.02,21.2,25.4,21.1,15.0,0.101,0.149,0.177,0.26,-0.02,2026-07-20 05:00:00+02:00
2026-07-20 04:00:00+00:00,18.2,14.9,81,0.0,0,1015.8,3.11,5.46,354,6.1,37.0,17.0,20.0,3447.15,0.0,0.0,0.39,0.03,20.8,25.2,21.1,15.0,0.101,0.149,0.177,0.26,-0.03,2026-07-20 06:00:00+02:00
2026-07-20 05:00:00+00:00,19.4,14.6,74,0.0,2,1016.2,3.41,5.0,357,7.3,166.0,109.0,57.0,3600.0,0.0,0.0,0.59,0.11,21.2,25.0,21.1,15.0,0.101,0.149,0.177,0.26,-0.11,2026-07-20 07:00:00+02:00
2026-07-20 06:00:00+00:00,20.3,14.3,68,0.0,99,1017.0,3.2,4.48,350,8.1,326.0,240.0,86.0,3600.0,0.0,0.0,0.75,0.2,22.1,24.7,21.0,15.0,0.102,0.148,0.177,0.26,-0.2,2026-07-20 08:00:00+02:00
2026-07-20 07:00:00+00:00,21.7,13.3,59,0.0,73,1017.1,3.21,4.46,356,7.9,434.0,238.0,196.0,3600.0,0.0,0.0,1.07,0.29,23.3,24.6,21.0,15.0,0.101,0.148,0.177,0.26,-0.29,2026-07-20 09:00:00+02:00
2026-07-20 08:00:00+00:00,23.0,11.9,50,0.0,38,1017.4,2.87,3.82,354,7.9,535.0,308.0,227.0,3600.0,0.0,0.0,1.41,0.37,24.7,24.5,21.0,15.0,0.1,0.148,0.177,0.259,-0.37,2026-07-20 10:00:00+02:00
2026-07-20 09:00:00+00:00,24.2,11.3,44,0.0,65,1017.5,1.9,2.48,325,7.4,622.0,372.0,250.0,3600.0,0.0,0.0,1.68,0.43,26.3,24.5,21.0,15.0,0.1,0.148,0.177,0.259,-0.43,2026-07-20 11:00:00+02:00
2026-07-20 10:00:00+00:00,24.6,11.2,43,0.0,80,1017.7,2.02,2.53,293,6.1,579.0,346.0,233.0,3600.0,0.0,0.0,1.77,0.42,27.4,24.6,21.0,15.0,0.099,0.148,0.177,0.259,-0.42,2026-07-20 12:00:00+02:00
2026-07-20 11:00:00+00:00,25.9,10.6,38,0.0,53,1017.1,2.5,3.2,269,7.1,713.0,426.0,287.0,3600.0,0.0,0.0,2.07,0.52,28.8,24.6,21.0,15.0,0.098,0.148,0.176,0.259,-0.52,2026-07-20 13:00:00+02:00
2026-07-20 12:00:00+00:00,27.1,11.0,37,0.0,10,1016.4,2.55,3.32,247,7.6,803.0,622.0,181.0,3600.0,0.0,0.0,2.27,0.58,31.6,25.1,21.1,15.0,0.103,0.148,0.176,0.259,-0.58,2026-07-20 14:00:00+02:00
2026-07-20 13:00:00+00:00,27.4,10.6,35,0.0,4,1016.2,2.84,3.78,244,7.9,804.0,682.0,122.0,3600.0,0.0,0.0,2.37,0.59,32.1,25.4,21.2,15.0,0.101,0.148,0.176,0.259,-0.59,2026-07-20 15:00:00+02:00
2026-07-20 14:00:00+00:00,27.8,9.6,32,0.0,12,1015.8,2.36,3.15,234,7.8,700.0,594.0,106.0,3600.0,0.0,0.0,2.53,0.52,32.3,25.6,21.2,15.1,0.1,0.148,0.176,0.259,-0.52,2026-07-20 16:00:00+02:00
2026-07-20 15:00:00+00:00,28.2,7.3,27,0.0,54,1015.4,2.13,2.91,240,6.7,564.0,469.0,95.0,3600.0,0.0,0.0,2.79,0.43,32.2,25.8,21.2,15.1,0.099,0.148,0.176,0.259,-0.43,2026-07-20 17:00:00+02:00
2026-07-20 16:00:00+00:00,27.9,5.1,23,0.0,16,1015.5,3.08,4.24,263,6.9,392.0,302.0,90.0,3600.0,0.0,0.0,2.88,0.35,31.4,25.9,21.2,15.1,0.098,0.148,0.176,0.259,-0.35,2026-07-20 18:00:00+02:00
2026-07-20 17:00:00+00:00,26.9,4.1,23,0.0,71,1015.2,3.26,5.07,275,7.4,222.0,158.0,64.0,3600.0,0.0,0.0,2.73,0.25,30.2,26.1,21.2,15.1,0.097,0.148,0.176,0.259,-0.25,2026-07-20 19:00:00+02:00
2026-07-20 18:00:00+00:00,25.3,2.3,22,0.0,2,1015.7,4.6,8.21,284,6.2,73.0,35.0,38.0,3600.0,0.0,0.0,2.5,0.22,28.8,26.2,21.3,15.1,0.087,0.148,0.176,0.259,-0.22,2026-07-20 20:00:00+02:00
2026-07-20 19:00:00+00:00,24.6,2.5,24,0.0,5,1016.2,5.09,8.96,293,9.7,2.0,1.0,1.0,0.0,0.0,0.0,2.36,0.21,27.5,26.2,21.3,15.1,0.087,0.148,0.176,0.259,-0.21,2026-07-20 21:00:00+02:00
2026-07-20 20:00:00+00:00,23.2,3.6,28,0.0,2,1016.7,3.6,6.83,299,9.6,0.0,0.0,0.0,0.0,0.0,0.0,2.04,0.13,26.3,26.2,21.3,15.1,0.087,0.148,0.176,0.259,-0.13,2026-07-20 22:00:00+02:00
2026-07-20 21:00:00+00:00,21.9,4.7,32,0.0,9,1017.2,3.06,6.08,298,6.5,0.0,0.0,0.0,0.0,0.0,0.0,1.78,0.1,25.1,26.1,21.3,15.1,0.087,0.148,0.176,0.259,-0.1,2026-07-20 23:00:00+02:00
2026-07-20 22:00:00+00:00,21.1,5.5,36,0.0,17,1017.4,2.51,5.19,305,5.3,0.0,0.0,0.0,0.0,0.0,0.0,1.59,0.08,24.1,26.0,21.3,15.1,0.087,0.148,0.176,0.259,-0.08,2026-07-21 00:00:00+02:00
2026-07-20 23:00:00+00:00,20.5,5.9,39,0.0,3,1017.3,2.5,4.87,327,4.2,0.0,0.0,0.0,0.0,0.0,0.0,1.48,0.07,23.2,25.8,21.3,15.1,0.087,0.148,0.176,0.259,-0.07,2026-07-21 01:00:00+02:00
2026-07-21 00:00:00+00:00,18.4,6.3,45,0.0,0,1017.4,1.35,3.43,285,4.2,0.0,0.0,0.0,0.0,0.0,0.0,1.16,0.03,21.8,25.1,20.4,15.1,0.093,0.148,0.176,0.259,-0.03,2026-07-21 02:00:00+02:00
2026-07-21 01:00:00+00:00,17.6,6.7,49,0.0,2,1017.2,1.77,3.11,292,2.9,0.0,0.0,0.0,0.0,0.0,0.0,1.03,0.04,20.8,24.8,20.4,15.1,0.093,0.148,0.176,0.259,-0.04,2026-07-21 03:00:00+02:00
2026-07-21 02:00:00+00:00,16.9,7.2,53,0.0,1,1017.3,2.15,3.48,298,3.6,0.0,0.0,0.0,0.0,0.0,0.0,0.91,0.04,20.1,24.6,20.4,15.1,0.093,0.148,0.176,0.259,-0.04,2026-07-21 04:00:00+02:00
2026-07-21 03:00:00+00:00,16.1,7.7,58,0.0,8,1017.6,1.74,2.84,321,3.6,0.0,0.0,0.0,0.0,0.0,0.0,0.77,0.03,19.4,24.4,20.4,15.1,0.093,0.148,0.176,0.259,-0.03,2026-07-21 05:00:00+02:00
2026-07-21 04:00:00+00:00,16.8,8.3,57,0.0,23,1017.9,1.57,2.38,338,2.8,37.0,18.0,19.0,3383.32,0.0,0.0,0.82,0.04,19.1,24.1,20.4,15.1,0.093,0.148,0.176,0.259,-0.04,2026-07-21 06:00:00+02:00
2026-07-21 05:00:00+00:00,19.1,8.9,52,0.0,0,1018.0,1.03,2.25,346,3.1,158.0,96.0,62.0,3600.0,0.0,0.0,1.07,0.09,19.7,23.9,20.4,15.1,0.092,0.148,0.176,0.259,-0.09,2026-07-21 07:00:00+02:00
2026-07-21 06:00:00+00:00,21.1,9.4,47,0.0,4,1018.5,0.29,0.67,239,3.1,335.0,256.0,79.0,3600.0,0.0,0.0,1.32,0.19,21.3,23.6,20.3,15.1,0.092,0.148,0.176,0.259,-0.19,2026-07-21 08:00:00+02:00
2026-07-21 07:00:00+00:00,24.0,6.5,32,0.0,1,1018.2,1.43,1.96,282,4.8,502.0,404.0,98.0,3600.0,0.0,0.0,2.01,0.34,23.4,23.5,20.3,15.1,0.092,0.148,0.176,0.259,-0.34,2026-07-21 09:00:00+02:00
2026-07-21 08:00:00+00:00,25.0,4.7,27,0.0,12,1018.1,2.48,3.34,298,7.0,660.0,558.0,102.0,3600.0,0.0,0.0,2.31,0.47,25.6,23.5,20.4,15.1,0.092,0.148,0.176,0.259,-0.47,2026-07-21 10:00:00+02:00
2026-07-21 09:00:00+00:00,25.8,5.1,26,0.0,4,1017.7,2.57,3.43,277,7.4,783.0,672.0,111.0,3600.0,0.0,0.0,2.44,0.56,27.6,23.6,20.4,15.1,0.092,0.148,0.176,0.259,-0.56,2026-07-21 11:00:00+02:00
2026-07-21 10:00:00+00:00,26.8,4.5,24,0.0,0,1017.2,3.62,4.81,264,9.2,868.0,758.0,110.0,3600.0,0.0,0.0,2.67,0.64,29.4,23.7,20.4,15.1,0.092,0.148,0.176,0.259,-0.64,2026-07-21 12:00:00+02:00
2026-07-21 11:00:00+00:00,27.4,3.5,22,0.0,1,1016.7,4.35,5.9,271,10.7,902.0,791.0,111.0,3600.0,0.0,0.0,2.85,0.69,30.7,24.0,20.4,15.1,0.092,0.148,0.176,0.259,-0.69,2026-07-21 13:00:00+02:00
2026-07-21 12:00:00+00:00,28.2,3.6,21,0.0,0,1016.0,4.12,5.64,276,10.7,882.0,773.0,109.0,3600.0,0.0,0.0,3.03,0.69,31.8,24.3,20.6,15.2,0.088,0.148,0.176,0.259,-0.69,2026-07-21 14:00:00+02:00
2026-07-21 13:00:00+00:00,28.3,3.3,20,0.0,0,1015.3,4.0,5.46,273,10.3,817.0,712.0,105.0,3600.0,0.0,0.0,3.06,0.65,32.5,24.5,20.6,15.2,0.088,0.148,0.175,0.259,-0.65,2026-07-21 15:00:00+02:00
2026-07-21 14:00:00+00:00,28.3,3.3,20,0.0,5,1015.1,3.92,5.27,275,9.9,707.0,608.0,99.0,3600.0,0.0,0.0,3.07,0.58,32.7,24.8,20.6,15.2,0.088,0.148,0.175,0.259,-0.58,2026-07-21 16:00:00+02:00
2026-07-21 15:00:00+00:00,28.1,3.4,21,0.0,93,1015.1,3.56,4.86,266,9.5,563.0,472.0,91.0,3600.0,0.0,0.0,3.01,0.47,32.4,25.0,20.6,15.2,0.087,0.148,0.175,0.259,-0.47,2026-07-21 17:00:00+02:00
2026-07-21 16:00:00+00:00,27.4,3.2,21,0.0,97,1015.1,3.91,5.5,251,8.8,350.0,204.0,146.0,3600.0,0.0,0.0,2.88,0.36,31.6,25.2,20.6,15.2,0.087,0.148,0.175,0.259,-0.36,2026-07-21 18:00:00+02:00
2026-07-21 17:00:00+00:00,26.1,3.2,23,0.0,94,1015.0,3.95,6.0,271,9.0,178.0,72.0,106.0,3600.0,0.0,0.0,2.61,0.26,30.2,25.4,20.6,15.2,0.087,0.148,0.175,0.259,-0.26,2026-07-21 19:00:00+02:00
2026-07-21 18:00:00+00:00,24.7,4.6,27,0.0,99,1014.9,4.83,8.5,254,8.3,59.0,14.0,45.0,1692.61,0.0,0.0,2.26,0.21,28.7,25.5,20.7,15.2,0.081,0.148,0.175,0.259,-0.21,2026-07-21 20:00:00+02:00
2026-07-21 19:00:00+00:00,23.7,5.5,31,0.0,38,1015.2,3.45,5.91,287,9.8,2.0,0.0,2.0,0.0,0.0,0.0,2.02,0.13,27.3,25.5,20.7,15.2,0.081,0.148,0.175,0.259,-0.13,2026-07-21 21:00:00+02:00
2026-07-21 20:00:00+00:00,21.6,7.8,41,0.0,23,1015.5,5.22,8.81,32,9.7,0.0,0.0,0.0,0.0,0.0,0.0,1.53,0.14,25.9,25.5,20.7,15.2,0.081,0.148,0.175,0.259,-0.14,2026-07-21 22:00:00+02:00
2026-07-21 21:00:00+00:00,20.4,9.2,49,0.0,14,1016.0,4.6,7.9,22,10.0,0.0,0.0,0.0,0.0,0.0,0.0,1.23,0.11,24.7,25.4,20.7,15.2,0.081,0.148,0.175,0.259,-0.11,2026-07-21 23:00:00+02:00
2026-07-21 22:00:00+00:00,19.4,10.1,55,0.0,7,1016.3,4.56,7.81,21,8.9,0.0,0.0,0.0,0.0,0.0,0.0,1.02,0.09,23.6,25.3,20.7,15.2,0.081,0.148,0.175,0.259,-0.09,2026-07-22 00:00:00+02:00
2026-07-21 23:00:00+00:00,18.6,10.2,58,0.0,9,1016.5,4.46,7.67,16,8.8,0.0,0.0,0.0,0.0,0.0,0.0,0.9,0.08,22.6,25.1,20.7,15.2,0.081,0.148,0.175,0.259,-0.08,2026-07-22 01:00:00+02:00
2026-07-22 00:00:00+00:00,17.9,9.5,58,0.0,3,1016.0,5.15,8.86,14,8.8,0.0,0.0,0.0,0.0,0.0,0.0,0.86,0.09,21.6,24.9,20.7,15.2,0.091,0.148,0.175,0.258,-0.09,2026-07-22 02:00:00+02:00
2026-07-22 01:00:00+00:00,17.5,9.3,59,0.0,21,1015.7,5.59,9.51,13,10.9,0.0,0.0,0.0,0.0,0.0,0.0,0.83,0.09,20.9,24.7,20.7,15.2,0.091,0.148,0.175,0.258,-0.09,2026-07-22 03:00:00+02:00
2026-07-22 02:00:00+00:00,17.0,9.6,62,0.0,55,1015.7,5.14,8.85,11,10.9,0.0,0.0,0.0,0.0,0.0,0.0,0.74,0.08,20.3,24.5,20.7,15.2,0.091,0.148,0.175,0.258,-0.08,2026-07-22 04:00:00+02:00
2026-07-22 03:00:00+00:00,16.9,10.1,64,0.0,93,1015.7,4.55,7.74,12,9.9,0.0,0.0,0.0,0.0,0.0,0.0,0.69,0.07,19.9,24.3,20.7,15.2,0.091,0.148,0.175,0.258,-0.07,2026-07-22 05:00:00+02:00
2026-07-22 04:00:00+00:00,17.0,10.5,66,0.0,63,1016.1,4.58,7.35,11,9.2,23.0,7.0,16.0,1029.21,0.0,0.0,0.66,0.08,19.7,24.1,20.7,15.2,0.091,0.148,0.175,0.258,-0.08,2026-07-22 06:00:00+02:00
2026-07-22 05:00:00+00:00,17.3,10.9,66,0.0,59,1016.4,4.24,6.45,12,9.2,106.0,42.0,64.0,3600.0,0.0,0.0,0.67,0.11,19.8,23.8,20.7,15.2,0.091,0.148,0.175,0.258,-0.11,2026-07-22 07:00:00+02:00
2026-07-22 06:00:00+00:00,18.5,10.7,60,0.0,74,1016.3,5.13,7.64,15,10.0,214.0,104.0,110.0,3600.0,0.0,0.0,0.84,0.18,20.3,23.6,20.7,15.2,0.091,0.148,0.175,0.258,-0.18,2026-07-22 08:00:00+02:00
2026-07-22 07:00:00+00:00,19.4,10.0,55,0.0,100,1016.2,4.81,7.01,19,11.0,247.0,89.0,158.0,3081.87,0.0,0.0,1.02,0.22,21.0,23.4,20.7,15.2,0.091,0.148,0.175,0.258,-0.22,2026-07-22 09:00:00+02:00
2026-07-22 08:00:00+00:00,19.7,9.5,52,0.0,100,1016.4,3.91,5.74,10,10.4,138.0,0.0,138.0,0.0,0.0,0.0,1.1,0.18,21.2,23.3,20.7,15.2,0.091,0.148,0.175,0.258,-0.18,2026-07-22 10:00:00+02:00
2026-07-22 09:00:00+00:00,21.1,8.9,46,0.0,92,1016.6,3.56,5.07,4,8.5,248.0,28.0,220.0,0.0,0.0,0.0,1.35,0.24,22.0,23.2,20.7,15.2,0.091,0.148,0.175,0.258,-0.24,2026-07-22 11:00:00+02:00
2026-07-22 10:00:00+00:00,23.1,8.1,38,0.0,42,1016.2,3.51,4.81,356,8.8,577.0,344.0,233.0,3600.0,0.0,0.0,1.74,0.43,23.9,23.1,20.7,15.2,0.091,0.148,0.175,0.258,-0.43,2026-07-22 12:00:00+02:00
2026-07-22 11:00:00+00:00,23.5,7.7,36,0.0,31,1016.0,3.86,5.22,341,9.4,620.0,399.0,221.0,3600.0,0.0,0.0,1.84,0.47,25.5,23.2,20.7,15.2,0.092,0.148,0.175,0.258,-0.47,2026-07-22 13:00:00+02:00
2026-07-22 12:00:00+00:00,23.3,8.0,38,0.0,51,1015.9,3.35,4.61,357,9.7,729.0,545.0,184.0,3600.0,0.0,0.0,1.78,0.51,27.5,23.2,20.6,15.2,0.091,0.148,0.175,0.258,-0.51,2026-07-22 14:00:00+02:00
2026-07-22 13:00:00+00:00,24.1,7.5,35,0.1,38,1015.6,3.2,4.31,346,8.4,615.0,446.0,169.0,3600.0,0.1,0.0,1.96,0.46,28.1,23.4,20.6,15.2,0.093,0.148,0.175,0.258,-0.36,2026-07-22 15:00:00+02:00
2026-07-22 14:00:00+00:00,24.7,5.9,30,0.0,22,1015.3,2.82,3.84,340,8.2,593.0,467.0,126.0,3600.0,0.0,0.0,2.18,0.44,28.6,23.6,20.6,15.3,0.093,0.148,0.175,0.258,-0.44,2026-07-22 16:00:00+02:00
2026-07-22 15:00:00+00:00,24.8,4.4,27,0.0,26,1015.0,2.8,3.76,357,7.4,446.0,333.0,113.0,3600.0,0.0,0.0,2.29,0.36,28.5,23.7,20.6,15.3,0.093,0.148,0.175,0.258,-0.36,2026-07-22 17:00:00+02:00
2026-07-22 16:00:00+00:00,24.4,2.6,24,0.0,15,1015.1,3.07,4.2,16,7.3,342.0,247.0,95.0,3600.0,0.0,0.0,2.32,0.3,28.1,23.8,20.6,15.3,0.092,0.148,0.175,0.258,-0.3,2026-07-22 18:00:00+02:00
2026-07-22 17:00:00+00:00,23.7,2.3,25,0.0,10,1014.9,2.8,3.89,27,7.2,206.0,140.0,66.0,3600.0,0.0,0.0,2.2,0.21,27.2,23.9,20.6,15.3,0.092,0.148,0.175,0.258,-0.21,2026-07-22 19:00:00+02:00
2026-07-22 18:00:00+00:00,22.2,3.3,29,0.0,24,1015.2,3.58,6.14,41,6.0,66.0,35.0,31.0,3600.0,0.0,0.0,1.9,0.16,26.0,24.1,20.7,15.3,0.092,0.148,0.175,0.258,-0.16,2026-07-22 20:00:00+02:00
2026-07-22 19:00:00+00:00,21.3,3.3,31,0.0,31,1015.6,2.55,4.95,50,6.6,2.0,0.0,2.0,0.0,0.0,0.0,1.75,0.09,24.7,24.1,20.7,15.3,0.092,0.148,0.175,0.258,-0.09,2026-07-22 21:00:00+02:00
2026-07-22 20:00:00+00:00,20.3,3.6,33,0.0,33,1015.6,2.12,3.87,45,4.4,0.0,0.0,0.0,0.0,0.0,0.0,1.59,0.06,23.4,24.0,20.7,15.3,0.092,0.148,0.175,0.258,-0.06,2026-07-22 22:00:00+02:00
2026-07-22 21:00:00+00:00,19.7,3.6,34,0.0,64,1015.6,1.9,3.45,27,3.6,0.0,0.0,0.0,0.0,0.0,0.0,1.5,0.05,22.3,23.9,20.7,15.3,0.092,0.148,0.175,0.258,-0.05,2026-07-22 23:00:00+02:00
2026-07-22 22:00:00+00:00,19.5,3.4,34,0.0,88,1015.6,2.18,3.61,37,3.7,0.0,0.0,0.0,0.0,0.0,0.0,1.49,0.06,21.5,23.8,20.7,15.3,0.092,0.148,0.175,0.258,-0.06,2026-07-23 00:00:00+02:00
2026-07-22 23:00:00+00:00,18.6,3.5,37,0.0,44,1015.4,2.42,4.21,60,4.1,0.0,0.0,0.0,0.0,0.0,0.0,1.35,0.07,20.8,23.6,20.7,15.3,0.092,0.148,0.175,0.258,-0.07,2026-07-23 01:00:00+02:00
2026-07-23 00:00:00+00:00,17.1,4.3,43,0.0,73,1015.3,1.99,4.18,78,4.2,0.0,0.0,0.0,0.0,0.0,0.0,1.11,0.05,19.2,22.8,20.1,15.3,0.091,0.148,0.175,0.258,-0.05,2026-07-23 02:00:00+02:00
2026-07-23 01:00:00+00:00,16.8,4.5,44,0.0,37,1014.7,2.09,4.12,130,3.6,0.0,0.0,0.0,0.0,0.0,0.0,1.07,0.05,18.9,22.6,20.1,15.3,0.091,0.148,0.175,0.258,-0.05,2026-07-23 03:00:00+02:00
2026-07-23 02:00:00+00:00,15.4,4.9,49,0.0,49,1014.1,2.44,4.85,145,4.2,0.0,0.0,0.0,0.0,0.0,0.0,0.89,0.05,18.3,22.5,20.1,15.3,0.091,0.148,0.175,0.258,-0.05,2026-07-23 04:00:00+02:00
2026-07-23 03:00:00+00:00,15.1,5.2,52,0.0,45,1014.0,1.95,4.44,130,4.2,0.0,0.0,0.0,0.0,0.0,0.0,0.83,0.04,17.7,22.2,20.1,15.3,0.091,0.148,0.175,0.258,-0.04,2026-07-23 05:00:00+02:00
2026-07-23 04:00:00+00:00,15.3,5.7,53,0.0,44,1014.3,0.74,1.12,42,3.2,31.0,12.0,19.0,2971.53,0.0,0.0,0.82,0.02,17.4,22.1,20.1,15.3,0.091,0.148,0.175,0.258,-0.02,2026-07-23 06:00:00+02:00
2026-07-23 05:00:00+00:00,17.3,6.0,47,0.0,20,1014.3,0.72,0.87,124,2.6,146.0,75.0,71.0,3600.0,0.0,0.0,1.04,0.08,18.1,21.8,20.1,15.3,0.091,0.148,0.175,0.258,-0.08,2026-07-23 07:00:00+02:00
2026-07-23 06:00:00+00:00,18.9,6.7,45,0.0,38,1014.2,1.66,2.35,151,5.1,326.0,245.0,81.0,3600.0,0.0,0.0,1.2,0.2,18.9,21.4,19.8,15.3,0.091,0.148,0.175,0.258,-0.2,2026-07-23 08:00:00+02:00
2026-07-23 07:00:00+00:00,20.6,8.4,45,0.0,48,1013.8,1.83,2.53,169,5.4,399.0,272.0,127.0,3600.0,0.0,0.0,1.32,0.27,20.6,21.4,19.8,15.3,0.091,0.148,0.175,0.258,-0.27,2026-07-23 09:00:00+02:00
2026-07-23 08:00:00+00:00,23.3,8.9,40,0.0,91,1013.5,2.5,3.35,196,7.0,622.0,463.0,159.0,3600.0,0.0,0.0,1.72,0.42,23.0,21.4,19.8,15.3,0.091,0.148,0.175,0.258,-0.42,2026-07-23 10:00:00+02:00
2026-07-23 09:00:00+00:00,24.0,7.8,36,0.0,63,1013.3,3.15,4.17,223,8.1,508.0,201.0,307.0,3600.0,0.0,0.0,1.92,0.4,24.5,21.4,19.8,15.3,0.091,0.148,0.174,0.258,-0.4,2026-07-23 11:00:00+02:00
2026-07-23 10:00:00+00:00,25.2,7.3,32,0.0,46,1012.9,3.69,4.97,245,9.3,647.0,423.0,224.0,3600.0,0.0,0.0,2.18,0.5,26.1,21.6,19.8,15.3,0.091,0.148,0.174,0.258,-0.5,2026-07-23 12:00:00+02:00
2026-07-23 11:00:00+00:00,26.0,7.4,31,0.0,12,1012.0,4.31,5.84,255,10.6,800.0,600.0,200.0,3600.0,0.0,0.0,2.33,0.6,27.8,21.7,19.8,15.3,0.091,0.148,0.174,0.258,-0.6,2026-07-23 13:00:00+02:00
2026-07-23 12:00:00+00:00,25.4,6.7,30,0.0,63,1011.7,5.39,7.31,251,11.8,838.0,700.0,138.0,3600.0,0.0,0.0,2.25,0.62,28.2,22.2,20.2,15.3,0.093,0.148,0.174,0.258,-0.62,2026-07-23 14:00:00+02:00
2026-07-23 13:00:00+00:00,25.0,7.3,32,0.0,45,1011.3,5.01,6.9,258,12.6,648.0,476.0,172.0,3600.0,0.0,0.0,2.14,0.51,28.5,22.4,20.2,15.3,0.093,0.148,0.174,0.258,-0.51,2026-07-23 15:00:00+02:00
2026-07-23 14:00:00+00:00,23.7,8.5,38,0.2,93,1011.1,6.09,8.46,251,13.3,573.0,397.0,176.0,3600.0,0.2,0.0,1.82,0.45,28.5,22.6,20.2,15.3,0.094,0.148,0.174,0.258,-0.25,2026-07-23 16:00:00+02:00
2026-07-23 15:00:00+00:00,23.0,9.6,43,0.2,44,1011.1,4.81,6.84,253,13.4,391.0,220.0,171.0,3600.0,0.2,0.0,1.61,0.33,27.6,22.8,20.2,15.3,0.096,0.148,0.174,0.258,-0.13,2026-07-23 17:00:00+02:00
2026-07-23 16:00:00+00:00,21.7,9.9,47,0.3,23,1011.1,3.87,5.6,250,11.5,307.0,181.0,126.0,3600.0,0.3,0.0,1.38,0.25,26.6,22.9,20.2,15.3,0.1,0.148,0.174,0.258,0.04999999999999999,2026-07-23 18:00:00+02:00
2026-07-23 17:00:00+00:00,22.4,9.5,44,0.0,20,1010.3,2.57,3.96,233,8.4,192.0,128.0,64.0,3600.0,0.0,0.0,1.53,0.17,25.6,23.0,20.2,15.4,0.099,0.148,0.174,0.258,-0.17,2026-07-23 19:00:00+02:00
2026-07-23 18:00:00+00:00,19.5,10.2,55,0.0,17,1011.5,2.7,4.73,19,5.4,64.0,32.0,32.0,3600.0,0.0,0.0,1.02,0.08,23.7,22.8,20.2,15.4,0.098,0.148,0.174,0.258,-0.08,2026-07-23 20:00:00+02:00
2026-07-23 19:00:00+00:00,18.3,10.1,59,0.0,13,1012.0,1.84,3.8,13,4.9,1.0,0.0,1.0,0.0,0.0,0.0,0.87,0.05,22.2,22.8,20.2,15.4,0.098,0.148,0.174,0.258,-0.05,2026-07-23 21:00:00+02:00
2026-07-23 20:00:00+00:00,17.5,10.0,61,0.0,9,1012.4,2.6,4.85,30,4.2,0.0,0.0,0.0,0.0,0.0,0.0,0.78,0.04,21.1,22.7,20.2,15.4,0.098,0.148,0.174,0.258,-0.04,2026-07-23 22:00:00+02:00
2026-07-23 21:00:00+00:00,16.6,10.8,69,0.0,23,1012.5,2.87,5.44,41,5.5,0.0,0.0,0.0,0.0,0.0,0.0,0.59,0.04,20.1,22.6,20.2,15.4,0.098,0.148,0.174,0.258,-0.04,2026-07-23 23:00:00+02:00
2026-07-23 22:00:00+00:00,15.9,11.2,74,0.0,11,1012.5,2.09,4.39,46,5.2,0.0,0.0,0.0,0.0,0.0,0.0,0.48,0.02,19.3,22.4,20.2,15.4,0.098,0.148,0.174,0.258,-0.02,2026-07-24 00:00:00+02:00
2026-07-23 23:00:00+00:00,15.0,11.2,78,0.0,6,1012.5,1.55,3.82,57,3.5,0.0,0.0,0.0,0.0,0.0,0.0,0.38,0.01,18.4,22.3,20.2,15.4,0.098,0.148,0.174,0.258,-0.01,2026-07-24 01:00:00+02:00
2026-07-24 00:00:00+00:00,13.1,11.2,89,0.0,13,1012.6,1.52,3.47,67,2.6,0.0,0.0,0.0,0.0,0.0,0.0,0.17,0.0,17.0,21.4,19.7,15.4,0.13,0.148,0.174,0.258,0.0,2026-07-24 02:00:00+02:00
2026-07-24 01:00:00+00:00,12.9,11.1,89,0.0,4,1012.6,1.7,3.96,45,2.6,0.0,0.0,0.0,0.0,0.0,0.0,0.16,0.0,16.3,21.1,19.7,15.4,0.13,0.148,0.174,0.258,0.0,2026-07-24 03:00:00+02:00
2026-07-24 02:00:00+00:00,13.2,10.6,84,0.0,20,1012.8,2.55,5.2,45,4.1,0.0,0.0,0.0,0.0,0.0,0.0,0.24,0.01,15.8,20.9,19.7,15.4,0.129,0.148,0.174,0.258,-0.01,2026-07-24 04:00:00+02:00
2026-07-24 03:00:00+00:00,13.3,10.3,82,0.0,13,1012.8,2.67,5.69,52,4.8,0.0,0.0,0.0,0.0,0.0,0.0,0.27,0.02,15.4,20.6,19.7,15.4,0.129,0.148,0.174,0.258,-0.02,2026-07-24 05:00:00+02:00
2026-07-24 04:00:00+00:00,13.7,10.4,80,0.0,8,1013.1,2.16,4.65,34,4.7,31.0,13.0,18.0,3184.15,0.0,0.0,0.31,0.02,15.3,20.4,19.7,15.4,0.129,0.148,0.174,0.258,-0.02,2026-07-24 06:00:00+02:00
2026-07-24 05:00:00+00:00,15.2,10.8,75,0.0,12,1013.3,1.58,2.51,349,3.8,152.0,91.0,61.0,3600.0,0.0,0.0,0.44,0.08,16.0,20.2,19.7,15.4,0.129,0.148,0.174,0.258,-0.08,2026-07-24 07:00:00+02:00
2026-07-24 06:00:00+00:00,16.4,11.1,71,0.0,47,1013.6,1.57,2.03,333,5.3,311.0,220.0,91.0,3600.0,0.0,0.0,0.55,0.16,16.9,19.8,19.5,15.4,0.132,0.148,0.174,0.258,-0.16,2026-07-24 08:00:00+02:00
2026-07-24 07:00:00+00:00,18.0,11.1,64,0.0,99,1013.9,1.94,2.62,342,5.5,435.0,269.0,166.0,3600.0,0.0,0.0,0.74,0.25,18.4,19.7,19.5,15.4,0.131,0.148,0.174,0.258,-0.25,2026-07-24 09:00:00+02:00
2026-07-24 08:00:00+00:00,19.1,10.7,58,0.0,32,1013.9,2.51,3.38,329,8.1,439.0,185.0,254.0,3600.0,0.0,0.0,0.92,0.28,19.7,19.6,19.4,15.4,0.129,0.148,0.174,0.258,-0.28,2026-07-24 10:00:00+02:00
2026-07-24 09:00:00+00:00,20.6,10.0,51,0.0,8,1013.7,3.22,4.38,330,8.9,605.0,380.0,225.0,3600.0,0.0,0.0,1.19,0.39,21.2,19.7,19.4,15.4,0.128,0.148,0.174,0.258,-0.39,2026-07-24 11:00:00+02:00
2026-07-24 10:00:00+00:00,21.9,9.8,46,0.0,48,1013.4,3.31,4.43,340,8.9,814.0,682.0,132.0,3600.0,0.0,0.0,1.41,0.52,22.8,19.8,19.4,15.4,0.125,0.148,0.174,0.258,-0.52,2026-07-24 12:00:00+02:00
2026-07-24 11:00:00+00:00,22.1,9.6,45,0.0,28,1012.9,3.06,4.06,334,8.7,656.0,454.0,202.0,3600.0,0.0,0.0,1.46,0.44,23.7,19.9,19.4,15.4,0.124,0.148,0.174,0.258,-0.44,2026-07-24 13:00:00+02:00
2026-07-24 12:00:00+00:00,22.6,9.7,44,0.0,21,1013.0,3.25,4.35,358,8.0,628.0,372.0,256.0,3600.0,0.0,0.0,1.54,0.44,24.1,19.8,19.5,15.4,0.132,0.148,0.174,0.258,-0.44,2026-07-24 14:00:00+02:00
2026-07-24 13:00:00+00:00,22.5,9.8,44,0.1,40,1012.7,3.39,4.55,344,8.3,682.0,486.0,196.0,3600.0,0.1,0.0,1.52,0.46,24.7,20.0,19.5,15.4,0.131,0.148,0.174,0.258,-0.36,2026-07-24 15:00:00+02:00
2026-07-24 14:00:00+00:00,21.4,9.7,47,0.2,23,1012.8,3.91,5.27,356,9.4,603.0,481.0,122.0,3600.0,0.2,0.0,1.34,0.4,24.7,20.2,19.5,15.4,0.13,0.148,0.174,0.258,-0.2,2026-07-24 16:00:00+02:00
2026-07-24 15:00:00+00:00,21.6,9.3,45,0.1,7,1012.8,3.3,4.59,350,9.1,478.0,365.0,113.0,3600.0,0.1,0.0,1.4,0.33,24.4,20.4,19.5,15.4,0.129,0.148,0.174,0.257,-0.23,2026-07-24 17:00:00+02:00
2026-07-24 16:00:00+00:00,21.8,8.3,42,0.0,5,1012.7,3.26,4.63,342,8.4,349.0,263.0,86.0,3600.0,0.0,0.0,1.51,0.27,23.9,20.5,19.5,15.4,0.128,0.148,0.174,0.257,-0.27,2026-07-24 18:00:00+02:00
2026-07-24 17:00:00+00:00,21.1,8.3,44,0.0,4,1012.5,2.93,4.57,346,7.2,201.0,136.0,65.0,3600.0,0.0,0.0,1.41,0.17,23.0,20.6,19.5,15.4,0.127,0.148,0.174,0.257,-0.17,2026-07-24 19:00:00+02:00
2026-07-24 18:00:00+00:00,19.2,9.4,53,0.0,13,1013.0,2.21,4.7,347,5.7,64.0,34.0,30.0,3600.0,0.0,0.0,1.05,0.07,21.9,20.8,19.5,15.4,0.118,0.148,0.174,0.257,-0.07,2026-07-24 20:00:00+02:00
2026-07-24 19:00:00+00:00,17.8,9.9,60,0.0,11,1013.7,2.07,4.55,8,3.7,1.0,0.0,1.0,0.0,0.0,0.0,0.82,0.04,20.5,20.8,19.5,15.4,0.117,0.148,0.174,0.257,-0.04,2026-07-24 21:00:00+02:00
2026-07-24 20:00:00+00:00,16.9,10.1,64,0.0,4,1014.2,2.47,5.25,14,4.1,0.0,0.0,0.0,0.0,0.0,0.0,0.69,0.04,19.4,20.7,19.5,15.4,0.117,0.148,0.174,0.257,-0.04,2026-07-24 22:00:00+02:00
2026-07-24 21:00:00+00:00,16.4,10.1,67,0.0,2,1014.5,2.72,5.87,7,4.8,0.0,0.0,0.0,0.0,0.0,0.0,0.62,0.04,18.6,20.6,19.5,15.4,0.117,0.148,0.174,0.257,-0.04,2026-07-24 23:00:00+02:00
2026-07-24 22:00:00+00:00,15.8,10.5,71,0.0,2,1014.7,2.6,5.66,359,4.7,0.0,0.0,0.0,0.0,0.0,0.0,0.52,0.03,17.8,20.5,19.5,15.4,0.116,0.148,0.174,0.257,-0.03,2026-07-25 00:00:00+02:00
2026-07-24 23:00:00+00:00,15.1,10.7,75,0.0,1,1014.6,2.68,5.77,351,4.7,0.0,0.0,0.0,0.0,0.0,0.0,0.42,0.02,17.2,20.4,19.5,15.4,0.116,0.148,0.174,0.257,-0.02,2026-07-25 01:00:00+02:00
2026-07-25 00:00:00+00:00,13.6,10.0,79,0.0,1,1014.7,2.23,4.95,351,4.7,0.0,0.0,0.0,0.0,0.0,0.0,0.33,0.02,16.0,19.4,19.4,15.4,0.137,0.148,0.174,0.257,-0.02,2026-07-25 02:00:00+02:00
2026-07-25 01:00:00+00:00,13.2,10.1,81,0.0,0,1014.4,2.27,4.91,352,3.9,0.0,0.0,0.0,0.0,0.0,0.0,0.28,0.01,15.4,19.2,19.4,15.5,0.137,0.148,0.174,0.257,-0.01,2026-07-25 03:00:00+02:00
2026-07-25 02:00:00+00:00,12.9,10.1,83,0.0,1,1014.4,2.21,4.89,355,3.9,0.0,0.0,0.0,0.0,0.0,0.0,0.25,0.01,14.9,19.0,19.4,15.5,0.137,0.148,0.174,0.257,-0.01,2026-07-25 04:00:00+02:00
2026-07-25 03:00:00+00:00,12.6,10.1,85,0.0,2,1014.5,2.06,4.62,354,3.7,0.0,0.0,0.0,0.0,0.0,0.0,0.22,0.01,14.5,18.8,19.4,15.5,0.137,0.148,0.174,0.257,-0.01,2026-07-25 05:00:00+02:00
2026-07-25 04:00:00+00:00,13.3,10.4,83,0.0,12,1014.8,1.97,4.09,353,3.4,31.0,14.0,17.0,3115.15,0.0,0.0,0.27,0.02,14.4,18.7,19.4,15.5,0.136,0.148,0.174,0.257,-0.02,2026-07-25 06:00:00+02:00
2026-07-25 05:00:00+00:00,15.4,11.0,75,0.0,50,1014.9,1.43,3.63,348,3.5,155.0,98.0,57.0,3600.0,0.0,0.0,0.44,0.08,15.1,18.5,19.3,15.5,0.136,0.148,0.174,0.257,-0.08,2026-07-25 07:00:00+02:00
2026-07-25 06:00:00+00:00,17.3,11.2,67,0.0,13,1014.9,1.1,1.7,336,4.2,297.0,197.0,100.0,3600.0,0.0,0.0,0.64,0.16,16.6,18.5,19.3,15.5,0.131,0.148,0.174,0.257,-0.16,2026-07-25 08:00:00+02:00
2026-07-25 07:00:00+00:00,19.6,11.5,59,0.0,8,1014.9,1.53,2.08,328,4.7,484.0,384.0,100.0,3600.0,0.0,0.0,0.92,0.29,18.4,18.5,19.3,15.5,0.129,0.148,0.174,0.257,-0.29,2026-07-25 09:00:00+02:00
2026-07-25 08:00:00+00:00,21.1,10.7,52,0.0,45,1014.9,2.15,2.86,338,6.1,635.0,525.0,110.0,3600.0,0.0,0.0,1.21,0.39,20.4,18.6,19.3,15.5,0.128,0.148,0.174,0.257,-0.39,2026-07-25 10:00:00+02:00
2026-07-25 09:00:00+00:00,22.0,10.1,47,0.1,35,1014.6,2.29,3.04,344,6.5,692.0,541.0,151.0,3600.0,0.1,0.0,1.41,0.45,22.0,18.7,19.3,15.5,0.127,0.148,0.174,0.257,-0.35,2026-07-25 11:00:00+02:00
2026-07-25 10:00:00+00:00,23.4,9.8,42,0.0,26,1014.1,2.21,2.91,347,6.6,809.0,670.0,139.0,3600.0,0.0,0.0,1.67,0.53,23.7,18.9,19.3,15.5,0.125,0.148,0.174,0.257,-0.53,2026-07-25 12:00:00+02:00
2026-07-25 11:00:00+00:00,24.0,9.5,40,0.0,19,1013.7,2.06,2.66,337,6.5,793.0,635.0,158.0,3600.0,0.0,0.0,1.79,0.54,25.0,19.1,19.3,15.5,0.122,0.148,0.174,0.257,-0.54,2026-07-25 13:00:00+02:00
2026-07-25 12:00:00+00:00,24.7,9.3,38,0.0,27,1013.1,2.06,2.63,319,6.2,748.0,569.0,179.0,3600.0,0.0,0.0,1.94,0.52,26.1,19.5,19.4,15.5,0.115,0.148,0.173,0.257,-0.52,2026-07-25 14:00:00+02:00
2026-07-25 13:00:00+00:00,25.1,8.8,36,0.0,35,1012.7,1.87,2.41,316,6.0,704.0,531.0,173.0,3600.0,0.0,0.0,2.05,0.49,26.9,19.8,19.4,15.5,0.114,0.148,0.173,0.257,-0.49,2026-07-25 15:00:00+02:00
2026-07-25 14:00:00+00:00,25.3,8.9,35,0.0,18,1012.5,1.71,2.2,308,5.7,568.0,413.0,155.0,3600.0,0.0,0.0,2.09,0.41,27.1,20.1,19.4,15.5,0.112,0.148,0.173,0.257,-0.41,2026-07-25 16:00:00+02:00
2026-07-25 15:00:00+00:00,25.2,8.6,35,0.0,22,1012.2,1.17,1.57,290,5.2,450.0,295.0,155.0,3600.0,0.0,0.0,2.08,0.32,27.1,20.4,19.4,15.5,0.11,0.148,0.173,0.257,-0.32,2026-07-25 17:00:00+02:00
2026-07-25 16:00:00+00:00,25.0,8.0,34,0.0,70,1011.9,0.47,0.58,212,3.9,321.0,204.0,117.0,3600.0,0.0,0.0,2.09,0.2,26.6,20.6,19.4,15.5,0.109,0.148,0.173,0.257,-0.2,2026-07-25 18:00:00+02:00
2026-07-25 17:00:00+00:00,24.2,9.4,39,0.0,49,1011.6,1.24,1.75,166,2.4,161.0,77.0,84.0,3600.0,0.0,0.0,1.84,0.13,25.6,20.8,19.4,15.5,0.108,0.148,0.173,0.257,-0.13,2026-07-25 19:00:00+02:00
2026-07-25 18:00:00+00:00,22.3,9.5,44,0.0,26,1011.6,2.25,3.97,159,4.0,58.0,26.0,32.0,3600.0,0.0,0.0,1.5,0.09,24.4,21.1,19.4,15.5,0.095,0.148,0.173,0.257,-0.09,2026-07-25 20:00:00+02:00
2026-07-25 19:00:00+00:00,21.4,8.4,43,0.0,7,1011.7,2.43,4.77,171,4.4,1.0,0.0,1.0,0.0,0.0,0.0,1.45,0.08,23.1,21.2,19.4,15.5,0.095,0.148,0.173,0.257,-0.08,2026-07-25 21:00:00+02:00
2026-07-25 20:00:00+00:00,20.5,8.1,45,0.0,3,1011.9,2.89,5.88,189,4.9,0.0,0.0,0.0,0.0,0.0,0.0,1.33,0.07,21.9,21.2,19.4,15.5,0.095,0.148,0.173,0.257,-0.07,2026-07-25 22:00:00+02:00
2026-07-25 21:00:00+00:00,20.0,7.6,45,0.0,2,1011.9,3.01,6.36,184,5.4,0.0,0.0,0.0,0.0,0.0,0.0,1.3,0.08,21.0,21.2,19.4,15.5,0.095,0.148,0.173,0.257,-0.08,2026-07-25 23:00:00+02:00
2026-07-25 22:00:00+00:00,19.6,7.5,45,0.0,13,1011.9,2.7,5.71,182,5.3,0.0,0.0,0.0,0.0,0.0,0.0,1.25,0.07,20.2,21.1,19.4,15.5,0.095,0.148,0.173,0.257,-0.07,2026-07-26 00:00:00+02:00
2026-07-25 23:00:00+00:00,18.7,7.8,49,0.0,0,1011.9,2.65,5.75,178,4.6,0.0,0.0,0.0,0.0,0.0,0.0,1.1,0.06,19.5,21.1,19.4,15.5,0.095,0.148,0.173,0.257,-0.06,2026-07-26 01:00:00+02:00
2026-07-26 00:00:00+00:00,16.6,9.1,61,0.0,0,1012.0,2.95,6.35,165,5.0,0.0,0.0,0.0,0.0,0.0,0.0,0.73,0.05,17.7,20.2,19.4,15.5,0.127,0.148,0.173,0.257,-0.05,2026-07-26 02:00:00+02:00
2026-07-26 01:00:00+00:00,16.1,9.6,66,0.0,0,1012.1,3.18,6.72,173,5.7,0.0,0.0,0.0,0.0,0.0,0.0,0.63,0.04,17.2,20.1,19.4,15.5,0.127,0.148,0.173,0.257,-0.04,2026-07-26 03:00:00+02:00
2026-07-26 02:00:00+00:00,15.6,9.7,68,0.0,0,1011.9,3.21,6.85,169,5.7,0.0,0.0,0.0,0.0,0.0,0.0,0.56,0.04,16.7,20.0,19.4,15.5,0.126,0.148,0.173,0.257,-0.04,2026-07-26 04:00:00+02:00
2026-07-26 03:00:00+00:00,15.2,9.5,69,0.0,0,1011.8,3.35,7.06,170,6.1,0.0,0.0,0.0,0.0,0.0,0.0,0.54,0.04,16.3,19.8,19.4,15.5,0.126,0.148,0.173,0.257,-0.04,2026-07-26 05:00:00+02:00
2026-07-26 04:00:00+00:00,15.7,9.3,66,0.0,2,1011.9,3.46,7.1,169,6.3,30.0,14.0,16.0,3045.02,0.0,0.0,0.61,0.05,16.2,19.6,19.4,15.5,0.126,0.148,0.173,0.257,-0.05,2026-07-26 06:00:00+02:00
2026-07-26 05:00:00+00:00,17.5,10.2,62,0.0,4,1012.0,3.3,7.21,170,6.4,156.0,104.0,52.0,3600.0,0.0,0.0,0.75,0.11,16.7,19.5,19.4,15.5,0.125,0.148,0.173,0.257,-0.11,2026-07-26 07:00:00+02:00
2026-07-26 06:00:00+00:00,19.7,10.5,55,0.0,10,1012.1,2.53,5.77,171,6.3,323.0,249.0,74.0,3600.0,0.0,0.0,1.02,0.21,18.0,19.4,19.4,15.5,0.123,0.148,0.173,0.257,-0.21,2026-07-26 08:00:00+02:00
2026-07-26 07:00:00+00:00,22.6,10.2,46,0.0,3,1011.9,2.9,4.3,179,6.9,491.0,400.0,91.0,3600.0,0.0,0.0,1.49,0.34,19.8,19.4,19.4,15.5,0.122,0.148,0.173,0.257,-0.34,2026-07-26 09:00:00+02:00
2026-07-26 08:00:00+00:00,24.9,9.7,38,0.0,2,1011.8,3.31,4.57,184,7.9,646.0,548.0,98.0,3600.0,0.0,0.0,1.95,0.46,21.9,19.5,19.4,15.5,0.12,0.148,0.173,0.257,-0.46,2026-07-26 10:00:00+02:00
2026-07-26 09:00:00+00:00,26.6,8.0,31,0.0,9,1011.3,3.97,5.4,191,9.4,769.0,665.0,104.0,3600.0,0.0,0.0,2.4,0.58,23.9,19.6,19.4,15.5,0.118,0.148,0.173,0.257,-0.58,2026-07-26 11:00:00+02:00
2026-07-26 10:00:00+00:00,27.4,7.9,29,0.0,22,1011.1,4.31,5.9,193,10.2,847.0,737.0,110.0,3600.0,0.0,0.0,2.58,0.64,25.7,19.8,19.4,15.5,0.115,0.148,0.173,0.257,-0.64,2026-07-26 12:00:00+02:00
2026-07-26 11:00:00+00:00,28.1,7.8,28,0.0,0,1010.4,4.25,5.77,189,10.3,879.0,767.0,112.0,3600.0,0.0,0.0,2.73,0.67,27.2,20.1,19.4,15.5,0.113,0.148,0.173,0.257,-0.67,2026-07-26 13:00:00+02:00
2026-07-26 12:00:00+00:00,29.5,7.2,25,0.0,0,1009.7,4.22,5.81,190,10.1,863.0,756.0,107.0,3600.0,0.0,0.0,3.1,0.69,28.5,20.6,19.4,15.6,0.099,0.148,0.173,0.257,-0.69,2026-07-26 14:00:00+02:00
2026-07-26 13:00:00+00:00,30.1,7.0,24,0.0,5,1009.0,4.32,5.95,190,10.3,795.0,691.0,104.0,3600.0,0.0,0.0,3.25,0.66,29.8,20.9,19.4,15.6,0.098,0.148,0.173,0.257,-0.66,2026-07-26 15:00:00+02:00
2026-07-26 14:00:00+00:00,30.3,6.8,23,0.0,0,1008.6,4.44,6.1,188,10.3,685.0,587.0,98.0,3600.0,0.0,0.0,3.32,0.6,30.4,21.3,19.4,15.6,0.097,0.148,0.173,0.257,-0.6,2026-07-26 16:00:00+02:00
2026-07-26 15:00:00+00:00,30.1,6.4,22,0.0,5,1008.3,4.49,6.29,192,10.3,542.0,453.0,89.0,3600.0,0.0,0.0,3.31,0.51,30.5,21.6,19.4,15.6,0.096,0.148,0.173,0.257,-0.51,2026-07-26 17:00:00+02:00
2026-07-26 16:00:00+00:00,29.8,6.2,23,0.0,1,1008.0,4.3,6.22,183,10.1,375.0,295.0,80.0,3600.0,0.0,0.0,3.25,0.4,30.1,21.9,19.4,15.6,0.095,0.148,0.173,0.257,-0.4,2026-07-26 18:00:00+02:00
2026-07-26 17:00:00+00:00,28.8,7.2,26,0.0,9,1007.7,3.48,5.83,159,9.2,206.0,146.0,60.0,3600.0,0.0,0.0,2.94,0.26,29.3,22.1,19.4,15.6,0.095,0.148,0.173,0.257,-0.26,2026-07-26 19:00:00+02:00
2026-07-26 18:00:00+00:00,26.8,7.5,29,0.0,81,1007.1,3.53,6.94,142,6.6,61.0,33.0,28.0,3600.0,0.0,0.0,2.49,0.17,28.0,22.4,19.4,15.6,0.086,0.148,0.173,0.257,-0.17,2026-07-26 20:00:00+02:00
2026-07-26 19:00:00+00:00,25.8,7.2,31,0.0,90,1007.2,3.55,6.92,140,6.4,1.0,0.0,1.0,0.0,0.0,0.0,2.31,0.14,26.8,22.6,19.4,15.6,0.086,0.148,0.173,0.257,-0.14,2026-07-26 21:00:00+02:00
2026-07-26 20:00:00+00:00,24.9,7.9,34,0.0,98,1007.3,3.56,6.99,152,6.7,0.0,0.0,0.0,0.0,0.0,0.0,2.08,0.12,25.8,22.7,19.4,15.6,0.086,0.148,0.173,0.257,-0.12,2026-07-26 22:00:00+02:00
2026-07-26 21:00:00+00:00,24.8,9.4,38,0.0,99,1007.5,3.66,7.29,183,6.8,0.0,0.0,0.0,0.0,0.0,0.0,1.95,0.12,25.0,22.7,19.4,15.6,0.086,0.148,0.173,0.257,-0.12,2026-07-26 23:00:00+02:00
2026-07-26 22:00:00+00:00,24.9,11.3,43,0.0,100,1007.6,3.91,7.7,220,6.9,0.0,0.0,0.0,0.0,0.0,0.0,1.8,0.12,24.5,22.7,19.4,15.6,0.086,0.148,0.173,0.257,-0.12,2026-07-27 00:00:00+02:00
2026-07-26 23:00:00+00:00,20.7,14.9,70,0.6,100,1008.6,4.59,8.58,246,12.5,0.0,0.0,0.0,0.0,0.6,0.0,0.74,0.06,23.7,22.7,19.4,15.6,0.092,0.148,0.173,0.257,0.54,2026-07-27 01:00:00+02:00
2026-07-27 00:00:00+00:00,22.1,14.1,60,0.3,99,1007.9,3.26,6.26,207,7.8,0.0,0.0,0.0,0.0,0.3,0.0,1.05,0.06,22.7,22.8,19.4,15.6,0.099,0.148,0.173,0.257,0.24,2026-07-27 02:00:00+02:00
2026-07-27 01:00:00+00:00,19.5,16.7,84,0.8,100,1007.8,4.32,7.4,169,7.8,0.0,0.0,0.0,0.0,0.8,0.0,0.37,0.03,22.1,22.7,19.4,15.6,0.107,0.148,0.173,0.257,0.77,2026-07-27 03:00:00+02:00
2026-07-27 02:00:00+00:00,18.2,17.2,94,1.1,100,1007.8,5.12,9.17,155,9.1,0.0,0.0,0.0,0.0,1.1,0.0,0.13,0.01,20.9,22.6,19.4,15.6,0.12,0.148,0.173,0.257,1.09,2026-07-27 04:00:00+02:00
2026-07-27 03:00:00+00:00,18.1,16.7,92,0.1,38,1007.9,4.62,8.73,157,9.0,0.0,0.0,0.0,0.0,0.1,0.0,0.18,0.01,20.1,22.5,19.4,15.6,0.12,0.148,0.173,0.257,0.09000000000000001,2026-07-27 05:00:00+02:00
2026-07-27 04:00:00+00:00,18.4,16.7,90,0.0,20,1008.0,4.35,7.98,161,8.2,23.0,8.0,15.0,1547.11,0.0,0.0,0.21,0.02,19.7,22.3,19.5,15.6,0.12,0.148,0.173,0.257,-0.02,2026-07-27 06:00:00+02:00
2026-07-27 05:00:00+00:00,19.8,17.2,85,0.0,5,1008.3,3.63,7.71,168,7.7,144.0,87.0,57.0,3600.0,0.0,0.0,0.35,0.08,20.0,22.1,19.5,15.6,0.12,0.148,0.173,0.257,-0.08,2026-07-27 07:00:00+02:00
2026-07-27 06:00:00+00:00,21.9,17.3,75,0.0,4,1008.4,3.56,6.12,169,9.7,297.0,213.0,84.0,3600.0,0.0,0.0,0.66,0.19,20.9,22.0,19.4,15.6,0.12,0.148,0.173,0.257,-0.19,2026-07-27 08:00:00+02:00
2026-07-27 07:00:00+00:00,24.1,15.9,60,0.0,5,1008.4,3.93,5.52,192,9.1,470.0,373.0,97.0,3600.0,0.0,0.0,1.2,0.33,22.5,22.0,19.5,15.6,0.119,0.148,0.173,0.257,-0.33,2026-07-27 09:00:00+02:00
2026-07-27 08:00:00+00:00,25.7,15.7,54,0.0,9,1008.7,3.66,5.0,194,8.9,608.0,490.0,118.0,3600.0,0.0,0.0,1.52,0.43,24.2,22.0,19.5,15.6,0.117,0.148,0.173,0.257,-0.43,2026-07-27 10:00:00+02:00
2026-07-27 09:00:00+00:00,27.1,15.5,49,0.0,1,1008.7,3.72,5.08,209,9.1,700.0,547.0,153.0,3600.0,0.0,0.0,1.82,0.51,25.9,22.1,19.5,15.6,0.115,0.148,0.172,0.256,-0.51,2026-07-27 11:00:00+02:00
2026-07-27 10:00:00+00:00,28.5,14.6,43,0.0,2,1008.7,4.0,5.42,229,9.7,818.0,698.0,120.0,3600.0,0.0,0.0,2.22,0.61,27.7,22.2,19.5,15.6,0.113,0.148,0.172,0.256,-0.61,2026-07-27 12:00:00+02:00
2026-07-27 11:00:00+00:00,29.6,14.4,40,0.0,6,1008.4,4.0,5.39,238,9.9,853.0,742.0,111.0,3600.0,0.0,0.0,2.51,0.66,29.2,22.5,19.5,15.6,0.111,0.148,0.172,0.256,-0.66,2026-07-27 13:00:00+02:00
2026-07-27 12:00:00+00:00,29.4,15.1,42,0.0,5,1008.6,4.16,5.73,257,10.7,835.0,717.0,118.0,3600.0,0.0,0.0,2.37,0.64,29.7,22.9,19.6,15.6,0.107,0.148,0.172,0.256,-0.64,2026-07-27 14:00:00+02:00
2026-07-27 13:00:00+00:00,31.0,12.0,31,0.0,16,1008.0,5.17,7.19,279,11.7,767.0,642.0,125.0,3600.0,0.0,0.0,3.09,0.66,30.7,23.2,19.6,15.6,0.106,0.148,0.172,0.256,-0.66,2026-07-27 15:00:00+02:00
2026-07-27 14:00:00+00:00,31.0,10.7,29,0.0,68,1008.3,5.79,8.17,277,12.7,641.0,531.0,110.0,3600.0,0.0,0.0,3.2,0.6,31.1,23.4,19.6,15.6,0.104,0.148,0.172,0.256,-0.6,2026-07-27 16:00:00+02:00
2026-07-27 15:00:00+00:00,30.0,10.5,30,0.0,12,1008.7,6.38,9.65,284,13.8,349.0,230.0,119.0,3600.0,0.0,0.0,2.97,0.45,30.6,23.6,19.6,15.6,0.103,0.148,0.172,0.256,-0.45,2026-07-27 17:00:00+02:00
2026-07-27 16:00:00+00:00,29.3,10.2,30,0.0,13,1009.3,6.74,9.92,290,14.4,346.0,261.0,85.0,3600.0,0.0,0.0,2.84,0.43,30.1,23.9,19.6,15.6,0.102,0.148,0.172,0.256,-0.43,2026-07-27 18:00:00+02:00
2026-07-27 17:00:00+00:00,27.8,10.9,35,0.0,18,1010.1,5.34,8.41,280,13.8,197.0,133.0,64.0,3600.0,0.0,0.0,2.44,0.29,29.2,24.0,19.6,15.6,0.101,0.148,0.172,0.256,-0.29,2026-07-27 19:00:00+02:00
2026-07-27 18:00:00+00:00,26.9,9.8,34,0.0,24,1011.0,4.67,8.1,314,10.4,55.0,25.0,30.0,3600.0,0.0,0.0,2.32,0.2,27.8,24.1,19.6,15.6,0.092,0.148,0.172,0.256,-0.2,2026-07-27 20:00:00+02:00
2026-07-27 19:00:00+00:00,22.0,14.1,61,0.2,23,1013.2,4.26,6.43,39,9.2,1.0,0.0,1.0,0.0,0.2,0.0,1.03,0.07,26.6,24.1,19.6,15.6,0.093,0.148,0.172,0.256,0.13,2026-07-27 21:00:00+02:00
2026-07-27 20:00:00+00:00,20.7,14.6,68,0.1,6,1014.2,2.73,5.35,41,8.6,0.0,0.0,0.0,0.0,0.1,0.0,0.77,0.04,25.0,24.1,19.6,15.6,0.094,0.148,0.172,0.256,0.060000000000000005,2026-07-27 22:00:00+02:00
2026-07-27 21:00:00+00:00,20.3,14.3,68,0.0,15,1015.1,2.29,4.55,32,4.9,0.0,0.0,0.0,0.0,0.0,0.0,0.76,0.03,23.8,24.0,19.6,15.6,0.094,0.148,0.172,0.256,-0.03,2026-07-27 23:00:00+02:00
2026-07-27 22:00:00+00:00,19.8,14.2,70,0.1,23,1015.8,2.05,4.18,13,4.0,0.0,0.0,0.0,0.0,0.1,0.0,0.69,0.03,22.8,23.9,19.6,15.6,0.094,0.148,0.172,0.256,0.07,2026-07-28 00:00:00+02:00
2026-07-27 23:00:00+00:00,19.3,14.5,74,0.0,30,1016.4,2.05,4.13,357,3.4,0.0,0.0,0.0,0.0,0.0,0.0,0.59,0.02,22.0,23.8,19.6,15.7,0.095,0.148,0.172,0.256,-0.02,2026-07-28 01:00:00+02:00
2026-07-28 00:00:00+00:00,18.2,14.9,81,0.1,95,1017.1,1.34,3.82,27,4.0,0.0,0.0,0.0,0.0,0.1,0.0,0.4,0.01,20.8,23.2,19.6,15.7,0.12,0.148,0.172,0.256,0.09000000000000001,2026-07-28 02:00:00+02:00
2026-07-28 01:00:00+00:00,18.3,14.9,81,0.0,100,1017.6,1.38,3.39,347,2.3,0.0,0.0,0.0,0.0,0.0,0.0,0.4,0.01,20.2,23.0,19.6,15.7,0.12,0.148,0.172,0.256,-0.01,2026-07-28 03:00:00+02:00
2026-07-28 02:00:00+00:00,18.7,15.0,79,0.0,88,1018.2,1.6,3.45,340,2.8,0.0,0.0,0.0,0.0,0.0,0.0,0.46,0.01,20.0,22.8,19.6,15.7,0.12,0.148,0.172,0.256,-0.01,2026-07-28 04:00:00+02:00
2026-07-28 03:00:00+00:00,18.5,15.3,82,0.0,34,1018.7,1.67,3.18,321,2.9,0.0,0.0,0.0,0.0,0.0,0.0,0.39,0.01,19.8,22.6,19.6,15.7,0.119,0.148,0.172,0.256,-0.01,2026-07-28 05:00:00+02:00
2026-07-28 04:00:00+00:00,17.9,15.7,87,0.0,4,1019.1,1.8,2.51,273,3.0,24.0,10.0,14.0,2331.68,0.0,0.0,0.26,0.01,19.4,22.5,19.6,15.7,0.119,0.148,0.172,0.256,-0.01,2026-07-28 06:00:00+02:00
2026-07-28 05:00:00+00:00,19.8,16.2,80,0.0,16,1020.0,1.35,2.6,301,3.2,144.0,91.0,53.0,3600.0,0.0,0.0,0.46,0.08,19.8,22.3,19.6,15.7,0.119,0.148,0.172,0.256,-0.08,2026-07-28 07:00:00+02:00
2026-07-28 06:00:00+00:00,21.5,13.7,61,0.0,21,1020.7,1.1,1.51,317,4.1,299.0,215.0,84.0,3600.0,0.0,0.0,1.0,0.18,21.0,22.2,19.6,15.7,0.114,0.148,0.172,0.256,-0.18,2026-07-28 08:00:00+02:00
2026-07-28 07:00:00+00:00,22.9,11.7,49,0.0,2,1020.9,0.87,1.07,294,5.0,440.0,315.0,125.0,3600.0,0.0,0.0,1.41,0.28,22.6,22.2,19.6,15.7,0.113,0.148,0.172,0.256,-0.28,2026-07-28 09:00:00+02:00
2026-07-28 08:00:00+00:00,23.9,11.7,46,0.1,10,1021.0,1.4,1.85,266,6.5,614.0,501.0,113.0,3600.0,0.1,0.0,1.6,0.41,24.3,22.2,19.6,15.7,0.112,0.148,0.172,0.256,-0.30999999999999994,2026-07-28 10:00:00+02:00
2026-07-28 09:00:00+00:00,25.0,11.4,43,0.1,16,1021.2,2.13,2.82,261,7.0,702.0,578.0,124.0,3600.0,0.1,0.0,1.81,0.49,25.9,22.3,19.7,15.7,0.111,0.148,0.172,0.256,-0.39,2026-07-28 11:00:00+02:00
2026-07-28 10:00:00+00:00,26.0,10.1,37,0.0,16,1021.1,2.91,3.86,258,7.6,769.0,631.0,138.0,3600.0,0.0,0.0,2.13,0.55,27.3,22.4,19.7,15.7,0.11,0.148,0.172,0.256,-0.55,2026-07-28 12:00:00+02:00
2026-07-28 11:00:00+00:00,26.8,9.5,34,0.0,30,1021.0,3.86,5.25,260,9.4,762.0,615.0,147.0,3600.0,0.0,0.0,2.33,0.58,28.3,22.6,19.7,15.7,0.108,0.148,0.172,0.256,-0.58,2026-07-28 13:00:00+02:00
2026-07-28 12:00:00+00:00,27.8,9.0,31,0.0,100,1020.6,4.01,5.5,266,9.6,668.0,481.0,187.0,3600.0,0.0,0.0,2.58,0.55,28.8,22.8,19.9,15.7,0.109,0.148,0.172,0.256,-0.55,2026-07-28 14:00:00+02:00
2026-07-28 13:00:00+00:00,27.7,8.8,31,0.0,90,1020.3,3.53,4.89,258,8.9,412.0,87.0,325.0,1447.02,0.0,0.0,2.58,0.4,28.7,23.0,19.9,15.7,0.108,0.148,0.172,0.256,-0.4,2026-07-28 15:00:00+02:00
2026-07-28 14:00:00+00:00,28.3,7.9,28,0.0,86,1019.9,3.4,4.8,269,8.1,340.0,90.0,250.0,2011.31,0.0,0.0,2.77,0.36,28.6,23.2,19.9,15.7,0.106,0.148,0.172,0.256,-0.36,2026-07-28 16:00:00+02:00
2026-07-28 15:00:00+00:00,28.4,8.2,28,0.0,17,1019.8,3.71,5.19,280,8.1,371.0,220.0,151.0,3600.0,0.0,0.0,2.79,0.38,28.6,23.4,19.9,15.7,0.105,0.148,0.172,0.256,-0.38,2026-07-28 17:00:00+02:00
2026-07-28 16:00:00+00:00,28.3,7.8,27,0.0,58,1019.8,3.87,5.6,265,8.4,311.0,201.0,110.0,3600.0,0.0,0.0,2.79,0.34,28.3,23.5,19.9,15.7,0.104,0.148,0.172,0.256,-0.34,2026-07-28 18:00:00+02:00
2026-07-28 17:00:00+00:00,27.1,9.0,32,0.0,73,1019.7,3.33,5.72,242,8.2,167.0,89.0,78.0,3600.0,0.0,0.0,2.44,0.22,27.7,23.6,19.9,15.7,0.103,0.148,0.172,0.256,-0.22,2026-07-28 19:00:00+02:00
2026-07-28 18:00:00+00:00,24.4,10.4,41,0.0,14,1019.7,1.5,3.96,233,7.0,41.0,12.0,29.0,1774.49,0.0,0.0,1.79,0.07,26.8,23.9,20.2,15.7,0.091,0.148,0.172,0.256,-0.07,2026-07-28 20:00:00+02:00
2026-07-28 19:00:00+00:00,23.6,10.2,43,0.0,2,1020.3,0.25,1.43,349,2.7,0.0,0.0,0.0,0.0,0.0,0.0,1.66,0.03,25.3,23.9,20.2,15.7,0.091,0.148,0.172,0.256,-0.03,2026-07-28 21:00:00+02:00
2026-07-28 20:00:00+00:00,22.4,10.5,47,0.0,0,1021.1,4.19,7.91,61,7.2,0.0,0.0,0.0,0.0,0.0,0.0,1.44,0.11,24.2,23.9,20.2,15.7,0.091,0.148,0.172,0.256,-0.11,2026-07-28 22:00:00+02:00
2026-07-28 21:00:00+00:00,21.4,11.2,52,0.0,0,1021.8,3.11,6.06,57,7.8,0.0,0.0,0.0,0.0,0.0,0.0,1.21,0.07,23.4,23.8,20.2,15.7,0.091,0.148,0.172,0.256,-0.07,2026-07-28 23:00:00+02:00
2026-07-28 22:00:00+00:00,20.4,11.8,58,0.0,0,1022.5,3.09,6.27,51,5.7,0.0,0.0,0.0,0.0,0.0,0.0,1.02,0.06,22.6,23.7,20.2,15.7,0.091,0.148,0.172,0.256,-0.06,2026-07-29 00:00:00+02:00
2026-07-28 23:00:00+00:00,19.8,12.1,61,0.0,0,1022.7,3.3,6.53,58,6.0,0.0,0.0,0.0,0.0,0.0,0.0,0.9,0.06,21.9,23.6,20.2,15.7,0.092,0.148,0.172,0.256,-0.06,2026-07-29 01:00:00+02:00
2026-07-29 00:00:00+00:00,18.0,11.8,67,0.0,0,1022.6,3.01,6.18,48,6.0,0.0,0.0,0.0,0.0,0.0,0.0,0.68,0.04,20.4,22.9,19.8,15.7,0.099,0.148,0.172,0.256,-0.04,2026-07-29 02:00:00+02:00
2026-07-29 01:00:00+00:00,17.5,11.7,69,0.0,0,1022.6,2.65,5.56,46,5.3,0.0,0.0,0.0,0.0,0.0,0.0,0.62,0.03,19.7,22.8,19.8,15.7,0.099,0.148,0.172,0.256,-0.03,2026-07-29 03:00:00+02:00
2026-07-29 02:00:00+00:00,16.7,11.6,72,0.0,0,1023.0,2.62,5.43,59,4.6,0.0,0.0,0.0,0.0,0.0,0.0,0.54,0.03,19.1,22.6,19.8,15.7,0.099,0.148,0.172,0.256,-0.03,2026-07-29 04:00:00+02:00
2026-07-29 03:00:00+00:00,16.2,11.3,73,0.0,0,1023.1,2.53,5.31,63,4.7,0.0,0.0,0.0,0.0,0.0,0.0,0.5,0.03,18.6,22.4,19.8,15.7,0.099,0.148,0.172,0.256,-0.03,2026-07-29 05:00:00+02:00
2026-07-29 04:00:00+00:00,16.4,11.4,73,0.0,0,1023.4,2.65,5.0,47,4.7,25.0,11.0,14.0,2735.45,0.0,0.0,0.51,0.03,18.2,22.2,19.8,15.7,0.099,0.148,0.172,0.256,-0.03,2026-07-29 06:00:00+02:00
2026-07-29 05:00:00+00:00,18.2,11.9,67,0.0,0,1023.6,2.34,5.39,34,4.9,146.0,94.0,52.0,3600.0,0.0,0.0,0.7,0.09,18.7,22.0,19.8,15.7,0.099,0.148,0.172,0.256,-0.09,2026-07-29 07:00:00+02:00
2026-07-29 06:00:00+00:00,21.4,12.3,56,0.0,0,1023.7,1.95,5.75,50,4.8,310.0,235.0,75.0,3600.0,0.0,0.0,1.12,0.2,20.3,22.0,19.8,15.7,0.099,0.148,0.172,0.256,-0.2,2026-07-29 08:00:00+02:00
2026-07-29 07:00:00+00:00,24.9,10.1,39,0.0,0,1023.7,2.63,3.81,69,6.5,478.0,389.0,89.0,3600.0,0.0,0.0,1.91,0.35,22.3,22.0,19.8,15.7,0.098,0.148,0.172,0.256,-0.35,2026-07-29 09:00:00+02:00
2026-07-29 08:00:00+00:00,26.5,8.5,32,0.0,0,1023.8,2.36,3.08,73,7.1,631.0,531.0,100.0,3600.0,0.0,0.0,2.36,0.46,24.6,22.0,19.8,15.7,0.097,0.148,0.172,0.256,-0.46,2026-07-29 10:00:00+02:00
2026-07-29 09:00:00+00:00,27.6,8.5,30,0.0,13,1023.8,1.32,1.72,65,6.5,752.0,646.0,106.0,3600.0,0.0,0.0,2.58,0.53,27.0,22.1,19.8,15.7,0.096,0.148,0.171,0.256,-0.53,2026-07-29 11:00:00+02:00
2026-07-29 10:00:00+00:00,28.6,8.5,28,0.0,0,1023.8,0.88,1.17,43,5.2,832.0,721.0,111.0,3600.0,0.0,0.0,2.79,0.59,29.2,22.3,19.8,15.7,0.096,0.148,0.171,0.256,-0.59,2026-07-29 12:00:00+02:00
2026-07-29 11:00:00+00:00,29.3,8.7,28,0.0,0,1023.4,0.8,1.05,356,4.7,865.0,754.0,111.0,3600.0,0.0,0.0,2.95,0.61,31.2,22.6,19.8,15.8,0.095,0.148,0.171,0.256,-0.61,2026-07-29 13:00:00+02:00
2026-07-29 12:00:00+00:00,30.6,9.1,26,0.0,0,1022.8,1.92,2.43,345,5.1,848.0,738.0,110.0,3600.0,0.0,0.0,3.22,0.64,33.1,23.1,20.1,15.8,0.094,0.148,0.171,0.255,-0.64,2026-07-29 14:00:00+02:00
2026-07-29 13:00:00+00:00,30.5,9.2,27,0.0,15,1022.4,2.0,2.61,357,6.4,781.0,675.0,106.0,3600.0,0.0,0.0,3.19,0.59,34.0,23.4,20.1,15.8,0.093,0.148,0.171,0.255,-0.59,2026-07-29 15:00:00+02:00
2026-07-29 14:00:00+00:00,30.5,9.3,27,0.0,27,1022.1,1.97,2.53,24,6.4,671.0,561.0,110.0,3600.0,0.0,0.0,3.19,0.52,34.2,23.8,20.1,15.8,0.093,0.148,0.171,0.255,-0.52,2026-07-29 16:00:00+02:00
2026-07-29 15:00:00+00:00,30.4,9.4,27,0.0,9,1021.7,2.09,2.68,42,6.1,524.0,433.0,91.0,3600.0,0.0,0.0,3.15,0.42,34.0,24.1,20.1,15.8,0.093,0.148,0.171,0.255,-0.42,2026-07-29 17:00:00+02:00
2026-07-29 16:00:00+00:00,30.0,9.5,28,0.0,0,1021.6,2.16,2.87,46,5.9,363.0,282.0,81.0,3600.0,0.0,0.0,3.06,0.31,33.2,24.4,20.1,15.8,0.093,0.148,0.171,0.255,-0.31,2026-07-29 18:00:00+02:00
2026-07-29 17:00:00+00:00,29.1,9.6,30,0.0,2,1021.3,2.41,3.34,50,5.6,197.0,136.0,61.0,3600.0,0.0,0.0,2.82,0.21,31.9,24.7,20.2,15.8,0.092,0.148,0.171,0.255,-0.21,2026-07-29 19:00:00+02:00
2026-07-29 18:00:00+00:00,27.5,9.6,32,0.0,0,1021.2,1.71,3.27,75,5.0,55.0,29.0,26.0,3600.0,0.0,0.0,2.48,0.09,30.5,25.2,20.4,15.8,0.092,0.148,0.171,0.255,-0.09,2026-07-29 20:00:00+02:00
2026-07-29 19:00:00+00:00,26.3,9.4,34,0.0,0,1021.5,3.88,7.01,112,6.6,0.0,0.0,0.0,0.0,0.0,0.0,2.24,0.17,28.9,25.3,20.4,15.8,0.092,0.148,0.171,0.255,-0.17,2026-07-29 21:00:00+02:00
2026-07-29 20:00:00+00:00,24.5,9.7,39,0.0,0,1021.8,3.97,7.46,111,8.6,0.0,0.0,0.0,0.0,0.0,0.0,1.87,0.13,27.5,25.3,20.5,15.8,0.092,0.148,0.171,0.255,-0.13,2026-07-29 22:00:00+02:00
2026-07-29 21:00:00+00:00,23.3,9.8,42,0.0,0,1022.0,3.32,6.52,108,7.3,0.0,0.0,0.0,0.0,0.0,0.0,1.64,0.1,26.3,25.3,20.5,15.8,0.092,0.148,0.171,0.255,-0.1,2026-07-29 23:00:00+02:00
2026-07-29 22:00:00+00:00,22.5,9.8,44,0.0,0,1022.1,2.97,6.09,110,6.0,0.0,0.0,0.0,0.0,0.0,0.0,1.51,0.08,25.2,25.2,20.5,15.8,0.092,0.148,0.171,0.255,-0.08,2026-07-30 00:00:00+02:00
2026-07-29 23:00:00+00:00,21.8,9.7,46,0.0,0,1021.8,3.0,5.81,101,5.3,0.0,0.0,0.0,0.0,0.0,0.0,1.4,0.08,24.3,25.1,20.5,15.8,0.092,0.148,0.171,0.255,-0.08,2026-07-30 01:00:00+02:00
2026-07-30 00:00:00+00:00,20.4,10.1,52,0.0,0,1021.8,3.5,6.84,107,5.2,0.0,0.0,0.0,0.0,0.0,0.0,1.15,0.08,22.5,24.5,20.1,15.8,0.092,0.148,0.171,0.255,-0.08,2026-07-30 02:00:00+02:00
2026-07-30 01:00:00+00:00,20.0,10.0,52,0.0,0,1021.5,3.19,6.47,99,6.2,0.0,0.0,0.0,0.0,0.0,0.0,1.11,0.07,21.9,24.3,20.2,15.8,0.092,0.148,0.171,0.255,-0.07,2026-07-30 03:00:00+02:00
2026-07-30 02:00:00+00:00,19.6,9.8,53,0.0,0,1021.4,3.2,6.17,92,5.7,0.0,0.0,0.0,0.0,0.0,0.0,1.07,0.07,21.4,24.2,20.2,15.8,0.092,0.148,0.171,0.255,-0.07,2026-07-30 04:00:00+02:00
2026-07-30 03:00:00+00:00,19.2,9.8,54,0.0,0,1021.4,2.71,5.57,78,5.6,0.0,0.0,0.0,0.0,0.0,0.0,1.02,0.06,21.0,24.0,20.2,15.8,0.092,0.148,0.171,0.255,-0.06,2026-07-30 05:00:00+02:00
2026-07-30 04:00:00+00:00,19.2,10.1,56,0.0,0,1021.6,2.6,4.67,52,4.7,24.0,10.0,14.0,2384.91,0.0,0.0,0.99,0.06,20.7,23.8,20.2,15.8,0.092,0.148,0.171,0.255,-0.06,2026-07-30 06:00:00+02:00
2026-07-30 05:00:00+00:00,21.0,11.1,53,0.0,0,1021.6,2.37,5.0,44,4.9,143.0,92.0,51.0,3600.0,0.0,0.0,1.17,0.12,21.2,23.6,20.2,15.8,0.092,0.148,0.171,0.255,-0.12,2026-07-30 07:00:00+02:00
2026-07-30 06:00:00+00:00,23.5,11.6,47,0.0,0,1021.8,1.48,4.29,66,4.8,305.0,232.0,73.0,3600.0,0.0,0.0,1.52,0.21,22.5,23.5,20.2,15.8,0.092,0.148,0.171,0.255,-0.21,2026-07-30 08:00:00+02:00
2026-07-30 07:00:00+00:00,26.7,11.4,38,0.0,0,1021.9,1.4,2.05,86,4.7,473.0,384.0,89.0,3600.0,0.0,0.0,2.16,0.33,24.7,23.5,20.2,15.8,0.092,0.148,0.171,0.255,-0.33,2026-07-30 09:00:00+02:00
2026-07-30 08:00:00+00:00,29.2,10.2,31,0.0,0,1021.8,1.43,1.94,102,5.2,625.0,526.0,99.0,3600.0,0.0,0.0,2.81,0.46,27.2,23.5,20.2,15.8,0.092,0.148,0.171,0.255,-0.46,2026-07-30 10:00:00+02:00
2026-07-30 09:00:00+00:00,30.7,10.2,28,0.0,0,1021.6,1.13,1.47,103,5.3,746.0,641.0,105.0,3600.0,0.0,0.0,3.16,0.55,29.8,23.6,20.2,15.8,0.092,0.148,0.171,0.255,-0.55,2026-07-30 11:00:00+02:00
2026-07-30 10:00:00+00:00,31.7,10.5,27,0.0,0,1021.3,0.74,0.97,70,5.0,827.0,718.0,109.0,3600.0,0.0,0.0,3.41,0.6,32.2,23.9,20.2,15.8,0.091,0.148,0.171,0.255,-0.6,2026-07-30 12:00:00+02:00
2026-07-30 11:00:00+00:00,32.6,10.7,26,0.0,0,1020.8,1.03,1.39,23,5.1,861.0,750.0,111.0,3600.0,0.0,0.0,3.62,0.64,34.2,24.2,20.2,15.8,0.091,0.148,0.171,0.255,-0.64,2026-07-30 13:00:00+02:00
2026-07-30 12:00:00+00:00,33.9,10.9,25,0.0,0,1020.0,2.11,2.71,22,5.8,844.0,734.0,110.0,3600.0,0.0,0.0,3.97,0.68,36.0,24.8,20.3,15.8,0.091,0.148,0.171,0.255,-0.68,2026-07-30 14:00:00+02:00
2026-07-30 13:00:00+00:00,33.9,10.9,25,0.0,0,1019.2,1.97,2.55,24,6.7,778.0,672.0,106.0,3600.0,0.0,0.0,3.99,0.62,36.9,25.1,20.4,15.8,0.091,0.148,0.17,0.255,-0.62,2026-07-30 15:00:00+02:00
2026-07-30 14:00:00+00:00,34.1,10.7,24,0.0,1,1018.7,1.8,2.28,19,6.3,669.0,570.0,99.0,3600.0,0.0,0.0,4.06,0.54,37.2,25.6,20.4,15.8,0.091,0.148,0.17,0.255,-0.54,2026-07-30 16:00:00+02:00
2026-07-30 15:00:00+00:00,34.1,10.5,24,0.0,1,1018.3,1.74,2.27,27,5.8,526.0,436.0,90.0,3600.0,0.0,0.0,4.07,0.43,37.0,25.9,20.4,15.8,0.091,0.148,0.17,0.255,-0.43,2026-07-30 17:00:00+02:00
2026-07-30 16:00:00+00:00,33.5,10.2,24,0.0,1,1018.1,2.02,2.64,50,5.3,362.0,284.0,78.0,3600.0,0.0,0.0,3.93,0.32,36.2,26.2,20.4,15.8,0.091,0.148,0.17,0.255,-0.32,2026-07-30 18:00:00+02:00
2026-07-30 17:00:00+00:00,32.2,10.0,26,0.0,2,1017.9,2.61,3.92,70,5.4,194.0,135.0,59.0,3600.0,0.0,0.0,3.58,0.23,34.9,26.5,20.4,15.8,0.091,0.148,0.17,0.255,-0.23,2026-07-30 19:00:00+02:00
2026-07-30 18:00:00+00:00,29.8,9.9,29,0.0,5,1018.1,3.29,6.1,81,5.1,54.0,29.0,25.0,3600.0,0.0,0.0,2.97,0.17,33.3,26.9,20.5,15.8,0.091,0.148,0.17,0.255,-0.17,2026-07-30 20:00:00+02:00
2026-07-30 19:00:00+00:00,28.3,9.7,31,0.0,2,1018.4,3.76,7.18,86,6.9,0.0,0.0,0.0,0.0,0.0,0.0,2.64,0.19,31.5,27.0,20.6,15.8,0.091,0.148,0.17,0.255,-0.19,2026-07-30 21:00:00+02:00
2026-07-30 20:00:00+00:00,26.7,10.1,35,0.0,1,1018.7,3.25,6.42,93,6.8,0.0,0.0,0.0,0.0,0.0,0.0,2.27,0.12,30.0,27.0,20.6,15.8,0.091,0.148,0.17,0.255,-0.12,2026-07-30 22:00:00+02:00
2026-07-30 21:00:00+00:00,25.5,11.0,40,0.0,0,1018.9,3.11,6.21,94,5.8,0.0,0.0,0.0,0.0,0.0,0.0,1.94,0.1,28.6,27.0,20.6,15.8,0.091,0.148,0.17,0.255,-0.1,2026-07-30 23:00:00+02:00
2026-07-30 22:00:00+00:00,24.8,11.8,44,0.0,0,1018.8,2.8,5.67,93,5.4,0.0,0.0,0.0,0.0,0.0,0.0,1.75,0.08,27.4,26.9,20.6,15.8,0.091,0.148,0.17,0.255,-0.08,2026-07-31 00:00:00+02:00
2026-07-30 23:00:00+00:00,24.1,12.3,48,0.0,0,1018.4,2.8,5.64,91,4.7,0.0,0.0,0.0,0.0,0.0,0.0,1.57,0.08,26.4,26.8,20.7,15.8,0.091,0.148,0.17,0.255,-0.08,2026-07-31 01:00:00+02:00
2026-07-31 00:00:00+00:00,22.5,12.3,52,0.0,0,1018.5,3.14,6.46,99,5.0,0.0,0.0,0.0,0.0,0.0,0.0,1.3,0.07,24.5,26.1,20.6,15.8,0.091,0.148,0.17,0.255,-0.07,2026-07-31 02:00:00+02:00
2026-07-31 01:00:00+00:00,22.2,12.4,54,0.0,0,1018.3,3.27,6.74,96,5.7,0.0,0.0,0.0,0.0,0.0,0.0,1.23,0.07,23.9,26.0,20.6,15.8,0.091,0.148,0.17,0.255,-0.07,2026-07-31 03:00:00+02:00
2026-07-31 02:00:00+00:00,21.5,12.5,57,0.0,0,1018.2,3.15,6.35,87,5.7,0.0,0.0,0.0,0.0,0.0,0.0,1.11,0.07,23.3,25.8,20.6,15.8,0.091,0.148,0.17,0.255,-0.07,2026-07-31 04:00:00+02:00
2026-07-31 03:00:00+00:00,20.6,12.7,61,0.0,0,1018.2,2.86,5.71,86,5.5,0.0,0.0,0.0,0.0,0.0,0.0,0.96,0.05,22.7,25.6,20.6,15.8,0.091,0.148,0.17,0.255,-0.05,2026-07-31 05:00:00+02:00
2026-07-31 04:00:00+00:00,20.5,12.9,62,0.0,0,1018.3,2.96,5.46,85,5.2,23.0,10.0,13.0,2412.02,0.0,0.0,0.92,0.06,22.3,25.4,20.6,15.9,0.091,0.148,0.17,0.255,-0.06,2026-07-31 06:00:00+02:00
2026-07-31 05:00:00+00:00,22.2,13.4,57,0.0,0,1018.4,2.3,4.61,77,5.3,144.0,94.0,50.0,3600.0,0.0,0.0,1.14,0.11,22.7,25.2,20.6,15.9,0.091,0.148,0.17,0.255,-0.11,2026-07-31 07:00:00+02:00
2026-07-31 06:00:00+00:00,24.8,13.7,50,0.0,0,1018.6,1.56,3.65,84,4.7,309.0,237.0,72.0,3600.0,0.0,0.0,1.57,0.21,24.0,25.1,20.7,15.9,0.091,0.148,0.17,0.255,-0.21,2026-07-31 08:00:00+02:00
2026-07-31 07:00:00+00:00,28.2,13.4,40,0.0,0,1018.7,1.4,2.05,94,4.8,477.0,391.0,86.0,3600.0,0.0,0.0,2.29,0.34,26.2,25.0,20.7,15.9,0.091,0.148,0.17,0.255,-0.34,2026-07-31 09:00:00+02:00
2026-07-31 08:00:00+00:00,31.0,12.7,33,0.0,0,1018.5,1.81,2.44,104,5.8,629.0,533.0,96.0,3600.0,0.0,0.0,3.02,0.48,28.7,25.1,20.7,15.9,0.091,0.148,0.17,0.255,-0.48,2026-07-31 10:00:00+02:00
2026-07-31 09:00:00+00:00,32.7,10.7,26,0.0,0,1018.2,2.27,2.96,112,6.8,750.0,647.0,103.0,3600.0,0.0,0.0,3.66,0.6,31.2,25.2,20.7,15.9,0.091,0.148,0.17,0.255,-0.6,2026-07-31 11:00:00+02:00
2026-07-31 10:00:00+00:00,33.9,10.0,23,0.0,0,1017.8,1.97,2.55,120,6.8,831.0,724.0,107.0,3600.0,0.0,0.0,4.05,0.66,33.5,25.4,20.7,15.9,0.091,0.148,0.17,0.254,-0.66,2026-07-31 12:00:00+02:00
2026-07-31 11:00:00+00:00,34.7,9.8,22,0.0,0,1017.2,1.51,1.97,124,6.5,865.0,757.0,108.0,3600.0,0.0,0.0,4.32,0.68,35.6,25.7,20.7,15.9,0.091,0.148,0.17,0.254,-0.68,2026-07-31 13:00:00+02:00
2026-07-31 12:00:00+00:00,36.3,8.9,19,0.0,0,1016.3,1.25,1.63,67,5.8,848.0,741.0,107.0,3600.0,0.0,0.0,4.89,0.67,37.7,26.4,20.9,15.9,0.091,0.148,0.17,0.254,-0.67,2026-07-31 14:00:00+02:00
2026-07-31 13:00:00+00:00,36.6,8.5,18,0.0,1,1015.6,1.33,1.78,56,5.3,781.0,677.0,104.0,3600.0,0.0,0.0,5.02,0.62,38.8,26.8,20.9,15.9,0.091,0.148,0.17,0.254,-0.62,2026-07-31 15:00:00+02:00
2026-07-31 14:00:00+00:00,36.7,8.1,17,0.0,0,1015.1,1.43,1.89,54,5.3,671.0,572.0,99.0,3600.0,0.0,0.0,5.08,0.54,39.3,27.1,20.9,15.9,0.091,0.148,0.17,0.254,-0.54,2026-07-31 16:00:00+02:00
2026-07-31 15:00:00+00:00,36.5,7.8,17,0.0,2,1014.7,1.43,1.95,65,5.2,529.0,440.0,89.0,3600.0,0.0,0.0,5.03,0.43,39.1,27.5,21.0,15.9,0.091,0.148,0.17,0.254,-0.43,2026-07-31 17:00:00+02:00
2026-07-31 16:00:00+00:00,35.8,8.0,18,0.0,8,1014.6,1.51,2.07,84,4.9,349.0,271.0,78.0,3600.0,0.0,0.0,4.81,0.3,38.2,27.8,21.0,15.9,0.091,0.148,0.169,0.254,-0.3,2026-07-31 18:00:00+02:00
2026-07-31 17:00:00+00:00,34.0,10.1,23,0.0,10,1014.4,1.44,2.32,110,4.3,184.0,124.0,60.0,3600.0,0.0,0.0,4.07,0.18,36.7,28.1,21.0,15.9,0.091,0.148,0.169,0.254,-0.18,2026-07-31 19:00:00+02:00
2026-07-31 18:00:00+00:00,31.1,10.2,28,0.0,5,1014.6,1.2,3.0,90,2.9,50.0,26.0,24.0,3600.0,0.0,0.0,3.27,0.07,34.8,28.4,21.1,15.9,0.091,0.148,0.169,0.254,-0.07,2026-07-31 20:00:00+02:00
2026-07-31 19:00:00+00:00,30.0,9.5,28,0.0,5,1015.0,2.49,4.48,75,3.9,0.0,0.0,0.0,0.0,0.0,0.0,3.04,0.15,32.8,28.5,21.1,15.9,0.091,0.148,0.169,0.254,-0.15,2026-07-31 21:00:00+02:00
2026-07-31 20:00:00+00:00,29.4,10.2,30,0.0,3,1015.2,3.17,6.43,84,5.5,0.0,0.0,0.0,0.0,0.0,0.0,2.85,0.13,31.3,28.5,21.1,15.9,0.091,0.148,0.169,0.254,-0.13,2026-07-31 22:00:00+02:00
2026-07-31 21:00:00+00:00,28.1,10.8,34,0.0,2,1015.2,3.03,5.98,82,5.6,0.0,0.0,0.0,0.0,0.0,0.0,2.51,0.11,30.2,28.5,21.1,15.9,0.091,0.148,0.169,0.254,-0.11,2026-07-31 23:00:00+02:00
2026-07-31 22:00:00+00:00,26.8,11.8,39,0.0,1,1015.2,2.92,5.67,83,5.3,0.0,0.0,0.0,0.0,0.0,0.0,2.14,0.1,29.0,28.4,21.2,15.9,0.091,0.148,0.169,0.254,-0.1,2026-08-01 00:00:00+02:00
2026-07-31 23:00:00+00:00,25.6,12.7,45,0.0,1,1015.0,2.55,5.31,91,5.0,0.0,0.0,0.0,0.0,0.0,0.0,1.81,0.08,28.0,28.3,21.2,15.9,0.091,0.147,0.169,0.254,-0.08,2026-08-01 01:00:00+02:00
2026-08-01 00:00:00+00:00,23.6,13.6,53,0.0,0,1015.1,2.99,5.51,108,4.3,0.0,0.0,0.0,0.0,0.0,0.0,1.36,0.07,26.2,27.2,21.2,15.9,0.097,0.147,0.169,0.254,-0.07,2026-08-01 02:00:00+02:00
2026-08-01 01:00:00+00:00,22.4,14.2,60,0.0,0,1014.9,2.8,5.06,117,5.2,0.0,0.0,0.0,0.0,0.0,0.0,1.09,0.06,25.3,27.0,21.2,15.9,0.097,0.147,0.169,0.254,-0.06,2026-08-01 03:00:00+02:00
2026-08-01 02:00:00+00:00,21.9,14.1,61,0.0,0,1015.0,2.99,5.59,128,5.4,0.0,0.0,0.0,0.0,0.0,0.0,1.01,0.06,24.5,26.9,21.2,15.9,0.096,0.147,0.169,0.254,-0.06,2026-08-01 04:00:00+02:00
2026-08-01 03:00:00+00:00,21.8,13.4,59,0.0,0,1015.1,1.84,4.89,133,5.2,0.0,0.0,0.0,0.0,0.0,0.0,1.07,0.03,23.8,26.7,21.2,15.9,0.096,0.147,0.169,0.254,-0.03,2026-08-01 05:00:00+02:00
2026-08-01 04:00:00+00:00,22.3,12.8,55,0.0,0,1015.2,1.97,4.3,144,3.1,21.0,10.0,11.0,2439.36,0.0,0.0,1.21,0.05,23.2,26.5,21.2,15.9,0.096,0.147,0.169,0.254,-0.05,2026-08-01 06:00:00+02:00
2026-08-01 05:00:00+00:00,24.1,13.2,51,0.0,0,1015.3,2.23,4.6,146,4.5,140.0,92.0,48.0,3600.0,0.0,0.0,1.48,0.13,23.7,26.3,21.2,15.9,0.096,0.147,0.169,0.254,-0.13,2026-08-01 07:00:00+02:00
2026-08-01 06:00:00+00:00,26.0,13.7,47,0.0,0,1015.5,2.39,4.11,169,5.1,305.0,234.0,71.0,3600.0,0.0,0.0,1.78,0.24,24.9,26.1,21.3,15.9,0.096,0.147,0.169,0.254,-0.24,2026-08-01 08:00:00+02:00
2026-08-01 07:00:00+00:00,28.5,13.9,41,0.0,0,1015.2,2.33,3.3,189,6.3,474.0,388.0,86.0,3600.0,0.0,0.0,2.3,0.37,26.7,26.0,21.3,15.9,0.095,0.147,0.169,0.254,-0.37,2026-08-01 09:00:00+02:00
2026-08-01 08:00:00+00:00,30.9,13.9,36,0.0,0,1015.2,2.28,3.07,199,6.5,627.0,531.0,96.0,3600.0,0.0,0.0,2.87,0.49,29.0,26.0,21.3,16.0,0.095,0.147,0.169,0.254,-0.49,2026-08-01 10:00:00+02:00
2026-08-01 09:00:00+00:00,32.9,13.1,30,0.0,2,1015.1,2.51,3.29,223,7.1,748.0,646.0,102.0,3600.0,0.0,0.0,3.49,0.61,31.3,26.1,21.3,16.0,0.094,0.147,0.169,0.254,-0.61,2026-08-01 11:00:00+02:00
2026-08-01 10:00:00+00:00,34.5,12.5,27,0.0,0,1014.9,2.23,2.87,236,7.2,828.0,722.0,106.0,3600.0,0.0,0.0,4.0,0.67,33.6,26.3,21.3,16.0,0.094,0.147,0.169,0.254,-0.67,2026-08-01 12:00:00+02:00
2026-08-01 11:00:00+00:00,35.6,11.1,23,0.0,2,1014.5,1.53,1.87,238,6.7,832.0,717.0,115.0,3600.0,0.0,0.0,4.47,0.67,35.6,26.6,21.3,16.0,0.093,0.147,0.169,0.254,-0.67,2026-08-01 13:00:00+02:00
2026-08-01 12:00:00+00:00,36.8,9.3,19,0.0,4,1014.0,1.46,1.79,239,5.6,779.0,654.0,125.0,3600.0,0.0,0.0,5.04,0.64,38.1,27.1,21.4,16.0,0.091,0.147,0.169,0.254,-0.64,2026-08-01 14:00:00+02:00
2026-08-01 13:00:00+00:00,36.9,8.4,18,0.0,2,1013.3,1.76,2.2,250,6.0,769.0,660.0,109.0,3600.0,0.0,0.0,5.12,0.63,39.2,27.4,21.4,16.0,0.091,0.147,0.169,0.254,-0.63,2026-08-01 15:00:00+02:00
2026-08-01 14:00:00+00:00,36.9,7.5,17,0.0,2,1013.0,2.17,2.74,251,6.4,664.0,562.0,102.0,3600.0,0.0,0.0,5.19,0.57,39.5,27.8,21.4,16.0,0.09,0.147,0.169,0.253,-0.57,2026-08-01 16:00:00+02:00
2026-08-01 15:00:00+00:00,36.6,6.6,16,0.0,2,1012.7,1.81,2.32,256,6.4,519.0,428.0,91.0,3600.0,0.0,0.0,5.15,0.44,39.2,28.1,21.5,16.0,0.09,0.147,0.169,0.253,-0.44,2026-08-01 17:00:00+02:00
2026-08-01 16:00:00+00:00,36.1,6.1,16,0.0,2,1012.4,0.32,0.4,288,5.3,355.0,277.0,78.0,3600.0,0.0,0.0,5.02,0.23,38.4,28.5,21.5,16.0,0.09,0.147,0.169,0.253,-0.23,2026-08-01 18:00:00+02:00
2026-08-01 17:00:00+00:00,35.2,9.9,21,0.0,1,1012.1,0.5,0.72,186,2.5,189.0,131.0,58.0,3600.0,0.0,0.0,4.45,0.12,37.2,28.7,21.5,16.0,0.09,0.147,0.169,0.253,-0.12,2026-08-01 19:00:00+02:00
2026-08-01 18:00:00+00:00,32.2,9.3,24,0.0,2,1012.1,1.05,2.28,155,1.2,49.0,26.0,23.0,3600.0,0.0,0.0,3.64,0.06,35.1,28.8,21.5,16.0,0.09,0.147,0.169,0.253,-0.06,2026-08-01 20:00:00+02:00
2026-08-01 19:00:00+00:00,31.1,8.1,24,0.0,9,1012.5,1.03,1.94,133,2.0,0.0,0.0,0.0,0.0,0.0,0.0,3.44,0.08,33.1,28.9,21.5,16.0,0.09,0.147,0.169,0.253,-0.08,2026-08-01 21:00:00+02:00
2026-08-01 20:00:00+00:00,29.4,8.1,26,0.0,1,1012.8,0.79,1.64,108,1.7,0.0,0.0,0.0,0.0,0.0,0.0,3.02,0.02,31.4,28.9,21.5,16.0,0.09,0.147,0.169,0.253,-0.02,2026-08-01 22:00:00+02:00
2026-08-01 21:00:00+00:00,27.9,8.3,29,0.0,1,1013.1,2.66,3.88,102,4.3,0.0,0.0,0.0,0.0,0.0,0.0,2.65,0.11,30.0,28.9,21.6,16.0,0.09,0.147,0.169,0.253,-0.11,2026-08-01 23:00:00+02:00
2026-08-01 22:00:00+00:00,27.2,8.9,32,0.0,2,1013.6,2.77,5.05,107,5.5,0.0,0.0,0.0,0.0,0.0,0.0,2.46,0.1,29.0,28.8,21.6,16.0,0.09,0.147,0.169,0.253,-0.1,2026-08-02 00:00:00+02:00
2026-08-01 23:00:00+00:00,26.1,8.6,33,0.0,1,1013.5,2.73,4.78,166,4.6,0.0,0.0,0.0,0.0,0.0,0.0,2.26,0.1,28.0,28.6,21.6,16.0,0.09,0.147,0.169,0.253,-0.1,2026-08-02 01:00:00+02:00
2026-08-02 00:00:00+00:00,25.0,9.2,37,0.0,1,1013.8,2.38,4.49,188,4.7,0.0,0.0,0.0,0.0,0.0,0.0,2.0,0.08,26.2,27.6,21.2,16.0,0.09,0.147,0.169,0.253,-0.08,2026-08-02 02:00:00+02:00
2026-08-02 01:00:00+00:00,24.9,10.1,39,0.0,1,1013.9,3.53,6.55,187,6.1,0.0,0.0,0.0,0.0,0.0,0.0,1.9,0.11,25.7,27.4,21.2,16.0,0.09,0.147,0.169,0.253,-0.11,2026-08-02 03:00:00+02:00
2026-08-02 02:00:00+00:00,24.7,11.4,43,0.0,1,1014.3,4.09,8.46,215,7.6,0.0,0.0,0.0,0.0,0.0,0.0,1.76,0.12,25.3,27.2,21.2,16.0,0.09,0.147,0.169,0.253,-0.12,2026-08-02 04:00:00+02:00
2026-08-02 03:00:00+00:00,24.2,11.9,46,0.0,0,1014.7,1.79,5.67,247,7.3,0.0,0.0,0.0,0.0,0.0,0.0,1.62,0.05,24.9,27.1,21.3,16.0,0.09,0.147,0.169,0.253,-0.05,2026-08-02 05:00:00+02:00
2026-08-02 04:00:00+00:00,23.9,13.1,51,0.0,0,1015.5,0.57,2.15,142,2.7,20.0,9.0,11.0,2093.83,0.0,0.0,1.46,0.01,24.3,26.9,21.3,16.0,0.09,0.147,0.169,0.253,-0.01,2026-08-02 06:00:00+02:00
2026-08-02 05:00:00+00:00,25.7,12.7,44,0.0,0,1015.3,2.83,4.74,188,5.8,135.0,86.0,49.0,3600.0,0.0,0.0,1.83,0.15,24.8,26.7,21.3,16.0,0.09,0.147,0.169,0.253,-0.15,2026-08-02 07:00:00+02:00
2026-08-02 06:00:00+00:00,27.6,13.0,41,0.0,0,1015.8,2.28,3.49,199,6.0,297.0,225.0,72.0,3600.0,0.0,0.0,2.18,0.25,26.2,26.6,21.3,16.0,0.09,0.147,0.169,0.253,-0.25,2026-08-02 08:00:00+02:00
2026-08-02 07:00:00+00:00,29.5,13.0,36,0.0,0,1015.8,2.28,3.1,232,6.2,465.0,378.0,87.0,3600.0,0.0,0.0,2.62,0.37,28.0,26.6,21.3,16.0,0.09,0.147,0.169,0.253,-0.37,2026-08-02 09:00:00+02:00
2026-08-02 08:00:00+00:00,31.1,13.1,33,0.0,3,1016.1,2.26,2.97,257,6.6,615.0,516.0,99.0,3600.0,0.0,0.0,3.02,0.49,30.2,26.6,21.3,16.0,0.09,0.147,0.169,0.253,-0.49,2026-08-02 10:00:00+02:00
2026-08-02 09:00:00+00:00,32.5,13.3,31,0.0,11,1016.3,2.02,2.62,277,6.6,732.0,620.0,112.0,3600.0,0.0,0.0,3.35,0.58,32.4,26.7,21.3,16.0,0.09,0.147,0.169,0.253,-0.58,2026-08-02 11:00:00+02:00
2026-08-02 10:00:00+00:00,33.6,13.5,30,0.0,4,1016.2,1.79,2.33,293,6.4,804.0,684.0,120.0,3600.0,0.0,0.0,3.66,0.64,34.6,26.9,21.3,16.1,0.09,0.147,0.168,0.253,-0.64,2026-08-02 12:00:00+02:00
2026-08-02 11:00:00+00:00,34.8,13.5,28,0.0,8,1015.8,1.48,1.94,315,6.2,833.0,705.0,128.0,3600.0,0.0,0.0,4.0,0.66,36.4,27.1,21.4,16.1,0.09,0.147,0.168,0.253,-0.66,2026-08-02 13:00:00+02:00
2026-08-02 12:00:00+00:00,35.6,13.5,27,0.0,30,1015.5,1.15,1.41,342,5.8,714.0,572.0,142.0,3600.0,0.0,0.0,4.27,0.58,38.1,27.4,21.3,16.1,0.09,0.147,0.168,0.253,-0.58,2026-08-02 14:00:00+02:00
2026-08-02 13:00:00+00:00,35.5,12.7,25,0.0,40,1015.1,2.44,3.05,345,6.7,595.0,428.0,167.0,3600.0,0.0,0.0,4.31,0.54,38.6,27.7,21.3,16.1,0.09,0.147,0.168,0.253,-0.54,2026-08-02 15:00:00+02:00
2026-08-02 14:00:00+00:00,35.5,11.4,23,0.0,24,1015.0,2.8,3.62,349,7.0,473.0,332.0,141.0,3600.0,0.0,0.0,4.44,0.48,38.3,28.0,21.3,16.1,0.09,0.147,0.168,0.253,-0.48,2026-08-02 16:00:00+02:00
2026-08-02 15:00:00+00:00,35.6,10.7,22,0.0,24,1014.8,2.56,3.53,6,7.5,407.0,294.0,113.0,3600.0,0.0,0.0,4.53,0.41,37.8,28.3,21.4,16.1,0.09,0.147,0.168,0.253,-0.41,2026-08-02 17:00:00+02:00
2026-08-02 16:00:00+00:00,35.1,11.0,23,0.0,23,1014.8,4.26,5.92,3,8.7,288.0,192.0,96.0,3600.0,0.0,0.0,4.33,0.4,37.1,28.6,21.4,16.1,0.09,0.147,0.168,0.253,-0.4,2026-08-02 18:00:00+02:00
2026-08-02 17:00:00+00:00,32.9,12.9,30,0.0,25,1015.0,5.59,8.42,15,12.0,156.0,97.0,59.0,3600.0,0.0,0.0,3.5,0.33,35.8,28.7,21.4,16.1,0.09,0.147,0.168,0.253,-0.33,2026-08-02 19:00:00+02:00
2026-08-02 18:00:00+00:00,32.6,11.6,28,0.0,13,1014.6,3.59,6.61,39,11.2,37.0,16.0,21.0,3600.0,0.0,0.0,3.55,0.2,34.6,28.9,21.4,16.1,0.09,0.147,0.168,0.253,-0.2,2026-08-02 20:00:00+02:00
2026-08-02 19:00:00+00:00,31.0,12.9,33,0.0,9,1015.0,3.85,7.25,28,6.7,0.0,0.0,0.0,0.0,0.0,0.0,2.99,0.19,33.2,29.0,21.5,16.1,0.09,0.147,0.168,0.253,-0.19,2026-08-02 21:00:00+02:00
2026-08-02 20:00:00+00:00,29.8,15.3,41,0.0,5,1015.4,3.74,6.94,38,7.6,0.0,0.0,0.0,0.0,0.0,0.0,2.45,0.13,31.9,29.0,21.5,16.1,0.09,0.147,0.168,0.253,-0.13,2026-08-02 22:00:00+02:00
2026-08-02 21:00:00+00:00,28.5,16.5,48,0.0,2,1015.7,3.48,6.72,39,6.9,0.0,0.0,0.0,0.0,0.0,0.0,2.01,0.11,30.8,29.0,21.5,16.1,0.09,0.147,0.168,0.253,-0.11,2026-08-02 23:00:00+02:00
2026-08-02 22:00:00+00:00,27.5,17.8,56,0.0,4,1016.0,3.36,6.47,42,6.3,0.0,0.0,0.0,0.0,0.0,0.0,1.62,0.09,29.8,28.9,21.5,16.1,0.09,0.147,0.168,0.253,-0.09,2026-08-03 00:00:00+02:00
2026-08-02 23:00:00+00:00,26.5,18.6,62,0.0,4,1016.0,3.39,6.44,37,6.1,0.0,0.0,0.0,0.0,0.0,0.0,1.31,0.07,28.9,28.8,21.6,16.1,0.09,0.147,0.168,0.253,-0.07,2026-08-03 01:00:00+02:00
2026-08-03 00:00:00+00:00,24.4,18.4,69,0.0,1,1016.2,3.19,6.16,49,6.5,0.0,0.0,0.0,0.0,0.0,0.0,0.95,0.05,28.0,28.6,21.3,16.1,0.091,0.147,0.168,0.253,-0.05,2026-08-03 02:00:00+02:00
2026-08-03 01:00:00+00:00,23.9,18.6,72,0.0,0,1016.1,3.19,6.02,58,5.8,0.0,0.0,0.0,0.0,0.0,0.0,0.81,0.05,27.1,28.4,21.3,16.1,0.091,0.147,0.168,0.253,-0.05,2026-08-03 03:00:00+02:00
2026-08-03 02:00:00+00:00,23.2,18.6,76,0.0,1,1015.8,3.29,5.99,46,6.2,0.0,0.0,0.0,0.0,0.0,0.0,0.69,0.04,26.3,28.3,21.3,16.1,0.091,0.147,0.168,0.253,-0.04,2026-08-03 04:00:00+02:00
2026-08-03 03:00:00+00:00,22.4,18.6,79,0.0,9,1016.1,2.61,4.89,58,6.0,0.0,0.0,0.0,0.0,0.0,0.0,0.57,0.03,25.6,28.1,21.4,16.1,0.091,0.147,0.168,0.253,-0.03,2026-08-03 05:00:00+02:00
2026-08-03 04:00:00+00:00,22.4,18.5,79,0.0,2,1016.4,2.57,4.57,57,4.8,18.0,7.0,11.0,1378.28,0.0,0.0,0.58,0.03,25.1,27.9,21.4,16.1,0.091,0.147,0.168,0.253,-0.03,2026-08-03 06:00:00+02:00
2026-08-03 05:00:00+00:00,24.1,18.3,70,0.0,0,1016.4,1.73,3.95,68,4.6,129.0,79.0,50.0,3600.0,0.0,0.0,0.89,0.09,25.4,27.7,21.4,16.1,0.091,0.147,0.168,0.253,-0.09,2026-08-03 07:00:00+02:00
2026-08-03 06:00:00+00:00,26.3,17.9,60,0.0,0,1016.9,0.91,1.61,99,4.3,290.0,217.0,73.0,3600.0,0.0,0.0,1.37,0.19,26.5,27.4,21.3,16.1,0.091,0.147,0.168,0.253,-0.19,2026-08-03 08:00:00+02:00
2026-08-03 07:00:00+00:00,29.2,16.3,46,0.0,0,1016.9,1.01,1.35,123,4.2,459.0,372.0,87.0,3600.0,0.0,0.0,2.19,0.33,28.4,27.3,21.4,16.1,0.091,0.147,0.168,0.253,-0.33,2026-08-03 09:00:00+02:00
2026-08-03 08:00:00+00:00,31.5,15.5,38,0.0,0,1017.1,1.1,1.42,150,4.8,611.0,514.0,97.0,3600.0,0.0,0.0,2.85,0.46,30.8,27.3,21.4,16.1,0.091,0.147,0.168,0.253,-0.46,2026-08-03 10:00:00+02:00
2026-08-03 09:00:00+00:00,33.3,14.2,32,0.0,0,1017.0,1.15,1.46,180,5.1,734.0,630.0,104.0,3600.0,0.0,0.0,3.5,0.56,33.2,27.4,21.4,16.1,0.091,0.147,0.168,0.253,-0.56,2026-08-03 11:00:00+02:00
2026-08-03 10:00:00+00:00,34.7,12.7,27,0.0,9,1016.8,1.1,1.37,177,5.9,815.0,708.0,107.0,3600.0,0.0,0.0,4.05,0.63,35.5,27.6,21.4,16.1,0.091,0.147,0.168,0.253,-0.63,2026-08-03 12:00:00+02:00
2026-08-03 11:00:00+00:00,35.6,11.1,23,0.0,13,1016.3,1.48,1.86,156,6.0,804.0,687.0,117.0,3600.0,0.0,0.0,4.48,0.65,37.2,27.8,21.4,16.1,0.091,0.147,0.168,0.253,-0.65,2026-08-03 13:00:00+02:00
2026-08-03 12:00:00+00:00,36.8,10.3,20,0.0,21,1015.7,2.45,3.18,141,6.1,760.0,620.0,140.0,3600.0,0.0,0.0,4.94,0.66,38.9,28.4,21.6,16.2,0.091,0.147,0.168,0.252,-0.66,2026-08-03 14:00:00+02:00
2026-08-03 13:00:00+00:00,37.2,9.2,18,0.0,23,1015.0,2.41,3.13,124,7.3,739.0,619.0,120.0,3600.0,0.0,0.0,5.17,0.65,39.7,28.7,21.6,16.2,0.091,0.147,0.168,0.252,-0.65,2026-08-03 15:00:00+02:00
2026-08-03 14:00:00+00:00,37.0,7.9,17,0.0,19,1014.5,2.34,3.13,110,7.2,589.0,472.0,117.0,3600.0,0.0,0.0,5.21,0.54,39.7,29.0,21.6,16.2,0.091,0.147,0.168,0.252,-0.54,2026-08-03 16:00:00+02:00
2026-08-03 15:00:00+00:00,37.0,7.3,16,0.0,30,1014.1,2.15,2.9,90,6.5,465.0,365.0,100.0,3600.0,0.0,0.0,5.26,0.43,39.4,29.3,21.6,16.2,0.091,0.147,0.167,0.252,-0.43,2026-08-03 17:00:00+02:00
2026-08-03 16:00:00+00:00,36.7,5.7,15,0.0,46,1013.9,3.04,4.31,70,6.5,275.0,179.0,96.0,3600.0,0.0,0.0,5.24,0.36,38.4,29.6,21.7,16.2,0.091,0.147,0.167,0.252,-0.36,2026-08-03 18:00:00+02:00
2026-08-03 17:00:00+00:00,34.8,8.1,19,0.0,20,1014.1,5.23,8.08,83,10.3,154.0,96.0,58.0,3600.0,0.0,0.0,4.48,0.36,37.2,29.7,21.7,16.2,0.091,0.147,0.167,0.252,-0.36,2026-08-03 19:00:00+02:00
2026-08-03 18:00:00+00:00,33.1,7.9,21,0.0,9,1014.4,4.2,7.66,88,10.6,39.0,19.0,20.0,3574.36,0.0,0.0,3.98,0.24,35.5,29.9,21.7,16.2,0.091,0.147,0.167,0.252,-0.24,2026-08-03 20:00:00+02:00
2026-08-03 19:00:00+00:00,31.6,8.7,24,0.0,4,1014.9,3.95,7.62,77,7.8,0.0,0.0,0.0,0.0,0.0,0.0,3.53,0.18,34.0,29.9,21.8,16.2,0.091,0.147,0.167,0.252,-0.18,2026-08-03 21:00:00+02:00
2026-08-03 20:00:00+00:00,30.1,10.8,30,0.0,1,1015.2,3.56,7.2,94,7.3,0.0,0.0,0.0,0.0,0.0,0.0,2.96,0.15,32.6,29.9,21.8,16.2,0.091,0.147,0.167,0.252,-0.15,2026-08-03 22:00:00+02:00
2026-08-03 21:00:00+00:00,29.0,11.3,33,0.0,1,1015.5,3.1,6.39,108,6.4,0.0,0.0,0.0,0.0,0.0,0.0,2.67,0.12,31.3,29.9,21.8,16.2,0.091,0.147,0.167,0.252,-0.12,2026-08-03 23:00:00+02:00
2026-08-03 22:00:00+00:00,28.0,11.7,36,0.0,1,1015.9,2.92,6.03,96,5.5,0.0,0.0,0.0,0.0,0.0,0.0,2.4,0.11,30.2,29.8,21.8,16.2,0.091,0.147,0.167,0.252,-0.11,2026-08-04 00:00:00+02:00
2026-08-03 23:00:00+00:00,27.2,12.0,39,0.0,1,1015.8,2.9,5.91,101,5.2,0.0,0.0,0.0,0.0,0.0,0.0,2.2,0.1,29.3,29.7,21.8,16.2,0.091,0.147,0.167,0.252,-0.1,2026-08-04 01:00:00+02:00
2026-08-04 00:00:00+00:00,24.7,12.9,48,0.0,1,1015.9,3.51,6.57,116,5.1,0.0,0.0,0.0,0.0,0.0,0.0,1.62,0.1,27.4,28.8,21.8,16.2,0.091,0.147,0.167,0.252,-0.1,2026-08-04 02:00:00+02:00
2026-08-04 01:00:00+00:00,24.3,11.0,43,0.0,0,1015.7,3.29,6.35,133,6.3,0.0,0.0,0.0,0.0,0.0,0.0,1.72,0.1,26.7,28.6,21.8,16.2,0.091,0.147,0.167,0.252,-0.1,2026-08-04 03:00:00+02:00
2026-08-04 02:00:00+00:00,23.8,9.7,41,0.0,0,1015.9,3.02,5.98,140,5.8,0.0,0.0,0.0,0.0,0.0,0.0,1.74,0.09,26.0,28.4,21.8,16.2,0.091,0.147,0.167,0.252,-0.09,2026-08-04 04:00:00+02:00
2026-08-04 03:00:00+00:00,23.4,9.2,40,0.0,0,1016.1,2.86,5.62,134,5.4,0.0,0.0,0.0,0.0,0.0,0.0,1.72,0.09,25.4,28.2,21.8,16.2,0.091,0.147,0.167,0.252,-0.09,2026-08-04 05:00:00+02:00
2026-08-04 04:00:00+00:00,23.3,9.5,42,0.0,0,1016.3,2.87,5.39,133,5.1,17.0,7.0,10.0,1409.33,0.0,0.0,1.66,0.09,24.9,28.0,21.8,16.2,0.091,0.147,0.167,0.252,-0.09,2026-08-04 06:00:00+02:00
2026-08-04 05:00:00+00:00,25.1,10.4,40,0.0,0,1016.4,2.66,5.48,139,5.4,130.0,83.0,47.0,3600.0,0.0,0.0,1.92,0.15,25.3,27.8,21.8,16.2,0.091,0.147,0.167,0.252,-0.15,2026-08-04 07:00:00+02:00
2026-08-04 06:00:00+00:00,26.9,10.6,36,0.0,0,1016.9,2.15,3.83,152,5.8,293.0,222.0,71.0,3600.0,0.0,0.0,2.26,0.24,26.4,27.6,21.9,16.2,0.091,0.147,0.167,0.252,-0.24,2026-08-04 08:00:00+02:00
2026-08-04 07:00:00+00:00,29.3,11.2,33,0.0,0,1017.0,2.11,2.95,166,5.9,461.0,375.0,86.0,3600.0,0.0,0.0,2.74,0.36,28.2,27.5,21.9,16.2,0.091,0.147,0.167,0.252,-0.36,2026-08-04 09:00:00+02:00
2026-08-04 08:00:00+00:00,31.7,11.2,28,0.0,0,1017.0,2.3,3.15,178,6.6,613.0,517.0,96.0,3600.0,0.0,0.0,3.34,0.5,30.4,27.5,21.9,16.2,0.091,0.147,0.167,0.252,-0.5,2026-08-04 10:00:00+02:00
2026-08-04 09:00:00+00:00,33.6,11.1,25,0.0,0,1016.8,2.11,2.76,184,6.8,735.0,632.0,103.0,3600.0,0.0,0.0,3.88,0.59,32.8,27.5,21.9,16.2,0.091,0.147,0.167,0.252,-0.59,2026-08-04 11:00:00+02:00
2026-08-04 10:00:00+00:00,35.1,10.9,23,0.0,0,1016.6,1.61,2.11,187,6.5,816.0,710.0,106.0,3600.0,0.0,0.0,4.34,0.65,35.2,27.7,21.9,16.2,0.091,0.147,0.167,0.252,-0.65,2026-08-04 12:00:00+02:00
2026-08-04 11:00:00+00:00,36.1,10.3,21,0.0,0,1016.4,1.25,1.57,196,6.0,849.0,742.0,107.0,3600.0,0.0,0.0,4.72,0.67,37.2,28.0,21.9,16.2,0.09,0.147,0.167,0.252,-0.67,2026-08-04 13:00:00+02:00
2026-08-04 12:00:00+00:00,37.7,8.8,17,0.0,0,1015.6,1.07,1.26,191,5.4,832.0,725.0,107.0,3600.0,0.0,0.0,5.37,0.66,38.9,28.4,22.0,16.3,0.09,0.147,0.167,0.252,-0.66,2026-08-04 14:00:00+02:00
2026-08-04 13:00:00+00:00,37.8,8.7,17,0.0,0,1015.1,1.49,1.78,194,5.6,768.0,665.0,103.0,3600.0,0.0,0.0,5.43,0.63,40.1,28.7,22.0,16.3,0.09,0.147,0.167,0.252,-0.63,2026-08-04 15:00:00+02:00
2026-08-04 14:00:00+00:00,37.8,8.5,17,0.0,0,1014.8,1.94,2.39,198,6.1,657.0,559.0,98.0,3600.0,0.0,0.0,5.44,0.56,40.4,29.1,22.0,16.3,0.09,0.147,0.167,0.252,-0.56,2026-08-04 16:00:00+02:00
2026-08-04 15:00:00+00:00,37.4,8.4,17,0.0,0,1014.4,2.61,3.32,200,6.8,511.0,422.0,89.0,3600.0,0.0,0.0,5.31,0.48,40.1,29.4,22.0,16.3,0.09,0.147,0.167,0.252,-0.48,2026-08-04 17:00:00+02:00
2026-08-04 16:00:00+00:00,36.6,8.2,18,0.0,2,1014.2,3.05,3.95,203,7.1,344.0,268.0,76.0,3600.0,0.0,0.0,5.05,0.38,39.2,29.6,22.1,16.3,0.09,0.147,0.167,0.252,-0.38,2026-08-04 18:00:00+02:00
2026-08-04 17:00:00+00:00,35.3,9.1,20,0.0,2,1014.3,2.62,4.02,204,7.0,178.0,122.0,56.0,3600.0,0.0,0.0,4.55,0.24,37.7,29.9,22.1,16.3,0.09,0.147,0.167,0.252,-0.24,2026-08-04 19:00:00+02:00
2026-08-04 18:00:00+00:00,32.8,10.8,26,0.0,2,1014.2,1.43,3.56,192,4.7,42.0,22.0,20.0,3487.46,0.0,0.0,3.66,0.08,35.7,30.0,22.1,16.3,0.09,0.147,0.167,0.252,-0.08,2026-08-04 20:00:00+02:00
2026-08-04 19:00:00+00:00,31.5,10.2,27,0.0,2,1014.7,1.84,4.4,119,2.5,0.0,0.0,0.0,0.0,0.0,0.0,3.38,0.08,33.8,30.1,22.1,16.3,0.09,0.147,0.167,0.252,-0.08,2026-08-04 21:00:00+02:00
2026-08-04 20:00:00+00:00,31.1,10.9,29,0.0,2,1015.0,3.73,7.39,102,6.8,0.0,0.0,0.0,0.0,0.0,0.0,3.2,0.16,32.6,30.1,22.2,16.3,0.09,0.147,0.167,0.252,-0.16,2026-08-04 22:00:00+02:00
2026-08-04 21:00:00+00:00,30.4,10.8,30,0.0,2,1015.1,3.91,7.86,103,7.0,0.0,0.0,0.0,0.0,0.0,0.0,3.05,0.17,31.6,30.0,22.2,16.3,0.09,0.147,0.167,0.251,-0.17,2026-08-04 23:00:00+02:00
2026-08-04 22:00:00+00:00,29.4,10.7,31,0.0,2,1015.3,3.31,6.8,115,7.1,0.0,0.0,0.0,0.0,0.0,0.0,2.81,0.13,30.7,30.0,22.2,16.3,0.09,0.147,0.167,0.251,-0.13,2026-08-05 00:00:00+02:00
2026-08-04 23:00:00+00:00,28.2,10.9,34,0.0,1,1015.3,2.89,5.9,118,5.9,0.0,0.0,0.0,0.0,0.0,0.0,2.51,0.11,29.8,29.8,22.2,16.3,0.09,0.147,0.167,0.251,-0.11,2026-08-05 01:00:00+02:00
2026-08-05 00:00:00+00:00,25.8,11.8,42,0.0,0,1015.6,3.09,6.1,117,5.2,0.0,0.0,0.0,0.0,0.0,0.0,1.93,0.1,28.2,28.7,21.9,16.3,0.09,0.147,0.167,0.251,-0.1,2026-08-05 02:00:00+02:00
2026-08-05 01:00:00+00:00,25.3,11.6,42,0.0,0,1015.5,3.12,5.99,130,5.5,0.0,0.0,0.0,0.0,0.0,0.0,1.85,0.1,27.4,28.6,22.0,16.3,0.09,0.147,0.167,0.251,-0.1,2026-08-05 03:00:00+02:00
2026-08-05 02:00:00+00:00,25.3,11.2,41,0.0,0,1015.4,3.27,6.65,151,5.8,0.0,0.0,0.0,0.0,0.0,0.0,1.89,0.1,26.7,28.5,22.0,16.3,0.09,0.147,0.167,0.251,-0.1,2026-08-05 04:00:00+02:00
2026-08-05 03:00:00+00:00,24.9,11.2,42,0.0,0,1015.4,2.96,6.14,150,5.8,0.0,0.0,0.0,0.0,0.0,0.0,1.81,0.09,26.2,28.3,22.0,16.3,0.09,0.147,0.167,0.251,-0.09,2026-08-05 05:00:00+02:00
2026-08-05 04:00:00+00:00,24.6,11.8,45,0.0,0,1015.7,2.77,5.71,146,5.2,16.0,7.0,9.0,1440.53,0.0,0.0,1.71,0.09,25.7,28.1,22.0,16.3,0.09,0.147,0.167,0.251,-0.09,2026-08-05 06:00:00+02:00
2026-08-05 05:00:00+00:00,26.3,12.7,43,0.0,0,1016.0,1.95,4.46,140,4.7,128.0,81.0,47.0,3600.0,0.0,0.0,1.95,0.13,26.1,27.9,22.0,16.3,0.09,0.147,0.167,0.251,-0.13,2026-08-05 07:00:00+02:00
2026-08-05 06:00:00+00:00,28.2,12.9,39,0.0,0,1016.4,1.7,3.35,152,4.2,290.0,220.0,70.0,3600.0,0.0,0.0,2.33,0.23,27.2,27.7,22.0,16.3,0.09,0.147,0.167,0.251,-0.23,2026-08-05 08:00:00+02:00
2026-08-05 07:00:00+00:00,30.7,12.8,33,0.0,0,1016.4,2.04,2.87,163,5.8,458.0,373.0,85.0,3600.0,0.0,0.0,2.93,0.37,29.1,27.6,22.0,16.3,0.09,0.147,0.167,0.251,-0.37,2026-08-05 09:00:00+02:00
2026-08-05 08:00:00+00:00,33.0,12.1,28,0.0,0,1016.4,2.46,3.32,167,6.9,610.0,515.0,95.0,3600.0,0.0,0.0,3.61,0.51,31.3,27.6,22.0,16.3,0.09,0.147,0.167,0.251,-0.51,2026-08-05 10:00:00+02:00
2026-08-05 09:00:00+00:00,34.8,11.6,25,0.0,0,1016.4,2.43,3.19,166,7.1,731.0,629.0,102.0,3600.0,0.0,0.0,4.18,0.61,33.6,27.7,22.1,16.3,0.09,0.147,0.167,0.251,-0.61,2026-08-05 11:00:00+02:00
2026-08-05 10:00:00+00:00,36.2,10.6,21,0.0,0,1016.3,2.5,3.29,164,7.4,812.0,706.0,106.0,3600.0,0.0,0.0,4.73,0.69,35.8,27.9,22.1,16.3,0.09,0.147,0.167,0.251,-0.69,2026-08-05 12:00:00+02:00
2026-08-05 11:00:00+00:00,37.1,10.6,20,0.0,11,1015.9,2.39,3.08,164,7.4,846.0,738.0,108.0,3600.0,0.0,0.0,5.01,0.72,37.7,28.2,22.1,16.3,0.09,0.147,0.167,0.251,-0.72,2026-08-05 13:00:00+02:00
2026-08-05 12:00:00+00:00,38.1,9.9,18,0.0,12,1015.2,2.1,2.67,162,7.2,795.0,677.0,118.0,3600.0,0.0,0.0,5.44,0.68,39.6,28.7,22.2,16.4,0.09,0.147,0.167,0.251,-0.68,2026-08-05 14:00:00+02:00
2026-08-05 13:00:00+00:00,38.2,9.7,18,0.0,9,1014.7,2.18,2.71,171,6.7,733.0,616.0,117.0,3600.0,0.0,0.0,5.48,0.64,40.4,29.0,22.2,16.4,0.09,0.147,0.166,0.251,-0.64,2026-08-05 15:00:00+02:00
2026-08-05 14:00:00+00:00,38.2,9.5,18,0.0,13,1014.5,2.11,2.69,173,6.6,639.0,535.0,104.0,3600.0,0.0,0.0,5.5,0.56,40.7,29.4,22.2,16.4,0.09,0.147,0.166,0.251,-0.56,2026-08-05 16:00:00+02:00
2026-08-05 15:00:00+00:00,37.9,9.4,18,0.0,2,1014.3,2.04,2.64,158,6.3,499.0,404.0,95.0,3600.0,0.0,0.0,5.39,0.45,40.4,29.7,22.2,16.4,0.09,0.147,0.166,0.251,-0.45,2026-08-05 17:00:00+02:00
2026-08-05 16:00:00+00:00,37.3,9.3,18,0.0,2,1014.0,2.17,2.88,142,5.8,343.0,265.0,78.0,3600.0,0.0,0.0,5.19,0.34,39.6,30.0,22.3,16.4,0.09,0.147,0.166,0.251,-0.34,2026-08-05 18:00:00+02:00
2026-08-05 17:00:00+00:00,35.9,11.6,23,0.0,2,1014.0,1.83,2.87,145,5.4,175.0,118.0,57.0,3600.0,0.0,0.0,4.53,0.2,38.2,30.2,22.3,16.4,0.09,0.147,0.166,0.251,-0.2,2026-08-05 19:00:00+02:00
2026-08-05 18:00:00+00:00,33.4,11.4,26,0.0,9,1014.3,1.46,4.05,96,3.2,40.0,20.0,20.0,3399.26,0.0,0.0,3.78,0.08,36.0,30.2,22.3,16.4,0.09,0.147,0.166,0.251,-0.08,2026-08-05 20:00:00+02:00
2026-08-05 19:00:00+00:00,32.4,10.7,26,0.0,7,1014.9,2.6,5.81,91,4.4,0.0,0.0,0.0,0.0,0.0,0.0,3.58,0.12,34.3,30.3,22.3,16.4,0.09,0.147,0.166,0.251,-0.12,2026-08-05 21:00:00+02:00
2026-08-05 20:00:00+00:00,31.8,10.9,28,0.0,2,1014.9,3.05,6.61,89,5.3,0.0,0.0,0.0,0.0,0.0,0.0,3.39,0.14,33.0,30.3,22.3,16.4,0.09,0.147,0.166,0.251,-0.14,2026-08-05 22:00:00+02:00
2026-08-05 21:00:00+00:00,30.6,11.2,30,0.0,2,1015.3,3.25,6.56,91,5.7,0.0,0.0,0.0,0.0,0.0,0.0,3.05,0.14,31.9,30.3,22.3,16.4,0.09,0.147,0.166,0.251,-0.14,2026-08-05 23:00:00+02:00
2026-08-05 22:00:00+00:00,29.4,11.3,33,0.0,1,1015.4,3.18,6.46,106,5.8,0.0,0.0,0.0,0.0,0.0,0.0,2.76,0.13,31.0,30.2,22.4,16.4,0.09,0.147,0.166,0.251,-0.13,2026-08-06 00:00:00+02:00
2026-08-05 23:00:00+00:00,28.5,11.0,34,0.0,0,1015.2,2.85,5.66,101,5.5,0.0,0.0,0.0,0.0,0.0,0.0,2.57,0.11,30.1,30.1,22.4,16.4,0.09,0.147,0.166,0.251,-0.11,2026-08-06 01:00:00+02:00
2026-08-06 00:00:00+00:00,25.9,12.3,43,0.0,0,1015.2,2.93,5.52,123,5.0,0.0,0.0,0.0,0.0,0.0,0.0,1.91,0.09,28.1,28.4,21.4,16.4,0.09,0.147,0.166,0.251,-0.09,2026-08-06 02:00:00+02:00
2026-08-06 01:00:00+00:00,25.1,12.1,44,0.0,0,1015.0,2.87,5.28,125,5.3,0.0,0.0,0.0,0.0,0.0,0.0,1.78,0.09,27.3,28.3,21.4,16.4,0.09,0.147,0.166,0.251,-0.09,2026-08-06 03:00:00+02:00
2026-08-06 02:00:00+00:00,24.3,12.2,47,0.0,0,1014.9,2.71,4.58,113,5.1,0.0,0.0,0.0,0.0,0.0,0.0,1.61,0.08,26.5,28.1,21.5,16.4,0.09,0.147,0.166,0.251,-0.08,2026-08-06 04:00:00+02:00
2026-08-06 03:00:00+00:00,23.8,12.3,48,0.0,0,1015.2,3.05,5.55,131,5.5,0.0,0.0,0.0,0.0,0.0,0.0,1.52,0.08,25.9,28.0,21.5,16.4,0.09,0.147,0.166,0.251,-0.08,2026-08-06 05:00:00+02:00
2026-08-06 04:00:00+00:00,23.8,12.3,49,0.0,0,1015.5,2.5,4.66,127,5.4,15.0,6.0,9.0,1102.68,0.0,0.0,1.51,0.07,25.4,27.8,21.5,16.4,0.09,0.147,0.166,0.251,-0.07,2026-08-06 06:00:00+02:00
2026-08-06 05:00:00+00:00,25.3,12.6,45,0.0,0,1015.5,2.47,4.95,135,5.0,124.0,78.0,46.0,3600.0,0.0,0.0,1.77,0.13,25.6,27.6,21.5,16.4,0.09,0.147,0.166,0.251,-0.13,2026-08-06 07:00:00+02:00
2026-08-06 06:00:00+00:00,27.4,12.7,40,0.0,0,1015.8,2.22,4.17,144,5.0,285.0,215.0,70.0,3600.0,0.0,0.0,2.18,0.24,26.7,27.4,21.4,16.4,0.09,0.147,0.166,0.251,-0.24,2026-08-06 08:00:00+02:00
2026-08-06 07:00:00+00:00,30.0,12.1,33,0.0,0,1015.6,2.48,3.45,155,6.6,453.0,368.0,85.0,3600.0,0.0,0.0,2.83,0.38,28.6,27.3,21.5,16.4,0.09,0.147,0.166,0.251,-0.38,2026-08-06 09:00:00+02:00
2026-08-06 08:00:00+00:00,32.3,12.1,29,0.0,0,1015.5,2.17,2.91,157,6.6,605.0,510.0,95.0,3600.0,0.0,0.0,3.42,0.49,30.7,27.3,21.5,16.4,0.09,0.147,0.166,0.251,-0.49,2026-08-06 10:00:00+02:00
2026-08-06 09:00:00+00:00,34.3,12.0,26,0.0,1,1015.3,1.73,2.24,158,6.4,726.0,624.0,102.0,3600.0,0.0,0.0,4.01,0.58,33.2,27.4,21.5,16.4,0.09,0.147,0.166,0.251,-0.58,2026-08-06 11:00:00+02:00
2026-08-06 10:00:00+00:00,35.9,11.9,24,0.0,0,1015.0,1.91,2.47,160,6.3,806.0,700.0,106.0,3600.0,0.0,0.0,4.5,0.66,35.5,27.6,21.5,16.4,0.09,0.147,0.166,0.251,-0.66,2026-08-06 12:00:00+02:00
2026-08-06 11:00:00+00:00,37.0,11.5,22,0.0,1,1014.4,1.71,2.2,165,6.5,838.0,730.0,108.0,3600.0,0.0,0.0,4.91,0.69,37.5,27.8,21.5,16.4,0.089,0.147,0.166,0.251,-0.69,2026-08-06 13:00:00+02:00
2026-08-06 12:00:00+00:00,38.7,9.5,17,0.0,43,1013.3,2.4,3.11,144,7.3,823.0,716.0,107.0,3600.0,0.0,0.0,5.69,0.72,39.8,28.6,21.6,16.5,0.089,0.147,0.166,0.25,-0.72,2026-08-06 14:00:00+02:00
2026-08-06 13:00:00+00:00,38.6,9.0,17,0.0,30,1012.7,2.91,3.86,151,7.9,678.0,526.0,152.0,3600.0,0.0,0.0,5.68,0.64,40.4,28.9,21.7,16.5,0.089,0.147,0.166,0.25,-0.64,2026-08-06 15:00:00+02:00
2026-08-06 14:00:00+00:00,38.4,9.0,17,0.0,20,1012.3,2.8,3.67,151,7.8,574.0,443.0,131.0,3600.0,0.0,0.0,5.62,0.56,40.5,29.2,21.7,16.5,0.089,0.147,0.166,0.25,-0.56,2026-08-06 16:00:00+02:00
2026-08-06 15:00:00+00:00,38.1,9.1,17,0.0,80,1012.2,3.17,4.26,142,7.4,443.0,312.0,131.0,3600.0,0.0,0.0,5.5,0.48,40.0,29.5,21.7,16.5,0.089,0.147,0.166,0.25,-0.48,2026-08-06 17:00:00+02:00
2026-08-06 16:00:00+00:00,35.6,11.4,23,0.0,83,1012.4,5.33,7.61,140,11.5,292.0,185.0,107.0,3600.0,0.0,0.0,4.45,0.45,38.9,29.8,21.7,16.5,0.089,0.147,0.166,0.25,-0.45,2026-08-06 18:00:00+02:00
2026-08-06 17:00:00+00:00,34.1,12.8,28,0.0,46,1012.5,1.71,2.84,148,11.2,149.0,73.0,76.0,3600.0,0.0,0.0,3.86,0.17,37.4,30.0,21.8,16.5,0.089,0.147,0.166,0.25,-0.17,2026-08-06 19:00:00+02:00
2026-08-06 18:00:00+00:00,32.9,11.5,27,0.0,9,1012.1,2.28,4.67,161,3.2,32.0,12.0,20.0,2739.83,0.0,0.0,3.65,0.13,35.5,30.1,21.8,16.5,0.089,0.147,0.166,0.25,-0.13,2026-08-06 20:00:00+02:00
2026-08-06 19:00:00+00:00,32.1,11.6,29,0.0,24,1012.8,3.16,6.33,191,5.5,0.0,0.0,0.0,0.0,0.0,0.0,3.4,0.14,34.0,30.1,21.8,16.5,0.089,0.147,0.166,0.25,-0.14,2026-08-06 21:00:00+02:00
2026-08-06 20:00:00+00:00,30.9,12.1,31,0.0,21,1013.2,3.89,7.02,193,7.2,0.0,0.0,0.0,0.0,0.0,0.0,3.06,0.16,32.8,30.1,21.8,16.5,0.089,0.147,0.166,0.25,-0.16,2026-08-06 22:00:00+02:00
2026-08-06 21:00:00+00:00,29.7,12.5,35,0.0,3,1013.3,3.43,6.64,211,7.2,0.0,0.0,0.0,0.0,0.0,0.0,2.73,0.13,31.7,30.1,21.9,16.5,0.089,0.147,0.166,0.25,-0.13,2026-08-06 23:00:00+02:00
2026-08-06 22:00:00+00:00,28.7,13.0,38,0.0,3,1013.3,2.53,5.25,189,6.1,0.0,0.0,0.0,0.0,0.0,0.0,2.43,0.09,30.7,30.0,21.9,16.5,0.089,0.147,0.166,0.25,-0.09,2026-08-07 00:00:00+02:00
2026-08-06 23:00:00+00:00,27.4,13.5,42,0.0,9,1013.5,2.4,4.62,168,4.4,0.0,0.0,0.0,0.0,0.0,0.0,2.1,0.08,29.7,29.9,21.9,16.5,0.089,0.147,0.166,0.25,-0.08,2026-08-07 01:00:00+02:00
2026-08-07 00:00:00+00:00,25.6,12.7,45,0.0,14,1013.0,3.45,6.94,180,4.2,0.0,0.0,0.0,0.0,0.0,0.0,1.81,0.1,28.0,29.1,21.3,16.5,0.089,0.147,0.166,0.25,-0.1,2026-08-07 02:00:00+02:00
2026-08-07 01:00:00+00:00,24.9,13.8,50,0.0,6,1012.9,2.51,5.01,145,6.1,0.0,0.0,0.0,0.0,0.0,0.0,1.57,0.07,27.3,28.9,21.3,16.5,0.089,0.147,0.166,0.25,-0.07,2026-08-07 03:00:00+02:00
2026-08-07 02:00:00+00:00,23.9,14.1,54,0.0,2,1013.2,2.52,4.51,129,5.0,0.0,0.0,0.0,0.0,0.0,0.0,1.36,0.06,26.6,28.7,21.3,16.5,0.089,0.147,0.166,0.25,-0.06,2026-08-07 04:00:00+02:00
2026-08-07 03:00:00+00:00,23.7,14.4,56,0.0,2,1013.0,2.5,4.91,160,4.6,0.0,0.0,0.0,0.0,0.0,0.0,1.29,0.06,26.0,28.5,21.4,16.5,0.089,0.147,0.166,0.25,-0.06,2026-08-07 05:00:00+02:00
2026-08-07 04:00:00+00:00,23.6,14.5,57,0.0,2,1013.3,2.69,4.58,132,4.6,13.0,5.0,8.0,766.97,0.0,0.0,1.26,0.07,25.5,28.3,21.4,16.5,0.089,0.147,0.166,0.25,-0.07,2026-08-07 06:00:00+02:00
2026-08-07 05:00:00+00:00,25.3,14.9,52,0.0,8,1013.7,1.61,3.86,126,4.6,116.0,70.0,46.0,3600.0,0.0,0.0,1.54,0.1,25.8,28.1,21.4,16.5,0.089,0.147,0.166,0.25,-0.1,2026-08-07 07:00:00+02:00
2026-08-07 06:00:00+00:00,26.9,14.8,47,0.0,50,1014.0,0.51,0.54,349,3.5,249.0,166.0,83.0,3600.0,0.0,0.0,1.86,0.16,26.9,27.8,21.3,16.5,0.089,0.147,0.166,0.25,-0.16,2026-08-07 08:00:00+02:00
2026-08-07 07:00:00+00:00,29.4,14.8,41,0.0,5,1014.0,1.0,1.21,3,4.1,433.0,327.0,106.0,3600.0,0.0,0.0,2.41,0.31,28.8,27.7,21.4,16.5,0.089,0.147,0.166,0.25,-0.31,2026-08-07 09:00:00+02:00
2026-08-07 08:00:00+00:00,30.8,14.7,38,0.0,50,1014.1,2.1,2.73,12,6.3,596.0,496.0,100.0,3600.0,0.0,0.0,2.77,0.47,30.9,27.7,21.4,16.5,0.089,0.147,0.166,0.25,-0.47,2026-08-07 10:00:00+02:00
2026-08-07 09:00:00+00:00,31.9,14.6,35,0.1,9,1013.8,1.81,2.41,39,6.6,619.0,457.0,162.0,3600.0,0.1,0.0,3.07,0.5,32.7,27.8,21.4,16.5,0.09,0.147,0.166,0.25,-0.4,2026-08-07 11:00:00+02:00
2026-08-07 10:00:00+00:00,33.5,13.6,30,0.0,6,1013.1,2.23,2.91,50,6.8,702.0,545.0,157.0,3600.0,0.0,0.0,3.62,0.58,34.5,27.9,21.4,16.5,0.09,0.147,0.165,0.25,-0.58,2026-08-07 12:00:00+02:00
2026-08-07 11:00:00+00:00,34.7,13.0,27,0.0,16,1012.4,1.49,1.88,20,6.8,812.0,687.0,125.0,3600.0,0.0,0.0,4.02,0.64,36.4,28.1,21.5,16.5,0.09,0.147,0.165,0.25,-0.64,2026-08-07 13:00:00+02:00
2026-08-07 12:00:00+00:00,35.6,13.3,26,0.0,11,1011.9,2.15,2.75,87,8.8,763.0,618.0,145.0,3600.0,0.0,0.0,4.28,0.64,39.1,29.1,22.2,16.5,0.089,0.147,0.165,0.25,-0.64,2026-08-07 14:00:00+02:00
2026-08-07 13:00:00+00:00,35.5,13.5,27,0.0,61,1012.1,1.43,1.85,12,6.4,725.0,586.0,139.0,3600.0,0.0,0.0,4.22,0.58,39.9,29.5,22.2,16.5,0.089,0.147,0.165,0.25,-0.58,2026-08-07 15:00:00+02:00
2026-08-07 14:00:00+00:00,33.9,13.9,30,0.1,89,1012.2,3.83,5.13,345,8.4,418.0,265.0,153.0,3600.0,0.1,0.0,3.69,0.46,39.1,29.7,22.2,16.5,0.09,0.147,0.165,0.25,-0.36,2026-08-07 16:00:00+02:00
2026-08-07 15:00:00+00:00,30.7,15.1,39,0.6,41,1013.3,5.19,7.41,36,13.4,410.0,261.0,149.0,3600.0,0.6,0.0,2.7,0.43,37.3,29.9,22.2,16.5,0.096,0.147,0.165,0.25,0.16999999999999998,2026-08-07 17:00:00+02:00
2026-08-07 16:00:00+00:00,30.8,16.3,42,0.0,8,1013.4,5.52,7.75,18,11.0,308.0,226.0,82.0,3600.0,0.0,0.0,2.59,0.36,36.0,30.1,22.3,16.5,0.096,0.147,0.165,0.25,-0.36,2026-08-07 18:00:00+02:00
2026-08-07 17:00:00+00:00,26.9,17.2,55,0.0,7,1014.4,6.02,8.99,13,13.9,154.0,96.0,58.0,3600.0,0.0,0.0,1.59,0.22,34.1,30.1,22.3,16.5,0.096,0.147,0.165,0.25,-0.22,2026-08-07 19:00:00+02:00
2026-08-07 18:00:00+00:00,23.5,16.7,66,0.0,9,1014.9,5.83,9.25,18,12.4,33.0,15.0,18.0,3219.22,0.0,0.0,0.99,0.11,31.7,29.9,21.8,16.5,0.095,0.147,0.165,0.25,-0.11,2026-08-07 20:00:00+02:00
2026-08-07 19:00:00+00:00,22.7,16.2,67,0.0,90,1015.2,5.75,8.85,26,11.8,0.0,0.0,0.0,0.0,0.0,0.0,0.92,0.09,29.7,29.8,21.8,16.5,0.095,0.147,0.165,0.25,-0.09,2026-08-07 21:00:00+02:00
2026-08-07 20:00:00+00:00,21.8,15.6,68,0.0,99,1015.6,5.17,8.14,25,11.4,0.0,0.0,0.0,0.0,0.0,0.0,0.83,0.08,28.2,29.6,21.8,16.5,0.095,0.147,0.165,0.25,-0.08,2026-08-07 22:00:00+02:00
2026-08-07 21:00:00+00:00,21.4,15.4,69,0.0,96,1015.9,4.31,6.83,9,10.2,0.0,0.0,0.0,0.0,0.0,0.0,0.79,0.06,27.0,29.5,21.8,16.6,0.095,0.147,0.165,0.25,-0.06,2026-08-07 23:00:00+02:00
2026-08-07 22:00:00+00:00,20.9,15.4,71,0.0,56,1016.2,4.55,7.47,3,9.1,0.0,0.0,0.0,0.0,0.0,0.0,0.71,0.06,26.0,29.2,21.8,16.6,0.095,0.147,0.165,0.25,-0.06,2026-08-08 00:00:00+02:00
2026-08-07 23:00:00+00:00,20.6,15.4,72,0.0,39,1016.1,4.52,7.59,5,9.2,0.0,0.0,0.0,0.0,0.0,0.0,0.68,0.06,25.1,29.0,21.9,16.6,0.095,0.147,0.165,0.25,-0.06,2026-08-08 01:00:00+02:00
2026-08-08 00:00:00+00:00,19.3,15.9,80,0.0,74,1016.0,4.93,8.68,11,8.8,0.0,0.0,0.0,0.0,0.0,0.0,0.44,0.04,22.8,27.3,22.8,16.6,0.175,0.147,0.165,0.25,-0.04,2026-08-08 02:00:00+02:00
2026-08-08 01:00:00+00:00,19.3,16.0,81,0.0,85,1016.1,4.79,8.37,11,9.4,0.0,0.0,0.0,0.0,0.0,0.0,0.42,0.04,22.4,27.0,22.8,16.6,0.174,0.147,0.165,0.25,-0.04,2026-08-08 03:00:00+02:00
2026-08-08 02:00:00+00:00,19.1,15.9,82,0.0,5,1016.2,4.62,8.12,13,9.2,0.0,0.0,0.0,0.0,0.0,0.0,0.4,0.04,22.0,26.7,22.8,16.6,0.174,0.147,0.165,0.25,-0.04,2026-08-08 04:00:00+02:00
2026-08-08 03:00:00+00:00,18.9,15.7,82,0.0,3,1016.5,4.48,7.92,6,8.8,0.0,0.0,0.0,0.0,0.0,0.0,0.4,0.03,21.6,26.5,22.8,16.6,0.173,0.147,0.165,0.25,-0.03,2026-08-08 05:00:00+02:00
2026-08-08 04:00:00+00:00,18.9,15.5,80,0.0,5,1016.8,4.58,8.1,7,8.8,12.0,4.0,8.0,433.19,0.0,0.0,0.43,0.04,21.4,26.1,22.8,16.6,0.173,0.147,0.165,0.25,-0.04,2026-08-08 06:00:00+02:00
2026-08-08 05:00:00+00:00,19.9,15.4,76,0.0,41,1017.0,4.17,6.87,6,10.0,114.0,66.0,48.0,3600.0,0.0,0.0,0.57,0.09,21.5,25.9,22.8,16.6,0.172,0.147,0.165,0.25,-0.09,2026-08-08 07:00:00+02:00
2026-08-08 06:00:00+00:00,21.6,15.0,66,0.0,1,1017.2,4.28,6.35,7,9.4,268.0,184.0,84.0,3600.0,0.0,0.0,0.87,0.19,22.2,25.7,22.8,16.6,0.166,0.147,0.165,0.25,-0.19,2026-08-08 08:00:00+02:00
2026-08-08 07:00:00+00:00,23.4,14.9,59,0.0,0,1017.3,4.44,6.42,12,9.9,443.0,352.0,91.0,3600.0,0.0,0.0,1.18,0.31,23.4,25.6,22.8,16.6,0.163,0.147,0.165,0.25,-0.31,2026-08-08 09:00:00+02:00
2026-08-08 08:00:00+00:00,25.0,15.1,54,0.0,0,1017.5,3.95,5.53,13,9.8,597.0,494.0,103.0,3600.0,0.0,0.0,1.45,0.42,24.7,25.5,22.9,16.6,0.16,0.147,0.165,0.25,-0.42,2026-08-08 10:00:00+02:00
2026-08-08 09:00:00+00:00,26.6,15.2,49,0.0,0,1017.7,4.0,5.5,9,9.3,718.0,608.0,110.0,3600.0,0.0,0.0,1.76,0.52,26.2,25.4,22.8,16.6,0.157,0.147,0.165,0.25,-0.52,2026-08-08 11:00:00+02:00
2026-08-08 10:00:00+00:00,27.8,14.7,45,0.0,0,1017.5,4.47,6.13,10,10.2,798.0,682.0,116.0,3600.0,0.0,0.0,2.06,0.59,27.6,25.5,22.8,16.6,0.153,0.147,0.165,0.25,-0.59,2026-08-08 12:00:00+02:00
2026-08-08 11:00:00+00:00,28.7,13.8,40,0.0,3,1017.1,4.7,6.53,8,10.7,828.0,707.0,121.0,3600.0,0.0,0.0,2.36,0.63,28.8,25.6,22.9,16.6,0.149,0.147,0.165,0.25,-0.63,2026-08-08 13:00:00+02:00
2026-08-08 12:00:00+00:00,29.1,12.6,36,0.0,23,1017.0,5.16,7.22,3,10.8,797.0,668.0,129.0,3600.0,0.0,0.0,2.56,0.64,29.5,25.7,22.9,16.6,0.146,0.147,0.165,0.25,-0.64,2026-08-08 14:00:00+02:00
2026-08-08 13:00:00+00:00,29.3,11.6,34,0.0,18,1016.7,5.25,7.46,8,11.6,734.0,607.0,127.0,3600.0,0.0,0.0,2.7,0.61,29.9,25.9,22.9,16.6,0.142,0.147,0.165,0.25,-0.61,2026-08-08 15:00:00+02:00
2026-08-08 14:00:00+00:00,29.1,11.3,33,0.0,45,1016.6,5.74,8.24,7,12.2,603.0,454.0,149.0,3600.0,0.0,0.0,2.69,0.54,30.0,26.0,22.9,16.6,0.138,0.147,0.165,0.25,-0.54,2026-08-08 16:00:00+02:00
2026-08-08 15:00:00+00:00,28.5,10.9,34,0.0,1,1016.8,6.34,9.2,7,13.2,488.0,385.0,103.0,3600.0,0.0,0.0,2.58,0.48,29.7,26.1,22.9,16.6,0.135,0.147,0.165,0.25,-0.48,2026-08-08 17:00:00+02:00
2026-08-08 16:00:00+00:00,27.6,10.3,34,0.0,0,1017.3,5.87,8.92,12,13.2,325.0,241.0,84.0,3600.0,0.0,0.0,2.43,0.37,29.0,26.2,22.9,16.6,0.133,0.147,0.165,0.25,-0.37,2026-08-08 18:00:00+02:00
2026-08-08 17:00:00+00:00,26.4,10.0,36,0.0,1,1017.6,4.72,7.99,15,12.0,164.0,109.0,55.0,3600.0,0.0,0.0,2.22,0.24,28.0,26.3,22.9,16.6,0.131,0.147,0.165,0.25,-0.24,2026-08-08 19:00:00+02:00
2026-08-08 18:00:00+00:00,24.7,9.7,39,0.0,0,1018.2,5.15,8.8,23,9.2,34.0,16.0,18.0,3127.53,0.0,0.0,1.9,0.17,26.7,26.3,22.9,16.6,0.128,0.147,0.165,0.25,-0.17,2026-08-08 20:00:00+02:00
2026-08-08 19:00:00+00:00,23.7,9.9,42,0.0,1,1019.0,4.03,7.65,23,9.6,0.0,0.0,0.0,0.0,0.0,0.0,1.7,0.12,25.5,26.3,22.9,16.7,0.127,0.147,0.165,0.25,-0.12,2026-08-08 21:00:00+02:00
2026-08-08 20:00:00+00:00,22.8,9.8,44,0.0,0,1019.4,4.34,8.15,27,8.3,0.0,0.0,0.0,0.0,0.0,0.0,1.56,0.12,24.5,26.2,22.9,16.7,0.126,0.147,0.165,0.25,-0.12,2026-08-08 22:00:00+02:00
2026-08-08 21:00:00+00:00,21.8,10.7,49,0.0,0,1019.6,3.95,7.63,32,8.1,0.0,0.0,0.0,0.0,0.0,0.0,1.32,0.1,23.6,26.0,22.9,16.7,0.125,0.147,0.165,0.25,-0.1,2026-08-08 23:00:00+02:00
2026-08-08 22:00:00+00:00,21.1,11.5,54,0.0,0,1019.8,3.98,7.72,28,7.4,0.0,0.0,0.0,0.0,0.0,0.0,1.14,0.09,22.9,25.9,22.9,16.7,0.125,0.147,0.165,0.25,-0.09,2026-08-09 00:00:00+02:00
2026-08-08 23:00:00+00:00,20.5,12.0,58,0.0,0,1019.8,4.14,7.98,23,7.6,0.0,0.0,0.0,0.0,0.0,0.0,1.01,0.08,22.2,25.7,22.9,16.7,0.124,0.147,0.165,0.25,-0.08,2026-08-09 01:00:00+02:00
2026-08-09 00:00:00+00:00,19.3,11.5,61,0.0,0,1019.7,4.4,8.3,15,7.7,0.0,0.0,0.0,0.0,0.0,0.0,0.87,0.08,21.4,25.1,22.6,16.7,0.136,0.147,0.165,0.25,-0.08,2026-08-09 02:00:00+02:00
2026-08-09 01:00:00+00:00,19.0,11.8,63,0.0,0,1019.3,4.27,8.22,18,8.1,0.0,0.0,0.0,0.0,0.0,0.0,0.82,0.07,20.9,24.9,22.6,16.7,0.135,0.147,0.165,0.25,-0.07,2026-08-09 03:00:00+02:00
2026-08-09 02:00:00+00:00,18.4,12.0,66,0.0,0,1019.2,4.02,7.83,21,8.0,0.0,0.0,0.0,0.0,0.0,0.0,0.71,0.06,20.4,24.6,22.6,16.7,0.135,0.147,0.165,0.25,-0.06,2026-08-09 04:00:00+02:00
2026-08-09 03:00:00+00:00,17.8,12.0,69,0.0,0,1019.2,3.97,7.72,23,7.4,0.0,0.0,0.0,0.0,0.0,0.0,0.63,0.05,19.9,24.4,22.6,16.7,0.135,0.147,0.165,0.25,-0.05,2026-08-09 05:00:00+02:00
2026-08-09 04:00:00+00:00,17.6,11.9,69,0.0,0,1019.4,3.93,7.6,22,7.4,12.0,4.0,8.0,467.67,0.0,0.0,0.62,0.05,19.6,24.2,22.6,16.7,0.134,0.147,0.165,0.25,-0.05,2026-08-09 06:00:00+02:00
2026-08-09 05:00:00+00:00,18.9,12.4,66,0.0,0,1019.7,3.3,7.94,18,7.5,118.0,71.0,47.0,3600.0,0.0,0.0,0.74,0.1,19.8,24.0,22.6,16.7,0.134,0.147,0.165,0.25,-0.1,2026-08-09 07:00:00+02:00
2026-08-09 06:00:00+00:00,20.6,12.7,61,0.0,0,1019.9,3.26,5.32,18,7.9,275.0,194.0,81.0,3600.0,0.0,0.0,0.96,0.19,20.6,23.8,22.5,16.7,0.135,0.147,0.165,0.25,-0.19,2026-08-09 08:00:00+02:00
2026-08-09 07:00:00+00:00,22.9,12.3,51,0.0,1,1019.7,3.62,5.23,33,8.3,448.0,352.0,96.0,3600.0,0.0,0.0,1.36,0.31,22.0,23.6,22.5,16.7,0.134,0.147,0.165,0.25,-0.31,2026-08-09 09:00:00+02:00
2026-08-09 08:00:00+00:00,24.9,12.5,46,0.0,0,1019.5,3.12,4.32,40,8.3,602.0,495.0,107.0,3600.0,0.0,0.0,1.7,0.42,23.7,23.6,22.5,16.7,0.132,0.147,0.165,0.25,-0.42,2026-08-09 10:00:00+02:00
2026-08-09 09:00:00+00:00,26.5,12.3,41,0.0,0,1019.5,2.65,3.57,43,7.6,729.0,619.0,110.0,3600.0,0.0,0.0,2.04,0.52,25.6,23.6,22.5,16.7,0.129,0.147,0.165,0.249,-0.52,2026-08-09 11:00:00+02:00
2026-08-09 10:00:00+00:00,28.2,12.1,37,0.0,69,1019.2,2.55,3.45,55,7.0,815.0,703.0,112.0,3600.0,0.0,0.0,2.41,0.6,27.4,23.7,22.5,16.7,0.126,0.147,0.165,0.249,-0.6,2026-08-09 12:00:00+02:00
2026-08-09 11:00:00+00:00,28.8,11.4,34,0.0,50,1018.6,2.07,2.79,53,6.9,717.0,500.0,217.0,3600.0,0.0,0.0,2.6,0.54,28.6,23.9,22.5,16.7,0.123,0.147,0.165,0.249,-0.54,2026-08-09 13:00:00+02:00
2026-08-09 12:00:00+00:00,29.5,10.9,32,0.0,21,1018.1,1.86,2.37,14,5.9,773.0,604.0,169.0,3600.0,0.0,0.0,2.81,0.58,30.2,24.3,22.7,16.7,0.12,0.147,0.165,0.249,-0.58,2026-08-09 14:00:00+02:00
2026-08-09 13:00:00+00:00,29.8,10.9,31,0.0,14,1017.6,1.6,2.05,358,5.3,630.0,405.0,225.0,3600.0,0.0,0.0,2.89,0.48,30.8,24.5,22.7,16.7,0.117,0.147,0.165,0.249,-0.48,2026-08-09 15:00:00+02:00
2026-08-09 14:00:00+00:00,30.2,10.9,30,0.0,3,1017.2,1.45,1.88,4,5.0,620.0,474.0,146.0,3600.0,0.0,0.0,2.98,0.46,31.2,24.8,22.7,16.7,0.115,0.147,0.165,0.249,-0.46,2026-08-09 16:00:00+02:00
2026-08-09 15:00:00+00:00,30.2,10.9,30,0.0,7,1017.0,1.2,1.63,5,4.6,500.0,409.0,91.0,3600.0,0.0,0.0,2.98,0.37,31.2,25.0,22.7,16.7,0.113,0.147,0.165,0.249,-0.37,2026-08-09 17:00:00+02:00
2026-08-09 16:00:00+00:00,29.8,10.9,31,0.0,7,1016.8,1.2,1.64,17,3.8,330.0,252.0,78.0,3600.0,0.0,0.0,2.88,0.25,30.7,25.2,22.7,16.7,0.111,0.147,0.165,0.249,-0.25,2026-08-09 18:00:00+02:00
2026-08-09 17:00:00+00:00,28.0,16.9,51,0.0,2,1016.7,0.32,1.11,18,2.9,163.0,108.0,55.0,3600.0,0.0,0.0,1.85,0.09,29.6,25.4,22.7,16.7,0.11,0.147,0.165,0.249,-0.09,2026-08-09 19:00:00+02:00
2026-08-09 18:00:00+00:00,25.0,13.6,49,0.0,0,1016.8,1.32,3.18,349,1.0,32.0,15.0,17.0,3034.82,0.0,0.0,1.61,0.04,28.0,25.5,22.7,16.8,0.109,0.147,0.165,0.249,-0.04,2026-08-09 20:00:00+02:00
2026-08-09 19:00:00+00:00,24.0,11.7,46,0.0,0,1017.1,2.44,5.06,349,4.1,0.0,0.0,0.0,0.0,0.0,0.0,1.61,0.07,26.4,25.5,22.7,16.8,0.109,0.147,0.165,0.249,-0.07,2026-08-09 21:00:00+02:00
2026-08-09 20:00:00+00:00,23.3,10.5,45,0.0,12,1017.3,2.97,6.24,6,5.2,0.0,0.0,0.0,0.0,0.0,0.0,1.58,0.08,25.1,25.5,22.7,16.8,0.108,0.147,0.165,0.249,-0.08,2026-08-09 22:00:00+02:00
2026-08-09 21:00:00+00:00,22.8,10.8,47,0.0,34,1017.4,2.97,6.47,33,5.2,0.0,0.0,0.0,0.0,0.0,0.0,1.48,0.08,24.1,25.4,22.7,16.8,0.108,0.147,0.165,0.249,-0.08,2026-08-09 23:00:00+02:00
2026-08-09 22:00:00+00:00,22.5,11.0,48,0.0,3,1017.5,2.79,6.07,36,5.2,0.0,0.0,0.0,0.0,0.0,0.0,1.41,0.07,23.4,25.3,22.7,16.8,0.107,0.147,0.165,0.249,-0.07,2026-08-10 00:00:00+02:00
2026-08-09 23:00:00+00:00,21.5,11.4,53,0.0,2,1017.6,2.66,5.42,40,4.8,0.0,0.0,0.0,0.0,0.0,0.0,1.21,0.06,22.6,25.1,22.7,16.8,0.107,0.147,0.165,0.249,-0.06,2026-08-10 01:00:00+02:00
2026-08-10 00:00:00+00:00,19.2,10.7,58,0.0,0,1017.4,2.84,4.61,39,4.6,0.0,0.0,0.0,0.0,0.0,0.0,0.94,0.05,21.5,24.6,22.2,16.8,0.134,0.147,0.165,0.249,-0.05,2026-08-10 02:00:00+02:00
2026-08-10 01:00:00+00:00,18.4,11.0,62,0.0,0,1017.3,2.36,4.96,69,4.9,0.0,0.0,0.0,0.0,0.0,0.0,0.8,0.04,20.7,24.4,22.2,16.8,0.134,0.147,0.165,0.249,-0.04,2026-08-10 03:00:00+02:00
2026-08-10 02:00:00+00:00,17.3,11.5,69,0.0,0,1017.4,1.38,3.7,103,4.1,0.0,0.0,0.0,0.0,0.0,0.0,0.61,0.01,20.0,24.2,22.2,16.8,0.133,0.147,0.165,0.249,-0.01,2026-08-10 04:00:00+02:00
2026-08-10 03:00:00+00:00,16.5,11.9,74,0.0,0,1017.4,1.18,3.34,102,2.3,0.0,0.0,0.0,0.0,0.0,0.0,0.48,0.01,19.3,24.0,22.2,16.8,0.133,0.147,0.165,0.249,-0.01,2026-08-10 05:00:00+02:00
2026-08-10 04:00:00+00:00,16.7,11.8,73,0.0,0,1017.3,1.03,2.51,61,1.8,11.0,4.0,7.0,502.13,0.0,0.0,0.52,0.01,18.7,23.7,22.2,16.8,0.133,0.147,0.165,0.249,-0.01,2026-08-10 06:00:00+02:00
2026-08-10 05:00:00+00:00,18.9,12.6,67,0.0,0,1017.3,1.44,2.15,76,3.0,118.0,74.0,44.0,3600.0,0.0,0.0,0.72,0.07,19.1,23.5,22.2,16.8,0.133,0.147,0.165,0.249,-0.07,2026-08-10 07:00:00+02:00
2026-08-10 06:00:00+00:00,21.6,13.1,58,0.0,0,1017.6,0.55,1.74,95,2.9,284.0,214.0,70.0,3600.0,0.0,0.0,1.07,0.16,20.5,23.4,22.2,16.8,0.131,0.147,0.165,0.249,-0.16,2026-08-10 08:00:00+02:00
2026-08-10 07:00:00+00:00,24.8,13.9,51,0.0,0,1017.8,0.21,0.35,256,2.4,455.0,370.0,85.0,3600.0,0.0,0.0,1.54,0.28,22.5,23.3,22.2,16.8,0.13,0.147,0.165,0.249,-0.28,2026-08-10 09:00:00+02:00
2026-08-10 08:00:00+00:00,27.6,13.1,41,0.0,0,1017.8,0.78,1.03,243,3.5,610.0,515.0,95.0,3600.0,0.0,0.0,2.19,0.42,24.7,23.3,22.2,16.8,0.127,0.147,0.165,0.249,-0.42,2026-08-10 10:00:00+02:00
2026-08-10 09:00:00+00:00,29.3,10.6,31,0.0,0,1017.7,1.43,1.83,258,4.7,734.0,632.0,102.0,3600.0,0.0,0.0,2.8,0.53,26.8,23.4,22.2,16.8,0.125,0.147,0.164,0.249,-0.53,2026-08-10 11:00:00+02:00
2026-08-10 10:00:00+00:00,30.2,9.7,28,0.0,0,1017.6,1.6,2.06,274,5.3,814.0,708.0,106.0,3600.0,0.0,0.0,3.09,0.6,28.6,23.5,22.2,16.8,0.122,0.147,0.164,0.249,-0.6,2026-08-10 12:00:00+02:00
2026-08-10 11:00:00+00:00,30.8,9.7,27,0.0,70,1017.0,1.36,1.72,278,5.2,846.0,738.0,108.0,3600.0,0.0,0.0,3.24,0.63,30.2,23.8,22.2,16.8,0.118,0.147,0.164,0.249,-0.63,2026-08-10 13:00:00+02:00
2026-08-10 12:00:00+00:00,32.5,8.1,22,0.0,84,1016.3,1.61,2.02,263,4.9,823.0,698.0,125.0,3600.0,0.0,0.0,3.81,0.63,33.6,24.4,22.4,16.8,0.097,0.147,0.164,0.249,-0.63,2026-08-10 14:00:00+02:00
2026-08-10 13:00:00+00:00,32.7,8.0,22,0.0,9,1015.7,1.69,2.16,258,5.7,755.0,634.0,121.0,3600.0,0.0,0.0,3.86,0.59,34.6,24.7,22.4,16.8,0.096,0.147,0.164,0.249,-0.59,2026-08-10 15:00:00+02:00
2026-08-10 14:00:00+00:00,32.7,8.0,22,0.0,15,1015.3,1.8,2.34,251,5.7,649.0,554.0,95.0,3600.0,0.0,0.0,3.86,0.51,35.0,25.1,22.4,16.8,0.095,0.147,0.164,0.249,-0.51,2026-08-10 16:00:00+02:00
2026-08-10 15:00:00+00:00,32.4,8.0,22,0.0,2,1015.1,1.86,2.41,234,5.7,498.0,406.0,92.0,3600.0,0.0,0.0,3.78,0.4,34.7,25.4,22.4,16.8,0.094,0.147,0.164,0.249,-0.4,2026-08-10 17:00:00+02:00
2026-08-10 16:00:00+00:00,31.7,7.5,22,0.0,9,1014.9,2.19,2.8,207,5.4,331.0,257.0,74.0,3600.0,0.0,0.0,3.64,0.3,34.0,25.7,22.4,16.8,0.094,0.147,0.164,0.249,-0.3,2026-08-10 18:00:00+02:00
2026-08-10 17:00:00+00:00,30.2,7.3,24,0.0,6,1014.6,2.79,4.54,189,5.3,161.0,109.0,52.0,3600.0,0.0,0.0,3.26,0.21,32.6,26.0,22.4,16.8,0.094,0.147,0.164,0.249,-0.21,2026-08-10 19:00:00+02:00
2026-08-10 18:00:00+00:00,28.4,5.2,23,0.0,5,1014.4,2.96,5.85,192,5.1,30.0,15.0,15.0,2940.82,0.0,0.0,2.98,0.15,30.7,26.1,22.3,16.9,0.093,0.147,0.164,0.249,-0.15,2026-08-10 20:00:00+02:00
2026-08-10 19:00:00+00:00,27.5,5.6,25,0.0,2,1014.6,1.89,3.61,168,5.0,0.0,0.0,0.0,0.0,0.0,0.0,2.76,0.07,29.0,26.1,22.3,16.9,0.093,0.147,0.164,0.249,-0.07,2026-08-10 21:00:00+02:00
2026-08-10 20:00:00+00:00,26.8,6.1,27,0.0,1,1014.7,2.68,4.52,153,4.5,0.0,0.0,0.0,0.0,0.0,0.0,2.57,0.11,27.7,26.2,22.3,16.9,0.093,0.147,0.164,0.249,-0.11,2026-08-10 22:00:00+02:00
2026-08-10 21:00:00+00:00,25.6,7.7,32,0.0,1,1014.8,2.65,5.19,169,4.5,0.0,0.0,0.0,0.0,0.0,0.0,2.23,0.1,26.7,26.2,22.3,16.9,0.093,0.147,0.164,0.249,-0.1,2026-08-10 23:00:00+02:00
2026-08-10 22:00:00+00:00,24.8,8.7,36,0.0,0,1015.0,2.75,5.66,178,4.7,0.0,0.0,0.0,0.0,0.0,0.0,2.01,0.09,25.8,26.1,22.3,16.9,0.093,0.147,0.164,0.249,-0.09,2026-08-11 00:00:00+02:00
2026-08-10 23:00:00+00:00,24.4,8.3,36,0.0,0,1014.9,2.97,5.81,163,5.1,0.0,0.0,0.0,0.0,0.0,0.0,1.96,0.1,25.1,26.0,22.3,16.9,0.093,0.147,0.164,0.249,-0.1,2026-08-11 01:00:00+02:00
2026-08-11 00:00:00+00:00,21.8,8.8,43,0.0,0,1015.0,3.0,5.85,162,5.2,0.0,0.0,0.0,0.0,0.0,0.0,1.48,0.08,23.6,25.1,21.6,16.9,0.093,0.147,0.164,0.249,-0.08,2026-08-11 02:00:00+02:00
2026-08-11 01:00:00+00:00,21.8,8.7,43,0.0,0,1015.0,2.98,6.07,171,5.4,0.0,0.0,0.0,0.0,0.0,0.0,1.48,0.08,23.1,25.0,21.6,16.9,0.093,0.147,0.164,0.249,-0.08,2026-08-11 03:00:00+02:00
2026-08-11 02:00:00+00:00,21.4,8.8,45,0.0,0,1015.3,2.67,5.55,197,5.2,0.0,0.0,0.0,0.0,0.0,0.0,1.41,0.07,22.6,24.9,21.6,16.9,0.093,0.147,0.164,0.249,-0.07,2026-08-11 04:00:00+02:00
2026-08-11 03:00:00+00:00,20.6,9.2,48,0.0,0,1015.3,2.37,5.23,208,4.6,0.0,0.0,0.0,0.0,0.0,0.0,1.26,0.06,22.0,24.7,21.6,16.9,0.093,0.147,0.164,0.249,-0.06,2026-08-11 05:00:00+02:00
2026-08-11 04:00:00+00:00,20.6,9.4,49,0.0,1,1015.4,2.62,5.14,188,4.4,10.0,3.0,7.0,172.41,0.0,0.0,1.25,0.07,21.6,24.5,21.6,16.9,0.093,0.147,0.164,0.249,-0.07,2026-08-11 06:00:00+02:00
2026-08-11 05:00:00+00:00,22.2,9.8,45,0.0,2,1015.6,2.54,4.84,190,5.1,111.0,68.0,43.0,3600.0,0.0,0.0,1.47,0.12,22.0,24.4,21.6,16.9,0.093,0.147,0.164,0.249,-0.12,2026-08-11 07:00:00+02:00
2026-08-11 06:00:00+00:00,24.1,10.6,43,0.0,1,1015.7,2.32,5.47,166,4.9,269.0,200.0,69.0,3600.0,0.0,0.0,1.72,0.21,23.1,24.2,21.5,16.9,0.093,0.147,0.164,0.249,-0.21,2026-08-11 08:00:00+02:00
2026-08-11 07:00:00+00:00,27.2,10.5,35,0.0,2,1015.5,2.4,3.78,182,6.4,437.0,350.0,87.0,3600.0,0.0,0.0,2.33,0.34,25.1,24.1,21.5,16.9,0.092,0.147,0.164,0.249,-0.34,2026-08-11 09:00:00+02:00
2026-08-11 08:00:00+00:00,29.8,10.4,30,0.0,5,1015.6,2.77,3.82,200,7.3,589.0,489.0,100.0,3600.0,0.0,0.0,2.94,0.48,27.4,24.2,21.5,16.9,0.092,0.147,0.164,0.249,-0.48,2026-08-11 10:00:00+02:00
2026-08-11 09:00:00+00:00,32.1,10.3,26,0.0,25,1015.6,2.39,3.24,217,7.2,709.0,600.0,109.0,3600.0,0.0,0.0,3.53,0.57,29.9,24.3,21.5,16.9,0.092,0.147,0.164,0.248,-0.57,2026-08-11 11:00:00+02:00
2026-08-11 10:00:00+00:00,33.6,11.3,26,0.0,57,1015.7,2.4,3.15,258,7.1,792.0,677.0,115.0,3600.0,0.0,0.0,3.85,0.65,32.3,24.5,21.5,16.9,0.092,0.147,0.164,0.248,-0.65,2026-08-11 12:00:00+02:00
2026-08-11 11:00:00+00:00,34.2,12.2,26,0.0,51,1015.6,2.74,3.51,288,7.6,824.0,694.0,130.0,3600.0,0.0,0.0,3.95,0.68,34.3,24.8,21.5,16.9,0.092,0.147,0.164,0.248,-0.68,2026-08-11 13:00:00+02:00
2026-08-11 12:00:00+00:00,35.6,10.9,22,0.0,75,1015.1,3.16,4.24,305,7.8,716.0,578.0,138.0,3600.0,0.0,0.0,4.51,0.65,36.2,25.6,21.8,16.9,0.092,0.147,0.164,0.248,-0.65,2026-08-11 14:00:00+02:00
2026-08-11 13:00:00+00:00,35.5,9.7,21,0.0,73,1014.8,3.73,4.98,328,9.1,688.0,545.0,143.0,3600.0,0.0,0.0,4.56,0.65,37.0,26.0,21.8,16.9,0.091,0.147,0.164,0.248,-0.65,2026-08-11 15:00:00+02:00
2026-08-11 14:00:00+00:00,34.9,10.1,22,0.0,58,1014.7,3.78,5.08,340,9.3,543.0,407.0,136.0,3600.0,0.0,0.0,4.34,0.55,36.9,26.3,21.8,16.9,0.091,0.147,0.164,0.248,-0.55,2026-08-11 16:00:00+02:00
2026-08-11 15:00:00+00:00,34.3,11.0,24,0.0,28,1014.8,3.81,5.11,355,8.9,466.0,359.0,107.0,3600.0,0.0,0.0,4.08,0.48,36.6,26.7,21.8,16.9,0.091,0.147,0.164,0.248,-0.48,2026-08-11 17:00:00+02:00
2026-08-11 16:00:00+00:00,32.3,13.9,33,0.0,33,1015.1,5.01,7.1,19,10.7,307.0,225.0,82.0,3600.0,0.0,0.0,3.24,0.38,35.6,27.0,21.8,16.9,0.091,0.147,0.164,0.248,-0.38,2026-08-11 18:00:00+02:00
2026-08-11 17:00:00+00:00,29.9,15.0,40,0.0,24,1015.8,5.82,8.77,21,11.7,128.0,78.0,50.0,3600.0,0.0,0.0,2.51,0.27,34.0,27.2,21.8,16.9,0.091,0.147,0.164,0.248,-0.27,2026-08-11 19:00:00+02:00
2026-08-11 18:00:00+00:00,27.2,14.4,45,0.0,9,1016.3,7.35,11.65,15,13.5,24.0,10.0,14.0,2195.24,0.0,0.0,1.97,0.22,32.2,27.4,21.9,16.9,0.091,0.147,0.164,0.248,-0.22,2026-08-11 20:00:00+02:00
2026-08-11 19:00:00+00:00,25.6,13.3,47,0.0,7,1017.1,7.26,11.87,17,14.7,0.0,0.0,0.0,0.0,0.0,0.0,1.76,0.19,30.5,27.5,21.9,16.9,0.091,0.147,0.164,0.248,-0.19,2026-08-11 21:00:00+02:00
2026-08-11 20:00:00+00:00,24.6,11.8,45,0.0,2,1018.0,6.84,11.21,15,14.1,0.0,0.0,0.0,0.0,0.0,0.0,1.7,0.18,29.0,27.5,21.9,16.9,0.091,0.147,0.164,0.248,-0.18,2026-08-11 22:00:00+02:00
2026-08-11 21:00:00+00:00,23.8,11.7,47,0.0,2,1018.7,6.36,10.56,16,13.3,0.0,0.0,0.0,0.0,0.0,0.0,1.57,0.16,27.7,27.4,21.9,17.0,0.091,0.147,0.164,0.248,-0.16,2026-08-11 23:00:00+02:00
2026-08-11 22:00:00+00:00,23.1,12.0,50,0.0,0,1019.5,6.19,10.35,22,12.4,0.0,0.0,0.0,0.0,0.0,0.0,1.42,0.15,26.7,27.3,22.0,17.0,0.091,0.147,0.164,0.248,-0.15,2026-08-12 00:00:00+02:00
2026-08-11 23:00:00+00:00,22.4,11.7,51,0.0,3,1020.0,6.06,10.05,21,12.1,0.0,0.0,0.0,0.0,0.0,0.0,1.33,0.14,25.8,27.2,22.0,17.0,0.091,0.146,0.164,0.248,-0.14,2026-08-12 01:00:00+02:00
2026-08-12 00:00:00+00:00,21.4,9.9,48,0.0,19,1020.6,5.48,9.23,13,11.8,0.0,0.0,0.0,0.0,0.0,0.0,1.33,0.13,24.8,26.7,22.0,17.0,0.093,0.146,0.164,0.248,-0.13,2026-08-12 02:00:00+02:00
2026-08-12 01:00:00+00:00,20.5,9.5,49,0.0,1,1020.7,5.51,9.1,8,10.8,0.0,0.0,0.0,0.0,0.0,0.0,1.23,0.12,24.1,26.6,22.0,17.0,0.093,0.146,0.164,0.248,-0.12,2026-08-12 03:00:00+02:00
2026-08-12 02:00:00+00:00,19.3,9.3,52,0.0,0,1020.9,5.58,9.4,6,10.8,0.0,0.0,0.0,0.0,0.0,0.0,1.07,0.11,23.2,26.4,22.0,17.0,0.093,0.146,0.164,0.248,-0.11,2026-08-12 04:00:00+02:00
2026-08-12 03:00:00+00:00,18.4,8.9,54,0.0,0,1021.1,5.73,9.82,6,11.2,0.0,0.0,0.0,0.0,0.0,0.0,0.97,0.11,22.4,26.2,22.0,17.0,0.093,0.146,0.164,0.248,-0.11,2026-08-12 05:00:00+02:00
2026-08-12 04:00:00+00:00,17.7,8.1,53,0.0,0,1021.5,5.83,9.91,5,11.3,9.0,3.0,6.0,208.21,0.0,0.0,0.95,0.11,21.6,26.0,22.0,17.0,0.093,0.146,0.164,0.248,-0.11,2026-08-12 06:00:00+02:00
2026-08-12 05:00:00+00:00,18.2,7.9,51,0.0,0,1022.0,5.3,8.64,2,11.3,112.0,68.0,44.0,3600.0,0.0,0.0,1.02,0.14,21.4,25.7,22.0,17.0,0.093,0.146,0.164,0.248,-0.14,2026-08-12 07:00:00+02:00
2026-08-12 06:00:00+00:00,19.5,7.9,47,0.0,0,1022.3,5.5,8.41,360,12.1,278.0,207.0,71.0,3600.0,0.0,0.0,1.21,0.23,21.9,25.5,22.0,17.0,0.088,0.146,0.164,0.248,-0.23,2026-08-12 08:00:00+02:00
2026-08-12 07:00:00+00:00,21.3,8.0,42,0.0,0,1022.4,5.85,8.41,2,12.7,449.0,363.0,86.0,3600.0,0.0,0.0,1.46,0.34,23.0,25.4,22.0,17.0,0.088,0.146,0.164,0.248,-0.34,2026-08-12 09:00:00+02:00
2026-08-12 08:00:00+00:00,23.0,8.1,38,0.0,0,1022.5,5.55,7.8,360,12.8,606.0,509.0,97.0,3600.0,0.0,0.0,1.73,0.44,24.5,25.3,22.0,17.0,0.088,0.146,0.164,0.248,-0.44,2026-08-12 10:00:00+02:00
2026-08-12 09:00:00+00:00,24.7,8.1,35,0.0,0,1022.4,5.05,6.95,1,12.4,731.0,627.0,104.0,3600.0,0.0,0.0,2.02,0.53,26.3,25.2,22.0,17.0,0.088,0.146,0.164,0.248,-0.53,2026-08-12 11:00:00+02:00
2026-08-12 10:00:00+00:00,26.1,8.2,32,0.0,0,1022.3,4.81,6.63,4,11.7,813.0,704.0,109.0,3600.0,0.0,0.0,2.3,0.6,28.1,25.3,22.0,17.0,0.088,0.146,0.164,0.248,-0.6,2026-08-12 12:00:00+02:00
2026-08-12 11:00:00+00:00,27.1,8.2,30,0.0,0,1022.2,4.91,6.72,3,11.6,845.0,735.0,110.0,3600.0,0.0,0.0,2.5,0.64,29.6,25.4,22.0,17.0,0.088,0.146,0.164,0.248,-0.64,2026-08-12 13:00:00+02:00
2026-08-12 12:00:00+00:00,28.0,7.8,28,0.0,0,1022.2,5.15,7.1,359,12.0,825.0,715.0,110.0,3600.0,0.0,0.0,2.71,0.65,31.1,25.6,22.1,17.0,0.091,0.146,0.164,0.248,-0.65,2026-08-12 14:00:00+02:00
2026-08-12 13:00:00+00:00,28.3,7.9,28,0.0,0,1021.7,5.06,7.0,357,12.0,757.0,651.0,106.0,3600.0,0.0,0.0,2.77,0.62,31.8,25.8,22.1,17.0,0.091,0.146,0.164,0.248,-0.62,2026-08-12 15:00:00+02:00
2026-08-12 14:00:00+00:00,28.4,7.9,28,0.0,0,1021.7,5.2,7.2,358,11.8,641.0,542.0,99.0,3600.0,0.0,0.0,2.8,0.55,32.1,26.0,22.2,17.0,0.091,0.146,0.163,0.248,-0.55,2026-08-12 16:00:00+02:00
2026-08-12 15:00:00+00:00,28.1,7.4,27,0.0,0,1021.7,5.55,7.81,2,12.1,491.0,401.0,90.0,3600.0,0.0,0.0,2.77,0.47,31.8,26.1,22.2,17.0,0.091,0.146,0.163,0.248,-0.47,2026-08-12 17:00:00+02:00
2026-08-12 16:00:00+00:00,27.3,7.2,28,0.0,0,1022.0,5.8,8.36,7,12.3,322.0,246.0,76.0,3600.0,0.0,0.0,2.6,0.38,31.0,26.3,22.2,17.0,0.091,0.146,0.163,0.248,-0.38,2026-08-12 18:00:00+02:00
2026-08-12 17:00:00+00:00,25.9,7.1,30,0.0,0,1022.2,5.88,8.92,9,12.3,153.0,101.0,52.0,3600.0,0.0,0.0,2.32,0.28,29.8,26.4,22.2,17.0,0.091,0.146,0.163,0.248,-0.28,2026-08-12 19:00:00+02:00
2026-08-12 18:00:00+00:00,23.7,6.9,34,0.0,0,1023.0,5.37,9.01,5,12.0,25.0,12.0,13.0,2746.92,0.0,0.0,1.94,0.19,28.3,26.4,22.2,17.0,0.091,0.146,0.163,0.248,-0.19,2026-08-12 20:00:00+02:00
2026-08-12 19:00:00+00:00,22.8,7.2,37,0.0,0,1023.6,5.42,9.02,12,10.6,0.0,0.0,0.0,0.0,0.0,0.0,1.76,0.16,26.9,26.4,22.2,17.0,0.091,0.146,0.163,0.248,-0.16,2026-08-12 21:00:00+02:00
2026-08-12 20:00:00+00:00,21.8,7.3,39,0.0,0,1024.0,5.11,8.67,18,10.5,0.0,0.0,0.0,0.0,0.0,0.0,1.58,0.14,25.6,26.3,22.2,17.0,0.091,0.146,0.163,0.248,-0.14,2026-08-12 22:00:00+02:00
2026-08-12 21:00:00+00:00,20.8,7.3,42,0.0,0,1024.4,4.82,8.36,19,9.8,0.0,0.0,0.0,0.0,0.0,0.0,1.43,0.13,24.6,26.2,22.2,17.0,0.091,0.146,0.163,0.248,-0.13,2026-08-12 23:00:00+02:00
2026-08-12 22:00:00+00:00,19.9,7.1,44,0.0,0,1024.4,4.55,7.98,17,9.2,0.0,0.0,0.0,0.0,0.0,0.0,1.31,0.12,23.6,26.1,22.2,17.0,0.091,0.146,0.163,0.248,-0.12,2026-08-13 00:00:00+02:00
2026-08-12 23:00:00+00:00,19.1,7.1,46,0.0,0,1024.4,4.57,8.13,16,8.6,0.0,0.0,0.0,0.0,0.0,0.0,1.2,0.11,22.7,25.9,22.2,17.0,0.091,0.146,0.163,0.248,-0.11,2026-08-13 01:00:00+02:00
2026-08-13 00:00:00+00:00,17.5,6.9,50,0.0,0,1024.5,4.35,8.03,17,8.6,0.0,0.0,0.0,0.0,0.0,0.0,1.0,0.09,21.5,25.2,21.9,17.1,0.091,0.146,0.163,0.248,-0.09,2026-08-13 02:00:00+02:00
2026-08-13 01:00:00+00:00,17.1,7.1,52,0.0,0,1024.3,4.19,7.7,20,8.1,0.0,0.0,0.0,0.0,0.0,0.0,0.94,0.08,20.8,25.0,22.0,17.1,0.091,0.146,0.163,0.248,-0.08,2026-08-13 03:00:00+02:00
2026-08-13 02:00:00+00:00,16.5,7.2,54,0.0,0,1024.0,4.11,7.63,18,7.8,0.0,0.0,0.0,0.0,0.0,0.0,0.86,0.08,20.1,24.8,22.0,17.1,0.091,0.146,0.163,0.248,-0.08,2026-08-13 04:00:00+02:00
2026-08-13 03:00:00+00:00,16.0,7.2,56,0.0,0,1024.0,4.05,7.56,20,7.7,0.0,0.0,0.0,0.0,0.0,0.0,0.8,0.07,19.5,24.6,22.0,17.1,0.091,0.146,0.163,0.248,-0.07,2026-08-13 05:00:00+02:00
2026-08-13 04:00:00+00:00,15.9,7.2,56,0.0,0,1024.3,4.16,7.63,20,7.8,8.0,3.0,5.0,244.32,0.0,0.0,0.79,0.07,19.1,24.3,22.0,17.1,0.091,0.146,0.163,0.248,-0.07,2026-08-13 06:00:00+02:00
2026-08-13 05:00:00+00:00,17.0,7.4,53,0.0,0,1024.4,3.78,7.47,20,8.0,108.0,64.0,44.0,3600.0,0.0,0.0,0.91,0.11,19.2,24.1,22.0,17.1,0.091,0.146,0.163,0.248,-0.11,2026-08-13 07:00:00+02:00
2026-08-13 06:00:00+00:00,19.0,7.8,48,0.0,0,1024.7,3.61,5.68,22,8.9,270.0,197.0,73.0,3600.0,0.0,0.0,1.14,0.2,20.1,23.8,21.9,17.1,0.091,0.146,0.163,0.248,-0.2,2026-08-13 08:00:00+02:00
2026-08-13 07:00:00+00:00,21.6,8.0,42,0.0,0,1024.5,3.83,5.42,33,9.0,439.0,349.0,90.0,3600.0,0.0,0.0,1.51,0.32,21.7,23.7,21.9,17.1,0.091,0.146,0.163,0.248,-0.32,2026-08-13 09:00:00+02:00
2026-08-13 08:00:00+00:00,23.8,8.7,38,0.0,0,1024.5,3.67,5.04,38,9.0,593.0,491.0,102.0,3600.0,0.0,0.0,1.82,0.43,23.7,23.6,21.9,17.1,0.091,0.146,0.163,0.248,-0.43,2026-08-13 10:00:00+02:00
2026-08-13 09:00:00+00:00,25.5,9.3,36,0.0,0,1024.3,3.61,4.83,37,9.1,717.0,606.0,111.0,3600.0,0.0,0.0,2.09,0.52,25.9,23.7,21.9,17.1,0.091,0.146,0.163,0.248,-0.52,2026-08-13 11:00:00+02:00
2026-08-13 10:00:00+00:00,26.9,9.8,34,0.0,2,1024.0,3.44,4.59,33,9.1,798.0,684.0,114.0,3600.0,0.0,0.0,2.34,0.59,28.0,23.8,21.9,17.1,0.091,0.146,0.163,0.248,-0.59,2026-08-13 12:00:00+02:00
2026-08-13 11:00:00+00:00,28.0,9.8,32,0.0,1,1023.5,3.36,4.42,28,9.0,829.0,709.0,120.0,3600.0,0.0,0.0,2.56,0.62,29.9,24.0,21.9,17.1,0.091,0.146,0.163,0.248,-0.62,2026-08-13 13:00:00+02:00
2026-08-13 12:00:00+00:00,28.9,9.6,30,0.0,67,1023.2,3.65,4.87,19,8.8,809.0,691.0,118.0,3600.0,0.0,0.0,2.78,0.63,31.3,24.2,22.0,17.1,0.093,0.146,0.163,0.248,-0.63,2026-08-13 14:00:00+02:00
2026-08-13 13:00:00+00:00,29.0,9.4,29,0.0,53,1022.6,3.64,4.9,18,9.2,728.0,600.0,128.0,3600.0,0.0,0.0,2.83,0.58,32.1,24.5,22.0,17.1,0.092,0.146,0.163,0.247,-0.58,2026-08-13 15:00:00+02:00
2026-08-13 14:00:00+00:00,29.0,9.0,29,0.0,72,1022.3,3.92,5.28,17,9.4,608.0,479.0,129.0,3600.0,0.0,0.0,2.86,0.51,32.3,24.7,22.0,17.1,0.092,0.146,0.163,0.247,-0.51,2026-08-13 16:00:00+02:00
2026-08-13 15:00:00+00:00,28.7,8.5,28,0.0,25,1022.0,4.0,5.49,18,9.4,441.0,314.0,127.0,3600.0,0.0,0.0,2.83,0.42,32.0,25.0,22.0,17.1,0.092,0.146,0.163,0.247,-0.42,2026-08-13 17:00:00+02:00
2026-08-13 16:00:00+00:00,28.4,7.7,27,0.0,1,1021.8,3.91,5.52,19,9.1,304.0,218.0,86.0,3600.0,0.0,0.0,2.81,0.33,31.3,25.2,22.0,17.1,0.092,0.146,0.163,0.247,-0.33,2026-08-13 18:00:00+02:00
2026-08-13 17:00:00+00:00,27.4,7.6,29,0.0,0,1021.5,3.51,5.52,17,8.5,146.0,93.0,53.0,3600.0,0.0,0.0,2.61,0.21,30.1,25.4,22.0,17.1,0.092,0.146,0.163,0.247,-0.21,2026-08-13 19:00:00+02:00
2026-08-13 18:00:00+00:00,25.7,6.1,29,0.0,0,1022.0,6.16,10.2,4,7.9,23.0,10.0,13.0,2276.7,0.0,0.0,2.35,0.23,28.6,25.5,22.0,17.1,0.092,0.146,0.163,0.247,-0.23,2026-08-13 20:00:00+02:00
2026-08-13 19:00:00+00:00,24.2,7.0,33,0.0,0,1022.6,5.87,9.82,17,13.0,0.0,0.0,0.0,0.0,0.0,0.0,2.02,0.19,27.3,25.5,22.0,17.1,0.092,0.146,0.163,0.247,-0.19,2026-08-13 21:00:00+02:00
2026-08-13 20:00:00+00:00,23.0,7.3,36,0.0,0,1022.8,5.18,8.84,15,11.4,0.0,0.0,0.0,0.0,0.0,0.0,1.79,0.16,26.1,25.5,22.0,17.1,0.092,0.146,0.163,0.247,-0.16,2026-08-13 22:00:00+02:00
2026-08-13 21:00:00+00:00,22.0,7.3,39,0.0,13,1022.9,4.67,8.23,21,9.9,0.0,0.0,0.0,0.0,0.0,0.0,1.62,0.14,25.0,25.4,22.0,17.1,0.092,0.146,0.163,0.247,-0.14,2026-08-13 23:00:00+02:00
2026-08-13 22:00:00+00:00,21.1,7.2,41,0.0,0,1022.6,4.39,7.93,24,8.8,0.0,0.0,0.0,0.0,0.0,0.0,1.49,0.12,24.1,25.4,22.0,17.1,0.092,0.146,0.163,0.247,-0.12,2026-08-14 00:00:00+02:00
2026-08-13 23:00:00+00:00,20.3,7.1,43,0.0,0,1022.4,4.3,7.88,23,8.2,0.0,0.0,0.0,0.0,0.0,0.0,1.37,0.11,23.2,25.2,22.0,17.1,0.092,0.146,0.163,0.247,-0.11,2026-08-14 01:00:00+02:00
2026-08-14 00:00:00+00:00,18.2,7.3,49,0.0,0,1022.3,3.88,7.36,22,8.1,0.0,0.0,0.0,0.0,0.0,0.0,1.06,0.09,21.8,24.9,21.8,17.1,0.092,0.146,0.163,0.247,-0.09,2026-08-14 02:00:00+02:00
2026-08-14 01:00:00+00:00,17.7,7.2,50,0.0,0,1021.8,3.81,7.13,23,7.1,0.0,0.0,0.0,0.0,0.0,0.0,1.01,0.08,21.1,24.7,21.8,17.1,0.092,0.146,0.163,0.247,-0.08,2026-08-14 03:00:00+02:00
2026-08-14 02:00:00+00:00,17.3,7.3,52,0.0,0,1021.6,3.87,7.27,25,7.2,0.0,0.0,0.0,0.0,0.0,0.0,0.95,0.08,20.5,24.5,21.8,17.1,0.092,0.146,0.163,0.247,-0.08,2026-08-14 04:00:00+02:00
2026-08-14 03:00:00+00:00,17.0,7.3,53,0.0,0,1021.4,3.94,7.4,26,7.3,0.0,0.0,0.0,0.0,0.0,0.0,0.91,0.08,19.9,24.3,21.8,17.1,0.092,0.146,0.163,0.247,-0.08,2026-08-14 05:00:00+02:00
2026-08-14 04:00:00+00:00,17.1,7.4,53,0.0,0,1021.3,4.11,7.68,32,7.6,7.0,2.0,5.0,0.0,0.0,0.0,0.92,0.08,19.5,24.1,21.8,17.1,0.092,0.146,0.163,0.247,-0.08,2026-08-14 06:00:00+02:00
2026-08-14 05:00:00+00:00,18.7,7.8,49,0.0,0,1021.4,3.58,8.51,30,7.6,103.0,61.0,42.0,3600.0,0.0,0.0,1.1,0.12,19.7,23.9,21.8,17.1,0.092,0.146,0.163,0.247,-0.12,2026-08-14 07:00:00+02:00
2026-08-14 06:00:00+00:00,20.8,8.0,44,0.0,6,1021.5,3.83,6.05,40,8.7,263.0,192.0,71.0,3600.0,0.0,0.0,1.39,0.22,20.8,23.7,21.8,17.1,0.092,0.146,0.163,0.247,-0.22,2026-08-14 08:00:00+02:00
2026-08-14 07:00:00+00:00,23.1,8.3,39,0.0,5,1021.2,3.78,5.32,61,9.0,423.0,328.0,95.0,3600.0,0.0,0.0,1.73,0.33,22.5,23.6,21.8,17.1,0.092,0.146,0.163,0.247,-0.33,2026-08-14 09:00:00+02:00
2026-08-14 08:00:00+00:00,25.2,9.2,36,0.0,1,1021.2,3.74,5.14,82,9.1,579.0,471.0,108.0,3600.0,0.0,0.0,2.03,0.44,24.5,23.5,21.8,17.1,0.092,0.146,0.163,0.247,-0.44,2026-08-14 10:00:00+02:00
2026-08-14 09:00:00+00:00,26.8,10.1,35,0.0,0,1021.1,3.69,5.0,103,9.4,706.0,598.0,108.0,3600.0,0.0,0.0,2.28,0.53,26.7,23.6,21.8,17.1,0.092,0.146,0.163,0.247,-0.53,2026-08-14 11:00:00+02:00
2026-08-14 10:00:00+00:00,28.3,10.2,32,0.0,0,1020.9,3.2,4.32,115,9.3,787.0,673.0,114.0,3600.0,0.0,0.0,2.59,0.6,28.8,23.7,21.8,17.1,0.091,0.146,0.163,0.247,-0.6,2026-08-14 12:00:00+02:00
2026-08-14 11:00:00+00:00,29.4,9.9,30,0.0,3,1020.3,2.57,3.41,127,8.6,821.0,706.0,115.0,3600.0,0.0,0.0,2.88,0.62,30.8,24.0,21.8,17.1,0.091,0.146,0.163,0.247,-0.62,2026-08-14 13:00:00+02:00
2026-08-14 12:00:00+00:00,30.8,9.6,27,0.0,57,1019.6,2.18,2.76,127,7.5,748.0,602.0,146.0,3600.0,0.0,0.0,3.25,0.59,32.6,24.3,21.8,17.1,0.091,0.146,0.163,0.247,-0.59,2026-08-14 14:00:00+02:00
2026-08-14 13:00:00+00:00,30.9,9.0,26,0.0,68,1018.9,2.22,2.91,121,6.7,648.0,500.0,148.0,3600.0,0.0,0.0,3.31,0.52,33.5,24.6,21.8,17.2,0.091,0.146,0.163,0.247,-0.52,2026-08-14 15:00:00+02:00
2026-08-14 14:00:00+00:00,31.0,8.6,25,0.0,96,1018.5,2.57,3.36,117,6.9,511.0,338.0,173.0,3600.0,0.0,0.0,3.36,0.45,33.7,24.9,21.8,17.2,0.091,0.146,0.163,0.247,-0.45,2026-08-14 16:00:00+02:00
2026-08-14 15:00:00+00:00,30.6,8.4,25,0.0,51,1018.1,2.56,3.42,111,6.9,380.0,242.0,138.0,3600.0,0.0,0.0,3.29,0.36,33.4,25.2,21.8,17.2,0.091,0.146,0.163,0.247,-0.36,2026-08-14 17:00:00+02:00
2026-08-14 16:00:00+00:00,30.2,8.3,25,0.0,52,1017.9,2.31,3.14,108,6.5,240.0,130.0,110.0,3600.0,0.0,0.0,3.19,0.25,32.6,25.5,21.8,17.2,0.091,0.146,0.163,0.247,-0.25,2026-08-14 18:00:00+02:00
2026-08-14 17:00:00+00:00,29.1,8.5,27,0.0,23,1017.6,1.86,2.95,85,5.6,107.0,48.0,59.0,3600.0,0.0,0.0,2.92,0.15,31.5,25.6,21.8,17.2,0.091,0.146,0.163,0.247,-0.15,2026-08-14 19:00:00+02:00
2026-08-14 18:00:00+00:00,26.4,9.8,35,0.0,19,1018.0,1.54,3.89,36,3.4,20.0,8.0,12.0,1600.5,0.0,0.0,2.23,0.06,29.6,25.8,21.8,17.2,0.091,0.146,0.163,0.247,-0.06,2026-08-14 20:00:00+02:00
2026-08-14 19:00:00+00:00,25.4,9.9,37,0.0,3,1018.3,2.32,4.91,57,3.9,0.0,0.0,0.0,0.0,0.0,0.0,2.03,0.08,28.1,25.8,21.9,17.2,0.091,0.146,0.163,0.247,-0.08,2026-08-14 21:00:00+02:00
2026-08-14 20:00:00+00:00,24.6,9.8,39,0.0,9,1018.5,2.84,5.66,66,4.7,0.0,0.0,0.0,0.0,0.0,0.0,1.88,0.09,26.9,25.8,21.9,17.2,0.091,0.146,0.163,0.247,-0.09,2026-08-14 22:00:00+02:00
2026-08-14 21:00:00+00:00,24.0,9.7,40,0.0,9,1018.6,3.27,6.68,67,5.8,0.0,0.0,0.0,0.0,0.0,0.0,1.78,0.1,26.0,25.8,21.9,17.2,0.091,0.146,0.163,0.247,-0.1,2026-08-14 23:00:00+02:00
2026-08-14 22:00:00+00:00,23.3,9.8,42,0.0,0,1018.7,3.09,5.94,63,5.8,0.0,0.0,0.0,0.0,0.0,0.0,1.64,0.09,25.1,25.7,21.9,17.2,0.091,0.146,0.163,0.247,-0.09,2026-08-15 00:00:00+02:00
2026-08-14 23:00:00+00:00,22.2,9.9,45,0.0,0,1018.6,3.0,5.64,57,5.5,0.0,0.0,0.0,0.0,0.0,0.0,1.46,0.08,24.4,25.6,21.9,17.2,0.091,0.146,0.163,0.247,-0.08,2026-08-15 01:00:00+02:00
2026-08-15 00:00:00+00:00,20.3,9.6,50,0.0,7,1018.7,3.52,6.75,84,5.4,0.0,0.0,0.0,0.0,0.0,0.0,1.19,0.08,23.4,24.9,20.9,17.2,0.091,0.146,0.163,0.247,-0.08,2026-08-15 02:00:00+02:00
2026-08-15 01:00:00+00:00,19.9,9.9,52,0.0,1,1018.4,3.46,6.73,85,6.6,0.0,0.0,0.0,0.0,0.0,0.0,1.11,0.08,22.7,24.8,20.9,17.2,0.091,0.146,0.163,0.247,-0.08,2026-08-15 03:00:00+02:00
2026-08-15 02:00:00+00:00,19.0,9.9,56,0.0,0,1018.6,2.62,5.52,114,6.3,0.0,0.0,0.0,0.0,0.0,0.0,0.97,0.05,22.0,24.6,20.9,17.2,0.091,0.146,0.163,0.247,-0.05,2026-08-15 04:00:00+02:00
2026-08-15 03:00:00+00:00,18.1,10.0,59,0.0,0,1018.7,2.17,4.41,128,4.7,0.0,0.0,0.0,0.0,0.0,0.0,0.85,0.04,21.2,24.5,20.9,17.2,0.091,0.146,0.163,0.247,-0.04,2026-08-15 05:00:00+02:00
2026-08-15 04:00:00+00:00,18.1,10.0,59,0.0,0,1018.9,2.29,4.21,144,3.8,7.0,2.0,5.0,0.0,0.0,0.0,0.85,0.04,20.6,24.3,20.9,17.2,0.091,0.146,0.163,0.247,-0.04,2026-08-15 06:00:00+02:00
2026-08-15 05:00:00+00:00,20.0,10.0,53,0.0,0,1019.0,2.3,4.52,153,4.6,101.0,59.0,42.0,3600.0,0.0,0.0,1.11,0.09,20.8,24.1,20.9,17.2,0.091,0.146,0.163,0.247,-0.09,2026-08-15 07:00:00+02:00
2026-08-15 06:00:00+00:00,22.2,9.0,43,0.0,4,1019.5,1.8,3.32,178,5.5,261.0,192.0,69.0,3600.0,0.0,0.0,1.52,0.18,21.9,23.9,20.9,17.2,0.091,0.146,0.163,0.247,-0.18,2026-08-15 08:00:00+02:00
2026-08-15 07:00:00+00:00,24.7,9.3,38,0.0,0,1019.4,2.53,3.58,207,6.5,425.0,333.0,92.0,3600.0,0.0,0.0,1.94,0.32,23.7,23.8,20.9,17.2,0.091,0.146,0.163,0.247,-0.32,2026-08-15 09:00:00+02:00
2026-08-15 08:00:00+00:00,26.7,9.7,34,0.0,0,1019.3,2.84,3.9,214,7.6,581.0,482.0,99.0,3600.0,0.0,0.0,2.29,0.44,25.9,23.8,20.9,17.2,0.091,0.146,0.163,0.247,-0.44,2026-08-15 10:00:00+02:00
2026-08-15 09:00:00+00:00,28.4,9.6,31,0.0,0,1019.0,3.01,4.0,223,8.0,705.0,599.0,106.0,3600.0,0.0,0.0,2.66,0.54,28.1,23.9,20.9,17.2,0.091,0.146,0.163,0.247,-0.54,2026-08-15 11:00:00+02:00
2026-08-15 10:00:00+00:00,29.7,9.1,28,0.0,0,1018.7,2.69,3.54,228,8.1,786.0,676.0,110.0,3600.0,0.0,0.0,3.01,0.61,30.2,24.0,20.9,17.2,0.091,0.146,0.163,0.247,-0.61,2026-08-15 12:00:00+02:00
2026-08-15 11:00:00+00:00,30.6,8.8,26,0.0,0,1018.2,2.26,2.97,225,7.6,819.0,707.0,112.0,3600.0,0.0,0.0,3.25,0.63,32.1,24.3,20.9,17.2,0.091,0.146,0.163,0.247,-0.63,2026-08-15 13:00:00+02:00
2026-08-15 12:00:00+00:00,31.8,8.7,24,0.0,13,1017.7,2.67,3.44,218,7.0,801.0,690.0,111.0,3600.0,0.0,0.0,3.58,0.64,33.9,24.8,21.0,17.2,0.091,0.146,0.163,0.247,-0.64,2026-08-15 14:00:00+02:00
2026-08-15 13:00:00+00:00,31.6,8.5,24,0.0,6,1017.2,2.85,3.66,232,7.7,634.0,440.0,194.0,3600.0,0.0,0.0,3.53,0.54,34.4,25.1,21.1,17.2,0.091,0.146,0.163,0.247,-0.54,2026-08-15 15:00:00+02:00
2026-08-15 14:00:00+00:00,31.7,8.2,23,0.0,3,1016.8,2.87,3.7,247,7.8,609.0,500.0,109.0,3600.0,0.0,0.0,3.58,0.52,34.7,25.4,21.1,17.2,0.091,0.146,0.163,0.247,-0.52,2026-08-15 16:00:00+02:00
2026-08-15 15:00:00+00:00,31.4,7.8,23,0.0,5,1016.5,2.42,3.14,246,7.5,471.0,381.0,90.0,3600.0,0.0,0.0,3.53,0.4,34.5,25.7,21.1,17.2,0.091,0.146,0.162,0.247,-0.4,2026-08-15 17:00:00+02:00
2026-08-15 16:00:00+00:00,30.7,7.7,24,0.0,7,1016.2,1.59,2.02,224,6.4,302.0,226.0,76.0,3600.0,0.0,0.0,3.37,0.25,33.7,25.9,21.1,17.2,0.091,0.146,0.162,0.247,-0.25,2026-08-15 18:00:00+02:00
2026-08-15 17:00:00+00:00,29.2,10.0,30,0.0,2,1015.6,1.02,1.52,169,4.3,131.0,79.0,52.0,3600.0,0.0,0.0,2.83,0.11,32.3,26.1,21.1,17.2,0.091,0.146,0.162,0.247,-0.11,2026-08-15 19:00:00+02:00
2026-08-15 18:00:00+00:00,27.0,8.8,32,0.0,2,1015.5,1.35,3.34,178,1.9,19.0,8.0,11.0,1645.21,0.0,0.0,2.43,0.06,30.4,26.1,21.1,17.2,0.091,0.146,0.162,0.247,-0.06,2026-08-15 20:00:00+02:00
2026-08-15 19:00:00+00:00,27.4,8.0,29,0.0,2,1015.7,2.66,5.17,214,4.5,0.0,0.0,0.0,0.0,0.0,0.0,2.58,0.1,28.8,26.2,21.1,17.2,0.091,0.146,0.162,0.247,-0.1,2026-08-15 21:00:00+02:00
2026-08-15 20:00:00+00:00,25.7,8.2,33,0.0,1,1015.7,1.83,3.82,197,4.5,0.0,0.0,0.0,0.0,0.0,0.0,2.21,0.06,27.5,26.2,21.1,17.3,0.091,0.146,0.162,0.247,-0.06,2026-08-15 22:00:00+02:00
2026-08-15 21:00:00+00:00,24.7,8.8,36,0.0,0,1015.9,2.57,4.79,188,4.1,0.0,0.0,0.0,0.0,0.0,0.0,1.97,0.09,26.4,26.1,21.1,17.3,0.091,0.146,0.162,0.247,-0.09,2026-08-15 23:00:00+02:00
2026-08-15 22:00:00+00:00,24.3,9.1,38,0.0,0,1016.0,2.47,5.23,188,4.6,0.0,0.0,0.0,0.0,0.0,0.0,1.89,0.08,25.5,26.0,21.1,17.3,0.091,0.146,0.162,0.247,-0.08,2026-08-16 00:00:00+02:00
2026-08-15 23:00:00+00:00,23.2,9.3,41,0.0,0,1016.1,1.95,4.44,203,4.0,0.0,0.0,0.0,0.0,0.0,0.0,1.66,0.05,24.6,25.9,21.2,17.3,0.091,0.146,0.162,0.247,-0.05,2026-08-16 01:00:00+02:00
2026-08-16 00:00:00+00:00,20.2,9.0,48,0.0,0,1016.6,2.57,4.85,147,3.5,0.0,0.0,0.0,0.0,0.0,0.0,1.22,0.06,22.6,24.6,20.0,17.3,0.091,0.146,0.162,0.247,-0.06,2026-08-16 02:00:00+02:00
2026-08-16 01:00:00+00:00,20.1,9.0,49,0.0,0,1016.4,2.66,5.38,164,4.6,0.0,0.0,0.0,0.0,0.0,0.0,1.21,0.06,22.0,24.4,20.0,17.3,0.091,0.146,0.162,0.247,-0.06,2026-08-16 03:00:00+02:00
2026-08-16 02:00:00+00:00,19.9,9.1,50,0.0,0,1016.7,3.34,6.93,199,6.0,0.0,0.0,0.0,0.0,0.0,0.0,1.17,0.08,21.5,24.3,20.0,17.3,0.091,0.146,0.162,0.247,-0.08,2026-08-16 04:00:00+02:00
2026-08-16 03:00:00+00:00,19.3,9.5,53,0.0,0,1016.5,3.26,6.35,191,6.0,0.0,0.0,0.0,0.0,0.0,0.0,1.05,0.07,21.0,24.1,20.1,17.3,0.091,0.146,0.162,0.247,-0.07,2026-08-16 05:00:00+02:00
2026-08-16 04:00:00+00:00,19.4,9.6,53,0.0,0,1016.6,3.43,7.0,203,6.4,6.0,2.0,4.0,0.0,0.0,0.0,1.06,0.08,20.7,23.9,20.1,17.3,0.091,0.146,0.162,0.247,-0.08,2026-08-16 06:00:00+02:00
2026-08-16 05:00:00+00:00,21.0,9.6,48,0.0,0,1016.6,3.18,6.42,208,6.1,98.0,58.0,40.0,3600.0,0.0,0.0,1.29,0.12,21.0,23.7,20.1,17.3,0.091,0.146,0.162,0.247,-0.12,2026-08-16 07:00:00+02:00
2026-08-16 06:00:00+00:00,22.9,9.2,42,0.0,0,1016.9,2.69,5.42,209,6.3,258.0,190.0,68.0,3600.0,0.0,0.0,1.62,0.21,22.0,23.4,20.0,17.3,0.091,0.146,0.162,0.247,-0.21,2026-08-16 08:00:00+02:00
2026-08-16 07:00:00+00:00,25.4,9.0,35,0.0,0,1016.7,3.06,4.43,218,7.3,430.0,345.0,85.0,3600.0,0.0,0.0,2.09,0.34,23.9,23.4,20.0,17.3,0.091,0.146,0.162,0.247,-0.34,2026-08-16 09:00:00+02:00
2026-08-16 08:00:00+00:00,27.4,8.7,31,0.0,0,1016.6,3.43,4.71,227,8.5,585.0,489.0,96.0,3600.0,0.0,0.0,2.53,0.47,26.0,23.4,20.0,17.3,0.091,0.146,0.162,0.246,-0.47,2026-08-16 10:00:00+02:00
2026-08-16 09:00:00+00:00,29.3,8.7,28,0.0,0,1016.4,3.51,4.76,230,8.9,709.0,606.0,103.0,3600.0,0.0,0.0,2.94,0.57,28.2,23.5,20.0,17.3,0.091,0.146,0.162,0.246,-0.57,2026-08-16 11:00:00+02:00
2026-08-16 10:00:00+00:00,30.8,8.5,25,0.0,0,1016.1,3.52,4.69,235,9.1,791.0,684.0,107.0,3600.0,0.0,0.0,3.33,0.64,30.3,23.7,20.0,17.3,0.091,0.146,0.162,0.246,-0.64,2026-08-16 12:00:00+02:00
2026-08-16 11:00:00+00:00,31.8,8.2,23,0.0,0,1015.4,2.91,3.77,235,9.0,824.0,716.0,108.0,3600.0,0.0,0.0,3.6,0.66,32.2,23.9,20.0,17.3,0.091,0.146,0.162,0.246,-0.66,2026-08-16 13:00:00+02:00
2026-08-16 12:00:00+00:00,32.9,8.0,21,0.0,0,1014.7,2.56,3.31,219,8.0,806.0,699.0,107.0,3600.0,0.0,0.0,3.93,0.65,34.0,24.4,20.2,17.3,0.091,0.146,0.162,0.246,-0.65,2026-08-16 14:00:00+02:00
2026-08-16 13:00:00+00:00,32.9,8.0,21,0.0,0,1014.2,2.55,3.37,220,7.4,735.0,632.0,103.0,3600.0,0.0,0.0,3.92,0.6,35.1,24.7,20.2,17.3,0.091,0.146,0.162,0.246,-0.6,2026-08-16 15:00:00+02:00
2026-08-16 14:00:00+00:00,32.8,7.9,21,0.0,0,1013.8,2.69,3.54,225,7.4,621.0,524.0,97.0,3600.0,0.0,0.0,3.9,0.53,35.4,25.0,20.2,17.3,0.091,0.146,0.162,0.246,-0.53,2026-08-16 16:00:00+02:00
2026-08-16 15:00:00+00:00,32.5,7.7,21,0.0,0,1013.5,2.51,3.32,224,7.3,472.0,385.0,87.0,3600.0,0.0,0.0,3.83,0.41,35.1,25.4,20.2,17.3,0.091,0.146,0.162,0.246,-0.41,2026-08-16 17:00:00+02:00
2026-08-16 16:00:00+00:00,31.9,7.6,22,0.0,0,1013.3,2.16,2.94,224,6.5,303.0,231.0,72.0,3600.0,0.0,0.0,3.67,0.28,34.3,25.6,20.2,17.3,0.091,0.146,0.162,0.246,-0.28,2026-08-16 18:00:00+02:00
2026-08-16 17:00:00+00:00,30.3,9.0,27,0.0,0,1012.9,1.85,3.14,232,5.3,137.0,88.0,49.0,3600.0,0.0,0.0,3.17,0.15,32.9,25.9,20.2,17.3,0.091,0.146,0.162,0.246,-0.15,2026-08-16 19:00:00+02:00
2026-08-16 18:00:00+00:00,27.9,8.6,30,0.0,0,1012.8,1.52,3.52,197,3.2,18.0,8.0,10.0,1690.78,0.0,0.0,2.63,0.06,30.9,26.0,20.2,17.3,0.091,0.146,0.162,0.246,-0.06,2026-08-16 20:00:00+02:00
2026-08-16 19:00:00+00:00,27.5,8.1,29,0.0,0,1013.0,2.35,3.78,168,4.0,0.0,0.0,0.0,0.0,0.0,0.0,2.59,0.09,29.2,26.1,20.2,17.3,0.091,0.146,0.162,0.246,-0.09,2026-08-16 21:00:00+02:00
2026-08-16 20:00:00+00:00,26.6,7.7,30,0.0,0,1012.8,2.32,3.76,161,4.3,0.0,0.0,0.0,0.0,0.0,0.0,2.44,0.09,28.0,26.1,20.3,17.3,0.091,0.146,0.162,0.246,-0.09,2026-08-16 22:00:00+02:00
2026-08-16 21:00:00+00:00,25.6,7.1,31,0.0,0,1012.7,2.66,4.61,185,4.3,0.0,0.0,0.0,0.0,0.0,0.0,2.27,0.1,26.8,26.0,20.3,17.3,0.091,0.146,0.162,0.246,-0.1,2026-08-16 23:00:00+02:00
2026-08-16 22:00:00+00:00,24.8,6.2,30,0.0,2,1012.4,3.08,6.01,200,5.3,0.0,0.0,0.0,0.0,0.0,0.0,2.18,0.11,26.0,25.9,20.3,17.3,0.091,0.146,0.162,0.246,-0.11,2026-08-17 00:00:00+02:00
2026-08-16 23:00:00+00:00,24.3,7.1,33,0.0,13,1012.1,2.97,6.37,216,5.2,0.0,0.0,0.0,0.0,0.0,0.0,2.03,0.1,25.2,25.9,20.3,17.3,0.091,0.146,0.162,0.246,-0.1,2026-08-17 01:00:00+02:00
2026-08-17 00:00:00+00:00,22.3,7.8,39,0.0,5,1012.1,2.85,5.67,178,5.0,0.0,0.0,0.0,0.0,0.0,0.0,1.64,0.09,23.8,24.7,19.6,17.3,0.091,0.146,0.162,0.246,-0.09,2026-08-17 02:00:00+02:00
2026-08-17 01:00:00+00:00,21.9,7.9,41,0.0,16,1012.0,3.51,6.6,176,6.1,0.0,0.0,0.0,0.0,0.0,0.0,1.55,0.1,23.2,24.6,19.6,17.3,0.091,0.146,0.162,0.246,-0.1,2026-08-17 03:00:00+02:00
2026-08-17 02:00:00+00:00,21.6,8.5,43,0.0,44,1011.8,3.98,8.0,186,7.1,0.0,0.0,0.0,0.0,0.0,0.0,1.47,0.11,22.8,24.4,19.7,17.3,0.091,0.146,0.162,0.246,-0.11,2026-08-17 04:00:00+02:00
2026-08-17 03:00:00+00:00,21.1,8.8,45,0.0,59,1011.7,3.31,6.7,195,7.2,0.0,0.0,0.0,0.0,0.0,0.0,1.37,0.09,22.3,24.3,19.7,17.3,0.091,0.146,0.162,0.246,-0.09,2026-08-17 05:00:00+02:00
2026-08-17 04:00:00+00:00,20.7,8.3,45,0.0,36,1011.8,3.51,6.87,191,6.2,5.0,1.0,4.0,0.0,0.0,0.0,1.34,0.1,21.9,24.2,19.7,17.3,0.091,0.146,0.162,0.246,-0.1,2026-08-17 06:00:00+02:00
2026-08-17 05:00:00+00:00,21.9,8.1,41,0.0,81,1011.8,3.39,7.22,189,6.9,95.0,52.0,43.0,3600.0,0.0,0.0,1.54,0.14,22.0,24.0,19.7,17.3,0.091,0.146,0.162,0.246,-0.14,2026-08-17 07:00:00+02:00
2026-08-17 06:00:00+00:00,22.8,8.2,39,0.0,81,1011.6,3.61,7.03,183,7.6,213.0,109.0,104.0,3600.0,0.0,0.0,1.68,0.22,22.7,23.5,19.5,17.3,0.091,0.146,0.162,0.246,-0.22,2026-08-17 08:00:00+02:00
2026-08-17 07:00:00+00:00,25.3,8.6,35,0.0,100,1011.3,3.82,5.66,191,8.7,365.0,201.0,164.0,3600.0,0.0,0.0,2.11,0.33,24.1,23.5,19.5,17.3,0.091,0.146,0.162,0.246,-0.33,2026-08-17 09:00:00+02:00
2026-08-17 08:00:00+00:00,26.1,9.0,34,0.0,100,1011.4,3.26,4.74,198,8.7,281.0,40.0,241.0,141.93,0.0,0.0,2.23,0.3,25.1,23.5,19.5,17.3,0.091,0.146,0.162,0.246,-0.3,2026-08-17 10:00:00+02:00
2026-08-17 09:00:00+00:00,27.5,9.1,31,0.0,100,1011.6,2.8,3.96,227,7.5,307.0,56.0,251.0,513.01,0.0,0.0,2.51,0.32,26.2,23.5,19.5,17.3,0.091,0.146,0.162,0.246,-0.32,2026-08-17 11:00:00+02:00
2026-08-17 10:00:00+00:00,28.3,8.8,29,0.0,95,1011.6,2.61,3.64,265,6.8,324.0,82.0,242.0,1287.2,0.0,0.0,2.71,0.33,27.3,23.6,19.5,17.3,0.091,0.146,0.162,0.246,-0.33,2026-08-17 12:00:00+02:00
2026-08-17 11:00:00+00:00,28.8,8.7,28,0.0,46,1011.1,1.63,2.17,293,6.6,407.0,185.0,222.0,3600.0,0.0,0.0,2.83,0.35,28.5,23.7,19.5,17.3,0.091,0.146,0.162,0.246,-0.35,2026-08-17 13:00:00+02:00
2026-08-17 12:00:00+00:00,31.5,8.5,24,0.0,78,1010.6,2.47,3.3,252,5.2,590.0,426.0,164.0,3600.0,0.0,0.0,3.5,0.51,31.5,23.9,19.2,17.3,0.099,0.146,0.162,0.246,-0.51,2026-08-17 14:00:00+02:00
2026-08-17 13:00:00+00:00,32.1,8.4,23,0.0,82,1009.4,2.62,3.53,235,6.8,627.0,454.0,173.0,3600.0,0.0,0.0,3.68,0.54,32.4,24.1,19.2,17.3,0.098,0.146,0.162,0.246,-0.54,2026-08-17 15:00:00+02:00
2026-08-17 14:00:00+00:00,31.9,8.4,23,0.0,45,1008.7,3.11,4.11,208,7.6,466.0,303.0,163.0,3600.0,0.0,0.0,3.62,0.45,32.6,24.4,19.3,17.3,0.097,0.146,0.162,0.246,-0.45,2026-08-17 16:00:00+02:00
2026-08-17 15:00:00+00:00,31.8,8.3,23,0.0,63,1008.0,2.97,3.97,197,7.6,453.0,354.0,99.0,3600.0,0.0,0.0,3.61,0.42,32.6,24.6,19.3,17.3,0.096,0.146,0.162,0.246,-0.42,2026-08-17 17:00:00+02:00
2026-08-17 16:00:00+00:00,31.0,8.2,24,0.0,49,1007.2,2.69,3.73,158,7.1,285.0,199.0,86.0,3600.0,0.0,0.0,3.39,0.29,32.0,24.9,19.3,17.3,0.096,0.146,0.162,0.246,-0.29,2026-08-17 18:00:00+02:00
2026-08-17 17:00:00+00:00,29.3,8.9,28,0.0,76,1006.1,3.45,6.13,114,6.5,126.0,70.0,56.0,3600.0,0.0,0.0,2.94,0.21,30.8,25.0,19.3,17.3,0.095,0.146,0.162,0.246,-0.21,2026-08-17 19:00:00+02:00
2026-08-17 18:00:00+00:00,26.6,11.0,38,0.0,88,1006.1,3.39,5.69,9,6.4,15.0,4.0,11.0,310.3,0.0,0.0,2.16,0.13,29.1,24.9,19.1,17.3,0.099,0.146,0.162,0.246,-0.13,2026-08-17 20:00:00+02:00
2026-08-17 19:00:00+00:00,26.1,12.4,43,0.0,94,1005.9,3.39,6.62,31,6.7,0.0,0.0,0.0,0.0,0.0,0.0,1.94,0.11,27.9,25.0,19.1,17.3,0.098,0.146,0.162,0.246,-0.11,2026-08-17 21:00:00+02:00
2026-08-17 20:00:00+00:00,25.2,13.3,48,0.0,97,1005.7,4.05,7.2,24,7.7,0.0,0.0,0.0,0.0,0.0,0.0,1.67,0.11,26.8,25.0,19.2,17.3,0.098,0.146,0.162,0.246,-0.11,2026-08-17 22:00:00+02:00
2026-08-17 21:00:00+00:00,24.7,13.9,51,0.0,96,1005.4,3.4,6.74,30,8.0,0.0,0.0,0.0,0.0,0.0,0.0,1.53,0.09,26.0,25.0,19.2,17.3,0.098,0.146,0.162,0.246,-0.09,2026-08-17 23:00:00+02:00
2026-08-17 22:00:00+00:00,24.1,13.8,53,0.0,91,1005.9,3.54,6.3,315,6.3,0.0,0.0,0.0,0.0,0.0,0.0,1.41,0.09,25.3,24.9,19.2,17.3,0.097,0.146,0.162,0.246,-0.09,2026-08-18 00:00:00+02:00
2026-08-17 23:00:00+00:00,23.0,14.3,58,0.0,97,1005.8,3.72,6.82,303,7.1,0.0,0.0,0.0,0.0,0.0,0.0,1.18,0.08,24.5,24.8,19.2,17.3,0.097,0.146,0.162,0.246,-0.08,2026-08-18 01:00:00+02:00
2026-08-18 00:00:00+00:00,21.5,14.4,64,0.0,100,1006.3,3.51,5.53,273,7.7,0.0,0.0,0.0,0.0,0.0,0.0,0.92,0.06,24.7,24.8,19.5,17.4,0.091,0.146,0.162,0.246,-0.06,2026-08-18 02:00:00+02:00
2026-08-18 01:00:00+00:00,19.1,17.2,88,1.1,100,1007.1,4.73,8.11,231,8.8,0.0,0.0,0.0,0.0,1.1,0.0,0.25,0.02,23.3,24.7,19.5,17.4,0.102,0.146,0.162,0.246,1.08,2026-08-18 03:00:00+02:00
2026-08-18 02:00:00+00:00,19.0,17.3,90,1.0,100,1007.0,5.09,8.52,250,9.1,0.0,0.0,0.0,0.0,1.0,0.0,0.22,0.02,22.1,24.5,19.5,17.4,0.113,0.146,0.162,0.246,0.98,2026-08-18 04:00:00+02:00
2026-08-18 03:00:00+00:00,18.3,17.5,95,1.4,100,1007.1,5.4,9.2,269,10.5,0.0,0.0,0.0,0.0,1.4,0.0,0.1,0.01,21.1,24.3,19.5,17.4,0.129,0.146,0.162,0.246,1.39,2026-08-18 05:00:00+02:00
2026-08-18 04:00:00+00:00,17.9,17.2,96,1.1,100,1007.3,5.11,8.6,267,10.0,1.0,0.0,1.0,0.0,1.1,0.0,0.09,0.02,20.3,24.0,19.5,17.4,0.143,0.146,0.162,0.246,1.08,2026-08-18 06:00:00+02:00
2026-08-18 05:00:00+00:00,17.5,16.5,94,0.1,23,1008.0,4.9,8.05,270,9.5,29.0,0.0,29.0,0.0,0.1,0.0,0.12,0.03,19.8,23.8,19.6,17.4,0.144,0.146,0.162,0.246,0.07,2026-08-18 07:00:00+02:00
2026-08-18 06:00:00+00:00,18.3,16.4,89,2.8,96,1008.8,4.29,6.58,259,9.8,206.0,109.0,97.0,3600.0,2.8,0.0,0.24,0.11,19.0,23.2,19.4,17.4,0.149,0.146,0.162,0.246,2.69,2026-08-18 08:00:00+02:00
2026-08-18 07:00:00+00:00,17.1,15.6,91,2.1,96,1009.7,2.55,3.55,317,9.1,204.0,61.0,143.0,2044.55,2.1,0.0,0.18,0.11,19.6,23.0,19.4,17.4,0.175,0.146,0.162,0.246,1.99,2026-08-18 09:00:00+02:00
2026-08-18 08:00:00+00:00,17.2,14.9,86,4.3,35,1010.8,3.26,4.69,54,7.9,409.0,234.0,175.0,3600.0,4.3,0.0,0.27,0.21,19.6,22.8,19.4,17.4,0.231,0.146,0.162,0.246,4.09,2026-08-18 10:00:00+02:00
2026-08-18 09:00:00+00:00,19.6,13.1,66,0.1,13,1011.2,2.76,3.79,32,7.5,621.0,465.0,156.0,3600.0,0.1,0.0,0.77,0.36,20.9,22.6,19.4,17.4,0.229,0.146,0.162,0.246,-0.26,2026-08-18 11:00:00+02:00
2026-08-18 10:00:00+00:00,21.1,12.8,59,0.0,49,1011.1,0.74,0.87,62,6.9,732.0,583.0,149.0,3600.0,0.0,0.0,1.02,0.46,22.5,22.5,19.4,17.4,0.224,0.146,0.162,0.246,-0.46,2026-08-18 12:00:00+02:00
2026-08-18 11:00:00+00:00,21.9,13.4,59,0.1,35,1010.9,1.38,1.77,229,6.1,749.0,594.0,155.0,3600.0,0.1,0.0,1.08,0.47,23.9,22.5,19.4,17.4,0.221,0.146,0.162,0.246,-0.37,2026-08-18 13:00:00+02:00
2026-08-18 12:00:00+00:00,23.2,12.7,52,0.4,18,1010.7,1.33,1.76,236,6.7,714.0,544.0,170.0,3600.0,0.4,0.0,1.37,0.47,25.5,22.9,19.2,17.4,0.198,0.146,0.162,0.246,-0.06999999999999995,2026-08-18 14:00:00+02:00
2026-08-18 13:00:00+00:00,24.0,10.5,43,0.1,47,1009.9,2.39,3.31,244,6.3,654.0,519.0,135.0,3600.0,0.1,0.0,1.71,0.45,25.9,23.0,19.2,17.4,0.194,0.146,0.162,0.246,-0.35,2026-08-18 15:00:00+02:00
2026-08-18 14:00:00+00:00,25.2,8.6,35,0.0,73,1009.3,4.0,5.79,261,8.5,505.0,352.0,153.0,3600.0,0.0,0.0,2.08,0.41,25.8,23.1,19.2,17.4,0.19,0.146,0.162,0.246,-0.41,2026-08-18 16:00:00+02:00
2026-08-18 15:00:00+00:00,24.8,8.0,34,0.0,72,1009.0,5.17,7.76,266,10.7,314.0,193.0,121.0,3600.0,0.0,0.0,2.05,0.34,25.2,23.1,19.2,17.4,0.187,0.146,0.162,0.246,-0.34,2026-08-18 17:00:00+02:00
2026-08-18 16:00:00+00:00,24.4,8.1,35,0.0,86,1009.1,3.81,6.62,273,10.3,234.0,133.0,101.0,3600.0,0.0,0.0,1.97,0.25,24.5,23.2,19.2,17.4,0.184,0.146,0.162,0.246,-0.25,2026-08-18 18:00:00+02:00
2026-08-18 17:00:00+00:00,23.2,8.4,39,0.0,88,1009.1,3.0,6.15,269,7.5,64.0,18.0,46.0,1100.82,0.0,0.0,1.73,0.14,23.6,23.1,19.2,17.4,0.182,0.146,0.162,0.246,-0.14,2026-08-18 19:00:00+02:00
2026-08-18 18:00:00+00:00,21.2,9.2,46,0.0,99,1009.4,2.75,5.93,270,5.6,9.0,1.0,8.0,0.0,0.0,0.0,1.35,0.09,22.6,23.1,19.3,17.4,0.179,0.146,0.162,0.246,-0.09,2026-08-18 20:00:00+02:00
2026-08-18 19:00:00+00:00,21.2,9.0,46,0.0,60,1010.1,3.66,7.45,265,6.8,0.0,0.0,0.0,0.0,0.0,0.0,1.37,0.1,21.7,23.0,19.3,17.4,0.178,0.146,0.162,0.246,-0.1,2026-08-18 21:00:00+02:00
2026-08-18 20:00:00+00:00,20.0,9.6,51,0.0,32,1010.4,3.11,6.75,264,7.0,0.0,0.0,0.0,0.0,0.0,0.0,1.14,0.07,20.9,22.9,19.3,17.4,0.177,0.146,0.162,0.246,-0.07,2026-08-18 22:00:00+02:00
2026-08-18 21:00:00+00:00,19.2,10.0,55,0.0,76,1010.5,3.29,7.11,261,5.9,0.0,0.0,0.0,0.0,0.0,0.0,1.0,0.07,20.2,22.7,19.3,17.4,0.176,0.146,0.162,0.246,-0.07,2026-08-18 23:00:00+02:00
2026-08-18 22:00:00+00:00,18.7,10.3,58,0.0,66,1011.1,3.05,6.67,267,6.0,0.0,0.0,0.0,0.0,0.0,0.0,0.9,0.06,19.6,22.5,19.3,17.4,0.175,0.146,0.162,0.246,-0.06,2026-08-19 00:00:00+02:00
2026-08-18 23:00:00+00:00,17.9,10.9,64,0.0,96,1010.9,2.65,5.85,270,5.5,0.0,0.0,0.0,0.0,0.0,0.0,0.74,0.04,19.1,22.3,19.3,17.4,0.175,0.146,0.162,0.245,-0.04,2026-08-19 01:00:00+02:00
2026-08-19 00:00:00+00:00,16.7,11.4,71,0.0,99,1011.3,2.35,5.29,271,5.0,0.0,0.0,0.0,0.0,0.0,0.0,0.56,0.03,18.3,22.0,19.1,17.4,0.211,0.146,0.162,0.246,-0.03,2026-08-19 02:00:00+02:00
2026-08-19 01:00:00+00:00,17.3,12.1,72,0.1,98,1011.6,2.56,5.81,276,4.9,0.0,0.0,0.0,0.0,0.1,0.0,0.56,0.03,18.1,21.8,19.1,17.4,0.211,0.146,0.162,0.246,0.07,2026-08-19 03:00:00+02:00
2026-08-19 02:00:00+00:00,16.9,12.7,77,0.0,96,1011.3,1.7,4.35,270,4.5,0.0,0.0,0.0,0.0,0.0,0.0,0.45,0.01,17.9,21.6,19.1,17.4,0.211,0.146,0.162,0.246,-0.01,2026-08-19 04:00:00+02:00
2026-08-19 03:00:00+00:00,16.6,12.8,78,0.0,96,1011.5,1.87,4.75,262,3.0,0.0,0.0,0.0,0.0,0.0,0.0,0.41,0.01,17.7,21.4,19.1,17.4,0.211,0.146,0.162,0.246,-0.01,2026-08-19 05:00:00+02:00
2026-08-19 04:00:00+00:00,16.8,12.7,77,0.0,38,1011.8,2.39,5.32,244,4.1,3.0,0.0,3.0,0.0,0.0,0.0,0.44,0.03,17.5,21.1,19.1,17.4,0.21,0.146,0.162,0.246,-0.03,2026-08-19 06:00:00+02:00
2026-08-19 05:00:00+00:00,17.7,13.2,75,0.0,41,1012.2,2.76,5.48,225,5.3,82.0,39.0,43.0,3600.0,0.0,0.0,0.51,0.06,17.8,20.9,19.1,17.4,0.21,0.146,0.162,0.246,-0.06,2026-08-19 07:00:00+02:00
2026-08-19 06:00:00+00:00,19.1,13.7,71,0.0,27,1012.7,2.41,4.22,228,6.2,237.0,158.0,79.0,3600.0,0.0,0.0,0.64,0.14,18.5,20.7,19.0,17.4,0.217,0.146,0.162,0.246,-0.14,2026-08-19 08:00:00+02:00
2026-08-19 07:00:00+00:00,21.0,13.8,63,0.0,25,1012.8,3.31,4.65,243,7.5,405.0,308.0,97.0,3600.0,0.0,0.0,0.91,0.26,19.8,20.6,19.0,17.4,0.215,0.146,0.162,0.245,-0.26,2026-08-19 09:00:00+02:00
2026-08-19 08:00:00+00:00,22.4,13.2,56,0.0,14,1013.0,3.16,4.3,247,7.7,550.0,437.0,113.0,3600.0,0.0,0.0,1.19,0.36,21.1,20.6,19.0,17.4,0.211,0.146,0.162,0.245,-0.36,2026-08-19 10:00:00+02:00
2026-08-19 09:00:00+00:00,23.5,13.9,55,0.0,51,1013.2,3.67,4.97,255,9.0,670.0,554.0,116.0,3600.0,0.0,0.0,1.31,0.44,22.5,20.6,19.0,17.4,0.207,0.146,0.162,0.245,-0.44,2026-08-19 11:00:00+02:00
2026-08-19 10:00:00+00:00,23.7,14.3,55,0.6,44,1013.2,4.12,5.78,246,9.3,617.0,402.0,215.0,3600.0,0.6,0.0,1.31,0.42,23.2,20.7,19.0,17.4,0.209,0.146,0.162,0.245,0.18,2026-08-19 12:00:00+02:00
2026-08-19 11:00:00+00:00,25.3,14.1,50,0.4,45,1012.5,4.16,5.81,243,10.1,747.0,599.0,148.0,3600.0,0.4,0.0,1.62,0.52,24.2,20.9,19.0,17.4,0.209,0.146,0.162,0.245,-0.12,2026-08-19 13:00:00+02:00
2026-08-19 12:00:00+00:00,26.7,14.5,47,0.2,73,1012.3,4.45,6.17,243,10.2,718.0,577.0,141.0,3600.0,0.2,0.0,1.86,0.53,25.5,21.1,19.1,17.4,0.195,0.146,0.162,0.245,-0.33,2026-08-19 14:00:00+02:00
2026-08-19 13:00:00+00:00,26.7,13.8,45,0.0,84,1012.0,4.78,6.8,250,10.6,643.0,475.0,168.0,3600.0,0.0,0.0,1.93,0.49,25.9,21.3,19.1,17.4,0.19,0.146,0.162,0.245,-0.49,2026-08-19 15:00:00+02:00
2026-08-19 14:00:00+00:00,26.8,13.8,45,0.0,100,1011.8,4.29,6.17,253,10.5,499.0,347.0,152.0,3600.0,0.0,0.0,1.94,0.41,26.0,21.5,19.1,17.4,0.187,0.146,0.162,0.245,-0.41,2026-08-19 16:00:00+02:00
2026-08-19 15:00:00+00:00,26.2,14.4,48,0.0,100,1011.9,3.59,5.69,261,9.3,237.0,78.0,159.0,2813.57,0.0,0.0,1.75,0.25,25.4,21.7,19.2,17.4,0.184,0.146,0.162,0.245,-0.25,2026-08-19 17:00:00+02:00
2026-08-19 16:00:00+00:00,25.5,15.7,55,0.0,23,1012.0,2.23,4.55,261,7.1,118.0,17.0,101.0,0.0,0.0,0.0,1.48,0.14,24.8,21.8,19.2,17.4,0.182,0.146,0.162,0.245,-0.14,2026-08-19 18:00:00+02:00
2026-08-19 17:00:00+00:00,24.4,17.0,63,0.0,5,1011.9,1.27,3.44,225,4.4,92.0,43.0,49.0,3600.0,0.0,0.0,1.12,0.08,24.2,21.9,19.2,17.4,0.181,0.146,0.162,0.245,-0.08,2026-08-19 19:00:00+02:00
2026-08-19 18:00:00+00:00,22.9,15.5,63,0.0,4,1012.0,2.5,5.38,196,2.1,12.0,4.0,8.0,411.36,0.0,0.0,1.04,0.05,23.2,22.2,19.6,17.4,0.16,0.146,0.162,0.245,-0.05,2026-08-19 20:00:00+02:00
2026-08-19 19:00:00+00:00,22.7,15.0,62,0.0,2,1012.2,2.64,6.07,195,4.8,0.0,0.0,0.0,0.0,0.0,0.0,1.05,0.05,22.4,22.2,19.6,17.4,0.159,0.146,0.162,0.245,-0.05,2026-08-19 21:00:00+02:00
2026-08-19 20:00:00+00:00,22.0,15.0,65,0.0,3,1012.4,2.55,5.63,180,4.7,0.0,0.0,0.0,0.0,0.0,0.0,0.94,0.04,21.8,22.2,19.6,17.4,0.159,0.146,0.162,0.245,-0.04,2026-08-19 22:00:00+02:00
2026-08-19 21:00:00+00:00,21.5,14.8,66,0.0,5,1012.3,3.06,6.71,165,5.4,0.0,0.0,0.0,0.0,0.0,0.0,0.87,0.05,21.2,22.1,19.6,17.4,0.158,0.146,0.162,0.245,-0.05,2026-08-19 23:00:00+02:00
2026-08-19 22:00:00+00:00,21.3,14.5,65,0.0,5,1012.5,3.64,7.82,167,6.6,0.0,0.0,0.0,0.0,0.0,0.0,0.89,0.06,20.8,22.0,19.6,17.4,0.158,0.146,0.162,0.245,-0.06,2026-08-20 00:00:00+02:00
2026-08-19 23:00:00+00:00,21.2,14.2,64,0.0,1,1012.4,3.67,7.9,165,6.8,0.0,0.0,0.0,0.0,0.0,0.0,0.9,0.06,20.5,21.9,19.6,17.4,0.157,0.146,0.162,0.245,-0.06,2026-08-20 01:00:00+02:00
2026-08-20 00:00:00+00:00,20.6,14.0,66,0.0,0,1012.2,4.21,8.6,170,6.8,0.0,0.0,0.0,0.0,0.0,0.0,0.82,0.07,20.2,21.6,19.0,17.4,0.162,0.146,0.162,0.245,-0.07,2026-08-20 02:00:00+02:00
2026-08-20 01:00:00+00:00,20.6,13.9,65,0.0,0,1011.8,4.22,8.75,174,7.8,0.0,0.0,0.0,0.0,0.0,0.0,0.84,0.07,20.0,21.5,19.0,17.4,0.161,0.146,0.162,0.245,-0.07,2026-08-20 03:00:00+02:00
2026-08-20 02:00:00+00:00,20.5,13.8,65,0.0,1,1011.8,4.21,8.8,175,7.9,0.0,0.0,0.0,0.0,0.0,0.0,0.84,0.07,19.8,21.4,19.0,17.4,0.16,0.146,0.162,0.245,-0.07,2026-08-20 04:00:00+02:00
2026-08-20 03:00:00+00:00,20.5,13.6,65,0.0,13,1011.7,4.28,8.9,173,7.9,0.0,0.0,0.0,0.0,0.0,0.0,0.85,0.07,19.6,21.3,19.0,17.4,0.16,0.146,0.162,0.245,-0.07,2026-08-20 05:00:00+02:00
2026-08-20 04:00:00+00:00,20.6,13.3,63,0.0,0,1011.7,4.29,8.9,172,8.0,3.0,1.0,2.0,0.0,0.0,0.0,0.9,0.08,19.4,21.2,19.0,17.4,0.159,0.146,0.162,0.245,-0.08,2026-08-20 06:00:00+02:00
2026-08-20 05:00:00+00:00,22.1,13.3,57,0.0,5,1011.8,4.35,8.52,179,8.3,86.0,49.0,37.0,3600.0,0.0,0.0,1.14,0.12,19.8,21.1,19.0,17.4,0.158,0.146,0.162,0.245,-0.12,2026-08-20 07:00:00+02:00
2026-08-20 06:00:00+00:00,24.1,13.9,53,0.0,42,1012.1,3.92,9.88,186,8.7,241.0,174.0,67.0,3600.0,0.0,0.0,1.4,0.21,20.7,21.0,19.0,17.4,0.157,0.146,0.162,0.245,-0.21,2026-08-20 08:00:00+02:00
2026-08-20 07:00:00+00:00,26.2,13.7,46,0.0,56,1012.1,4.72,7.62,185,10.0,403.0,311.0,92.0,3600.0,0.0,0.0,1.84,0.34,22.1,21.0,19.0,17.4,0.155,0.146,0.162,0.245,-0.34,2026-08-20 09:00:00+02:00
2026-08-20 08:00:00+00:00,28.5,13.7,40,0.0,91,1012.1,4.82,7.14,190,10.4,545.0,420.0,125.0,3600.0,0.0,0.0,2.32,0.46,23.7,21.0,19.0,17.4,0.153,0.146,0.162,0.245,-0.46,2026-08-20 10:00:00+02:00
2026-08-20 09:00:00+00:00,30.5,13.9,36,0.0,21,1012.2,4.46,6.42,203,10.4,631.0,432.0,199.0,3600.0,0.0,0.0,2.78,0.55,25.4,21.2,19.0,17.4,0.149,0.146,0.162,0.245,-0.55,2026-08-20 11:00:00+02:00
2026-08-20 10:00:00+00:00,32.2,13.7,33,0.0,0,1012.0,4.81,6.85,213,10.7,760.0,648.0,112.0,3600.0,0.0,0.0,3.23,0.66,27.1,21.4,19.1,17.4,0.145,0.146,0.162,0.245,-0.66,2026-08-20 12:00:00+02:00
2026-08-20 11:00:00+00:00,33.3,13.7,31,0.0,0,1011.6,5.05,7.13,214,11.1,792.0,684.0,108.0,3600.0,0.0,0.0,3.54,0.7,28.6,21.6,19.1,17.4,0.141,0.146,0.161,0.245,-0.7,2026-08-20 13:00:00+02:00
2026-08-20 12:00:00+00:00,34.3,13.7,29,0.0,8,1010.9,5.08,7.23,220,11.4,773.0,665.0,108.0,3600.0,0.0,0.0,3.83,0.71,29.9,22.0,19.1,17.4,0.127,0.146,0.161,0.245,-0.71,2026-08-20 14:00:00+02:00
2026-08-20 13:00:00+00:00,35.4,13.4,27,0.0,23,1010.3,5.13,7.39,224,11.3,670.0,554.0,116.0,3600.0,0.0,0.0,4.19,0.67,30.9,22.3,19.2,17.4,0.124,0.146,0.161,0.245,-0.67,2026-08-20 15:00:00+02:00
2026-08-20 14:00:00+00:00,35.3,13.3,27,0.0,37,1010.0,4.81,7.07,223,11.5,493.0,374.0,119.0,3600.0,0.0,0.0,4.18,0.55,31.2,22.6,19.2,17.4,0.121,0.146,0.161,0.245,-0.55,2026-08-20 16:00:00+02:00
2026-08-20 15:00:00+00:00,34.8,13.3,27,0.0,71,1009.8,4.54,7.06,212,10.3,389.0,281.0,108.0,3600.0,0.0,0.0,4.03,0.46,31.2,22.9,19.2,17.4,0.118,0.146,0.161,0.245,-0.46,2026-08-20 17:00:00+02:00
2026-08-20 16:00:00+00:00,33.3,13.4,30,0.0,53,1010.2,4.27,7.63,204,9.5,182.0,82.0,100.0,3600.0,0.0,0.0,3.56,0.31,30.6,23.2,19.2,17.4,0.116,0.146,0.161,0.245,-0.31,2026-08-20 18:00:00+02:00
2026-08-20 17:00:00+00:00,30.9,15.4,39,0.0,16,1010.1,2.0,5.01,179,8.0,101.0,46.0,55.0,3600.0,0.0,0.0,2.72,0.14,29.5,23.4,19.2,17.4,0.115,0.146,0.161,0.245,-0.14,2026-08-20 19:00:00+02:00
2026-08-20 18:00:00+00:00,28.4,15.3,45,0.0,31,1009.2,2.34,4.91,169,3.9,10.0,4.0,6.0,462.77,0.0,0.0,2.14,0.09,28.1,23.6,19.2,17.4,0.118,0.146,0.161,0.245,-0.09,2026-08-20 20:00:00+02:00
2026-08-20 19:00:00+00:00,28.2,14.4,43,0.0,55,1010.1,3.4,7.47,179,5.8,0.0,0.0,0.0,0.0,0.0,0.0,2.17,0.11,26.9,23.7,19.2,17.4,0.117,0.146,0.161,0.245,-0.11,2026-08-20 21:00:00+02:00
2026-08-20 20:00:00+00:00,28.3,12.9,39,0.0,26,1010.5,4.03,8.52,187,7.3,0.0,0.0,0.0,0.0,0.0,0.0,2.35,0.14,26.2,23.7,19.2,17.4,0.116,0.146,0.161,0.245,-0.14,2026-08-20 22:00:00+02:00
2026-08-20 21:00:00+00:00,27.2,12.7,41,0.0,11,1010.4,3.46,7.86,191,7.4,0.0,0.0,0.0,0.0,0.0,0.0,2.13,0.12,25.4,23.8,19.2,17.4,0.116,0.146,0.161,0.245,-0.12,2026-08-20 23:00:00+02:00
2026-08-20 22:00:00+00:00,26.2,12.8,43,0.0,2,1011.0,2.82,6.3,253,6.2,0.0,0.0,0.0,0.0,0.0,0.0,1.92,0.09,24.8,23.7,19.3,17.4,0.115,0.146,0.161,0.245,-0.09,2026-08-21 00:00:00+02:00
2026-08-20 23:00:00+00:00,24.6,14.1,52,0.0,18,1010.8,1.13,3.24,311,4.9,0.0,0.0,0.0,0.0,0.0,0.0,1.48,0.02,23.8,23.7,19.3,17.4,0.115,0.146,0.161,0.245,-0.02,2026-08-21 01:00:00+02:00
2026-08-21 00:00:00+00:00,24.7,13.2,49,0.0,23,1010.4,4.25,8.79,181,1.5,0.0,0.0,0.0,0.0,0.0,0.0,1.58,0.11,22.8,23.5,19.3,17.4,0.121,0.146,0.161,0.245,-0.11,2026-08-21 02:00:00+02:00
2026-08-21 01:00:00+00:00,24.7,13.2,49,0.0,67,1010.7,3.85,8.18,189,7.5,0.0,0.0,0.0,0.0,0.0,0.0,1.59,0.1,22.6,23.4,19.3,17.4,0.121,0.146,0.161,0.245,-0.1,2026-08-21 03:00:00+02:00
2026-08-21 02:00:00+00:00,22.3,14.1,60,0.0,91,1011.1,1.49,3.51,320,6.9,0.0,0.0,0.0,0.0,0.0,0.0,1.09,0.03,22.2,23.3,19.3,17.4,0.12,0.146,0.161,0.245,-0.03,2026-08-21 04:00:00+02:00
2026-08-21 03:00:00+00:00,21.7,14.0,61,0.0,99,1010.5,2.28,3.97,113,4.0,0.0,0.0,0.0,0.0,0.0,0.0,1.0,0.04,21.6,23.2,19.3,17.5,0.12,0.146,0.161,0.245,-0.04,2026-08-21 05:00:00+02:00
2026-08-21 04:00:00+00:00,22.3,14.0,59,0.0,95,1010.9,1.82,5.4,172,4.2,2.0,0.0,2.0,0.0,0.0,0.0,1.09,0.05,21.3,23.0,19.4,17.5,0.12,0.146,0.161,0.245,-0.05,2026-08-21 06:00:00+02:00
2026-08-21 05:00:00+00:00,24.3,13.8,52,0.0,98,1011.1,2.12,5.16,188,3.9,59.0,10.0,49.0,416.11,0.0,0.0,1.45,0.09,21.5,22.9,19.4,17.5,0.119,0.146,0.161,0.245,-0.09,2026-08-21 07:00:00+02:00
2026-08-21 06:00:00+00:00,24.7,13.9,51,0.0,98,1011.4,1.72,4.37,197,4.3,144.0,15.0,129.0,0.0,0.0,0.0,1.51,0.14,22.2,22.8,19.4,17.5,0.109,0.146,0.161,0.245,-0.14,2026-08-21 08:00:00+02:00
2026-08-21 07:00:00+00:00,26.7,14.2,46,0.0,97,1011.3,0.21,0.39,225,3.6,314.0,124.0,190.0,3600.0,0.0,0.0,1.89,0.21,23.7,22.8,19.4,17.5,0.108,0.146,0.161,0.245,-0.21,2026-08-21 09:00:00+02:00
2026-08-21 08:00:00+00:00,28.4,14.4,42,0.0,85,1011.3,0.18,0.29,146,2.6,417.0,196.0,221.0,3600.0,0.0,0.0,2.22,0.29,25.5,22.8,19.4,17.5,0.107,0.146,0.161,0.245,-0.29,2026-08-21 10:00:00+02:00
2026-08-21 09:00:00+00:00,30.2,14.6,39,0.0,68,1011.5,1.14,1.45,209,4.3,585.0,383.0,202.0,3600.0,0.0,0.0,2.63,0.44,27.6,22.9,19.4,17.5,0.105,0.146,0.161,0.245,-0.44,2026-08-21 11:00:00+02:00
2026-08-21 10:00:00+00:00,32.1,15.1,36,0.0,4,1011.2,2.26,2.95,211,6.4,750.0,625.0,125.0,3600.0,0.0,0.0,3.07,0.59,29.8,23.1,19.4,17.5,0.104,0.146,0.161,0.245,-0.59,2026-08-21 12:00:00+02:00
2026-08-21 11:00:00+00:00,33.4,15.0,33,0.0,27,1011.1,3.38,4.58,236,8.5,785.0,671.0,114.0,3600.0,0.0,0.0,3.42,0.66,31.6,23.3,19.4,17.5,0.102,0.146,0.161,0.245,-0.66,2026-08-21 13:00:00+02:00
2026-08-21 12:00:00+00:00,33.5,15.2,33,0.0,50,1010.7,3.64,5.0,252,8.8,730.0,601.0,129.0,3600.0,0.0,0.0,3.43,0.63,31.7,23.8,19.6,17.5,0.112,0.146,0.161,0.245,-0.63,2026-08-21 14:00:00+02:00
2026-08-21 13:00:00+00:00,34.0,14.6,31,0.0,98,1009.9,2.64,3.58,245,8.4,642.0,492.0,150.0,3600.0,0.0,0.0,3.66,0.55,32.5,24.1,19.7,17.5,0.109,0.146,0.161,0.245,-0.55,2026-08-21 15:00:00+02:00
2026-08-21 14:00:00+00:00,34.3,13.6,29,0.0,95,1009.1,3.19,4.43,222,7.2,488.0,302.0,186.0,3600.0,0.0,0.0,3.86,0.47,32.8,24.3,19.7,17.5,0.107,0.146,0.161,0.245,-0.47,2026-08-21 16:00:00+02:00
2026-08-21 15:00:00+00:00,34.2,13.1,28,0.0,86,1008.6,3.41,4.87,215,7.7,368.0,192.0,176.0,3600.0,0.0,0.0,3.87,0.4,32.7,24.6,19.7,17.5,0.105,0.146,0.161,0.245,-0.4,2026-08-21 17:00:00+02:00
2026-08-21 16:00:00+00:00,33.2,16.6,37,0.0,100,1008.2,0.96,2.48,231,7.3,228.0,129.0,99.0,3600.0,0.0,0.0,3.2,0.19,32.0,24.8,19.7,17.5,0.104,0.146,0.161,0.245,-0.19,2026-08-21 18:00:00+02:00
2026-08-21 17:00:00+00:00,31.4,17.7,44,0.0,97,1007.7,0.63,1.7,119,1.5,71.0,7.0,64.0,0.0,0.0,0.0,2.57,0.07,31.0,25.0,19.7,17.5,0.104,0.146,0.161,0.245,-0.07,2026-08-21 19:00:00+02:00
2026-08-21 18:00:00+00:00,28.4,16.6,49,0.0,78,1007.5,1.82,3.04,106,2.9,7.0,0.0,7.0,0.0,0.0,0.0,1.98,0.07,29.5,25.2,19.7,17.5,0.108,0.146,0.161,0.245,-0.07,2026-08-21 20:00:00+02:00
2026-08-21 19:00:00+00:00,27.6,16.6,51,0.0,11,1007.6,1.97,4.1,150,3.4,0.0,0.0,0.0,0.0,0.0,0.0,1.79,0.05,28.1,25.2,19.7,17.5,0.107,0.146,0.161,0.245,-0.05,2026-08-21 21:00:00+02:00
2026-08-21 20:00:00+00:00,26.8,14.9,48,0.0,8,1007.2,2.77,5.73,163,4.8,0.0,0.0,0.0,0.0,0.0,0.0,1.82,0.08,27.0,25.3,19.8,17.5,0.107,0.146,0.161,0.245,-0.08,2026-08-21 22:00:00+02:00
2026-08-21 21:00:00+00:00,26.3,13.6,46,0.0,34,1007.1,2.81,6.07,175,5.1,0.0,0.0,0.0,0.0,0.0,0.0,1.85,0.08,26.2,25.2,19.8,17.5,0.106,0.146,0.161,0.245,-0.08,2026-08-21 23:00:00+02:00
2026-08-21 22:00:00+00:00,25.9,13.3,46,0.0,1,1006.7,3.25,6.81,166,5.7,0.0,0.0,0.0,0.0,0.0,0.0,1.8,0.1,25.5,25.2,19.8,17.5,0.106,0.146,0.161,0.245,-0.1,2026-08-22 00:00:00+02:00
2026-08-21 23:00:00+00:00,25.2,13.4,48,0.0,19,1006.9,3.25,7.23,217,6.0,0.0,0.0,0.0,0.0,0.0,0.0,1.67,0.09,24.9,25.1,19.8,17.5,0.106,0.146,0.161,0.245,-0.09,2026-08-22 01:00:00+02:00
2026-08-22 00:00:00+00:00,25.3,15.2,54,0.0,32,1007.4,4.4,8.68,268,10.9,0.0,0.0,0.0,0.0,0.0,0.0,1.49,0.11,24.4,24.9,19.7,17.5,0.104,0.146,0.161,0.245,-0.11,2026-08-22 02:00:00+02:00
2026-08-22 01:00:00+00:00,24.9,17.7,64,0.0,29,1007.7,4.83,8.66,283,12.2,0.0,0.0,0.0,0.0,0.0,0.0,1.13,0.09,24.3,24.8,19.7,17.5,0.104,0.146,0.161,0.245,-0.09,2026-08-22 03:00:00+02:00
2026-08-22 02:00:00+00:00,23.7,17.4,68,0.0,2,1008.2,3.04,6.01,261,9.3,0.0,0.0,0.0,0.0,0.0,0.0,0.93,0.05,24.0,24.7,19.7,17.5,0.104,0.146,0.161,0.245,-0.05,2026-08-22 04:00:00+02:00
2026-08-22 03:00:00+00:00,22.9,17.2,70,0.0,38,1008.5,3.5,6.63,248,6.3,0.0,0.0,0.0,0.0,0.0,0.0,0.83,0.05,23.6,24.6,19.7,17.5,0.104,0.146,0.161,0.245,-0.05,2026-08-22 05:00:00+02:00
2026-08-22 04:00:00+00:00,22.4,17.3,73,0.0,12,1009.8,3.68,6.53,258,7.7,2.0,0.0,2.0,0.0,0.0,0.0,0.73,0.05,23.2,24.5,19.7,17.5,0.103,0.146,0.161,0.245,-0.05,2026-08-22 06:00:00+02:00
2026-08-22 05:00:00+00:00,22.3,16.2,68,0.0,45,1010.6,4.35,6.52,255,8.8,77.0,39.0,38.0,3600.0,0.0,0.0,0.85,0.1,23.1,24.4,19.8,17.5,0.103,0.146,0.161,0.245,-0.1,2026-08-22 07:00:00+02:00
2026-08-22 06:00:00+00:00,22.7,14.5,60,0.0,8,1011.4,4.83,6.95,243,9.8,231.0,158.0,73.0,3600.0,0.0,0.0,1.1,0.2,23.5,24.3,19.9,17.5,0.103,0.146,0.161,0.245,-0.2,2026-08-22 08:00:00+02:00
2026-08-22 07:00:00+00:00,23.3,13.6,54,0.0,2,1011.7,4.61,6.43,240,10.5,392.0,304.0,88.0,3600.0,0.0,0.0,1.3,0.29,24.3,24.2,19.9,17.5,0.102,0.146,0.161,0.245,-0.29,2026-08-22 09:00:00+02:00
2026-08-22 08:00:00+00:00,24.4,13.3,50,0.0,3,1012.3,4.72,6.49,246,10.9,543.0,443.0,100.0,3600.0,0.0,0.0,1.52,0.4,25.5,24.2,19.9,17.5,0.101,0.146,0.161,0.245,-0.4,2026-08-22 10:00:00+02:00
2026-08-22 09:00:00+00:00,25.6,12.9,45,0.0,4,1012.6,4.69,6.4,248,10.9,667.0,558.0,109.0,3600.0,0.0,0.0,1.8,0.49,26.9,24.2,19.9,17.5,0.1,0.146,0.161,0.244,-0.49,2026-08-22 11:00:00+02:00
2026-08-22 10:00:00+00:00,27.0,12.6,41,0.0,2,1012.7,4.93,6.75,252,11.5,759.0,648.0,111.0,3600.0,0.0,0.0,2.11,0.57,28.3,24.3,19.9,17.5,0.099,0.146,0.161,0.244,-0.57,2026-08-22 12:00:00+02:00
2026-08-22 11:00:00+00:00,27.9,11.5,36,0.0,2,1012.8,5.32,7.31,258,12.2,784.0,671.0,113.0,3600.0,0.0,0.0,2.4,0.61,29.6,24.4,20.0,17.5,0.098,0.146,0.161,0.244,-0.61,2026-08-22 13:00:00+02:00
2026-08-22 12:00:00+00:00,28.9,10.0,31,0.0,2,1012.9,5.68,7.91,260,12.9,763.0,651.0,112.0,3600.0,0.0,0.0,2.74,0.63,30.9,24.6,19.9,17.5,0.101,0.146,0.161,0.244,-0.63,2026-08-22 14:00:00+02:00
2026-08-22 13:00:00+00:00,28.6,9.4,30,0.0,20,1012.7,5.33,7.43,264,12.8,704.0,600.0,104.0,3600.0,0.0,0.0,2.74,0.59,31.3,24.8,19.9,17.5,0.1,0.146,0.161,0.244,-0.59,2026-08-22 15:00:00+02:00
2026-08-22 14:00:00+00:00,28.4,9.6,31,0.0,25,1012.9,5.1,7.05,271,12.1,577.0,478.0,99.0,3600.0,0.0,0.0,2.68,0.51,31.3,24.9,19.9,17.5,0.099,0.146,0.161,0.244,-0.51,2026-08-22 16:00:00+02:00
2026-08-22 15:00:00+00:00,28.0,9.5,31,0.0,1,1013.2,5.14,7.23,277,11.4,443.0,357.0,86.0,3600.0,0.0,0.0,2.59,0.43,30.8,25.1,19.9,17.5,0.098,0.146,0.161,0.244,-0.43,2026-08-22 17:00:00+02:00
2026-08-22 16:00:00+00:00,27.2,8.9,32,0.0,67,1013.8,5.43,7.97,283,11.5,275.0,206.0,69.0,3600.0,0.0,0.0,2.47,0.33,30.0,25.2,20.0,17.5,0.097,0.146,0.161,0.244,-0.33,2026-08-22 18:00:00+02:00
2026-08-22 17:00:00+00:00,26.0,9.0,34,0.0,98,1013.9,4.67,7.58,289,11.3,67.0,27.0,40.0,3061.75,0.0,0.0,2.22,0.21,28.8,25.3,20.0,17.5,0.097,0.146,0.161,0.244,-0.21,2026-08-22 19:00:00+02:00
2026-08-22 18:00:00+00:00,25.3,8.2,34,0.0,98,1014.6,4.9,8.2,288,9.2,3.0,0.0,3.0,0.0,0.0,0.0,2.14,0.2,27.7,25.3,20.0,17.5,0.093,0.146,0.161,0.244,-0.2,2026-08-22 20:00:00+02:00
2026-08-22 19:00:00+00:00,24.8,8.2,35,0.0,99,1015.3,3.97,6.79,289,9.5,0.0,0.0,0.0,0.0,0.0,0.0,2.03,0.14,26.8,25.3,20.0,17.5,0.092,0.146,0.161,0.244,-0.14,2026-08-22 21:00:00+02:00
2026-08-22 20:00:00+00:00,24.2,8.2,36,0.0,86,1015.9,3.64,6.33,291,7.6,0.0,0.0,0.0,0.0,0.0,0.0,1.93,0.12,26.1,25.3,20.0,17.5,0.092,0.146,0.161,0.244,-0.12,2026-08-22 22:00:00+02:00
2026-08-22 21:00:00+00:00,23.1,8.4,39,0.0,100,1016.5,3.6,6.44,299,7.2,0.0,0.0,0.0,0.0,0.0,0.0,1.72,0.11,25.3,25.3,20.1,17.5,0.092,0.146,0.161,0.244,-0.11,2026-08-22 23:00:00+02:00
2026-08-22 22:00:00+00:00,22.7,8.6,41,0.0,79,1016.9,3.41,6.09,309,6.7,0.0,0.0,0.0,0.0,0.0,0.0,1.64,0.1,24.7,25.2,20.1,17.5,0.092,0.146,0.161,0.244,-0.1,2026-08-23 00:00:00+02:00
2026-08-22 23:00:00+00:00,22.1,8.3,41,0.0,18,1017.1,4.01,6.87,320,7.6,0.0,0.0,0.0,0.0,0.0,0.0,1.57,0.11,24.1,25.0,20.1,17.5,0.092,0.146,0.161,0.244,-0.11,2026-08-23 01:00:00+02:00
2026-08-23 00:00:00+00:00,19.5,9.0,51,0.0,1,1017.9,3.33,6.44,324,7.8,0.0,0.0,0.0,0.0,0.0,0.0,1.12,0.07,22.6,24.7,19.6,17.5,0.094,0.146,0.161,0.244,-0.07,2026-08-23 02:00:00+02:00
2026-08-23 01:00:00+00:00,18.8,9.3,54,0.0,7,1018.1,3.13,6.09,333,6.0,0.0,0.0,0.0,0.0,0.0,0.0,1.0,0.06,21.8,24.5,19.6,17.5,0.094,0.146,0.161,0.244,-0.06,2026-08-23 03:00:00+02:00
2026-08-23 02:00:00+00:00,18.0,9.7,58,0.0,8,1018.5,2.91,5.76,344,5.7,0.0,0.0,0.0,0.0,0.0,0.0,0.86,0.05,21.1,24.3,19.7,17.5,0.094,0.146,0.161,0.244,-0.05,2026-08-23 04:00:00+02:00
2026-08-23 03:00:00+00:00,17.5,10.5,64,0.0,4,1018.7,2.96,5.84,4,5.2,0.0,0.0,0.0,0.0,0.0,0.0,0.73,0.05,20.4,24.1,19.7,17.5,0.094,0.146,0.161,0.244,-0.05,2026-08-23 05:00:00+02:00
2026-08-23 04:00:00+00:00,17.2,10.8,66,0.0,1,1019.2,3.26,6.3,11,5.7,2.0,0.0,2.0,0.0,0.0,0.0,0.66,0.05,19.8,23.9,19.7,17.5,0.094,0.146,0.161,0.244,-0.05,2026-08-23 06:00:00+02:00
2026-08-23 05:00:00+00:00,18.0,10.5,62,0.0,1,1019.8,3.01,6.4,6,6.4,79.0,43.0,36.0,3600.0,0.0,0.0,0.79,0.08,19.8,23.7,19.7,17.5,0.094,0.146,0.161,0.244,-0.08,2026-08-23 07:00:00+02:00
2026-08-23 06:00:00+00:00,19.5,9.9,54,0.0,1,1020.3,3.78,5.83,15,7.5,235.0,166.0,69.0,3600.0,0.0,0.0,1.05,0.18,20.6,23.5,19.7,17.5,0.093,0.146,0.161,0.244,-0.18,2026-08-23 08:00:00+02:00
2026-08-23 07:00:00+00:00,21.3,8.4,44,0.0,1,1020.5,4.03,5.73,20,9.3,405.0,317.0,88.0,3600.0,0.0,0.0,1.43,0.3,21.9,23.3,19.8,17.5,0.093,0.146,0.161,0.244,-0.3,2026-08-23 09:00:00+02:00
2026-08-23 08:00:00+00:00,22.9,7.8,38,0.0,4,1020.7,3.36,4.59,15,9.3,559.0,460.0,99.0,3600.0,0.0,0.0,1.73,0.39,23.6,23.3,19.8,17.5,0.093,0.146,0.161,0.244,-0.39,2026-08-23 10:00:00+02:00
2026-08-23 09:00:00+00:00,24.0,7.8,36,0.0,3,1020.8,2.61,3.4,356,8.4,676.0,563.0,113.0,3600.0,0.0,0.0,1.92,0.47,25.5,23.3,19.8,17.5,0.093,0.146,0.161,0.244,-0.47,2026-08-23 11:00:00+02:00
2026-08-23 10:00:00+00:00,24.9,7.6,33,0.0,17,1020.6,2.55,3.32,340,7.5,766.0,652.0,114.0,3600.0,0.0,0.0,2.1,0.53,27.4,23.4,19.8,17.5,0.093,0.146,0.161,0.244,-0.53,2026-08-23 12:00:00+02:00
2026-08-23 11:00:00+00:00,25.4,7.3,32,0.0,2,1020.3,2.66,3.47,332,7.7,754.0,595.0,159.0,3600.0,0.0,0.0,2.21,0.54,28.8,23.5,19.8,17.5,0.092,0.146,0.161,0.244,-0.54,2026-08-23 13:00:00+02:00
2026-08-23 12:00:00+00:00,26.7,7.1,29,0.0,5,1020.0,2.6,3.35,322,7.7,773.0,654.0,119.0,3600.0,0.0,0.0,2.49,0.56,30.4,23.8,19.9,17.5,0.092,0.146,0.161,0.244,-0.56,2026-08-23 14:00:00+02:00
2026-08-23 13:00:00+00:00,26.7,6.7,28,0.0,2,1019.6,2.16,2.79,314,7.3,702.0,589.0,113.0,3600.0,0.0,0.0,2.53,0.51,31.2,24.0,19.9,17.5,0.092,0.146,0.161,0.244,-0.51,2026-08-23 15:00:00+02:00
2026-08-23 14:00:00+00:00,26.8,7.0,28,0.0,1,1019.4,2.03,2.67,308,6.6,587.0,486.0,101.0,3600.0,0.0,0.0,2.51,0.43,31.5,24.2,19.9,17.5,0.092,0.146,0.161,0.244,-0.43,2026-08-23 16:00:00+02:00
2026-08-23 15:00:00+00:00,26.6,7.0,29,0.0,1,1019.3,1.88,2.41,320,6.1,439.0,351.0,88.0,3600.0,0.0,0.0,2.47,0.33,31.2,24.4,19.9,17.5,0.092,0.146,0.161,0.244,-0.33,2026-08-23 17:00:00+02:00
2026-08-23 16:00:00+00:00,26.1,6.7,29,0.0,0,1019.2,1.56,2.02,318,5.4,271.0,200.0,71.0,3600.0,0.0,0.0,2.39,0.21,30.3,24.6,19.9,17.5,0.092,0.146,0.161,0.244,-0.21,2026-08-23 18:00:00+02:00
2026-08-23 17:00:00+00:00,25.0,8.8,36,0.0,0,1019.1,0.85,1.3,3,4.1,108.0,65.0,43.0,3600.0,0.0,0.0,2.04,0.07,28.8,24.7,19.9,17.6,0.092,0.146,0.161,0.244,-0.07,2026-08-23 19:00:00+02:00
2026-08-23 18:00:00+00:00,23.0,7.2,36,0.0,0,1019.1,0.85,1.33,130,2.4,8.0,2.0,6.0,0.0,0.0,0.0,1.79,0.02,26.7,24.6,19.7,17.6,0.092,0.146,0.161,0.244,-0.02,2026-08-23 20:00:00+02:00
2026-08-23 19:00:00+00:00,22.4,7.3,38,0.0,2,1019.4,2.91,4.61,164,4.8,0.0,0.0,0.0,0.0,0.0,0.0,1.69,0.09,25.2,24.6,19.7,17.6,0.092,0.146,0.161,0.244,-0.09,2026-08-23 21:00:00+02:00
2026-08-23 20:00:00+00:00,21.3,7.8,42,0.0,1,1019.5,2.1,4.59,180,5.3,0.0,0.0,0.0,0.0,0.0,0.0,1.47,0.06,24.1,24.5,19.8,17.6,0.092,0.146,0.161,0.244,-0.06,2026-08-23 22:00:00+02:00
2026-08-23 21:00:00+00:00,19.4,8.4,49,0.0,1,1019.8,0.66,1.12,99,3.6,0.0,0.0,0.0,0.0,0.0,0.0,1.15,0.0,22.8,24.4,19.8,17.6,0.092,0.146,0.161,0.244,0.0,2026-08-23 23:00:00+02:00
2026-08-23 22:00:00+00:00,18.8,8.1,50,0.0,0,1019.9,3.45,5.89,92,5.8,0.0,0.0,0.0,0.0,0.0,0.0,1.08,0.08,21.8,24.2,19.8,17.6,0.092,0.146,0.161,0.244,-0.08,2026-08-24 00:00:00+02:00
2026-08-23 23:00:00+00:00,18.4,7.7,50,0.0,0,1019.7,3.28,6.71,102,6.7,0.0,0.0,0.0,0.0,0.0,0.0,1.07,0.07,21.1,24.1,19.8,17.6,0.092,0.146,0.161,0.244,-0.07,2026-08-24 01:00:00+02:00
2026-08-24 00:00:00+00:00,15.7,6.9,56,0.0,0,1020.1,2.58,3.81,46,5.8,0.0,0.0,0.0,0.0,0.0,0.0,0.79,0.05,19.1,23.2,19.4,17.6,0.092,0.146,0.161,0.244,-0.05,2026-08-24 02:00:00+02:00
2026-08-24 01:00:00+00:00,15.2,6.9,58,0.0,0,1019.8,2.73,4.92,55,5.2,0.0,0.0,0.0,0.0,0.0,0.0,0.73,0.05,18.4,22.9,19.4,17.6,0.092,0.146,0.161,0.244,-0.05,2026-08-24 03:00:00+02:00
2026-08-24 02:00:00+00:00,14.7,7.0,60,0.0,0,1019.9,2.07,3.94,32,4.7,0.0,0.0,0.0,0.0,0.0,0.0,0.67,0.03,17.8,22.7,19.4,17.6,0.092,0.146,0.161,0.244,-0.03,2026-08-24 04:00:00+02:00
2026-08-24 03:00:00+00:00,14.2,7.3,63,0.0,0,1020.1,2.63,4.53,21,4.5,0.0,0.0,0.0,0.0,0.0,0.0,0.6,0.04,17.2,22.5,19.4,17.6,0.092,0.146,0.161,0.244,-0.04,2026-08-24 05:00:00+02:00
2026-08-24 04:00:00+00:00,14.0,7.7,66,0.0,0,1020.1,2.83,5.41,32,4.9,2.0,0.0,2.0,0.0,0.0,0.0,0.55,0.03,16.8,22.2,19.4,17.6,0.092,0.146,0.161,0.244,-0.03,2026-08-24 06:00:00+02:00
2026-08-24 05:00:00+00:00,15.5,8.3,62,0.0,0,1020.3,2.94,5.73,35,5.3,78.0,44.0,34.0,3600.0,0.0,0.0,0.66,0.07,16.9,22.0,19.4,17.6,0.092,0.146,0.161,0.244,-0.07,2026-08-24 07:00:00+02:00
2026-08-24 06:00:00+00:00,17.6,8.9,57,0.0,2,1020.8,1.89,5.7,32,5.4,237.0,171.0,66.0,3600.0,0.0,0.0,0.87,0.14,17.8,21.7,19.3,17.6,0.092,0.146,0.161,0.244,-0.14,2026-08-24 08:00:00+02:00
2026-08-24 07:00:00+00:00,20.7,9.2,48,0.0,2,1020.8,2.08,3.14,27,5.7,407.0,322.0,85.0,3600.0,0.0,0.0,1.28,0.26,19.7,21.5,19.4,17.6,0.092,0.146,0.161,0.244,-0.26,2026-08-24 09:00:00+02:00
2026-08-24 08:00:00+00:00,23.5,8.9,40,0.0,1,1020.8,2.4,3.29,36,6.6,562.0,464.0,98.0,3600.0,0.0,0.0,1.75,0.38,22.1,21.5,19.4,17.6,0.092,0.146,0.161,0.244,-0.38,2026-08-24 10:00:00+02:00
2026-08-24 09:00:00+00:00,25.6,7.1,31,0.0,0,1020.5,2.83,3.78,45,7.6,691.0,589.0,102.0,3600.0,0.0,0.0,2.27,0.5,24.6,21.5,19.4,17.6,0.092,0.146,0.161,0.244,-0.5,2026-08-24 11:00:00+02:00
2026-08-24 10:00:00+00:00,26.8,5.7,26,0.0,2,1020.1,2.13,2.83,41,7.7,768.0,661.0,107.0,3600.0,0.0,0.0,2.6,0.55,27.0,21.7,19.4,17.6,0.091,0.146,0.161,0.244,-0.55,2026-08-24 12:00:00+02:00
2026-08-24 11:00:00+00:00,27.6,4.9,23,0.0,2,1019.6,1.83,2.38,11,6.6,797.0,687.0,110.0,3600.0,0.0,0.0,2.82,0.57,29.0,21.9,19.4,17.6,0.091,0.146,0.161,0.244,-0.57,2026-08-24 13:00:00+02:00
2026-08-24 12:00:00+00:00,28.5,5.0,22,0.0,36,1019.4,2.7,3.6,358,6.8,773.0,662.0,111.0,3600.0,0.0,0.0,3.01,0.59,30.8,22.4,19.5,17.6,0.091,0.146,0.161,0.244,-0.59,2026-08-24 14:00:00+02:00
2026-08-24 13:00:00+00:00,28.2,5.3,23,0.0,17,1019.1,2.51,3.31,355,7.4,680.0,554.0,126.0,3600.0,0.0,0.0,2.94,0.52,31.6,22.7,19.5,17.6,0.091,0.146,0.161,0.244,-0.52,2026-08-24 15:00:00+02:00
2026-08-24 14:00:00+00:00,28.1,5.3,23,0.0,28,1018.8,1.85,2.4,19,7.1,510.0,371.0,139.0,3600.0,0.0,0.0,2.91,0.4,31.6,23.0,19.5,17.6,0.091,0.146,0.161,0.244,-0.4,2026-08-24 16:00:00+02:00
2026-08-24 15:00:00+00:00,28.5,5.0,22,0.0,56,1018.4,1.71,2.31,15,5.6,373.0,249.0,124.0,3600.0,0.0,0.0,3.01,0.3,31.3,23.3,19.6,17.6,0.091,0.146,0.161,0.244,-0.3,2026-08-24 17:00:00+02:00
2026-08-24 16:00:00+00:00,27.8,5.7,24,0.0,39,1018.1,3.41,4.94,325,7.4,245.0,152.0,93.0,3600.0,0.0,0.0,2.82,0.28,30.5,23.5,19.6,17.6,0.091,0.146,0.161,0.244,-0.28,2026-08-24 18:00:00+02:00
2026-08-24 17:00:00+00:00,26.1,6.8,29,0.0,2,1018.0,2.71,4.68,335,8.0,99.0,56.0,43.0,3600.0,0.0,0.0,2.39,0.15,29.1,23.7,19.6,17.6,0.091,0.146,0.161,0.244,-0.15,2026-08-24 19:00:00+02:00
2026-08-24 18:00:00+00:00,23.8,6.8,34,0.0,16,1018.1,1.56,3.66,42,4.9,7.0,2.0,5.0,0.0,0.0,0.0,1.95,0.05,27.2,23.7,19.5,17.6,0.091,0.146,0.161,0.244,-0.05,2026-08-24 20:00:00+02:00
2026-08-24 19:00:00+00:00,22.8,6.2,34,0.0,25,1018.2,2.57,4.3,97,4.0,0.0,0.0,0.0,0.0,0.0,0.0,1.83,0.08,25.6,23.7,19.5,17.6,0.091,0.146,0.161,0.244,-0.08,2026-08-24 21:00:00+02:00
2026-08-24 20:00:00+00:00,22.4,4.8,32,0.0,13,1018.1,3.77,7.29,95,6.7,0.0,0.0,0.0,0.0,0.0,0.0,1.84,0.13,24.5,23.7,19.6,17.6,0.091,0.146,0.161,0.244,-0.13,2026-08-24 22:00:00+02:00
2026-08-24 21:00:00+00:00,21.1,4.1,33,0.0,22,1018.0,3.0,6.34,93,6.8,0.0,0.0,0.0,0.0,0.0,0.0,1.68,0.1,23.5,23.7,19.6,17.6,0.091,0.146,0.161,0.244,-0.1,2026-08-24 23:00:00+02:00
2026-08-24 22:00:00+00:00,20.1,4.3,35,0.0,11,1018.4,2.46,5.48,95,5.3,0.0,0.0,0.0,0.0,0.0,0.0,1.52,0.07,22.5,23.6,19.6,17.6,0.091,0.146,0.161,0.244,-0.07,2026-08-25 00:00:00+02:00
2026-08-24 23:00:00+00:00,18.7,4.9,40,0.0,30,1018.6,2.61,4.19,32,4.5,0.0,0.0,0.0,0.0,0.0,0.0,1.28,0.07,21.6,23.5,19.6,17.6,0.091,0.146,0.161,0.244,-0.07,2026-08-25 01:00:00+02:00
2026-08-25 00:00:00+00:00,17.1,6.3,49,0.0,75,1018.4,3.49,6.58,61,5.5,0.0,0.0,0.0,0.0,0.0,0.0,1.0,0.07,20.1,22.9,19.4,17.6,0.091,0.146,0.161,0.244,-0.07,2026-08-25 02:00:00+02:00
2026-08-25 01:00:00+00:00,17.2,6.7,50,0.0,70,1017.7,3.47,6.81,60,6.5,0.0,0.0,0.0,0.0,0.0,0.0,0.98,0.07,19.6,22.7,19.4,17.6,0.091,0.146,0.161,0.244,-0.07,2026-08-25 03:00:00+02:00
2026-08-25 02:00:00+00:00,16.9,6.6,51,0.0,81,1017.1,3.42,6.77,69,6.3,0.0,0.0,0.0,0.0,0.0,0.0,0.95,0.07,19.1,22.5,19.4,17.6,0.091,0.146,0.161,0.244,-0.07,2026-08-25 04:00:00+02:00
2026-08-25 03:00:00+00:00,16.8,6.3,50,0.0,96,1016.6,3.53,7.02,69,6.5,0.0,0.0,0.0,0.0,0.0,0.0,0.95,0.07,18.7,22.3,19.4,17.6,0.091,0.146,0.161,0.244,-0.07,2026-08-25 05:00:00+02:00
2026-08-25 04:00:00+00:00,16.5,6.2,51,0.0,97,1016.6,3.35,6.55,63,6.4,1.0,0.0,1.0,0.0,0.0,0.0,0.93,0.08,18.4,22.2,19.4,17.6,0.091,0.146,0.161,0.244,-0.08,2026-08-25 06:00:00+02:00
2026-08-25 05:00:00+00:00,17.5,6.6,49,0.0,99,1016.7,3.41,6.44,55,6.3,58.0,11.0,47.0,924.98,0.0,0.0,1.03,0.1,18.5,22.0,19.5,17.6,0.091,0.146,0.161,0.244,-0.1,2026-08-25 07:00:00+02:00
2026-08-25 06:00:00+00:00,19.2,7.5,47,0.0,91,1016.6,3.09,8.12,56,6.7,188.0,75.0,113.0,3600.0,0.0,0.0,1.18,0.16,19.0,21.6,19.4,17.6,0.091,0.146,0.161,0.244,-0.16,2026-08-25 08:00:00+02:00
2026-08-25 07:00:00+00:00,23.0,7.1,36,0.0,45,1016.3,2.83,5.34,73,6.8,364.0,235.0,129.0,3600.0,0.0,0.0,1.8,0.28,20.8,21.5,19.4,17.6,0.091,0.146,0.16,0.244,-0.28,2026-08-25 09:00:00+02:00
2026-08-25 08:00:00+00:00,26.3,5.8,27,0.0,13,1016.2,3.3,4.69,80,8.1,551.0,450.0,101.0,3600.0,0.0,0.0,2.5,0.44,23.2,21.5,19.4,17.6,0.091,0.146,0.16,0.244,-0.44,2026-08-25 10:00:00+02:00
2026-08-25 09:00:00+00:00,28.2,5.1,23,0.0,41,1015.7,4.24,5.84,83,10.0,678.0,576.0,102.0,3600.0,0.0,0.0,2.94,0.56,25.7,21.6,19.4,17.6,0.091,0.146,0.16,0.243,-0.56,2026-08-25 11:00:00+02:00
2026-08-25 10:00:00+00:00,29.3,5.4,22,0.0,100,1015.2,4.29,5.84,83,10.4,759.0,651.0,108.0,3600.0,0.0,0.0,3.18,0.63,27.9,21.8,19.4,17.6,0.091,0.146,0.16,0.243,-0.63,2026-08-25 12:00:00+02:00
2026-08-25 11:00:00+00:00,30.1,5.3,21,0.0,99,1014.3,4.31,5.87,81,10.4,758.0,583.0,175.0,3600.0,0.0,0.0,3.36,0.64,29.7,22.0,19.4,17.6,0.091,0.146,0.16,0.243,-0.64,2026-08-25 13:00:00+02:00
2026-08-25 12:00:00+00:00,31.3,4.9,19,0.0,100,1013.2,4.4,6.06,78,10.4,679.0,392.0,287.0,3600.0,0.0,0.0,3.69,0.62,31.2,22.4,19.5,17.6,0.091,0.146,0.16,0.243,-0.62,2026-08-25 14:00:00+02:00
2026-08-25 13:00:00+00:00,30.8,4.8,19,0.0,100,1012.5,4.36,5.98,72,10.1,524.0,215.0,309.0,3600.0,0.0,0.0,3.58,0.53,31.6,22.7,19.5,17.6,0.091,0.146,0.16,0.243,-0.53,2026-08-25 15:00:00+02:00
2026-08-25 14:00:00+00:00,30.7,4.8,19,0.0,100,1012.3,4.16,5.77,70,10.1,430.0,216.0,214.0,3600.0,0.0,0.0,3.56,0.46,31.7,23.0,19.5,17.6,0.091,0.146,0.16,0.243,-0.46,2026-08-25 16:00:00+02:00
2026-08-25 15:00:00+00:00,29.9,4.4,20,0.0,100,1012.1,4.12,5.99,61,9.5,225.0,35.0,190.0,386.4,0.0,0.0,3.38,0.35,31.0,23.3,19.6,17.6,0.091,0.146,0.16,0.243,-0.35,2026-08-25 17:00:00+02:00
2026-08-25 16:00:00+00:00,28.8,4.7,22,0.0,100,1012.3,3.23,5.36,51,8.9,82.0,1.0,81.0,0.0,0.0,0.0,3.11,0.23,30.0,23.5,19.6,17.6,0.091,0.146,0.16,0.243,-0.23,2026-08-25 18:00:00+02:00
2026-08-25 17:00:00+00:00,27.3,6.2,26,0.0,100,1012.8,4.99,8.3,38,9.4,16.0,0.0,16.0,0.0,0.0,0.0,2.68,0.25,28.9,23.7,19.6,17.6,0.091,0.146,0.16,0.243,-0.25,2026-08-25 19:00:00+02:00
2026-08-25 18:00:00+00:00,25.6,8.0,33,0.0,38,1013.0,3.75,7.18,47,10.5,2.0,0.0,2.0,0.0,0.0,0.0,2.21,0.17,27.7,23.8,19.6,17.6,0.091,0.146,0.16,0.243,-0.17,2026-08-25 20:00:00+02:00
2026-08-25 19:00:00+00:00,24.5,9.4,38,0.0,52,1013.0,3.45,6.91,22,6.9,0.0,0.0,0.0,0.0,0.0,0.0,1.9,0.11,26.5,23.8,19.6,17.6,0.091,0.146,0.16,0.243,-0.11,2026-08-25 21:00:00+02:00
2026-08-25 20:00:00+00:00,23.7,10.8,44,0.0,57,1013.3,2.7,5.59,56,6.2,0.0,0.0,0.0,0.0,0.0,0.0,1.64,0.08,25.5,23.8,19.6,17.6,0.091,0.146,0.16,0.243,-0.08,2026-08-25 22:00:00+02:00
2026-08-25 21:00:00+00:00,22.9,11.2,48,0.0,16,1013.2,2.53,5.31,25,4.8,0.0,0.0,0.0,0.0,0.0,0.0,1.46,0.07,24.6,23.8,19.6,17.6,0.091,0.146,0.16,0.243,-0.07,2026-08-25 23:00:00+02:00
2026-08-25 22:00:00+00:00,22.2,11.5,51,0.0,30,1013.3,3.78,7.31,26,6.7,0.0,0.0,0.0,0.0,0.0,0.0,1.31,0.09,23.8,23.8,19.6,17.6,0.091,0.146,0.16,0.243,-0.09,2026-08-26 00:00:00+02:00
2026-08-25 23:00:00+00:00,21.8,11.3,51,0.0,30,1013.5,3.89,7.41,28,7.2,0.0,0.0,0.0,0.0,0.0,0.0,1.27,0.09,23.2,23.7,19.6,17.6,0.091,0.146,0.16,0.243,-0.09,2026-08-26 01:00:00+02:00
2026-08-26 00:00:00+00:00,20.2,10.9,55,0.0,8,1013.5,4.47,8.48,28,7.7,0.0,0.0,0.0,0.0,0.0,0.0,1.07,0.09,22.6,23.5,19.6,17.6,0.091,0.146,0.16,0.243,-0.09,2026-08-26 02:00:00+02:00
2026-08-26 01:00:00+00:00,19.8,10.9,56,0.0,10,1013.6,4.05,7.49,27,8.3,0.0,0.0,0.0,0.0,0.0,0.0,1.01,0.08,21.9,23.4,19.6,17.6,0.091,0.146,0.16,0.243,-0.08,2026-08-26 03:00:00+02:00
2026-08-26 02:00:00+00:00,19.1,11.1,60,0.0,16,1013.7,3.87,7.05,27,7.6,0.0,0.0,0.0,0.0,0.0,0.0,0.89,0.07,21.3,23.2,19.6,17.6,0.091,0.146,0.16,0.243,-0.07,2026-08-26 04:00:00+02:00
2026-08-26 03:00:00+00:00,18.5,11.2,63,0.0,16,1014.1,3.49,6.53,24,7.1,0.0,0.0,0.0,0.0,0.0,0.0,0.79,0.06,20.8,23.1,19.6,17.6,0.091,0.146,0.16,0.243,-0.06,2026-08-26 05:00:00+02:00
2026-08-26 04:00:00+00:00,18.2,11.4,64,0.0,4,1014.5,3.4,6.35,30,6.5,1.0,0.0,1.0,0.0,0.0,0.0,0.75,0.06,20.4,23.0,19.6,17.6,0.091,0.146,0.16,0.243,-0.06,2026-08-26 06:00:00+02:00
2026-08-26 05:00:00+00:00,19.2,11.8,62,0.0,8,1014.8,3.2,7.24,27,6.6,66.0,33.0,33.0,3600.0,0.0,0.0,0.84,0.08,20.3,22.8,19.6,17.6,0.091,0.146,0.16,0.243,-0.08,2026-08-26 07:00:00+02:00
2026-08-26 06:00:00+00:00,20.6,11.4,56,0.0,26,1015.1,3.58,5.86,25,7.6,207.0,132.0,75.0,3600.0,0.0,0.0,1.08,0.17,21.0,22.5,19.6,17.6,0.091,0.146,0.16,0.243,-0.17,2026-08-26 08:00:00+02:00
2026-08-26 07:00:00+00:00,22.4,11.7,51,0.0,53,1015.4,3.83,5.55,33,8.9,328.0,217.0,111.0,3600.0,0.0,0.0,1.33,0.26,22.2,22.4,19.6,17.6,0.091,0.146,0.16,0.243,-0.26,2026-08-26 09:00:00+02:00
2026-08-26 08:00:00+00:00,24.0,12.3,48,0.0,39,1015.8,3.72,5.2,42,8.7,401.0,252.0,149.0,3600.0,0.0,0.0,1.54,0.32,23.7,22.4,19.6,17.6,0.091,0.146,0.16,0.243,-0.32,2026-08-26 10:00:00+02:00
2026-08-26 09:00:00+00:00,26.0,12.6,44,0.0,32,1016.1,3.32,4.56,45,8.9,536.0,360.0,176.0,3600.0,0.0,0.0,1.89,0.41,25.4,22.5,19.6,17.6,0.091,0.146,0.16,0.243,-0.41,2026-08-26 11:00:00+02:00
2026-08-26 10:00:00+00:00,26.9,12.9,42,0.0,73,1016.3,3.41,4.56,35,8.6,641.0,470.0,171.0,3600.0,0.0,0.0,2.06,0.49,27.3,22.6,19.6,17.6,0.091,0.146,0.16,0.243,-0.49,2026-08-26 12:00:00+02:00
2026-08-26 11:00:00+00:00,27.6,12.1,38,0.0,52,1015.9,3.49,4.73,34,8.9,581.0,364.0,217.0,3600.0,0.0,0.0,2.28,0.47,28.6,22.7,19.6,17.6,0.091,0.146,0.16,0.243,-0.47,2026-08-26 13:00:00+02:00
2026-08-26 12:00:00+00:00,28.3,12.1,37,0.0,100,1016.0,4.13,5.51,21,8.7,599.0,369.0,230.0,3600.0,0.0,0.0,2.44,0.5,30.1,23.0,19.7,17.6,0.111,0.146,0.16,0.243,-0.5,2026-08-26 14:00:00+02:00
2026-08-26 13:00:00+00:00,26.5,11.2,38,0.0,64,1016.1,4.99,7.05,11,10.9,352.0,155.0,197.0,3600.0,0.0,0.0,2.13,0.37,29.3,23.2,19.7,17.6,0.109,0.146,0.16,0.243,-0.37,2026-08-26 15:00:00+02:00
2026-08-26 14:00:00+00:00,25.3,11.6,42,0.0,61,1016.5,4.74,6.75,11,11.2,349.0,192.0,157.0,3600.0,0.0,0.0,1.86,0.34,28.7,23.4,19.7,17.6,0.108,0.146,0.16,0.243,-0.34,2026-08-26 16:00:00+02:00
2026-08-26 15:00:00+00:00,24.8,12.3,46,0.0,79,1016.6,4.19,6.08,12,10.4,271.0,143.0,128.0,3600.0,0.0,0.0,1.7,0.27,27.9,23.6,19.7,17.6,0.107,0.146,0.16,0.243,-0.27,2026-08-26 17:00:00+02:00
2026-08-26 16:00:00+00:00,24.4,12.5,47,0.0,30,1017.1,3.96,5.87,16,9.0,151.0,52.0,99.0,3118.0,0.0,0.0,1.6,0.2,27.0,23.7,19.7,17.6,0.106,0.146,0.16,0.243,-0.2,2026-08-26 18:00:00+02:00
2026-08-26 17:00:00+00:00,23.5,12.6,51,0.0,7,1017.0,2.69,4.76,15,8.1,79.0,37.0,42.0,3600.0,0.0,0.0,1.43,0.11,25.9,23.7,19.8,17.6,0.105,0.146,0.16,0.243,-0.11,2026-08-26 19:00:00+02:00
2026-08-26 18:00:00+00:00,21.6,12.5,56,0.0,9,1017.4,2.39,4.87,16,5.0,4.0,1.0,3.0,0.0,0.0,0.0,1.13,0.06,24.4,23.7,19.8,17.6,0.105,0.146,0.16,0.243,-0.06,2026-08-26 20:00:00+02:00
2026-08-26 19:00:00+00:00,20.9,12.8,60,0.0,13,1017.6,2.43,5.22,9,4.1,0.0,0.0,0.0,0.0,0.0,0.0,1.0,0.05,23.3,23.6,19.8,17.6,0.105,0.146,0.16,0.243,-0.05,2026-08-26 21:00:00+02:00
2026-08-26 20:00:00+00:00,20.7,12.4,59,0.0,10,1017.9,3.41,6.86,4,6.0,0.0,0.0,0.0,0.0,0.0,0.0,1.0,0.07,22.4,23.5,19.8,17.6,0.105,0.146,0.16,0.243,-0.07,2026-08-26 22:00:00+02:00
2026-08-26 21:00:00+00:00,20.0,12.7,63,0.0,3,1018.0,3.3,6.58,10,6.3,0.0,0.0,0.0,0.0,0.0,0.0,0.87,0.06,21.8,23.4,19.8,17.6,0.104,0.146,0.16,0.243,-0.06,2026-08-26 23:00:00+02:00
2026-08-26 22:00:00+00:00,19.2,12.7,66,0.0,2,1018.3,3.17,6.17,12,6.1,0.0,0.0,0.0,0.0,0.0,0.0,0.75,0.05,21.1,23.3,19.8,17.6,0.104,0.146,0.16,0.243,-0.05,2026-08-27 00:00:00+02:00
2026-08-26 23:00:00+00:00,18.4,12.5,69,0.0,2,1018.4,3.17,6.16,16,5.9,0.0,0.0,0.0,0.0,0.0,0.0,0.67,0.04,20.6,23.1,19.8,17.6,0.104,0.146,0.16,0.243,-0.04,2026-08-27 01:00:00+02:00
2026-08-27 00:00:00+00:00,17.7,11.2,66,0.0,9,1018.3,3.11,5.95,19,6.0,0.0,0.0,0.0,0.0,0.0,0.0,0.69,0.04,20.6,23.1,19.7,17.6,0.095,0.146,0.16,0.243,-0.04,2026-08-27 02:00:00+02:00
2026-08-27 01:00:00+00:00,17.2,11.2,68,0.0,9,1018.4,3.16,5.98,5,5.8,0.0,0.0,0.0,0.0,0.0,0.0,0.64,0.04,20.0,22.9,19.7,17.6,0.095,0.146,0.16,0.243,-0.04,2026-08-27 03:00:00+02:00
2026-08-27 02:00:00+00:00,16.8,11.2,70,0.0,11,1018.6,3.13,6.05,7,5.8,0.0,0.0,0.0,0.0,0.0,0.0,0.58,0.04,19.4,22.7,19.7,17.6,0.095,0.146,0.16,0.243,-0.04,2026-08-27 04:00:00+02:00
2026-08-27 03:00:00+00:00,16.4,11.1,71,0.0,5,1018.5,3.01,5.91,15,5.7,0.0,0.0,0.0,0.0,0.0,0.0,0.54,0.03,18.9,22.5,19.7,17.6,0.095,0.146,0.16,0.243,-0.03,2026-08-27 05:00:00+02:00
2026-08-27 04:00:00+00:00,15.9,11.1,73,0.0,6,1018.9,2.76,5.43,22,5.6,1.0,0.0,1.0,0.0,0.0,0.0,0.49,0.03,18.5,22.3,19.7,17.6,0.095,0.146,0.16,0.243,-0.03,2026-08-27 06:00:00+02:00
2026-08-27 05:00:00+00:00,17.0,11.2,69,0.0,25,1019.0,2.42,5.74,22,5.3,66.0,33.0,33.0,3600.0,0.0,0.0,0.6,0.05,18.5,22.1,19.7,17.6,0.095,0.146,0.16,0.243,-0.05,2026-08-27 07:00:00+02:00
2026-08-27 06:00:00+00:00,18.8,11.1,61,0.0,3,1019.2,2.04,3.64,11,5.3,214.0,144.0,70.0,3600.0,0.0,0.0,0.85,0.13,19.2,21.9,19.7,17.6,0.094,0.146,0.16,0.243,-0.13,2026-08-27 08:00:00+02:00
2026-08-27 07:00:00+00:00,21.5,11.3,52,0.0,14,1019.1,2.22,3.15,23,6.0,383.0,295.0,88.0,3600.0,0.0,0.0,1.23,0.25,20.9,21.8,19.7,17.6,0.094,0.146,0.16,0.243,-0.25,2026-08-27 09:00:00+02:00
2026-08-27 08:00:00+00:00,23.6,11.9,48,0.0,33,1019.4,2.04,2.73,11,6.1,535.0,433.0,102.0,3600.0,0.0,0.0,1.52,0.36,23.0,21.8,19.7,17.6,0.094,0.146,0.16,0.243,-0.36,2026-08-27 10:00:00+02:00
2026-08-27 09:00:00+00:00,25.2,11.7,43,0.0,27,1019.3,2.35,3.1,360,6.8,623.0,497.0,126.0,3600.0,0.0,0.0,1.83,0.44,25.1,21.8,19.7,17.6,0.094,0.146,0.16,0.243,-0.44,2026-08-27 11:00:00+02:00
2026-08-27 10:00:00+00:00,26.2,11.4,40,0.0,52,1019.4,1.93,2.51,329,6.8,636.0,464.0,172.0,3600.0,0.0,0.0,2.05,0.46,26.9,22.0,19.7,17.6,0.094,0.146,0.16,0.243,-0.46,2026-08-27 12:00:00+02:00
2026-08-27 11:00:00+00:00,27.1,10.9,36,0.0,13,1019.0,2.28,2.95,331,6.7,657.0,429.0,228.0,3600.0,0.0,0.0,2.28,0.49,28.6,22.1,19.7,17.7,0.093,0.146,0.16,0.243,-0.49,2026-08-27 13:00:00+02:00
2026-08-27 12:00:00+00:00,27.3,10.7,35,0.0,44,1019.0,2.64,3.49,335,7.4,722.0,590.0,132.0,3600.0,0.0,0.0,2.34,0.53,30.7,22.4,19.6,17.7,0.091,0.146,0.16,0.243,-0.53,2026-08-27 14:00:00+02:00
2026-08-27 13:00:00+00:00,27.9,10.7,34,0.0,9,1018.4,2.69,3.56,342,7.3,570.0,396.0,174.0,3600.0,0.0,0.0,2.46,0.45,31.2,22.7,19.6,17.7,0.091,0.146,0.16,0.243,-0.45,2026-08-27 15:00:00+02:00
2026-08-27 14:00:00+00:00,28.2,10.7,34,0.0,9,1018.2,3.27,4.43,353,8.1,532.0,419.0,113.0,3600.0,0.0,0.0,2.54,0.44,31.4,23.0,19.7,17.7,0.091,0.146,0.16,0.243,-0.44,2026-08-27 16:00:00+02:00
2026-08-27 15:00:00+00:00,27.9,10.4,33,0.0,8,1018.1,3.82,5.28,6,8.8,392.0,301.0,91.0,3600.0,0.0,0.0,2.5,0.36,31.0,23.2,19.7,17.7,0.091,0.146,0.16,0.243,-0.36,2026-08-27 17:00:00+02:00
2026-08-27 16:00:00+00:00,27.3,9.9,34,0.0,3,1018.4,3.37,4.76,12,8.8,237.0,166.0,71.0,3600.0,0.0,0.0,2.41,0.25,30.1,23.5,19.7,17.7,0.091,0.146,0.16,0.243,-0.25,2026-08-27 18:00:00+02:00
2026-08-27 17:00:00+00:00,25.9,9.4,35,0.0,1,1018.3,3.18,5.4,30,7.3,88.0,49.0,39.0,3600.0,0.0,0.0,2.17,0.15,28.8,23.6,19.7,17.7,0.091,0.146,0.16,0.243,-0.15,2026-08-27 19:00:00+02:00
2026-08-27 18:00:00+00:00,24.1,9.3,39,0.0,2,1018.6,3.49,6.73,25,6.3,4.0,1.0,3.0,0.0,0.0,0.0,1.83,0.11,27.1,23.6,19.5,17.7,0.091,0.146,0.16,0.243,-0.11,2026-08-27 20:00:00+02:00
2026-08-27 19:00:00+00:00,23.2,9.9,43,0.0,1,1019.0,3.42,6.67,38,6.5,0.0,0.0,0.0,0.0,0.0,0.0,1.62,0.1,25.8,23.6,19.6,17.7,0.091,0.146,0.16,0.243,-0.1,2026-08-27 21:00:00+02:00
2026-08-27 20:00:00+00:00,22.2,10.6,48,0.0,2,1019.4,3.69,7.12,63,6.6,0.0,0.0,0.0,0.0,0.0,0.0,1.39,0.09,24.7,23.6,19.6,17.7,0.091,0.146,0.16,0.243,-0.09,2026-08-27 22:00:00+02:00
2026-08-27 21:00:00+00:00,21.5,11.8,54,0.0,0,1019.7,3.97,7.51,73,7.3,0.0,0.0,0.0,0.0,0.0,0.0,1.17,0.09,23.7,23.6,19.6,17.7,0.091,0.146,0.16,0.243,-0.09,2026-08-27 23:00:00+02:00
2026-08-27 22:00:00+00:00,20.6,11.9,57,0.0,0,1019.9,4.23,7.88,69,8.0,0.0,0.0,0.0,0.0,0.0,0.0,1.03,0.08,22.9,23.5,19.6,17.7,0.091,0.146,0.16,0.243,-0.08,2026-08-28 00:00:00+02:00
2026-08-27 23:00:00+00:00,19.4,12.1,63,0.0,0,1019.9,3.92,7.43,71,7.9,0.0,0.0,0.0,0.0,0.0,0.0,0.84,0.07,22.1,23.4,19.6,17.7,0.091,0.146,0.16,0.243,-0.07,2026-08-28 01:00:00+02:00
2026-08-28 00:00:00+00:00,17.6,11.5,67,0.0,9,1019.8,4.12,7.76,61,7.3,0.0,0.0,0.0,0.0,0.0,0.0,0.66,0.06,20.7,23.1,19.4,17.7,0.092,0.146,0.16,0.243,-0.06,2026-08-28 02:00:00+02:00
2026-08-28 01:00:00+00:00,17.3,11.6,69,0.0,3,1019.7,4.14,7.85,65,7.9,0.0,0.0,0.0,0.0,0.0,0.0,0.61,0.05,20.0,23.0,19.5,17.7,0.092,0.146,0.16,0.243,-0.05,2026-08-28 03:00:00+02:00
2026-08-28 02:00:00+00:00,16.6,11.4,71,0.0,13,1019.7,4.14,7.76,65,7.8,0.0,0.0,0.0,0.0,0.0,0.0,0.55,0.05,19.4,22.8,19.5,17.7,0.092,0.146,0.16,0.243,-0.05,2026-08-28 04:00:00+02:00
2026-08-28 03:00:00+00:00,16.2,10.7,70,0.0,19,1019.4,4.56,8.49,69,8.5,0.0,0.0,0.0,0.0,0.0,0.0,0.55,0.05,18.9,22.6,19.5,17.7,0.092,0.146,0.16,0.243,-0.05,2026-08-28 05:00:00+02:00
2026-08-28 04:00:00+00:00,15.8,10.5,71,0.0,34,1019.6,4.36,8.23,72,8.6,1.0,0.0,1.0,0.0,0.0,0.0,0.53,0.04,18.4,22.4,19.5,17.7,0.092,0.146,0.16,0.243,-0.04,2026-08-28 06:00:00+02:00
2026-08-28 05:00:00+00:00,16.8,10.8,68,0.0,19,1019.8,3.83,8.32,73,8.1,69.0,37.0,32.0,3600.0,0.0,0.0,0.62,0.07,18.3,22.2,19.5,17.7,0.092,0.146,0.16,0.243,-0.07,2026-08-28 07:00:00+02:00
2026-08-28 06:00:00+00:00,19.0,11.5,62,0.0,25,1020.2,3.15,5.57,63,7.8,227.0,162.0,65.0,3600.0,0.0,0.0,0.84,0.15,19.1,22.1,19.5,17.7,0.092,0.146,0.16,0.243,-0.15,2026-08-28 08:00:00+02:00
2026-08-28 07:00:00+00:00,21.6,12.0,54,0.0,13,1020.1,3.68,5.25,68,8.4,400.0,315.0,85.0,3600.0,0.0,0.0,1.18,0.27,20.7,21.9,19.5,17.7,0.092,0.146,0.16,0.243,-0.27,2026-08-28 09:00:00+02:00
2026-08-28 08:00:00+00:00,23.9,11.0,44,0.0,12,1019.8,4.5,6.3,78,10.3,559.0,464.0,95.0,3600.0,0.0,0.0,1.65,0.4,22.7,21.9,19.5,17.7,0.092,0.146,0.16,0.243,-0.4,2026-08-28 10:00:00+02:00
2026-08-28 09:00:00+00:00,25.6,8.7,34,0.0,69,1019.5,4.62,6.47,84,10.9,687.0,586.0,101.0,3600.0,0.0,0.0,2.16,0.52,24.8,22.0,19.5,17.7,0.092,0.146,0.16,0.243,-0.52,2026-08-28 11:00:00+02:00
2026-08-28 10:00:00+00:00,27.1,6.7,27,0.0,99,1019.2,4.5,6.15,87,10.9,748.0,597.0,151.0,3600.0,0.0,0.0,2.6,0.59,26.8,22.1,19.5,17.7,0.092,0.146,0.16,0.243,-0.59,2026-08-28 12:00:00+02:00
2026-08-28 11:00:00+00:00,28.1,6.0,25,0.0,88,1018.4,4.4,6.05,91,10.7,764.0,582.0,182.0,3600.0,0.0,0.0,2.86,0.61,28.4,22.2,19.5,17.7,0.092,0.146,0.16,0.243,-0.61,2026-08-28 13:00:00+02:00
2026-08-28 12:00:00+00:00,29.5,5.8,22,0.0,10,1017.7,4.3,5.85,88,10.9,738.0,550.0,188.0,3600.0,0.0,0.0,3.19,0.62,30.3,22.6,19.6,17.7,0.094,0.146,0.16,0.243,-0.62,2026-08-28 14:00:00+02:00
2026-08-28 13:00:00+00:00,29.6,5.4,22,0.0,2,1017.2,4.02,5.48,95,10.2,699.0,598.0,101.0,3600.0,0.0,0.0,3.25,0.59,31.1,22.8,19.6,17.7,0.094,0.146,0.16,0.243,-0.59,2026-08-28 15:00:00+02:00
2026-08-28 14:00:00+00:00,29.7,5.2,21,0.0,59,1016.8,3.77,5.2,96,9.6,582.0,489.0,93.0,3600.0,0.0,0.0,3.29,0.51,31.4,23.1,19.6,17.7,0.093,0.146,0.16,0.243,-0.51,2026-08-28 16:00:00+02:00
2026-08-28 15:00:00+00:00,29.5,5.6,22,0.0,33,1016.3,3.81,5.3,100,8.9,423.0,332.0,91.0,3600.0,0.0,0.0,3.2,0.41,31.1,23.4,19.6,17.7,0.093,0.146,0.16,0.242,-0.41,2026-08-28 17:00:00+02:00
2026-08-28 16:00:00+00:00,28.6,6.8,25,0.0,60,1015.7,4.15,6.17,103,8.7,250.0,178.0,72.0,3600.0,0.0,0.0,2.93,0.3,30.3,23.6,19.6,17.7,0.093,0.146,0.16,0.242,-0.3,2026-08-28 18:00:00+02:00
2026-08-28 17:00:00+00:00,26.9,7.3,29,0.0,95,1015.7,3.86,6.81,100,8.7,89.0,52.0,37.0,3600.0,0.0,0.0,2.52,0.19,29.0,23.8,19.7,17.7,0.093,0.146,0.16,0.242,-0.19,2026-08-28 19:00:00+02:00
2026-08-28 18:00:00+00:00,25.5,6.8,30,0.0,79,1015.3,4.37,8.0,96,8.4,3.0,0.0,3.0,0.0,0.0,0.0,2.28,0.17,27.5,23.9,19.6,17.7,0.098,0.146,0.16,0.242,-0.17,2026-08-28 20:00:00+02:00
2026-08-28 19:00:00+00:00,24.5,7.3,33,0.0,95,1015.4,4.61,8.6,99,8.7,0.0,0.0,0.0,0.0,0.0,0.0,2.06,0.16,26.2,23.9,19.6,17.7,0.097,0.146,0.16,0.242,-0.16,2026-08-28 21:00:00+02:00
2026-08-28 20:00:00+00:00,23.4,7.5,36,0.0,73,1015.5,4.33,8.24,104,8.7,0.0,0.0,0.0,0.0,0.0,0.0,1.83,0.14,25.1,23.9,19.6,17.7,0.097,0.146,0.16,0.242,-0.14,2026-08-28 22:00:00+02:00
2026-08-28 21:00:00+00:00,22.6,8.2,40,0.0,59,1015.8,3.9,7.55,123,8.0,0.0,0.0,0.0,0.0,0.0,0.0,1.65,0.12,24.2,23.9,19.7,17.7,0.097,0.146,0.16,0.242,-0.12,2026-08-28 23:00:00+02:00
2026-08-28 22:00:00+00:00,21.7,9.0,44,0.0,71,1015.7,3.4,6.48,123,7.2,0.0,0.0,0.0,0.0,0.0,0.0,1.45,0.09,23.4,23.8,19.7,17.7,0.097,0.146,0.16,0.242,-0.09,2026-08-29 00:00:00+02:00
2026-08-28 23:00:00+00:00,21.0,9.2,47,0.0,81,1015.5,3.0,5.91,118,6.2,0.0,0.0,0.0,0.0,0.0,0.0,1.32,0.08,22.7,23.7,19.7,17.7,0.096,0.146,0.16,0.242,-0.08,2026-08-29 01:00:00+02:00
2026-08-29 00:00:00+00:00,20.1,9.0,49,0.0,77,1015.3,3.14,6.02,121,5.7,0.0,0.0,0.0,0.0,0.0,0.0,1.2,0.07,22.3,23.5,19.6,17.7,0.094,0.146,0.16,0.242,-0.07,2026-08-29 02:00:00+02:00
2026-08-29 01:00:00+00:00,20.0,9.2,50,0.0,95,1014.9,3.16,6.04,121,5.7,0.0,0.0,0.0,0.0,0.0,0.0,1.17,0.07,21.7,23.4,19.6,17.7,0.094,0.146,0.16,0.242,-0.07,2026-08-29 03:00:00+02:00
2026-08-29 02:00:00+00:00,20.0,9.1,49,0.0,85,1014.4,3.48,6.6,122,6.4,0.0,0.0,0.0,0.0,0.0,0.0,1.18,0.08,21.4,23.3,19.6,17.7,0.094,0.146,0.16,0.242,-0.08,2026-08-29 04:00:00+02:00
2026-08-29 03:00:00+00:00,19.9,8.8,49,0.0,65,1014.3,3.59,6.81,122,6.5,0.0,0.0,0.0,0.0,0.0,0.0,1.18,0.08,21.1,23.1,19.6,17.7,0.094,0.146,0.16,0.242,-0.08,2026-08-29 05:00:00+02:00
2026-08-29 04:00:00+00:00,19.8,8.7,49,0.0,66,1014.2,3.25,6.58,135,6.9,0.0,0.0,0.0,0.0,0.0,0.0,1.18,0.1,20.8,23.0,19.6,17.7,0.093,0.146,0.16,0.242,-0.1,2026-08-29 06:00:00+02:00
2026-08-29 05:00:00+00:00,20.8,9.0,47,0.0,64,1014.3,2.85,5.79,142,5.9,55.0,21.0,34.0,3600.0,0.0,0.0,1.31,0.1,20.9,22.9,19.6,17.7,0.093,0.146,0.16,0.242,-0.1,2026-08-29 07:00:00+02:00
2026-08-29 06:00:00+00:00,21.1,10.7,51,0.0,73,1015.7,1.97,4.73,150,4.8,183.0,89.0,94.0,3600.0,0.0,0.0,1.22,0.14,21.5,22.6,19.5,17.7,0.094,0.146,0.16,0.242,-0.14,2026-08-29 08:00:00+02:00
2026-08-29 07:00:00+00:00,24.2,11.9,46,0.0,59,1014.7,3.05,4.71,159,7.0,304.0,175.0,129.0,3600.0,0.0,0.0,1.62,0.25,22.8,22.6,19.5,17.7,0.094,0.146,0.16,0.242,-0.25,2026-08-29 09:00:00+02:00
2026-08-29 08:00:00+00:00,26.5,12.6,42,0.0,75,1014.9,5.12,7.25,185,11.2,488.0,356.0,132.0,3600.0,0.0,0.0,2.0,0.41,24.6,22.6,19.5,17.7,0.094,0.146,0.16,0.242,-0.41,2026-08-29 10:00:00+02:00
2026-08-29 09:00:00+00:00,27.9,12.9,40,0.0,59,1015.0,5.43,7.64,202,12.6,619.0,467.0,152.0,3600.0,0.0,0.0,2.26,0.51,26.4,22.6,19.6,17.7,0.094,0.146,0.16,0.242,-0.51,2026-08-29 11:00:00+02:00
2026-08-29 10:00:00+00:00,29.1,13.5,38,0.0,94,1014.7,5.26,7.34,214,12.2,698.0,536.0,162.0,3600.0,0.0,0.0,2.47,0.58,28.2,22.8,19.6,17.7,0.093,0.146,0.16,0.242,-0.58,2026-08-29 12:00:00+02:00
2026-08-29 11:00:00+00:00,29.5,14.3,40,0.0,84,1014.3,4.5,6.21,217,12.5,600.0,389.0,211.0,3600.0,0.0,0.0,2.49,0.52,29.4,23.0,19.6,17.7,0.093,0.146,0.16,0.242,-0.52,2026-08-29 13:00:00+02:00
2026-08-29 12:00:00+00:00,26.7,16.3,53,0.3,100,1014.9,3.22,4.46,227,11.0,619.0,423.0,196.0,3600.0,0.3,0.0,1.66,0.46,27.6,22.7,19.7,17.7,0.115,0.146,0.16,0.242,-0.16000000000000003,2026-08-29 14:00:00+02:00
2026-08-29 13:00:00+00:00,25.8,16.3,56,0.1,98,1014.9,2.94,4.17,222,8.4,178.0,7.0,171.0,0.0,0.1,0.0,1.46,0.2,26.9,22.9,19.7,17.7,0.115,0.146,0.16,0.242,-0.1,2026-08-29 15:00:00+02:00
2026-08-29 14:00:00+00:00,27.7,15.9,49,0.0,66,1014.4,2.29,3.08,234,6.8,408.0,209.0,199.0,3600.0,0.0,0.0,1.9,0.33,27.4,23.0,19.7,17.7,0.114,0.146,0.16,0.242,-0.33,2026-08-29 16:00:00+02:00
2026-08-29 15:00:00+00:00,27.8,15.4,47,0.0,24,1014.3,3.23,4.57,221,7.3,311.0,143.0,168.0,3600.0,0.0,0.0,1.98,0.29,27.5,23.1,19.7,17.7,0.112,0.146,0.16,0.242,-0.29,2026-08-29 17:00:00+02:00
2026-08-29 16:00:00+00:00,27.4,14.7,46,0.0,17,1014.0,3.03,4.57,232,7.2,222.0,145.0,77.0,3600.0,0.0,0.0,1.97,0.22,27.2,23.3,19.7,17.7,0.111,0.146,0.16,0.242,-0.22,2026-08-29 18:00:00+02:00
2026-08-29 17:00:00+00:00,25.4,15.5,54,0.0,15,1014.0,1.63,4.04,223,6.1,78.0,43.0,35.0,3600.0,0.0,0.0,1.48,0.08,26.3,23.4,19.7,17.7,0.111,0.146,0.16,0.242,-0.08,2026-08-29 19:00:00+02:00
2026-08-29 18:00:00+00:00,24.2,16.3,61,0.0,20,1014.0,0.32,0.75,141,2.8,2.0,0.0,2.0,0.0,0.0,0.0,1.16,0.0,24.9,23.3,19.7,17.7,0.11,0.146,0.16,0.242,0.0,2026-08-29 20:00:00+02:00
2026-08-29 19:00:00+00:00,22.7,16.8,70,0.0,5,1014.6,2.88,5.2,116,5.2,0.0,0.0,0.0,0.0,0.0,0.0,0.84,0.04,24.0,23.3,19.7,17.7,0.11,0.146,0.16,0.242,-0.04,2026-08-29 21:00:00+02:00
2026-08-29 20:00:00+00:00,21.6,17.0,75,0.0,0,1014.8,2.21,4.81,123,5.3,0.0,0.0,0.0,0.0,0.0,0.0,0.63,0.02,23.2,23.3,19.8,17.7,0.11,0.146,0.16,0.242,-0.02,2026-08-29 22:00:00+02:00
2026-08-29 21:00:00+00:00,20.5,17.2,81,0.0,0,1014.9,1.59,3.67,136,3.9,0.0,0.0,0.0,0.0,0.0,0.0,0.45,0.01,22.3,23.2,19.8,17.7,0.11,0.146,0.16,0.242,-0.01,2026-08-29 23:00:00+02:00
2026-08-29 22:00:00+00:00,20.2,17.3,83,0.0,1,1015.0,2.45,4.78,179,4.1,0.0,0.0,0.0,0.0,0.0,0.0,0.39,0.02,21.6,23.1,19.8,17.7,0.11,0.146,0.16,0.242,-0.02,2026-08-30 00:00:00+02:00
2026-08-29 23:00:00+00:00,20.1,17.5,85,0.0,1,1015.0,2.28,4.66,189,4.5,0.0,0.0,0.0,0.0,0.0,0.0,0.35,0.01,21.1,23.0,19.8,17.7,0.11,0.146,0.16,0.242,-0.01,2026-08-30 01:00:00+02:00
2026-08-30 00:00:00+00:00,17.5,14.2,81,0.0,23,1015.0,1.31,2.95,173,3.9,0.0,0.0,0.0,0.0,0.0,0.0,0.37,0.01,19.8,22.2,19.2,17.7,0.11,0.146,0.16,0.242,-0.01,2026-08-30 02:00:00+02:00
2026-08-30 01:00:00+00:00,17.1,13.6,80,0.0,46,1015.1,0.86,2.17,173,2.0,0.0,0.0,0.0,0.0,0.0,0.0,0.39,0.0,19.1,22.1,19.2,17.7,0.11,0.146,0.16,0.242,0.0,2026-08-30 03:00:00+02:00
2026-08-30 02:00:00+00:00,16.7,13.3,80,0.0,11,1015.2,0.2,1.24,180,1.3,0.0,0.0,0.0,0.0,0.0,0.0,0.37,0.0,18.5,21.9,19.3,17.7,0.11,0.146,0.16,0.242,0.0,2026-08-30 04:00:00+02:00
2026-08-30 03:00:00+00:00,16.0,13.2,83,0.0,47,1015.4,0.4,0.5,90,0.6,0.0,0.0,0.0,0.0,0.0,0.0,0.3,0.0,17.9,21.7,19.3,17.7,0.11,0.146,0.16,0.242,0.0,2026-08-30 05:00:00+02:00
2026-08-30 04:00:00+00:00,15.2,13.0,86,0.0,5,1015.6,0.85,1.66,135,1.7,0.0,0.0,0.0,0.0,0.0,0.0,0.23,0.02,17.4,21.5,19.3,17.7,0.11,0.146,0.16,0.242,-0.02,2026-08-30 06:00:00+02:00
2026-08-30 05:00:00+00:00,16.4,12.9,80,0.0,2,1015.9,0.94,1.77,212,2.2,60.0,31.0,29.0,3600.0,0.0,0.0,0.38,0.02,17.5,21.3,19.3,17.7,0.11,0.146,0.16,0.242,-0.02,2026-08-30 07:00:00+02:00
2026-08-30 06:00:00+00:00,18.1,13.0,72,0.0,8,1016.2,0.51,1.15,349,2.4,209.0,144.0,65.0,3600.0,0.0,0.0,0.58,0.11,18.4,20.9,19.1,17.7,0.11,0.146,0.16,0.242,-0.11,2026-08-30 08:00:00+02:00
2026-08-30 07:00:00+00:00,21.0,13.5,62,0.0,5,1016.5,0.59,0.81,340,3.2,376.0,291.0,85.0,3600.0,0.0,0.0,0.94,0.22,20.1,20.8,19.1,17.8,0.109,0.146,0.16,0.242,-0.22,2026-08-30 09:00:00+02:00
2026-08-30 08:00:00+00:00,23.5,13.9,55,0.0,2,1016.8,0.22,0.32,297,3.3,531.0,433.0,98.0,3600.0,0.0,0.0,1.31,0.33,22.3,20.8,19.1,17.8,0.108,0.146,0.16,0.242,-0.33,2026-08-30 10:00:00+02:00
2026-08-30 09:00:00+00:00,25.5,13.9,49,0.0,8,1016.9,0.51,0.63,209,3.6,657.0,554.0,103.0,3600.0,0.0,0.0,1.68,0.44,24.6,20.9,19.1,17.8,0.107,0.146,0.16,0.242,-0.44,2026-08-30 11:00:00+02:00
2026-08-30 10:00:00+00:00,27.5,13.9,43,0.0,13,1016.6,1.25,1.57,233,4.9,739.0,632.0,107.0,3600.0,0.0,0.0,2.08,0.52,26.8,21.1,19.1,17.8,0.105,0.146,0.16,0.242,-0.52,2026-08-30 12:00:00+02:00
2026-08-30 11:00:00+00:00,29.0,13.9,40,0.0,6,1016.2,1.77,2.31,262,5.8,768.0,659.0,109.0,3600.0,0.0,0.0,2.41,0.56,28.6,21.3,19.1,17.8,0.104,0.146,0.16,0.242,-0.56,2026-08-30 13:00:00+02:00
2026-08-30 12:00:00+00:00,30.6,10.4,29,0.0,5,1015.7,2.73,3.58,262,6.6,737.0,629.0,108.0,3600.0,0.0,0.0,3.13,0.58,30.4,22.0,19.4,17.8,0.097,0.146,0.16,0.242,-0.58,2026-08-30 14:00:00+02:00
2026-08-30 13:00:00+00:00,30.8,10.2,28,0.0,2,1015.4,2.87,3.76,264,7.5,655.0,551.0,104.0,3600.0,0.0,0.0,3.2,0.54,31.3,22.3,19.4,17.8,0.096,0.146,0.16,0.242,-0.54,2026-08-30 15:00:00+02:00
2026-08-30 14:00:00+00:00,30.5,10.4,29,0.0,1,1015.2,2.94,3.88,260,7.6,543.0,448.0,95.0,3600.0,0.0,0.0,3.1,0.46,31.6,22.6,19.4,17.8,0.096,0.146,0.16,0.242,-0.46,2026-08-30 16:00:00+02:00
2026-08-30 15:00:00+00:00,30.1,10.5,30,0.0,0,1015.0,2.88,3.85,253,7.4,400.0,318.0,82.0,3600.0,0.0,0.0,3.0,0.36,31.4,22.9,19.4,17.8,0.095,0.146,0.16,0.242,-0.36,2026-08-30 17:00:00+02:00
2026-08-30 16:00:00+00:00,29.5,10.5,31,0.0,0,1014.9,2.78,3.85,240,6.9,233.0,168.0,65.0,3600.0,0.0,0.0,2.84,0.24,30.6,23.2,19.4,17.8,0.095,0.146,0.16,0.242,-0.24,2026-08-30 18:00:00+02:00
2026-08-30 17:00:00+00:00,27.7,11.1,36,0.0,0,1014.8,2.8,5.02,215,5.9,77.0,44.0,33.0,3600.0,0.0,0.0,2.38,0.14,29.2,23.4,19.4,17.8,0.094,0.146,0.16,0.242,-0.14,2026-08-30 19:00:00+02:00
2026-08-30 18:00:00+00:00,25.4,10.6,39,0.0,2,1015.2,1.84,4.29,221,5.0,2.0,0.0,2.0,0.0,0.0,0.0,1.97,0.06,27.4,23.3,19.4,17.8,0.111,0.146,0.16,0.242,-0.06,2026-08-30 20:00:00+02:00
2026-08-30 19:00:00+00:00,24.5,12.1,46,0.0,9,1015.6,1.25,2.64,185,2.9,0.0,0.0,0.0,0.0,0.0,0.0,1.66,0.03,25.6,23.3,19.4,17.8,0.111,0.146,0.16,0.242,-0.03,2026-08-30 21:00:00+02:00
2026-08-30 20:00:00+00:00,23.6,11.2,46,0.0,0,1015.8,1.73,3.51,170,2.5,0.0,0.0,0.0,0.0,0.0,0.0,1.58,0.04,24.2,23.3,19.4,17.8,0.11,0.146,0.16,0.242,-0.04,2026-08-30 22:00:00+02:00
2026-08-30 21:00:00+00:00,23.3,10.7,45,0.0,4,1016.0,2.27,4.1,172,3.8,0.0,0.0,0.0,0.0,0.0,0.0,1.57,0.06,23.2,23.3,19.4,17.8,0.11,0.146,0.16,0.242,-0.06,2026-08-30 23:00:00+02:00
