time,latitude,longitude,height_km,event_type,peak_current_ka,location_error,distance_km
2026-08-25 13:37:46.303202200+00:00,46.2052,21.7643,0.0,1,4.6,0.377,147.85614559949093
2026-08-25 13:37:46.357890300+00:00,46.1939,21.8336,0.0,1,-6.2,0.292,149.5699670446882
2026-08-25 13:40:37.139211500+00:00,46.2339,21.7406,0.0,1,3.9,0.366,144.5543062271243
2026-08-25 13:41:37.178433200+00:00,46.2074,21.7691,0.0,1,-6.4,0.213,147.6382990025304
2026-08-25 13:41:37.181179700+00:00,46.2036,21.7731,0.0,1,-3.5,0.386,148.08218912348298
2026-08-25 13:41:53.311196700+00:00,46.2156,21.8584,0.0,1,4.3,0.294,147.382973150586
2026-08-25 13:42:45.332347600+00:00,46.1949,21.7848,0.0,1,4.1,0.122,149.11573661987745
2026-08-25 13:42:51.569839400+00:00,46.2376,21.7376,0.0,1,8.2,0.275,144.13016268648775
2026-08-25 13:43:27.364728400+00:00,46.1993,21.7923,0.0,1,6.4,0.339,148.67503860611484
2026-08-25 13:43:27.380920100+00:00,46.2014,21.7967,0.0,1,-6.1,0.333,148.47097812904158
2026-08-25 13:45:09.648367+00:00,46.2007,21.8816,0.0,1,-4.1,0.179,149.2465508920097
2026-08-25 13:45:28.594305700+00:00,46.2542,21.7709,0.0,1,4.0,0.451,142.45882901489807
2026-08-25 13:46:23.607281+00:00,46.2773,21.7202,0.0,1,-20.1,0.285,139.6502182614219
2026-08-25 13:47:48.457786900+00:00,46.2283,22.0195,0.0,1,40.0,0.357,147.9537823025946
2026-08-25 13:48:29.573664700+00:00,46.2167,22.0041,0.0,1,3.9,0.318,148.98864292459186
2026-08-25 13:48:40.260748900+00:00,46.2739,21.7989,0.0,1,6.3,0.28,140.45609251349453
2026-08-25 13:48:40.272844200+00:00,46.2747,21.7919,0.0,1,13.2,0.303,140.31912750820004
2026-08-25 13:49:49.900873300+00:00,46.2834,21.798,0.0,1,4.4,0.289,139.39785267719316
2026-08-25 13:50:33.408569+00:00,46.2115,21.9973,0.0,1,5.1,0.462,149.45825723540682
2026-08-25 13:51:12.025527400+00:00,46.2644,21.785,0.0,1,7.3,0.392,141.41464409474412
2026-08-25 13:51:45.188499400+00:00,46.2119,21.9932,0.0,1,4.2,0.29,149.35621077270713
2026-08-25 13:51:45.189177100+00:00,46.2149,21.9917,0.0,1,4.0,0.293,149.00709662412433
2026-08-25 13:52:53.018659900+00:00,46.221,22.0559,0.0,1,5.8,0.31,149.3283370691919
2026-08-25 13:52:53.802657500+00:00,46.3048,21.9409,0.0,1,9.5,0.306,138.47732728214828
2026-08-25 13:52:53.804124400+00:00,46.2858,21.8997,0.0,1,-4.9,0.658,140.06334630707673
2026-08-25 13:52:53.808622300+00:00,46.2755,21.9103,0.0,1,3.7,0.288,141.31672996842204
2026-08-25 13:52:53.934244200+00:00,46.259,21.8719,0.0,1,-3.9,0.281,142.72173465377497
2026-08-25 13:53:43.899938900+00:00,46.2639,21.827,0.0,1,-3.4,0.217,141.77593070768893
2026-08-25 13:54:31.962927900+00:00,46.2234,21.9699,0.0,1,10.8,0.424,147.77720206870976
2026-08-25 13:55:09.162499800+00:00,46.2175,21.995,0.0,1,-4.1,0.308,148.7698278301981
2026-08-25 13:55:22.883444800+00:00,46.2996,21.9955,0.0,1,3.9,0.301,139.81715072767992
2026-08-25 13:55:22.889918+00:00,46.3026,21.9847,0.0,1,7.0,0.336,139.32805842768207
2026-08-25 13:55:44.822501800+00:00,46.1936,21.7068,0.0,1,6.6,0.415,148.90151672931228
2026-08-25 13:55:53.286026400+00:00,46.2266,22.1032,0.0,1,5.3,0.24,149.54880166856393
2026-08-25 13:56:07.103092700+00:00,46.2222,22.0935,0.0,1,5.9,0.408,149.84790671112688
2026-08-25 13:56:07.282548400+00:00,46.2271,22.0903,0.0,1,4.1,0.364,149.26066115172193
2026-08-25 13:56:07.312809+00:00,46.2282,22.0889,0.0,1,12.0,0.407,149.11664691455675
2026-08-25 13:56:36.838833+00:00,46.1907,21.6952,0.0,1,-7.4,0.35,149.19060746351383
2026-08-25 13:56:36.868051+00:00,46.1987,21.7131,0.0,1,5.0,0.32,148.35516391620078
2026-08-25 13:57:11.355145300+00:00,46.2474,21.9892,0.0,1,4.2,0.274,145.420177444573
2026-08-25 13:57:24.119240100+00:00,46.2662,21.8393,0.0,1,3.5,0.327,141.62484153735033
2026-08-25 13:57:32.663407100+00:00,46.2,21.7226,0.0,1,5.0,0.3,148.24428289413882
2026-08-25 13:57:32.664399900+00:00,46.2005,21.7217,0.0,1,5.4,0.409,148.1854214243916
2026-08-25 13:57:43.081189400+00:00,46.2313,22.0836,0.0,1,-4.5,0.258,148.6869533533444
2026-08-25 13:57:43.338593400+00:00,46.249,22.1395,0.0,1,29.5,0.366,147.83343493003846
2026-08-25 13:58:43.064396600+00:00,46.2618,21.8301,0.0,1,4.4,0.26,142.0334885506042
2026-08-25 13:58:43.071780600+00:00,46.2628,21.823,0.0,1,-6.6,0.345,141.86538858831386
2026-08-25 13:58:43.452124100+00:00,46.1902,21.7056,0.0,1,8.3,0.356,149.27561054451292
2026-08-25 13:58:43.461013600+00:00,46.1844,21.7159,0.0,1,6.1,0.337,149.95317941247922
2026-08-25 13:58:43.464573500+00:00,46.1897,21.7166,0.0,1,3.3,0.329,149.3668381727746
2026-08-25 13:58:43.471148100+00:00,46.1888,21.7144,0.0,1,4.5,0.352,149.45930913257905
2026-08-25 13:58:46.637995800+00:00,46.2691,22.033,0.0,1,-4.9,0.286,143.72706552976544
2026-08-25 13:59:38.094888900+00:00,46.1932,21.71,0.0,1,5.4,0.331,148.9560284659118
2026-08-25 13:59:50.696387400+00:00,46.2419,22.0959,0.0,1,3.8,0.47,147.76269825700132
2026-08-25 14:00:10.810801300+00:00,46.2667,21.8469,0.0,1,7.4,0.364,141.63644428366973
2026-08-25 14:00:10.814625500+00:00,46.2509,21.9599,0.0,1,-4.3,0.373,144.63230724366517
2026-08-25 14:00:10.821848200+00:00,46.2641,21.8481,0.0,1,3.5,0.157,141.9343353402567
2026-08-25 14:00:53.636027200+00:00,46.1895,21.7307,0.0,1,-7.7,0.315,149.44160634448573
2026-08-25 14:00:53.680980800+00:00,46.1853,21.696,0.0,1,-8.1,0.33,149.79281924687012
2026-08-25 14:00:53.896221500+00:00,46.2048,21.7121,0.0,1,-22.6,0.38,147.67418005794076
2026-08-25 14:00:53.896679600+00:00,46.2081,21.7567,0.0,1,11.5,0.265,147.49481319974998
2026-08-25 14:01:36.127116700+00:00,46.3221,22.0077,0.0,1,-6.8,0.316,137.5570849242745
2026-08-25 14:01:43.834971900+00:00,46.2884,22.0451,0.0,1,9.1,0.346,141.83328654383683
2026-08-25 14:01:53.212140800+00:00,46.2874,21.8515,0.0,1,9.9,0.278,139.39287061195512
2026-08-25 14:01:53.217005400+00:00,46.2792,21.8498,0.0,1,4.3,0.282,140.28242188397041
2026-08-25 14:01:53.866915500+00:00,46.1987,21.8408,0.0,1,-3.5,0.388,149.09769782756888
2026-08-25 14:02:42.739194300+00:00,46.2601,22.01,0.0,1,7.9,0.361,144.34312368576943
2026-08-25 14:02:43.038028400+00:00,46.2647,22.0195,0.0,1,5.5,0.372,143.9895187607896
2026-08-25 14:03:12.590551900+00:00,46.1888,21.7651,0.0,1,11.4,0.396,149.67962221183697
2026-08-25 14:03:12.600025700+00:00,46.1869,21.7629,0.0,1,-3.7,0.099,149.87879041314739
2026-08-25 14:03:12.686354900+00:00,46.1969,21.7821,0.0,1,-12.7,0.338,148.8776837306765
2026-08-25 14:03:12.812133300+00:00,46.2007,21.7167,0.0,1,-7.3,0.461,148.14528564717799
2026-08-25 14:03:39.651583900+00:00,46.2896,22.0496,0.0,1,-6.2,0.453,141.78009563394778
2026-08-25 14:03:39.666185900+00:00,46.2815,22.0522,0.0,1,-8.8,0.114,142.70264363756127
2026-08-25 14:04:18.591262800+00:00,46.4312,22.405,0.0,1,-15.2,0.239,135.8376509605761
2026-08-25 14:04:18.736441100+00:00,46.4307,22.4035,10.4,2,-6.3,0.275,135.83849382839
2026-08-25 14:04:25.497062600+00:00,46.1999,21.7426,0.0,1,-7.1,0.377,148.33745389330485
2026-08-25 14:04:28.926175900+00:00,46.3065,22.1227,0.0,1,5.1,0.422,141.32463792183916
2026-08-25 14:04:44.537911500+00:00,46.3498,21.894,0.0,1,9.4,0.39,132.96063464343231
2026-08-25 14:04:44.547299300+00:00,46.3465,21.9012,0.0,1,-3.5,0.298,133.40750329549462
2026-08-25 14:05:06.347003300+00:00,46.2961,21.8632,0.0,1,6.8,0.31,138.54471652445793
2026-08-25 14:05:06.362369900+00:00,46.2972,21.8635,0.0,1,4.7,0.33,138.4263576049012
2026-08-25 14:05:06.541265700+00:00,46.2978,21.8605,0.0,1,3.8,0.202,138.330833447861
2026-08-25 14:05:06.722489200+00:00,46.2404,21.791,0.0,1,3.6,0.44,144.11276368435787
2026-08-25 14:05:08.830387700+00:00,46.3247,22.0627,0.0,1,7.6,0.268,138.21331073105756
2026-08-25 14:05:31.097995300+00:00,46.2022,21.7598,0.0,1,-6.7,0.293,148.1652772978761
2026-08-25 14:05:31.103009200+00:00,46.2023,21.7649,0.0,1,-4.0,0.217,148.18104375061773
2026-08-25 14:05:52.240686700+00:00,46.1943,21.729,8.0,2,9.7,0.286,148.9018277907786
2026-08-25 14:06:44.705862700+00:00,46.4438,22.3979,0.0,1,14.5,0.344,134.33881987543805
2026-08-25 14:07:13.321935500+00:00,46.3269,22.1003,0.0,1,8.2,0.392,138.68738254273518
2026-08-25 14:07:13.329337100+00:00,46.3277,22.0954,0.0,1,3.8,0.388,138.50545658666624
2026-08-25 14:07:13.455647600+00:00,46.3094,22.1508,0.0,1,-8.0,0.409,141.59781825296818
2026-08-25 14:07:34.348244500+00:00,46.3515,21.8083,0.0,1,5.0,0.322,131.938523038715
2026-08-25 14:07:34.348924600+00:00,46.3491,21.8089,0.0,1,-4.8,0.759,132.20871599169897
2026-08-25 14:07:34.358235100+00:00,46.3497,21.8128,0.0,1,8.9,0.322,132.17356954326368
2026-08-25 14:08:43.649396900+00:00,46.3805,21.7907,0.0,1,5.0,0.322,128.59578254765557
2026-08-25 14:08:52.277720200+00:00,46.3313,22.1122,0.0,1,6.3,0.392,138.45200732322934
2026-08-25 14:08:52.290564800+00:00,46.3325,22.1097,0.0,1,4.0,0.34,138.27287480762573
2026-08-25 14:09:19.490158700+00:00,46.2952,22.1269,0.0,1,4.7,0.336,142.62176137330698
2026-08-25 14:09:19.505692300+00:00,46.3113,22.1194,0.0,1,6.8,0.307,140.74304388876308
2026-08-25 14:09:45.886503300+00:00,46.3419,22.1071,0.0,1,6.3,0.297,137.21187918949326
2026-08-25 14:10:03.197840100+00:00,46.3728,21.811,0.0,1,7.3,0.242,129.60478232631186
2026-08-25 14:10:03.260008600+00:00,46.3797,21.8216,0.0,1,2.7,0.138,128.93144663256535
2026-08-25 14:10:20.756703800+00:00,46.287,22.1719,0.0,1,9.4,0.28,144.44315075831014
2026-08-25 14:10:39.393451500+00:00,46.2018,21.7565,0.0,1,-3.8,0.362,148.19281856563458
2026-08-25 14:11:10.857699700+00:00,46.2973,22.1293,0.0,1,-12.6,0.371,142.4451664188361
2026-08-25 14:11:10.857875+00:00,46.2971,22.1292,0.0,1,-9.1,0.262,142.46458051917068
2026-08-25 14:11:10.867084+00:00,46.2976,22.1313,0.0,1,-8.0,0.307,142.45373819589807
2026-08-25 14:11:10.874398+00:00,46.2918,22.1362,0.0,1,-6.3,0.313,143.1756250463867
2026-08-25 14:11:34.430804900+00:00,46.3173,22.0771,0.0,1,6.5,0.276,139.27705803590055
2026-08-25 14:11:50.845969300+00:00,46.3745,22.0396,0.0,1,3.9,0.21,132.41415192407237
2026-08-25 14:12:14.295904500+00:00,46.342,21.8879,0.0,1,10.2,0.39,133.74883989631115
2026-08-25 14:12:40.829859200+00:00,46.2422,22.175,0.0,1,-32.0,0.409,149.2930702245666
2026-08-25 14:13:11.437932200+00:00,46.3554,22.3996,0.0,1,8.4,0.489,143.32539783598514
2026-08-25 14:13:21.526314300+00:00,46.3892,22.0435,0.0,1,-3.5,0.28,130.89653402621317
2026-08-25 14:13:21.527233900+00:00,46.386,22.0411,0.0,1,-7.5,0.302,131.1983852181022
2026-08-25 14:13:44.069514700+00:00,46.3369,22.1803,0.0,1,4.2,0.372,139.3212136459116
2026-08-25 14:14:30.775596900+00:00,46.3289,22.2045,0.0,1,-4.5,0.221,140.7319213008032
2026-08-25 14:14:30.944045500+00:00,46.2097,21.7887,0.0,1,7.6,0.355,147.4996530875326
2026-08-25 14:14:30.954135600+00:00,46.2069,21.7926,0.0,1,8.9,0.306,147.83484939542825
2026-08-25 14:14:30.958397700+00:00,46.2066,21.7925,0.0,1,3.9,0.293,147.86744441585637
2026-08-25 14:14:30.978409700+00:00,46.2075,21.7891,0.0,1,3.9,0.246,147.74598412926827
2026-08-25 14:14:31.101038600+00:00,46.3534,22.2249,0.0,1,-6.7,0.328,138.64152162632666
2026-08-25 14:14:56.734092800+00:00,46.2067,21.7974,0.0,1,6.9,0.312,147.8884626793045
2026-08-25 14:15:01.087210+00:00,46.3424,22.2237,0.0,1,4.5,0.355,139.76986246708577
2026-08-25 14:15:01.099050700+00:00,46.3445,22.221,0.0,1,4.2,0.514,139.48231236307183
2026-08-25 14:15:14.276907900+00:00,46.4125,21.8308,0.0,1,5.5,0.247,125.3923828803821
2026-08-25 14:15:14.286154+00:00,46.412,21.8258,0.0,1,4.4,0.278,125.40144334038571
2026-08-25 14:15:14.296770200+00:00,46.4114,21.8478,0.0,1,4.9,0.29,125.67896215688688
2026-08-25 14:15:14.301568300+00:00,46.4102,21.8352,0.0,1,6.2,0.355,125.68768782300994
2026-08-25 14:15:14.308187800+00:00,46.4135,21.8255,0.0,1,4.4,0.339,125.23309970998736
2026-08-25 14:15:40.412535500+00:00,46.1976,21.732,0.0,1,-19.3,0.409,148.54741333874
2026-08-25 14:15:44.822147100+00:00,46.3914,22.0665,0.0,1,-6.0,0.135,131.09180946760503
2026-08-25 14:15:44.834819600+00:00,46.3912,22.0628,0.0,1,-4.2,0.177,131.04224494973448
2026-08-25 14:16:21.560238100+00:00,46.1902,21.8274,0.0,1,-3.2,0.339,149.9306243054088
2026-08-25 14:16:26.942039400+00:00,46.2203,21.8117,0.0,1,-4.2,0.381,146.48190854559834
2026-08-25 14:16:26.978630300+00:00,46.2225,21.7791,0.0,1,-13.7,0.353,146.02175952530573
2026-08-25 14:16:27.363314300+00:00,46.217,21.7906,0.0,1,-11.2,0.331,146.70283676265385
2026-08-25 14:16:33.382285900+00:00,46.328,22.1232,0.0,1,-5.1,0.355,139.02993586837465
2026-08-25 14:16:33.396082300+00:00,46.3288,22.1226,0.0,1,-6.5,0.366,138.9318929292296
2026-08-25 14:16:52.649240600+00:00,46.3853,22.1347,0.0,1,6.1,0.45,133.15190057919986
2026-08-25 14:17:12.387914600+00:00,46.3566,22.1295,0.0,1,3.7,0.358,136.1017616207598
2026-08-25 14:17:12.406445700+00:00,46.3589,22.1236,0.0,1,5.1,0.313,135.7310606539266
2026-08-25 14:17:23.459443100+00:00,46.3327,22.5192,0.0,1,38.1,0.469,149.52450358104653
2026-08-25 14:17:23.867519400+00:00,46.3331,22.4703,0.0,1,-5.3,0.246,147.83995483323926
2026-08-25 14:18:28.315635+00:00,46.4386,21.8481,0.0,1,5.4,0.226,122.68456731106004
2026-08-25 14:18:28.316124100+00:00,46.4421,21.8419,0.0,1,7.1,0.374,122.23545735774408
2026-08-25 14:18:28.317002700+00:00,46.4376,21.8508,0.0,1,4.2,0.169,122.82284343646457
2026-08-25 14:18:28.317697200+00:00,46.4464,21.8479,9.9,2,5.7,0.104,121.823173768612
2026-08-25 14:18:28.324729800+00:00,46.4362,21.8501,0.0,1,23.6,0.259,122.96974999280624
2026-08-25 14:18:28.330811800+00:00,46.4282,21.8498,0.0,1,4.4,0.347,123.84799573762044
2026-08-25 14:18:28.334464400+00:00,46.4367,21.8502,0.0,1,4.6,0.27,122.91571273012413
2026-08-25 14:18:29.101083500+00:00,46.2978,22.2123,0.0,1,5.0,0.315,144.20738669382817
2026-08-25 14:18:29.253133+00:00,46.2842,22.2329,0.0,1,5.2,0.363,146.1334951466095
2026-08-25 14:18:46.265466100+00:00,46.2266,21.8118,0.0,1,4.0,0.408,145.78526256558044
2026-08-25 14:18:47.178288400+00:00,46.2292,21.8435,8.5,2,-5.7,0.225,145.7493566268997
2026-08-25 14:18:51.350320900+00:00,46.3476,22.1717,0.0,1,7.2,0.356,137.98901062732227
2026-08-25 14:18:52.088557100+00:00,46.393,22.1122,0.0,1,-2.9,0.368,131.84507232978095
2026-08-25 14:19:11.125943300+00:00,46.3447,22.1963,0.0,1,5.3,0.359,138.86656961671994
2026-08-25 14:19:27.001745800+00:00,46.2239,21.814,0.0,1,-9.2,0.28,146.10027710761207
2026-08-25 14:19:50.765970800+00:00,46.3675,22.5794,0.0,1,27.9,0.494,148.24772255044638
2026-08-25 14:20:13.234472400+00:00,46.391,22.1965,0.0,1,-3.7,0.394,133.98218327287736
2026-08-25 14:20:46.207783+00:00,46.4062,22.138,0.0,1,2.8,0.347,131.00060711201104
2026-08-25 14:20:50.681626+00:00,46.2215,21.8697,0.0,1,-12.3,0.362,146.83678560563186
2026-08-25 14:20:50.779535900+00:00,46.2353,21.8651,0.0,1,-8.2,0.266,145.27035431606512
2026-08-25 14:20:55.310215+00:00,46.3551,22.2296,0.0,1,-5.2,0.37,138.5799722115364
2026-08-25 14:20:57.832458500+00:00,46.4447,22.2981,0.0,1,4.0,0.425,131.13023572546015
2026-08-25 14:21:00.914208+00:00,46.3668,22.23,0.0,1,-9.9,0.334,137.36097256111626
2026-08-25 14:21:14.678598+00:00,46.2601,21.8422,6.6,2,6.6,0.218,142.32396067828216
2026-08-25 14:21:14.861554800+00:00,46.277,21.8309,0.0,1,5.6,0.34,140.35986664211484
2026-08-25 14:21:15.104836200+00:00,46.329,21.8967,0.0,1,-38.8,0.332,135.27840345785683
2026-08-25 14:21:15.105519500+00:00,46.3285,21.8578,0.0,1,-8.6,0.339,134.91855125348857
2026-08-25 14:21:15.129107500+00:00,46.3323,21.8882,0.0,1,-23.6,0.299,134.81926368103478
2026-08-25 14:21:48.554557500+00:00,46.2098,21.8018,0.0,1,4.0,0.499,147.57473293981522
2026-08-25 14:22:04.091729600+00:00,46.3683,22.2415,0.0,1,-4.4,0.27,137.4969776310723
2026-08-25 14:22:54.820620800+00:00,46.2281,21.8731,0.0,1,-7.3,0.364,146.14139048763738
2026-08-25 14:22:56.324862200+00:00,46.3541,22.2466,0.0,1,3.9,0.257,139.1158463673596
2026-08-25 14:22:56.327608800+00:00,46.3567,22.2504,0.0,1,4.4,0.337,138.94132851583652
2026-08-25 14:22:56.360859+00:00,46.3712,22.24,0.0,1,6.7,0.523,137.1545906884445
2026-08-25 14:22:56.424237900+00:00,46.2673,22.2697,0.0,1,-4.4,0.513,148.8138268100515
2026-08-25 14:22:59.746824800+00:00,46.3909,21.8851,0.0,1,-14.9,0.275,128.33981175387603
2026-08-25 14:23:42.349895700+00:00,46.4365,22.0982,0.0,1,-7.2,0.238,126.9001877821251
2026-08-25 14:23:42.363849200+00:00,46.4413,22.0935,0.0,1,-3.8,0.534,126.28739255571435
2026-08-25 14:23:58.173050500+00:00,46.2312,21.8999,0.0,1,-3.8,0.24,146.07435707937984
2026-08-25 14:24:40.213158400+00:00,46.4547,22.088,0.0,1,-11.0,0.384,124.73896426716891
2026-08-25 14:24:46.743302100+00:00,46.3371,22.1924,0.0,1,5.7,0.457,139.57961195206232
2026-08-25 14:25:28.278065900+00:00,46.4232,21.9281,0.0,1,4.9,0.263,125.34311119768827
2026-08-25 14:25:28.288175+00:00,46.4235,21.9291,0.0,1,7.7,0.308,125.3241354035128
2026-08-25 14:25:28.293568800+00:00,46.4238,21.925,0.0,1,6.2,0.222,125.2348646826264
2026-08-25 14:26:11.239998+00:00,46.3663,22.1581,0.0,1,-3.7,0.238,135.6943252524214
2026-08-25 14:26:32.977162600+00:00,46.4002,22.2225,0.0,1,8.4,0.408,133.66662264233983
2026-08-25 14:26:48.887732+00:00,46.232,21.8426,0.0,1,5.4,0.231,145.43224138771535
2026-08-25 14:26:51.410104600+00:00,46.5137,22.1959,0.0,1,5.1,0.244,121.11324087994966
2026-08-25 14:27:15.602883+00:00,46.4318,22.165,0.0,1,4.5,0.367,128.91467484510957
2026-08-25 14:27:15.611552500+00:00,46.4324,22.162,0.0,1,3.4,0.324,128.7794621226547
2026-08-25 14:28:10.190336400+00:00,46.4092,22.3365,0.0,1,4.9,0.434,135.91031173287982
2026-08-25 14:28:29.418009700+00:00,46.4688,22.1277,0.0,1,7.5,0.362,124.12035131091916
2026-08-25 14:28:29.798648+00:00,46.4351,22.1695,0.0,1,-3.7,0.235,128.6749328725682
2026-08-25 14:28:29.906519600+00:00,46.3528,22.1553,0.0,1,4.4,0.46,137.0676588812981
2026-08-25 14:29:00.669743300+00:00,46.5389,22.1158,0.0,1,11.0,1.811,116.42523912844592
2026-08-25 14:29:17.758122600+00:00,46.3434,22.5493,0.0,1,-8.7,0.374,149.51766840357467
2026-08-25 14:30:12.451060200+00:00,46.4171,22.1444,0.0,1,-4.1,0.178,129.98785858240615
2026-08-25 14:30:12.622476+00:00,46.4241,22.1224,0.0,1,-23.5,0.363,128.7485104872336
2026-08-25 14:30:12.730592400+00:00,46.4189,22.1353,0.0,1,-5.3,0.303,129.58987445160727
2026-08-25 14:30:24.268363500+00:00,46.5397,22.19,0.0,1,29.1,0.325,118.2501547183945
2026-08-25 14:30:24.845018+00:00,46.438,22.323,0.0,1,-7.3,0.377,132.55887592806403
2026-08-25 14:30:24.946923+00:00,46.4349,22.3307,0.0,1,-8.4,0.356,133.1087989032036
2026-08-25 14:31:02.878186200+00:00,46.5062,22.1758,0.0,1,41.3,0.38,121.36364114917959
2026-08-25 14:31:03.159221300+00:00,46.4319,22.186,0.0,1,-5.9,0.271,129.4169747212426
2026-08-25 14:31:42.113929900+00:00,46.4292,22.2946,0.0,1,-4.4,0.242,132.62165260128754
2026-08-25 14:31:42.130387500+00:00,46.4314,22.3003,0.0,1,6.8,0.426,132.56109483827845
2026-08-25 14:32:27.954506800+00:00,46.4723,22.1792,0.0,1,4.6,0.174,125.00212591713411
2026-08-25 14:32:59.412590100+00:00,46.4882,22.2127,0.0,1,16.3,0.283,124.22012177182283
2026-08-25 14:32:59.958449900+00:00,46.5196,21.9158,0.0,1,-3.3,0.372,114.63412342619708
2026-08-25 14:33:21.829508300+00:00,46.3703,22.5927,0.0,1,-5.5,0.424,148.4706019758022
2026-08-25 14:34:03.054418800+00:00,46.2041,21.9709,0.0,1,4.4,0.394,149.9041920884841
2026-08-25 14:34:03.214501700+00:00,46.2626,21.9813,0.0,1,-4.8,0.325,143.64654763933822
2026-08-25 14:34:14.797027600+00:00,46.4614,22.1551,0.0,1,8.5,0.284,125.55173010123458
2026-08-25 14:34:14.810265800+00:00,46.4606,22.1524,0.0,1,6.4,0.314,125.57106026376186
2026-08-25 14:34:49.518255800+00:00,46.3809,22.5998,0.0,1,-8.6,0.414,147.71154090045508
2026-08-25 14:35:07.212536400+00:00,46.5478,22.171,0.0,1,-35.9,0.361,116.8942201262543
2026-08-25 14:35:21.457126400+00:00,46.298,21.7878,0.0,1,-11.0,0.331,137.71063032919932
2026-08-25 14:35:21.465790100+00:00,46.3015,21.7889,0.0,1,-9.8,0.276,137.33038601237442
2026-08-25 14:35:39.510916100+00:00,46.5266,22.1897,0.0,1,8.3,0.306,119.60369665870935
2026-08-25 14:35:40.073194+00:00,46.5075,22.233,0.0,1,-5.1,0.173,122.7823243343976
2026-08-25 14:35:40.230172100+00:00,46.5057,22.2383,0.0,1,-4.8,0.372,123.11883613428536
2026-08-25 14:35:59.811157200+00:00,46.2702,21.9873,0.0,1,6.9,0.332,142.90267628913332
2026-08-25 14:35:59.811334400+00:00,46.269,21.9872,0.0,1,-5.6,0.448,143.0322513657869
2026-08-25 14:36:12.418313500+00:00,46.3052,21.7899,0.0,1,-5.2,0.268,136.9274064929761
2026-08-25 14:36:12.425457700+00:00,46.3072,21.7882,0.0,1,-3.4,0.173,136.69430277248233
2026-08-25 14:36:26.121451400+00:00,46.4411,22.2918,0.0,1,-5.1,0.455,131.3157783970709
2026-08-25 14:36:26.122242300+00:00,46.4449,22.2026,0.0,1,5.3,0.288,128.47248209823536
2026-08-25 14:37:14.803224700+00:00,46.4903,21.8305,0.0,1,4.6,0.236,116.80763443349892
2026-08-25 14:37:14.804664700+00:00,46.4885,21.825,9.7,2,-6.9,0.215,116.95190097922674
2026-08-25 14:37:14.816655500+00:00,46.4884,21.827,0.0,1,4.6,0.317,116.98245881409052
2026-08-25 14:37:14.831867200+00:00,46.5032,21.9,0.0,1,-3.7,0.325,116.20634755912036
2026-08-25 14:37:14.832900800+00:00,46.5047,21.9052,0.0,1,-4.6,0.287,116.11303615391147
2026-08-25 14:37:14.834721200+00:00,46.5052,21.9107,0.0,1,-11.2,0.313,116.13474408330896
2026-08-25 14:37:14.841510900+00:00,46.4918,21.8249,0.0,1,8.4,0.25,116.58696010185936
2026-08-25 14:37:14.843539700+00:00,46.5364,21.9576,0.0,1,-4.1,0.288,113.45678865324504
2026-08-25 14:37:32.904246400+00:00,46.5736,22.2277,0.0,1,6.2,0.287,115.82876357665958
2026-08-25 14:38:05.702458100+00:00,46.5813,22.5401,0.0,1,-6.2,0.444,126.28084895276476
2026-08-25 14:38:23.474293800+00:00,46.4034,22.5614,0.0,1,14.6,0.385,144.08668064534382
2026-08-25 14:38:23.474754800+00:00,46.3992,22.5708,0.0,1,-4.0,0.366,144.84601673966102
2026-08-25 14:38:23.486687200+00:00,46.4241,22.4134,0.0,1,-4.6,3.168,136.82741686692722
2026-08-25 14:38:33.247511500+00:00,46.5787,22.4816,0.0,1,-6.3,0.346,124.15741757584995
2026-08-25 14:39:42.188885700+00:00,46.508,22.237,0.0,1,9.9,0.282,122.84443325711733
2026-08-25 14:39:50.074982300+00:00,46.5703,22.2165,0.0,1,4.4,0.225,115.83727047883013
2026-08-25 14:39:53.186071400+00:00,46.4051,22.5646,0.0,1,-14.3,0.348,144.0412996630525
2026-08-25 14:39:53.196227+00:00,46.4061,22.5656,0.0,1,-5.2,0.135,143.9817886870458
2026-08-25 14:39:54.468134500+00:00,46.6246,22.2006,0.0,1,-7.3,0.513,109.7995780872777
2026-08-25 14:40:14.283946800+00:00,46.6743,22.9637,0.0,1,12.4,0.461,138.98762771421912
2026-08-25 14:40:31.344794300+00:00,46.5615,22.4974,0.0,1,-9.6,0.391,126.41894806263977
2026-08-25 14:40:44.718575400+00:00,46.5084,21.8622,0.0,1,7.5,0.31,115.15953802580952
2026-08-25 14:40:44.722765400+00:00,46.5164,21.8561,0.0,1,5.0,0.283,114.20943325769083
2026-08-25 14:40:44.749389500+00:00,46.5256,21.9452,0.0,1,-3.7,0.074,114.42739391705827
2026-08-25 14:40:51.850303600+00:00,46.6393,22.1892,0.0,1,-3.0,0.374,107.95472119234833
2026-08-25 14:40:51.935256200+00:00,46.4678,22.3182,0.0,1,4.0,0.329,129.37211423257722
2026-08-25 14:40:59.582770300+00:00,46.577,22.073,0.0,1,-4.4,0.329,111.38709091898065
2026-08-25 14:40:59.593662500+00:00,46.5324,22.1858,0.0,1,-7.9,0.317,118.89497458391341
2026-08-25 14:41:09.610271800+00:00,46.195,21.8109,0.0,1,6.1,0.343,149.2770835101087
2026-08-25 14:41:42.112752700+00:00,46.5309,22.3452,0.0,1,3.6,0.338,123.86166170950715
2026-08-25 14:42:16.617629200+00:00,46.5294,22.2245,0.0,1,-4.6,0.17,120.27984023141795
2026-08-25 14:42:16.871653200+00:00,46.5096,22.24,0.0,1,23.4,0.438,122.76520040067066
2026-08-25 14:42:34.783191500+00:00,46.3282,21.3174,0.0,1,9.8,0.362,135.86503966246562
2026-08-25 14:42:34.784008500+00:00,46.3224,21.323,0.0,1,-3.1,0.297,136.42782630207577
2026-08-25 14:42:34.795458600+00:00,46.3254,21.3204,0.0,1,-8.7,0.269,136.1326186716419
2026-08-25 14:43:20.010202100+00:00,46.1905,21.6012,0.0,1,-8.6,0.278,149.1367165532187
2026-08-25 14:43:23.652375400+00:00,46.4727,22.3573,0.0,1,5.3,0.255,130.10659169645322
2026-08-25 14:43:36.209301400+00:00,46.1907,21.8244,0.0,1,-4.1,0.357,149.85232922637098
2026-08-25 14:43:52.486660200+00:00,46.5934,22.1281,0.0,1,5.7,0.362,111.0050200072385
2026-08-25 14:44:39.111880300+00:00,46.593,22.2275,0.0,1,5.3,0.319,113.83869254038902
2026-08-25 14:44:47.715396200+00:00,46.5797,22.5356,0.0,1,-4.6,0.375,126.24421295936422
2026-08-25 14:45:34.805141600+00:00,46.5204,22.2016,0.0,1,6.6,0.424,120.57162903516267
2026-08-25 14:45:34.986752200+00:00,46.3565,22.1369,0.0,1,46.1,0.353,136.27083332164028
2026-08-25 14:46:01.984419+00:00,46.6944,22.9866,0.0,1,7.2,0.294,138.73024535315724
2026-08-25 14:46:01.985115500+00:00,46.6909,22.994,0.0,1,-6.6,0.387,139.40908358482665
2026-08-25 14:46:12.139765+00:00,46.3375,21.3595,0.0,1,-19.4,0.257,134.32550583027512
2026-08-25 14:46:16.533311200+00:00,46.4363,22.6138,0.0,1,-9.5,0.347,142.94214778450555
2026-08-25 14:46:16.543185+00:00,46.4362,22.6186,0.0,1,7.3,0.44,143.14257430844768
2026-08-25 14:46:16.546409+00:00,46.4394,22.6112,0.0,1,23.1,0.174,142.54409235598126
2026-08-25 14:46:16.552744100+00:00,46.4432,22.6004,0.0,1,-10.3,0.318,141.75467007173407
2026-08-25 14:46:51.443773800+00:00,46.5838,22.5508,0.0,1,4.1,0.326,126.49386384744477
2026-08-25 14:47:49.932103400+00:00,46.5824,23.024,0.0,1,-5.6,0.517,149.44343058332188
2026-08-25 14:47:55.560613900+00:00,46.5299,22.3093,0.0,1,-4.2,0.201,122.79199288200026
2026-08-25 14:48:03.560085600+00:00,46.6002,22.5948,0.0,1,-8.1,0.439,126.86770687673351
2026-08-25 14:48:04.002532900+00:00,46.2129,21.8266,0.0,1,-5.1,0.345,147.41316056223687
2026-08-25 14:48:33.644363300+00:00,46.2035,21.5946,0.0,1,-4.6,0.324,147.6988999685616
2026-08-25 14:49:31.239052900+00:00,46.2036,21.8445,0.0,1,3.7,0.419,148.58700163391765
2026-08-25 14:49:31.254258100+00:00,46.2053,21.8436,0.0,1,5.0,0.353,148.39151804938476
2026-08-25 14:49:43.396726900+00:00,46.6606,22.1941,0.0,1,-5.3,0.341,105.92833503291229
2026-08-25 14:49:43.409758400+00:00,46.6667,22.2239,0.0,1,4.7,0.242,106.24640916169513
2026-08-25 14:50:11.649879500+00:00,46.5694,23.0076,0.0,1,-8.4,0.498,149.6057865202854
2026-08-25 14:50:19.205313800+00:00,46.5771,21.7387,0.0,1,-6.1,0.315,106.47052446429403
2026-08-25 14:50:49.062020100+00:00,46.2079,21.8602,0.0,1,3.9,0.293,148.2495300019309
2026-08-25 14:50:52.492442800+00:00,46.5715,22.3793,0.0,1,42.5,0.41,121.00763428486538
2026-08-25 14:51:41.591639+00:00,46.524,22.7481,0.0,1,18.8,0.544,140.6013697798118
2026-08-25 14:51:41.598257300+00:00,46.523,22.7577,0.0,1,-12.3,0.776,141.1309605271104
2026-08-25 14:52:56.581166400+00:00,46.5664,22.2367,0.0,1,-6.2,0.344,116.83442424421523
2026-08-25 14:53:08.630106700+00:00,46.7194,22.9789,0.0,1,-16.3,0.457,136.42526248335085
2026-08-25 14:53:08.632216200+00:00,46.7099,23.0041,0.0,1,6.8,0.356,138.56114651914817
2026-08-25 14:53:08.638200400+00:00,46.7092,22.9964,0.0,1,14.9,0.386,138.17572829610413
2026-08-25 14:53:09.204326500+00:00,46.5305,22.9513,0.0,1,9.7,0.593,149.8653981551179
2026-08-25 14:53:33.010250+00:00,46.2112,21.6305,0.0,1,-8.2,0.311,146.82198261443395
2026-08-25 14:53:33.012200600+00:00,46.215,21.6389,0.0,1,-5.1,0.311,146.40189533472727
2026-08-25 14:53:43.330564900+00:00,46.662,22.2575,0.0,1,4.1,0.391,107.82136634459286
2026-08-25 14:53:54.984204600+00:00,46.6056,23.0466,0.0,1,-26.5,0.48,148.84764215499692
2026-08-25 14:53:55.115874200+00:00,46.6025,23.055,0.0,1,-24.1,0.468,149.54783729325834
2026-08-25 14:54:07.109551100+00:00,46.223,21.8804,0.0,1,-16.4,0.288,146.77564247042065
2026-08-25 14:54:07.135027800+00:00,46.2306,21.8889,0.0,1,-5.1,0.229,146.02425764313716
2026-08-25 14:54:25.294541100+00:00,46.6407,22.6065,0.0,1,39.1,0.384,123.73116994236834
2026-08-25 14:55:24.058486700+00:00,46.6052,22.4767,0.0,1,60.1,0.414,121.44696369531096
2026-08-25 14:55:24.353858600+00:00,46.6392,22.3519,0.0,1,-26.9,0.292,113.38520840603152
2026-08-25 14:55:25.258977300+00:00,46.6623,22.2831,0.0,1,-23.3,0.348,108.66281843754773
2026-08-25 14:55:25.278344700+00:00,46.652,22.2803,0.0,1,-14.1,0.322,109.58925993998292
2026-08-25 14:55:31.143511400+00:00,46.2194,21.8828,0.0,1,-4.1,0.228,147.1965373101897
2026-08-25 14:55:31.151008900+00:00,46.2266,21.8876,0.0,1,-5.9,0.379,146.45162919351097
2026-08-25 14:55:38.429114+00:00,46.6606,22.6598,0.0,1,15.0,0.49,124.45160229814363
2026-08-25 14:56:35.998919+00:00,46.7139,23.128,11.1,2,4.7,0.082,145.45769390970426
2026-08-25 14:56:59.784530300+00:00,46.6656,22.2773,0.0,1,-13.7,0.331,108.13538961623951
2026-08-25 14:57:03.391823800+00:00,46.6188,22.349,0.0,1,13.3,0.318,115.27629580499918
2026-08-25 14:57:53.349806600+00:00,46.1906,21.7882,0.0,1,37.4,0.441,149.61328506717635
2026-08-25 14:57:53.350241500+00:00,46.1917,21.778,0.0,1,-21.6,0.527,149.42991876258756
2026-08-25 14:57:53.698847+00:00,46.1924,21.756,0.0,1,-9.9,0.333,149.23332774175904
2026-08-25 14:58:10.807417300+00:00,46.4292,21.427,0.0,1,-14.4,0.297,123.51937700085928
2026-08-25 14:58:10.832966100+00:00,46.4093,21.4129,7.8,2,-5.9,0.129,125.84978262384858
2026-08-25 14:58:29.106589200+00:00,46.6564,22.6131,7.5,2,6.0,0.031,122.63473260351171
2026-08-25 14:58:40.203319900+00:00,46.2089,21.626,0.0,1,-5.1,0.326,147.07756266726597
2026-08-25 14:59:19.306157+00:00,46.6587,22.5912,0.0,1,9.6,0.378,121.42765120744374
2026-08-25 14:59:19.306451300+00:00,46.6574,22.6023,0.0,1,-4.2,0.344,122.05000425071327
2026-08-25 14:59:32.272774800+00:00,46.3277,21.4529,0.0,1,-3.4,0.137,134.52090871013263
2026-08-25 14:59:47.192432900+00:00,46.3465,21.5947,0.0,1,-5.2,0.314,131.80034481278022
2026-08-25 15:00:15.689927200+00:00,46.2686,21.9508,0.0,1,12.0,0.236,142.57332932156046
2026-08-25 15:00:22.427840300+00:00,46.3354,21.4462,0.0,1,7.9,0.301,133.7201469969816
2026-08-25 15:00:22.489197+00:00,46.4057,21.4448,0.0,1,-9.6,0.283,125.9578036589066
2026-08-25 15:00:45.831454100+00:00,46.6706,22.8071,0.0,1,43.9,0.476,130.91854188431054
2026-08-25 15:01:01.605639600+00:00,46.664,22.603,0.0,1,-5.3,0.489,121.49576129995644
2026-08-25 15:01:01.606742200+00:00,46.6635,22.6097,0.0,1,5.7,0.469,121.84894316283034
2026-08-25 15:01:18.156836600+00:00,46.2203,21.6616,0.0,1,-3.1,0.363,145.83320975959535
2026-08-25 15:01:34.349777200+00:00,46.2765,21.9625,0.0,1,-11.7,0.362,141.8646386451045
2026-08-25 15:01:34.350301900+00:00,46.2834,21.9436,0.0,1,-14.0,0.489,140.85766584222657
2026-08-25 15:01:34.360300100+00:00,46.2765,21.9601,0.0,1,5.2,0.347,141.8320287724255
2026-08-25 15:01:34.367163100+00:00,46.2793,21.9391,0.0,1,4.9,0.377,141.24933907476822
2026-08-25 15:02:02.751444900+00:00,46.3331,21.4399,0.0,1,-5.9,0.278,134.02450767864306
2026-08-25 15:02:20.783300600+00:00,46.6708,22.6123,0.0,1,25.7,0.415,121.32463774880188
2026-08-25 15:02:20.796499+00:00,46.6665,22.6224,0.0,1,-8.8,0.408,122.1738329803586
2026-08-25 15:02:31.696573400+00:00,46.6946,22.7737,0.0,1,5.8,0.605,127.22956418060666
2026-08-25 15:02:56.073178400+00:00,46.2283,21.6547,0.0,1,-10.1,0.339,144.9353075202016
2026-08-25 15:03:04.440335100+00:00,46.7061,22.3255,0.0,1,18.2,0.418,105.90765091969347
2026-08-25 15:03:25.721791400+00:00,46.6927,23.1424,0.0,1,8.0,0.547,147.8036694720675
2026-08-25 15:03:25.727327400+00:00,46.6949,23.1422,0.0,1,4.3,0.479,147.63582958684495
2026-08-25 15:03:25.897458900+00:00,46.7272,23.0228,0.0,1,21.4,0.486,138.36375159378386
2026-08-25 15:03:26.213627900+00:00,46.5844,22.9893,0.0,1,80.8,0.593,147.43402302307564
2026-08-25 15:03:39.305799300+00:00,46.5896,22.5021,0.0,1,5.8,0.395,123.94435591774446
2026-08-25 15:03:39.627110200+00:00,46.4396,22.4018,0.0,1,-5.1,0.336,134.8890230063754
2026-08-25 15:03:41.402925900+00:00,46.7318,22.6122,0.0,1,-4.3,0.315,116.01626234172977
2026-08-25 15:04:18.586895500+00:00,46.2871,21.975,0.0,1,4.3,0.19,140.87972400511362
2026-08-25 15:04:22.810364200+00:00,46.6667,22.7723,0.0,1,-4.5,0.364,129.4603565108192
2026-08-25 15:04:43.479396300+00:00,46.6472,22.5707,0.0,1,4.0,0.34,121.53847588205274
2026-08-25 15:04:44.887606700+00:00,46.4329,21.235,0.0,1,-4.4,0.237,125.74180984927831
2026-08-25 15:04:44.888082700+00:00,46.4321,21.2354,0.0,1,-7.0,0.227,125.82112020034013
2026-08-25 15:04:44.899808900+00:00,46.4347,21.2303,0.0,1,-3.6,0.254,125.6322142107259
2026-08-25 15:04:44.983095700+00:00,46.4279,21.2243,0.0,1,-4.8,0.261,126.47612032992217
2026-08-25 15:05:20.153084600+00:00,46.2457,21.6899,0.0,1,-7.9,0.382,143.0646548113523
2026-08-25 15:05:58.041886100+00:00,46.7168,22.2718,0.0,1,37.5,0.308,102.88912520648967
2026-08-25 15:06:04.486738600+00:00,46.3095,22.0226,0.0,1,5.6,0.389,139.16759552985238
2026-08-25 15:06:14.843316100+00:00,46.2182,21.8413,0.0,1,-4.6,0.304,146.94635198885055
2026-08-25 15:06:47.067992600+00:00,46.3715,21.5324,0.0,1,5.8,0.385,129.19816292727927
2026-08-25 15:07:02.267691100+00:00,46.7732,23.0505,0.0,1,30.4,0.457,136.72062533045087
2026-08-25 15:07:14.029174500+00:00,46.7005,22.3369,0.0,1,18.0,0.378,106.87989113030099
2026-08-25 15:08:19.250619200+00:00,46.7339,23.1765,0.0,1,-5.1,0.527,146.96941607363158
2026-08-25 15:08:27.956056600+00:00,46.3702,21.5544,0.0,1,-4.0,0.13,129.26026293596712
2026-08-25 15:08:28.379534+00:00,46.3925,21.5775,0.0,1,5.8,0.336,126.71850144254212
2026-08-25 15:08:32.221383900+00:00,46.3767,21.6585,0.0,1,6.2,0.224,128.44084953998268
2026-08-25 15:08:47.795960200+00:00,46.7767,22.5019,0.0,1,-6.3,0.389,106.8616296248233
2026-08-25 15:08:59.236404500+00:00,46.2693,21.7044,0.0,1,4.6,0.361,140.48351241678827
2026-08-25 15:08:59.246771900+00:00,46.27,21.7029,0.0,1,-4.2,0.332,140.40103460436404
2026-08-25 15:08:59.247682400+00:00,46.2702,21.7045,0.0,1,-3.8,0.266,140.38383921017532
2026-08-25 15:08:59.248533600+00:00,46.2687,21.7036,0.0,1,-6.8,0.33,140.54765310116514
2026-08-25 15:08:59.252386700+00:00,46.2704,21.7036,0.0,1,4.8,0.297,140.35877903509785
2026-08-25 15:08:59.262778900+00:00,46.2661,21.7216,0.0,1,-4.1,0.313,140.89942860460056
2026-08-25 15:09:20.121279300+00:00,46.7229,22.9386,0.0,1,57.5,0.492,133.89130970561072
2026-08-25 15:09:51.992713700+00:00,46.4687,21.3276,0.0,1,-5.8,0.246,120.3542199263417
2026-08-25 15:09:52.284434400+00:00,46.4702,21.3251,0.0,1,-3.7,0.283,120.22636127209984
2026-08-25 15:10:04.835714100+00:00,46.7094,22.5659,0.0,1,-5.5,0.322,115.76491434831756
2026-08-25 15:10:22.404474600+00:00,46.7469,22.3941,0.0,1,26.4,0.3,104.77081326684386
2026-08-25 15:10:28.597148200+00:00,46.3755,21.5486,10.8,2,4.7,0.03,128.6911400382711
2026-08-25 15:10:43.571855200+00:00,46.23,21.8456,0.0,1,-5.7,0.402,145.6790427145042
2026-08-25 15:11:09.753599500+00:00,46.7621,23.1394,0.0,1,20.5,0.563,142.81762640889735
2026-08-25 15:11:09.815890900+00:00,46.7415,23.1572,0.0,1,5.2,0.548,145.2890130161644
2026-08-25 15:11:44.027176900+00:00,46.2759,21.7424,0.0,1,9.8,0.352,139.90096245015565
2026-08-25 15:11:44.034831700+00:00,46.2762,21.7443,0.0,1,7.2,0.328,139.87676444817777
2026-08-25 15:11:44.167658600+00:00,46.1937,21.7277,0.0,1,-19.8,0.327,148.96336052825333
2026-08-25 15:11:59.283044800+00:00,46.452,21.2364,0.0,1,5.9,0.203,123.65257741298511
2026-08-25 15:12:25.969156400+00:00,46.2366,21.8652,0.0,1,-7.8,0.398,145.12784441159062
2026-08-25 15:12:25.984971+00:00,46.234,21.872,0.0,1,-4.3,0.365,145.47990762283283
2026-08-25 15:12:26.377686800+00:00,46.7514,22.4193,0.0,1,-3.6,0.279,105.42419760855927
2026-08-25 15:12:26.641999800+00:00,46.7257,22.4524,0.0,1,-8.5,0.324,109.2075824260643
2026-08-25 15:13:13.236920800+00:00,46.4075,21.7086,0.0,1,4.5,0.265,125.14633007423681
2026-08-25 15:13:13.244463300+00:00,46.4076,21.7046,0.0,1,4.7,0.345,125.1206307190797
2026-08-25 15:13:13.346752500+00:00,46.6649,22.5816,0.0,1,4.6,0.324,120.43755741032574
2026-08-25 15:13:13.355165700+00:00,46.6646,22.5827,0.0,1,9.4,0.256,120.51431537912384
2026-08-25 15:13:13.429138800+00:00,46.4762,21.8182,0.0,1,-14.5,0.327,118.24444073861214
2026-08-25 15:13:13.501532100+00:00,46.6518,22.5998,0.0,1,19.9,0.342,122.43495046091425
2026-08-25 15:13:24.065498700+00:00,46.3568,22.086,0.0,1,-4.0,0.223,135.1925555680526
2026-08-25 15:13:24.075234400+00:00,46.3456,22.1183,0.0,1,4.6,0.407,137.0437477962066
2026-08-25 15:13:52.269974200+00:00,46.4758,21.3644,0.0,1,5.8,0.279,119.07998874847034
2026-08-25 15:14:02.485008900+00:00,46.373,21.5521,0.0,1,-9.5,0.302,128.95680501367704
2026-08-25 15:14:48.825584100+00:00,46.2259,21.856,0.0,1,-8.2,0.261,146.22389968246142
2026-08-25 15:14:48.967087300+00:00,46.2572,21.8441,0.0,1,-4.3,0.378,142.660947366857
2026-08-25 15:14:49.183829400+00:00,46.2589,21.8284,0.0,1,-9.6,0.259,142.3401776353623
2026-08-25 15:14:49.573001400+00:00,46.2581,21.8305,0.0,1,-7.9,0.263,142.44583611264417
2026-08-25 15:15:06.368760900+00:00,46.8192,22.2531,0.0,1,4.2,0.258,92.26232608069752
2026-08-25 15:15:06.369919900+00:00,46.8198,22.2484,0.0,1,-5.8,0.175,92.02318888734263
2026-08-25 15:15:25.653213500+00:00,46.8125,22.5734,0.0,1,-6.9,0.209,107.2744402199209
2026-08-25 15:15:31.103671600+00:00,46.2297,21.8596,0.0,1,-15.7,0.324,145.83715682753032
2026-08-25 15:15:31.223202600+00:00,46.2202,21.8584,0.0,1,-4.9,0.385,146.87504612356102
2026-08-25 15:15:53.791332500+00:00,46.482,21.3819,0.0,1,-8.1,0.198,118.18402843066512
2026-08-25 15:15:53.792276300+00:00,46.4829,21.3755,0.0,1,-4.5,0.152,118.16260732849373
2026-08-25 15:15:54.234291900+00:00,46.2466,21.8546,0.0,1,-6.8,0.251,143.92554026553424
2026-08-25 15:15:58.775482700+00:00,46.7397,22.6815,0.0,1,-9.1,0.377,118.79366528016229
2026-08-25 15:15:58.904039500+00:00,46.7367,22.6416,0.0,1,-18.2,0.366,117.04246803394538
2026-08-25 15:15:58.905804700+00:00,46.7405,22.6675,0.0,1,-11.3,0.416,118.01877683792354
2026-08-25 15:15:59.011418200+00:00,46.7368,22.6415,0.0,1,-13.7,0.335,117.02906565535622
2026-08-25 15:16:58.116404600+00:00,46.3904,21.7132,0.0,1,-3.4,0.242,127.06296331707321
2026-08-25 15:16:58.123321900+00:00,46.3923,21.7074,0.0,1,-6.7,0.246,126.83011142075698
2026-08-25 15:16:58.127773900+00:00,46.3934,21.7097,0.0,1,-5.4,0.252,126.7164268242598
2026-08-25 15:16:58.136117100+00:00,46.3909,21.7015,0.0,1,-4.0,0.335,126.96496650149962
2026-08-25 15:16:58.136711600+00:00,46.3878,21.6887,0.0,1,-5.5,0.284,127.27007757008609
2026-08-25 15:16:58.398160300+00:00,46.3939,21.7056,0.0,1,-10.4,0.289,126.64591847534275
2026-08-25 15:17:13.422916+00:00,46.7434,23.1419,0.0,1,52.4,0.5,144.2389599654782
2026-08-25 15:17:36.365072200+00:00,46.2524,21.8747,0.0,1,-6.9,0.387,143.47726883379448
2026-08-25 15:17:38.407499100+00:00,46.4196,21.5717,0.0,1,3.1,0.346,123.7206827930775
2026-08-25 15:17:38.410368500+00:00,46.4257,21.5736,0.0,1,5.3,0.212,123.03792563509353
2026-08-25 15:17:41.725854+00:00,46.7873,22.2827,0.0,1,-6.2,0.31,96.4624286909664
2026-08-25 15:17:41.881716900+00:00,46.7777,22.2543,0.0,1,-4.3,0.106,96.30706750093952
2026-08-25 15:17:41.971729900+00:00,46.6857,22.374,0.0,1,7.7,0.158,109.72877211165002
2026-08-25 15:17:55.619557200+00:00,46.3498,21.5829,0.0,1,-5.4,0.268,131.45338253065307
2026-08-25 15:17:55.630024600+00:00,46.3543,21.5843,0.0,1,-4.0,0.222,130.95047479191007
2026-08-25 15:17:55.679245600+00:00,46.3307,21.5888,0.0,1,-9.5,0.189,133.5659786909977
2026-08-25 15:17:55.964982800+00:00,46.3485,21.5904,0.0,1,-6.6,0.278,131.5845377936938
2026-08-25 15:18:00.636248200+00:00,46.7842,23.2381,0.0,1,26.1,0.581,147.4411485984893
2026-08-25 15:18:11.435199700+00:00,46.7442,22.6755,0.0,1,15.6,0.373,118.11590923489156
2026-08-25 15:18:11.450664500+00:00,46.7452,22.6879,0.0,1,-4.4,0.434,118.6649872497293
2026-08-25 15:18:27.030934400+00:00,46.3349,21.8615,0.0,1,-8.9,0.325,134.24973201446062
2026-08-25 15:18:27.046302100+00:00,46.3287,21.8729,0.0,1,3.6,0.353,135.05002725837815
2026-08-25 15:18:27.101360900+00:00,46.3488,21.9871,0.0,1,-3.3,0.072,134.32760634484654
2026-08-25 15:18:30.840722100+00:00,46.7013,22.6361,0.0,1,-4.4,0.439,119.79340266305388
2026-08-25 15:19:04.431558+00:00,46.8336,22.075,0.0,1,-29.4,0.195,84.66807968317472
2026-08-25 15:19:04.431769600+00:00,46.8343,22.0784,0.0,1,-15.4,0.156,84.69973632573682
2026-08-25 15:19:39.775876500+00:00,46.4896,21.3882,0.0,1,-6.1,0.146,117.27457614925387
2026-08-25 15:19:39.805583+00:00,46.5059,21.4143,0.0,1,5.6,0.199,115.18985456601227
2026-08-25 15:20:03.827975900+00:00,46.7913,23.2597,0.0,1,6.2,0.462,148.34658433387239
2026-08-25 15:20:10.175174300+00:00,46.2827,21.8562,0.0,1,-7.8,0.303,139.955580400678
2026-08-25 15:20:10.289954+00:00,46.2823,21.8705,0.0,1,-11.7,0.257,140.13877064784475
2026-08-25 15:20:30.936182700+00:00,46.7335,22.8557,0.0,1,-3.8,0.48,128.49005598344834
2026-08-25 15:20:32.579279600+00:00,46.7396,22.6539,0.0,1,-5.9,0.368,117.4109841611939
2026-08-25 15:20:33.535861900+00:00,46.4174,21.5771,0.0,1,5.1,0.289,123.95190896074674
2026-08-25 15:20:33.542080300+00:00,46.4183,21.5776,0.0,1,3.9,0.132,123.85071922727907
2026-08-25 15:20:46.660372800+00:00,46.3572,21.5905,0.0,1,-15.2,0.318,130.61719541878722
2026-08-25 15:20:46.668347200+00:00,46.3588,21.5937,0.0,1,-4.2,0.296,130.4343477288237
2026-08-25 15:20:47.036871400+00:00,46.3636,21.5612,0.0,1,-35.9,0.264,129.9725476185283
2026-08-25 15:20:47.068278400+00:00,46.4053,21.6261,0.0,1,-5.8,0.343,125.23887897614512
2026-08-25 15:20:47.092239+00:00,46.3592,21.5719,0.0,1,-12.6,0.264,130.43273859456252
2026-08-25 15:20:47.147626900+00:00,46.3585,21.5712,0.0,1,-17.8,0.274,130.51225836152472
2026-08-25 15:20:47.207225700+00:00,46.3557,21.5724,6.1,2,-14.5,0.089,130.8205089093691
2026-08-25 15:20:47.428600900+00:00,46.3587,21.5725,0.0,1,-7.4,0.184,130.48684799002905
2026-08-25 15:21:11.241265900+00:00,46.418,21.753,0.0,1,3.9,0.303,124.19333499994353
2026-08-25 15:21:18.340746900+00:00,46.8052,22.272,0.0,1,-8.9,0.438,94.3355275025323
2026-08-25 15:21:19.241318100+00:00,46.832,22.6423,0.0,1,7.4,0.325,109.25017567065927
2026-08-25 15:21:20.943020500+00:00,46.7652,22.5948,0.0,1,-9.3,0.418,112.3176926317686
2026-08-25 15:21:21.032430600+00:00,46.7641,22.5988,0.0,1,5.5,0.397,112.60812206762158
2026-08-25 15:21:21.038753200+00:00,46.7629,22.6099,0.0,1,-19.3,0.348,113.25874764595157
2026-08-25 15:21:21.172896400+00:00,46.7641,22.6068,0.0,1,-32.7,0.367,113.00373613761245
2026-08-25 15:21:21.223275800+00:00,46.7638,22.6086,0.0,1,-22.8,0.39,113.1183157142685
2026-08-25 15:21:21.303584500+00:00,46.7627,22.6115,0.0,1,-11.9,0.307,113.35503009473878
2026-08-25 15:22:09.352178900+00:00,46.4263,21.5784,0.0,1,6.1,0.286,122.95972077067603
2026-08-25 15:22:09.371170700+00:00,46.4285,21.5731,0.0,1,7.3,0.308,122.7280122745025
2026-08-25 15:22:54.251129200+00:00,46.3628,21.8955,0.0,1,4.9,0.372,131.5493394328106
2026-08-25 15:22:56.480039300+00:00,46.3866,21.7402,0.0,1,-10.9,0.417,127.60613855120462
2026-08-25 15:22:56.487440900+00:00,46.4535,21.595,0.0,1,7.1,0.27,119.90427612487221
2026-08-25 15:22:56.624785800+00:00,46.4157,21.5795,0.0,1,-6.2,0.298,124.13540042852925
2026-08-25 15:23:16.008135300+00:00,46.8263,22.2885,0.0,1,-17.3,0.325,92.99367212304699
2026-08-25 15:23:16.008487200+00:00,46.8259,22.2835,0.0,1,-7.7,0.354,92.82884720169879
2026-08-25 15:23:16.014098800+00:00,46.8246,22.2878,0.0,1,-6.1,0.325,93.1252010808244
2026-08-25 15:23:16.368877700+00:00,46.8271,22.2847,0.0,1,-4.5,0.262,92.76432603104516
2026-08-25 15:23:30.746489300+00:00,46.8311,22.6461,0.0,1,7.3,0.351,109.5236054099949
2026-08-25 15:23:47.721609600+00:00,46.368,21.6077,0.0,1,7.7,0.38,129.39496858745218
2026-08-25 15:23:47.750917200+00:00,46.3583,21.5864,0.0,1,-4.5,0.248,130.50194127012844
2026-08-25 15:24:25.541124100+00:00,46.4366,21.5827,0.0,1,4.5,0.166,121.80543333648387
2026-08-25 15:24:25.541817900+00:00,46.4397,21.5756,0.0,1,14.1,0.26,121.47705172824703
2026-08-25 15:24:25.547812200+00:00,46.4354,21.5849,0.0,1,3.7,0.198,121.93430118278117
2026-08-25 15:24:49.467766700+00:00,46.2637,21.889,0.0,1,-10.3,0.381,142.37907506708748
2026-08-25 15:24:49.568841800+00:00,46.2639,21.8924,0.0,1,-13.9,0.356,142.39335479485024
2026-08-25 15:25:10.165918100+00:00,46.3952,21.833,0.0,1,5.0,0.281,127.32229415944504
2026-08-25 15:25:10.225948200+00:00,46.3978,21.9436,0.0,1,-3.7,0.383,128.33698877749518
2026-08-25 15:25:46.998182200+00:00,46.8074,22.6076,0.0,1,6.7,0.483,109.43379284600344
2026-08-25 15:25:53.032271300+00:00,46.3746,21.9355,0.0,1,-6.4,0.255,130.7616627584736
2026-08-25 15:26:13.970087100+00:00,46.2965,21.9366,0.0,1,-3.6,0.24,139.3314599761664
2026-08-25 15:26:14.134555400+00:00,46.3235,21.953,0.0,1,-5.9,0.334,136.5920751557028
2026-08-25 15:26:38.927175200+00:00,46.781,23.2747,0.0,1,-5.0,0.55,149.93578327416824
2026-08-25 15:26:39.159172800+00:00,46.7877,23.2808,0.0,1,11.0,0.476,149.90024802319655
2026-08-25 15:26:54.728984300+00:00,46.4336,21.7439,0.0,1,6.0,0.294,122.411971521809
2026-08-25 15:27:45.828458700+00:00,46.5074,21.4187,0.0,1,-4.8,0.202,114.97833644677708
2026-08-25 15:27:45.836489+00:00,46.5116,21.4175,0.0,1,-4.6,0.232,114.5282831175149
2026-08-25 15:27:57.077823600+00:00,46.3299,21.9639,0.0,1,-6.7,0.211,136.0450242043736
2026-08-25 15:28:05.123846500+00:00,46.8115,22.6285,0.0,1,-8.0,0.421,110.17591840372724
2026-08-25 15:28:05.284631400+00:00,46.8128,22.6247,0.0,1,-18.0,0.368,109.8729929982
2026-08-25 15:28:05.385142400+00:00,46.8109,22.6333,0.0,1,-5.7,0.445,110.4741302475415
2026-08-25 15:28:17.681263200+00:00,46.3798,21.7104,0.0,1,-3.8,0.227,128.22949739652162
2026-08-25 15:28:17.690147400+00:00,46.3988,21.6998,0.0,1,-8.6,0.332,126.08168441740618
2026-08-25 15:28:17.694110100+00:00,46.3872,21.7847,0.0,1,4.5,0.272,127.81083876687629
2026-08-25 15:28:33.208775900+00:00,46.817,22.7439,0.0,1,-7.5,0.432,115.91711010031143
2026-08-25 15:28:43.257452200+00:00,46.9069,22.0915,0.0,1,7.5,0.257,77.8085043348748
2026-08-25 15:28:43.292212700+00:00,46.8961,22.0178,0.0,1,5.0,0.285,76.57252567366702
2026-08-25 15:28:43.293392500+00:00,46.8953,22.0999,0.0,1,-5.9,0.299,79.24759409430087
2026-08-25 15:28:51.154572400+00:00,46.3182,21.9513,0.0,1,4.5,0.325,137.14871123607045
2026-08-25 15:28:58.654999400+00:00,46.2719,21.9249,0.0,1,-3.8,0.347,141.88499001007187
2026-08-25 15:29:10.168911400+00:00,46.4238,21.7596,0.0,1,6.8,0.312,123.58993046774938
2026-08-25 15:29:10.172364200+00:00,46.4164,21.7479,0.0,1,9.0,0.303,124.3416638273864
2026-08-25 15:29:10.182978800+00:00,46.4236,21.7582,0.0,1,4.2,0.338,123.60351967313184
2026-08-25 15:29:10.435210600+00:00,46.3938,21.6438,0.0,1,-3.3,0.222,126.52378273941675
2026-08-25 15:29:10.739836+00:00,46.4688,21.5861,0.0,1,-5.2,0.277,118.2192566214165
2026-08-25 15:29:17.126735100+00:00,46.8916,22.6835,0.0,1,15.7,0.364,106.9051070718577
2026-08-25 15:29:33.705354300+00:00,46.2965,21.9301,0.0,1,5.4,0.254,139.24907630364444
2026-08-25 15:29:33.706259500+00:00,46.2879,21.928,11.6,2,5.2,0.076,140.1665279917378
2026-08-25 15:29:33.795302100+00:00,46.309,21.9414,0.0,1,7.9,0.268,138.0236890775218
2026-08-25 15:29:55.021437400+00:00,46.8048,23.2873,0.0,1,25.9,0.603,149.25553429502736
2026-08-25 15:29:59.553342100+00:00,46.8338,22.6828,0.0,1,-5.7,0.318,111.27986776661002
2026-08-25 15:29:59.641601900+00:00,46.8094,22.7027,0.0,1,-6.7,0.277,114.26633801154063
2026-08-25 15:29:59.978110200+00:00,46.8093,22.7004,9.9,2,-20.5,0.229,114.15060140675958
2026-08-25 15:30:17.439644+00:00,46.3922,21.6736,0.0,1,7.5,0.176,126.744205067369
2026-08-25 15:30:17.446945900+00:00,46.3929,21.6625,0.0,1,5.2,0.245,126.64583376691185
2026-08-25 15:30:17.451200300+00:00,46.3919,21.6794,0.0,1,5.0,0.204,126.79051153390294
2026-08-25 15:30:17.742920800+00:00,46.3902,21.7243,0.0,1,8.2,0.293,127.13116128443
2026-08-25 15:30:35.499284100+00:00,46.8878,22.6937,0.0,1,10.3,0.376,107.76361358515757
2026-08-25 15:30:43.318117400+00:00,46.7996,22.7603,0.0,1,6.5,0.42,118.15729336489989
2026-08-25 15:30:43.606902100+00:00,46.7728,22.8446,0.0,1,-21.9,0.507,124.86646092003735
2026-08-25 15:30:49.768720200+00:00,46.314,21.9596,0.0,1,5.5,0.3,137.7224380608215
2026-08-25 15:30:49.775636800+00:00,46.3154,21.9536,6.5,2,4.0,0.038,137.486500639445
2026-08-25 15:30:49.779978300+00:00,46.3092,21.9652,0.0,1,4.7,0.374,138.32563559184072
2026-08-25 15:32:32.792440300+00:00,46.3149,21.9899,0.0,1,-9.5,0.354,138.0644277813831
2026-08-25 15:33:31.129346700+00:00,46.9074,22.7325,0.0,1,-8.6,0.311,108.5535476539155
2026-08-25 15:33:38.481343400+00:00,47.1565,22.4684,0.0,1,-11.2,0.32,75.86605459722452
2026-08-25 15:33:38.552567700+00:00,47.0916,22.4625,0.0,1,55.3,0.346,79.73977345660533
2026-08-25 15:33:47.675666200+00:00,46.3328,22.0012,0.0,1,-5.0,0.342,136.28980308213437
2026-08-25 15:34:55.007125500+00:00,46.3002,21.9524,0.0,1,-4.0,0.377,139.13373676019884
2026-08-25 15:34:59.998258500+00:00,46.4173,21.6859,0.0,1,-12.3,0.296,123.98423815278792
2026-08-25 15:34:59.999917200+00:00,46.41,21.7003,0.0,1,5.6,0.273,124.8391513205092
2026-08-25 15:35:00.006551800+00:00,46.4123,21.6942,0.0,1,8.2,0.211,124.56393396523562
2026-08-25 15:35:00.143842500+00:00,46.4457,21.9852,14.3,2,-4.6,0.123,123.76023570711708
2026-08-25 15:35:00.440703300+00:00,46.4319,21.9418,0.0,1,9.3,0.261,124.5864839423993
2026-08-25 15:35:00.902697700+00:00,46.3729,22.0214,12.4,2,-37.7,0.124,132.2679436135285
2026-08-25 15:35:00.923776500+00:00,46.3737,22.0212,0.0,1,-6.1,0.311,132.1778097016414
2026-08-25 15:35:00.968926700+00:00,46.3742,22.0213,0.0,1,-15.4,0.35,132.12533988461803
2026-08-25 15:35:01.030049+00:00,46.3772,22.0149,0.0,1,-21.5,0.369,131.69089740977202
2026-08-25 15:35:01.089226900+00:00,46.3706,22.0292,0.0,1,-6.2,0.32,132.6521024812907
2026-08-25 15:35:02.028610700+00:00,46.84,23.2762,0.0,1,-6.3,0.588,146.4234227729919
2026-08-25 15:35:02.127414600+00:00,46.8444,23.2944,0.0,1,27.1,0.616,147.33675572099088
2026-08-25 15:35:22.069196800+00:00,46.5198,21.4157,0.0,1,-4.9,0.158,113.64439231963044
2026-08-25 15:36:04.343958200+00:00,46.8445,22.7123,0.0,1,74.5,0.39,112.0681533609039
2026-08-25 15:36:42.120009800+00:00,46.3271,22.0252,0.0,1,6.3,0.341,137.29952829240975
2026-08-25 15:37:15.900226800+00:00,46.3281,21.9569,0.0,1,-7.4,0.429,136.14299483918313
2026-08-25 15:37:15.900683500+00:00,46.323,21.9734,0.0,1,-6.7,0.61,136.93559408399264
2026-08-25 15:37:18.447193400+00:00,46.8476,22.7448,0.0,1,17.9,0.403,113.64431041591793
2026-08-25 15:37:18.540836900+00:00,46.847,22.7474,0.0,1,4.8,0.535,113.83531874136007
2026-08-25 15:38:00.283243+00:00,46.9196,22.7357,0.0,1,-12.2,0.409,107.87120663924371
2026-08-25 15:38:16.158376100+00:00,46.3429,21.9683,0.0,1,-3.6,0.395,134.68872390617395
2026-08-25 15:38:29.435866200+00:00,46.3401,22.0403,0.0,1,6.9,0.324,136.1484247087176
2026-08-25 15:38:29.436464800+00:00,46.3424,22.036,0.0,1,5.3,0.336,135.82446552569994
2026-08-25 15:38:38.915257200+00:00,46.4304,21.7683,0.0,1,8.3,0.298,122.91410106333402
2026-08-25 15:38:38.925969700+00:00,46.4333,21.7692,0.0,1,22.1,0.368,122.59881213409231
2026-08-25 15:38:38.933580+00:00,46.434,21.7653,0.0,1,8.1,0.284,122.49563563302691
2026-08-25 15:39:04.332854100+00:00,47.0829,22.5449,0.0,1,-19.5,0.324,85.29771540239194
2026-08-25 15:39:04.446418600+00:00,47.1147,22.5577,0.0,1,4.5,0.253,84.06472744342405
2026-08-25 15:40:19.070600+00:00,46.3456,22.001,0.0,1,-6.0,0.282,134.89415395648487
2026-08-25 15:40:19.083579600+00:00,46.3307,22.0086,0.0,1,-6.6,0.315,136.63625524172375
2026-08-25 15:40:19.095822700+00:00,46.3284,22.0047,0.0,1,-4.8,0.407,136.82401483359885
2026-08-25 15:40:34.333308+00:00,46.9209,22.6853,0.0,1,-4.8,2.987,104.85139175540886
2026-08-25 15:40:34.349041500+00:00,46.9277,22.7652,0.0,1,-19.9,0.422,109.0465323505039
2026-08-25 15:40:34.387813100+00:00,46.9115,22.7291,0.0,1,-4.1,0.423,108.06233057305806
2026-08-25 15:40:34.423376600+00:00,46.9376,22.7213,0.0,1,42.7,0.396,105.75754420962875
2026-08-25 15:40:34.506416500+00:00,46.9373,22.7231,0.0,1,29.6,0.423,105.88470971993134
2026-08-25 15:40:35.436324200+00:00,46.8711,22.7199,0.0,1,27.2,0.336,110.48605219577752
2026-08-25 15:41:47.779527+00:00,46.3506,22.0202,0.0,1,-6.7,0.334,134.6656825641102
2026-08-25 15:41:47.781873+00:00,46.3574,22.023,14.5,2,-5.2,0.05,133.97551483234727
2026-08-25 15:41:55.184489500+00:00,46.8664,22.7369,0.0,1,56.2,0.348,111.79661802950135
2026-08-25 15:43:05.982649800+00:00,47.193,22.5383,0.0,1,18.2,0.309,78.26592831205024
2026-08-25 15:43:05.983129100+00:00,47.1908,22.5464,0.0,1,-7.2,0.246,78.91975029813882
2026-08-25 15:43:05.984109900+00:00,47.2048,22.55,0.0,1,-5.3,0.328,78.41621821872415
2026-08-25 15:43:06.006724300+00:00,47.1926,22.5459,0.0,1,-5.9,0.35,78.78973438698635
2026-08-25 15:44:00.080645300+00:00,47.0183,22.5655,0.0,1,5.2,0.451,90.92568147651122
2026-08-25 15:45:15.163965+00:00,46.3746,22.052,0.0,1,21.3,0.36,132.62890951742
2026-08-25 15:45:15.164292400+00:00,46.3773,22.051,0.0,1,-23.9,0.518,132.3190451035957
2026-08-25 15:45:15.176914200+00:00,46.3797,22.052,0.0,1,-9.9,0.347,132.07851981061984
2026-08-25 15:45:15.177331100+00:00,46.3788,22.069,0.0,1,-4.2,0.309,132.49615836555785
2026-08-25 15:45:15.183779700+00:00,46.3823,22.0338,0.0,1,7.7,0.407,131.4670406300336
2026-08-25 15:45:53.291221+00:00,47.2151,22.5651,0.0,1,-8.6,0.27,78.90208637687894
2026-08-25 15:47:08.171730800+00:00,47.047,22.6287,0.0,1,-6.5,0.368,92.77910508610405
2026-08-25 15:47:46.240885300+00:00,46.3963,22.1416,0.0,1,-5.3,0.372,132.13403910599453
2026-08-25 15:47:46.241653700+00:00,46.3969,22.1409,0.0,1,-20.9,0.377,132.05455080348176
2026-08-25 15:47:46.243010100+00:00,46.4038,22.1619,0.0,1,-8.9,0.397,131.8025526781096
2026-08-25 15:47:46.243466100+00:00,46.4055,22.1575,0.0,1,-5.4,0.449,131.52001547798807
2026-08-25 15:47:46.244342600+00:00,46.4263,21.9518,0.0,1,6.4,0.398,125.34471443991151
2026-08-25 15:47:46.346941600+00:00,46.4699,22.2356,0.0,1,57.9,0.345,126.74698799173326
2026-08-25 15:47:46.348118300+00:00,46.4866,21.8297,0.0,1,-4.7,0.294,117.20758707058826
2026-08-25 15:49:08.156796100+00:00,47.2166,22.5642,0.0,1,-10.1,0.328,78.76622928886407
2026-08-25 15:49:35.568958300+00:00,46.4163,22.0642,0.0,1,-11.3,0.266,128.3688075607266
2026-08-25 15:49:40.737775700+00:00,47.0573,22.635,11.8,2,10.5,0.22,92.50256739351263
2026-08-25 15:50:13.428004400+00:00,47.2492,22.6092,0.0,1,-9.9,0.316,80.30911130561884
2026-08-25 15:50:36.396587200+00:00,46.9916,22.8096,0.0,1,-22.4,0.363,107.54132224842586
2026-08-25 15:53:41.704630400+00:00,47.073,22.6206,0.0,1,-5.2,0.238,90.60959982495564
2026-08-25 15:54:54.781343500+00:00,47.0524,22.6906,0.0,1,8.2,0.395,96.28061359196725
2026-08-25 15:57:19.424912200+00:00,46.452,22.1915,11.3,2,6.3,0.137,127.44412365838656
2026-08-25 15:57:19.428819900+00:00,46.4622,22.2416,0.0,1,-8.3,0.259,127.71131084044865
2026-08-25 15:58:33.209169200+00:00,46.9486,22.7787,0.0,1,58.5,0.168,108.43278711756875
2026-08-25 15:59:17.104468100+00:00,47.0529,22.7582,0.0,1,5.5,0.338,100.53664227345149
2026-08-25 15:59:17.121025500+00:00,47.0524,22.7518,0.0,1,-7.3,0.582,100.15741050438382
2026-08-25 15:59:17.432590700+00:00,47.0504,22.7351,0.0,1,-6.4,0.377,99.21433096441336
2026-08-25 15:59:41.512612400+00:00,47.0659,22.7361,0.0,1,-12.4,0.418,98.34929175933668
2026-08-25 16:00:41.509189200+00:00,47.0507,22.6794,10.6,2,-6.3,0.183,95.68480297142754
2026-08-25 16:01:42.377860300+00:00,46.3953,21.8488,0.0,1,19.2,0.375,127.4638018163072
2026-08-25 16:01:42.395983+00:00,46.3896,21.8549,0.0,1,-4.8,0.353,128.15378583126767
2026-08-25 16:01:42.396647500+00:00,46.4012,21.8509,0.0,1,-8.8,0.275,126.83460472617536
2026-08-25 16:02:59.658133300+00:00,47.06,22.7347,0.0,1,-9.0,0.462,98.6107992172817
2026-08-25 16:03:27.480066800+00:00,47.0321,22.8391,0.0,1,32.5,0.473,106.95982081025512
2026-08-25 16:03:27.480330300+00:00,47.0282,22.8396,0.0,1,-14.0,0.31,107.22067462596101
2026-08-25 16:03:27.498105500+00:00,47.0265,22.8322,0.0,1,-5.7,0.311,106.84545470041553
2026-08-25 16:03:27.610883700+00:00,47.0166,22.8875,13.5,2,-11.6,0.203,110.98748611290314
2026-08-25 16:05:26.871002100+00:00,47.0742,22.7319,0.0,1,7.2,0.363,97.59050534698726
2026-08-25 16:05:27.197022600+00:00,47.062,22.7364,0.0,1,-5.7,0.382,98.60010471659598
2026-08-25 16:05:27.389511800+00:00,47.0751,22.8006,0.0,1,5.6,0.417,101.99667193567441
2026-08-25 16:05:27.390247200+00:00,47.0768,22.7972,0.0,1,5.0,0.482,101.6790211678453
2026-08-25 16:06:24.668813600+00:00,46.4066,21.8931,0.0,1,-13.5,0.323,126.70948381516101
2026-08-25 16:09:39.128629100+00:00,47.3082,22.778,0.0,1,-59.5,0.449,90.0672482201276
2026-08-25 16:09:39.128854700+00:00,47.3087,22.7778,0.0,1,-21.6,0.427,90.0370703319206
2026-08-25 16:09:39.130243100+00:00,47.3066,22.7863,0.0,1,20.5,0.299,90.71781329276038
2026-08-25 16:09:39.137862100+00:00,47.3054,22.7828,0.0,1,13.1,0.399,90.5026723127861
2026-08-25 16:09:39.141834800+00:00,47.307,22.7751,0.0,1,-7.5,0.365,89.89547260749498
2026-08-25 16:11:44.011502+00:00,46.4435,21.9261,0.0,1,-17.4,0.349,123.09545068537705
2026-08-25 16:11:44.011749+00:00,46.4499,21.9159,0.0,1,14.3,0.288,122.25492129084215
2026-08-25 16:13:51.948512700+00:00,47.1291,22.782,0.0,1,-9.7,0.37,97.85657728839321
2026-08-25 16:13:51.989239400+00:00,47.1384,22.8033,0.0,1,97.7,0.467,98.81796488736714
2026-08-25 16:13:52.096304600+00:00,47.1582,22.8166,0.0,1,8.8,0.346,98.75705432104449
2026-08-25 16:13:52.327476100+00:00,47.1283,22.7437,0.0,1,6.0,0.427,95.34130609289855
2026-08-25 16:17:10.501096400+00:00,47.1281,22.7724,0.0,1,-12.7,0.326,97.26573356073789
2026-08-25 16:17:10.585037500+00:00,47.1374,22.7846,0.0,1,37.2,0.399,97.60686612251047
2026-08-25 16:17:10.657787600+00:00,47.3023,22.8496,0.0,1,-7.0,0.465,95.4348181664845
2026-08-25 16:17:10.810726800+00:00,47.3016,22.8762,0.0,1,-12.3,0.309,97.38589166919856
2026-08-25 16:20:01.546282800+00:00,47.0271,23.4645,0.0,1,-10.5,0.504,149.5114810220085
2026-08-25 16:20:07.608641600+00:00,47.447,23.0991,0.0,1,-5.9,0.109,110.98508343094083
2026-08-25 16:20:07.608957400+00:00,47.4471,23.1027,0.0,1,-7.0,0.416,111.25355050782198
2026-08-25 16:21:14.253764700+00:00,47.2969,22.9021,0.0,1,153.8,0.383,99.40754400520272
2026-08-25 16:21:14.446422500+00:00,47.353,22.8776,0.0,1,-7.3,0.479,96.10164481270147
2026-08-25 16:23:57.280346300+00:00,47.367,22.9684,0.0,1,-19.8,0.375,102.48972348287347
2026-08-25 16:23:57.312176400+00:00,47.3575,22.937,0.0,1,71.8,0.348,100.3746388893751
2026-08-25 16:23:57.328411700+00:00,47.3575,22.9405,0.0,1,11.3,0.316,100.63290559724939
2026-08-25 16:26:04.520792300+00:00,47.3705,22.9942,0.0,1,10.7,0.212,104.32817303284386
2026-08-25 16:26:04.547381800+00:00,47.3673,23.0056,0.0,1,-5.2,0.521,105.23699130058087
2026-08-25 16:27:14.644582300+00:00,47.459,23.1676,0.0,1,28.1,0.626,116.00040110136786
2026-08-25 16:33:13.372873600+00:00,47.4622,23.2159,0.0,1,58.8,0.472,119.5933002423874
2026-08-25 16:35:14.804851500+00:00,47.4697,23.2213,0.0,1,25.3,0.489,119.93884443187847
2026-08-25 16:35:14.805007600+00:00,47.4703,23.2143,0.0,1,22.7,0.429,119.40938695734192
2026-08-25 16:35:14.850512+00:00,47.4431,23.1753,0.0,1,-9.4,0.529,116.73075424035038
2026-08-25 16:36:38.354143800+00:00,47.4703,23.2296,0.0,1,10.1,0.581,120.55681898612734
2026-08-25 16:36:38.354604100+00:00,47.4709,23.2357,0.0,1,-9.1,0.644,121.00987297427578
2026-08-25 16:42:29.105964100+00:00,47.4676,23.2578,0.0,1,-7.9,0.318,122.69197185049659
2026-08-25 16:42:29.106219200+00:00,47.4691,23.2709,0.0,1,6.7,0.533,123.6631366831778
2026-08-25 16:42:29.107026400+00:00,47.4725,23.2801,0.0,1,-6.3,0.395,124.32856368084042
2026-08-25 16:46:22.172101700+00:00,47.4826,23.3119,0.0,1,-16.0,0.322,126.64850903324093
2026-08-25 16:46:22.172448+00:00,47.4825,23.3071,0.0,1,6.2,0.533,126.28892735933104
2026-08-25 16:46:22.173407+00:00,47.4862,23.3264,0.0,1,6.9,0.546,127.71574998947959
2026-08-25 16:46:22.180585100+00:00,47.4837,23.3085,0.0,1,21.9,0.483,126.38684509313774
2026-08-25 17:06:31.311504900+00:00,47.4815,23.5697,0.0,1,-15.8,0.852,146.00166314490545
2026-08-26 10:31:44.838435400+00:00,46.6673,22.9103,9.5,2,20.9,0.254,136.62570160840093
2026-08-26 10:31:44.861802500+00:00,46.6693,22.8919,0.0,1,5.6,0.535,135.48064302146702
2026-08-26 10:35:32.838523+00:00,46.6956,22.8876,0.0,1,25.9,0.384,133.17696717708958
2026-08-26 10:35:32.838780100+00:00,46.6938,22.8998,0.0,1,17.1,0.564,133.97982480837643
2026-08-26 10:35:32.854372+00:00,46.6932,22.8916,0.0,1,6.4,0.444,133.5815141485669
2026-08-26 10:35:33.019679100+00:00,46.6806,22.9364,5.6,2,-5.0,0.143,137.00238709170458
2026-08-26 10:39:54.870700600+00:00,47.0888,22.6505,0.0,1,-22.9,0.32,91.51523309084806
2026-08-26 10:39:54.871403600+00:00,47.0876,22.6458,0.0,1,-4.6,0.307,91.28957388735705
2026-08-26 10:40:11.003466800+00:00,46.6895,22.9277,0.0,1,15.6,0.51,135.83708123176115
2026-08-26 10:40:11.003762800+00:00,46.6915,22.9143,0.0,1,50.6,0.373,134.94895559808876
2026-08-26 10:40:11.013021100+00:00,46.693,22.9272,0.0,1,4.5,0.167,135.53931194637354
2026-08-26 10:40:11.019470200+00:00,46.6821,22.8979,0.0,1,-5.8,0.327,134.79253373966947
2026-08-26 10:44:51.375950200+00:00,46.6045,22.9597,0.0,1,-11.5,0.5,144.25530699438914
2026-08-26 10:46:24.046605700+00:00,46.6104,22.9468,0.0,1,7.6,0.198,143.0994820093606
2026-08-26 10:48:31.449340400+00:00,46.6092,22.9749,0.0,1,-7.8,0.395,144.68878614303512
2026-08-26 10:57:04.331351500+00:00,46.6108,22.9923,0.0,1,-5.4,0.573,145.49483637688095
2026-08-26 10:57:04.373337700+00:00,46.6088,23.0236,0.0,1,-4.8,0.401,147.34448662441048
2026-08-26 10:57:04.437937900+00:00,46.6029,23.0133,0.0,1,-6.6,0.425,147.2491749186882
2026-08-26 10:58:27.254595500+00:00,46.6235,22.9984,0.0,1,-6.9,0.501,144.8265658423408
2026-08-26 11:02:29.970066+00:00,46.5946,23.0515,0.0,1,-4.3,0.426,149.97095395498766
2026-08-26 11:02:30.105852900+00:00,46.6069,23.0348,0.0,1,-9.6,0.44,148.1023021273974
2026-08-26 11:03:46.196694400+00:00,46.5884,23.0124,0.0,1,-12.3,0.459,148.34612915817377
2026-08-26 11:03:46.331569500+00:00,46.6014,23.0298,0.0,1,-6.0,0.627,148.2599222143571
2026-08-26 11:04:52.550013400+00:00,46.5769,23.0144,0.0,1,-9.7,0.565,149.36732771695594
2026-08-26 11:07:13.304436200+00:00,46.5864,23.0315,0.0,1,-13.4,0.62,149.53039641977492
2026-08-26 11:07:37.122629200+00:00,46.6084,23.0594,0.0,1,-6.0,0.404,149.33290129406478
2026-08-26 11:13:38.073069300+00:00,46.7298,22.9643,0.0,1,6.2,0.631,134.82460270841966
2026-08-26 11:15:27.433672600+00:00,46.7277,22.9606,0.0,1,-8.9,0.352,134.7710227790587
2026-08-26 11:15:27.434142500+00:00,46.7279,22.9538,0.0,1,-6.6,0.335,134.37156834741373
2026-08-26 11:17:30.442364900+00:00,46.7341,22.9694,0.0,1,-10.9,0.368,134.79614987479357
2026-08-26 11:17:30.524624900+00:00,46.7491,22.9969,0.0,1,-6.3,0.491,135.27985821048048
2026-08-26 11:21:42.945042500+00:00,46.7353,22.9961,10.5,2,-11.0,0.032,136.23601343374077
2026-08-26 11:21:43.011638200+00:00,46.7068,22.9779,0.0,1,-8.2,0.455,137.3093752972009
2026-08-26 11:23:27.086157400+00:00,46.764,22.9705,0.0,1,4.2,0.394,132.6745897046722
2026-08-26 11:24:12.039685800+00:00,46.7519,22.9619,0.0,1,-8.2,0.681,133.05879315865795
2026-08-26 11:27:38.851061400+00:00,46.761,22.9235,0.0,1,-6.4,0.77,130.1950735952455
2026-08-26 11:27:38.856171800+00:00,46.757,22.9277,0.0,1,9.7,0.451,130.72974744703865
2026-08-26 11:27:38.862111700+00:00,46.7577,22.9338,0.0,1,5.3,0.469,131.02551044070987
2026-08-26 11:30:36.555033100+00:00,46.7579,22.9863,0.0,1,6.7,0.613,134.03038112885326
2026-08-26 11:32:21.530604900+00:00,47.0729,22.5857,0.0,1,-6.2,0.326,88.4532338904376
2026-08-26 11:32:45.764454600+00:00,46.7535,23.0062,0.0,1,4.6,0.479,135.5029760070868
2026-08-26 11:32:45.777604900+00:00,46.7678,22.9464,0.0,1,-7.0,0.285,131.0075829755766
2026-08-26 11:34:52.444489300+00:00,47.0746,22.6,0.0,1,-10.0,0.379,89.22758039087478
2026-08-26 11:37:12.251462800+00:00,46.7589,23.0156,0.0,1,-14.0,0.517,135.66568899156763
2026-08-26 11:37:12.276012100+00:00,46.7507,22.9984,0.0,1,-13.7,0.717,135.25127029467174
2026-08-26 11:39:18.626028500+00:00,47.0808,22.6415,0.0,1,-8.7,0.255,91.43350173115316
2026-08-26 11:39:18.684545100+00:00,47.0694,22.6566,0.0,1,-4.4,0.345,93.08855969025112
2026-08-26 11:39:18.685449700+00:00,47.0787,22.6414,0.0,1,7.9,0.335,91.55669184398407
2026-08-26 11:39:18.686544800+00:00,47.0864,22.6466,0.0,1,4.6,0.246,91.41323296905485
2026-08-26 11:48:52.552338200+00:00,46.823,22.958,0.0,1,16.7,0.385,127.76304275436385
2026-08-26 11:54:02.146214300+00:00,46.8222,22.9995,0.0,1,-7.4,0.434,130.30086137281643
2026-08-26 11:54:02.146721700+00:00,46.8235,22.9882,0.0,1,-4.1,0.427,129.5332274405859
2026-08-26 11:54:02.162633700+00:00,46.8301,22.9675,0.0,1,10.9,0.376,127.84046418810844
2026-08-26 11:54:02.226882200+00:00,46.8259,22.9159,0.0,1,-14.8,0.419,125.06908353656462
2026-08-26 11:59:13.359779200+00:00,46.8665,22.9577,0.0,1,-15.6,0.385,124.78693516391775
2026-08-26 11:59:13.364410200+00:00,46.8174,23.0192,0.0,1,5.5,0.427,131.81365981132214
2026-08-26 12:01:34.397588500+00:00,46.8916,23.0951,12.5,2,-19.7,0.235,131.73969123927773
2026-08-26 12:05:55.152657700+00:00,46.8311,23.0284,0.0,1,-16.6,0.463,131.45009056556538
2026-08-26 12:09:26.791968+00:00,46.7977,22.9748,0.0,1,-32.1,0.434,130.52411284238096
2026-08-26 12:10:27.851348600+00:00,47.092,22.5601,0.0,1,4.8,0.343,85.64338562751429
2026-08-26 12:10:27.909180800+00:00,47.0946,22.5489,0.0,1,-5.0,0.356,84.7840177894693
2026-08-26 13:11:34.075328100+00:00,47.0548,22.4819,0.0,1,-11.2,0.227,83.45524101693377
2026-08-26 13:14:33.983664500+00:00,47.0576,22.4844,0.0,1,4.9,0.195,83.40251193096108
2026-08-26 13:19:14.788127800+00:00,47.058,22.4955,0.0,1,-4.4,0.342,84.0248522199071
2026-08-26 13:19:14.796603800+00:00,47.06,22.4961,0.0,1,4.1,0.233,83.92000994586401
2026-08-26 13:22:04.872573400+00:00,47.0404,22.52,0.0,1,-5.5,0.31,86.7005485356696
2026-08-26 13:23:57.586577600+00:00,47.0511,22.4523,0.0,1,7.4,0.32,82.0126667854235
2026-08-26 13:23:57.708448900+00:00,47.0184,22.3841,0.0,1,-7.6,0.196,80.72319934970747
2026-08-26 13:24:42.165366800+00:00,46.9146,22.8446,0.0,1,-14.5,0.369,114.704319100048
2026-08-26 13:24:42.171439200+00:00,46.8694,22.8238,0.0,1,4.3,0.45,116.58725930441422
2026-08-26 13:26:19.750520900+00:00,47.0507,22.4653,0.0,1,6.5,0.298,82.787863141936
2026-08-26 13:28:00.312108700+00:00,47.0493,22.4705,0.0,1,10.5,0.299,83.18855432445018
2026-08-26 13:28:00.314503300+00:00,47.0409,22.4789,0.0,1,4.9,0.245,84.27942305245934
2026-08-26 13:28:00.315153500+00:00,47.0443,22.4703,0.0,1,5.9,0.312,83.53884968563752
2026-08-26 13:28:00.507456+00:00,47.0305,22.4155,0.0,1,-20.7,0.314,81.48493039118222
2026-08-26 13:28:00.508271200+00:00,47.0231,22.409,0.0,1,-5.9,0.284,81.69814590095744
2026-08-26 13:35:13.822519200+00:00,46.8561,22.8393,0.0,1,-12.4,0.38,118.4386504686339
2026-08-26 13:36:53.447929700+00:00,46.862,22.8013,0.0,1,-6.1,0.392,115.80642536739353
2026-08-26 13:38:25.101851600+00:00,46.8244,22.8334,0.0,1,-16.5,0.34,120.38744410893655
2026-08-26 13:38:37.403794800+00:00,47.0431,22.5828,6.1,2,6.0,0.131,90.24593711442363
2026-08-26 13:40:24.883195700+00:00,46.9874,22.6129,0.0,1,-4.1,0.34,95.88380170582477
2026-08-26 13:42:30.605769500+00:00,47.0544,22.4618,0.0,1,5.0,0.305,82.31905937501021
2026-08-26 13:42:51.792218600+00:00,46.9923,22.6212,0.0,1,15.6,0.38,96.02658799285211
2026-08-26 13:42:51.793020300+00:00,46.9876,22.6289,0.0,1,-5.2,0.368,96.80937835113654
2026-08-26 13:45:41.725467200+00:00,46.9951,22.6289,0.0,1,4.6,0.441,96.28631488480502
2026-08-26 13:48:40.516737800+00:00,46.8185,22.9368,0.0,1,-7.6,0.579,126.82112900480755
2026-08-26 13:48:40.556770800+00:00,46.8631,22.9773,0.0,1,-4.5,0.547,126.20757365749479
2026-08-26 13:50:57.394280800+00:00,46.9845,22.6383,0.0,1,9.2,0.244,97.58048059445541
2026-08-26 13:50:57.394891900+00:00,46.9386,22.8706,0.0,1,7.0,0.212,114.71213900350695
2026-08-26 13:52:40.094866400+00:00,47.2596,23.0639,0.0,1,-14.1,0.409,112.28313779873811
2026-08-26 13:52:40.113246200+00:00,47.2576,23.0588,0.0,1,-5.1,0.51,111.97577486613048
2026-08-26 13:52:40.160953900+00:00,47.2572,23.0401,0.0,1,-8.2,0.359,110.63464824487717
2026-08-26 13:53:16.068203200+00:00,46.9839,22.6846,0.0,1,3.9,0.39,100.37684722675547
2026-08-26 13:54:30.465794700+00:00,47.2664,23.1157,0.0,1,-8.4,0.55,115.84091233424328
2026-08-26 13:54:48.532795700+00:00,46.9804,22.6812,0.0,1,-4.4,0.494,100.41216131618324
2026-08-26 13:54:48.566655900+00:00,47.0047,22.6705,0.0,1,-5.6,0.249,98.12266852071981
2026-08-26 13:57:52.017534800+00:00,47.0289,22.566,0.0,1,3.7,0.364,90.21454176327606
2026-08-26 14:00:30.266221800+00:00,47.2721,23.5592,0.0,1,-19.7,0.583,148.23101584456725
2026-08-26 14:01:41.240394300+00:00,47.185,23.5038,0.0,1,-7.8,0.539,146.50266911328134
2026-08-26 14:04:25.129966400+00:00,47.2556,23.5489,0.0,1,-15.6,0.528,147.8628026648212
2026-08-26 14:05:06.902480500+00:00,47.1959,23.5295,0.0,1,5.3,0.307,148.04658528118455
2026-08-26 14:07:05.656765900+00:00,47.2743,23.5507,0.0,1,-11.4,0.677,147.5530418426235
2026-08-26 14:07:05.658978100+00:00,47.2722,23.5404,0.0,1,-8.3,0.622,146.8411990487808
2026-08-26 14:16:45.528461600+00:00,47.2111,23.5379,0.0,1,-21.8,0.529,148.22342703150198
2026-08-26 14:16:45.810103800+00:00,47.2117,23.535,0.0,1,-7.1,0.65,147.99463214062388
2026-08-26 14:16:45.837289500+00:00,47.2109,23.5367,0.0,1,-9.3,0.416,148.14133466572216
2026-08-26 14:18:20.280423100+00:00,46.9908,22.7914,0.0,1,-3.5,0.453,106.45550375046182
2026-08-26 14:18:20.284124900+00:00,46.941,22.8431,0.0,1,5.0,0.295,112.86239240625095
2026-08-26 14:18:20.290397900+00:00,46.9597,22.8466,0.0,1,4.4,0.332,111.86930881170447
2026-08-26 14:47:23.991053600+00:00,47.2565,23.4088,0.0,1,-8.1,0.743,137.5413117217013
2026-08-26 14:49:11.729117100+00:00,47.2627,23.4149,0.0,1,9.7,0.585,137.8300951283305
2026-08-26 14:49:11.739280700+00:00,47.2589,23.4187,0.0,1,-8.4,0.475,138.206123885927
2026-08-26 14:49:11.751961800+00:00,47.2594,23.4287,0.0,1,-6.9,0.436,138.9278000559275
2026-08-26 14:59:21.154633+00:00,47.2331,23.553,0.0,1,-6.4,0.566,148.733121627267
2026-08-26 15:02:14.129134600+00:00,47.2444,23.5397,0.0,1,-8.2,0.457,147.4650743353856
2026-08-26 15:02:14.203566200+00:00,47.2307,23.5491,0.0,1,-8.8,0.582,148.5100267465309
2026-08-27 05:52:06.177333200+00:00,47.3677,19.6658,3.3,2,-3.4,0.04,148.61105109307374
2026-08-27 06:03:17.697235800+00:00,47.3881,19.6522,0.0,1,-24.4,0.083,149.3380315076094
2026-08-27 06:03:17.702496700+00:00,47.3928,19.6486,0.0,1,4.6,0.068,149.54566979561676
2026-08-27 06:03:17.714109900+00:00,47.3975,19.6559,0.0,1,-3.7,0.066,148.94006090234174
2026-08-27 06:03:17.718045300+00:00,47.3911,19.7125,4.7,2,5.0,0.04,144.79137063815452
2026-08-27 06:03:17.720127100+00:00,47.3908,19.7152,6.6,2,2.3,0.07,144.59360882428646
2026-08-27 06:03:17.721251600+00:00,47.382,19.6698,5.7,2,2.1,0.023,148.10573993661973
2026-08-27 06:03:17.722453500+00:00,47.3799,19.6685,5.7,2,3.6,0.026,148.23216112422452
2026-08-27 06:03:17.725222700+00:00,47.3725,19.6669,6.7,2,7.8,0.021,148.4577572823214
2026-08-27 06:03:17.727047200+00:00,47.3644,19.651,8.6,2,2.7,0.041,149.76522498747897
2026-08-27 06:03:17.740097700+00:00,47.352,19.7622,5.7,2,3.0,0.057,141.67662580720148
2026-08-27 06:03:17.741752900+00:00,47.3821,19.6874,0.0,1,2.8,0.062,146.78965740195628
2026-08-27 06:03:17.742739+00:00,47.3909,19.658,0.0,1,6.9,0.068,148.86757293432368
2026-08-27 06:03:17.768230600+00:00,47.3524,19.7701,4.7,2,-2.9,0.024,141.08168958467175
2026-08-27 06:03:17.820456900+00:00,47.3947,19.7155,0.0,1,3.2,0.074,144.51957741654846
2026-08-27 06:06:06.983850200+00:00,47.3442,19.658,6.4,2,5.7,0.027,149.56749203143846
2026-08-27 06:06:06.986749800+00:00,47.3441,19.6601,9.6,2,-3.1,0.041,149.4127938534815
2026-08-27 06:06:06.990210300+00:00,47.348,19.6783,8.1,2,3.3,0.023,147.99176477083955
2026-08-27 06:06:07.003791100+00:00,47.3502,19.6977,8.3,2,-1.9,0.025,146.51004904089334
2026-08-27 06:06:07.115187500+00:00,47.3639,19.6807,0.0,1,3.6,0.1,147.5573068238996
2026-08-27 06:06:07.300308900+00:00,47.3344,19.6971,5.7,2,2.7,0.015,146.82836099391417
2026-08-27 06:06:07.302784600+00:00,47.3227,19.75,3.8,2,2.7,0.051,143.1163523561628
2026-08-27 06:06:07.401234600+00:00,47.2508,19.7734,0.0,1,-20.3,0.052,143.00378374771046
2026-08-27 06:09:15.974611100+00:00,47.3157,19.7167,0.0,1,22.4,0.077,145.724169459589
2026-08-27 06:09:15.974753700+00:00,47.3163,19.7085,0.0,1,-8.9,0.071,146.32088537725602
2026-08-27 06:09:15.979226600+00:00,47.3134,19.7153,0.0,1,-1.9,0.098,145.87345837642565
2026-08-27 06:09:15.988256300+00:00,47.3082,19.6803,0.0,1,-18.2,0.057,148.57307405265794
2026-08-27 06:09:15.989269200+00:00,47.3178,19.6874,0.0,1,-3.8,0.056,147.85801497787406
2026-08-27 06:14:41.053737300+00:00,47.2941,19.7529,0.0,1,16.2,0.075,143.48991790311288
2026-08-27 06:14:41.053913500+00:00,47.2881,19.7471,0.0,1,-15.3,0.063,144.05069386408013
2026-08-27 06:14:41.055744300+00:00,47.2796,19.7626,0.0,1,2.5,0.071,143.0985026664257
2026-08-27 06:14:41.061981500+00:00,47.2858,19.7397,0.0,1,-35.6,0.055,144.64876651905564
2026-08-27 06:14:41.117900500+00:00,47.2916,19.798,0.0,1,3.3,0.094,140.21174016039691
2026-08-27 06:14:41.119166400+00:00,47.2868,19.7767,0.0,1,2.7,0.097,141.8930864267199
2026-08-27 06:14:41.121541+00:00,47.2903,19.793,4.7,2,3.7,0.05,140.61027667173892
2026-08-27 06:14:41.123354600+00:00,47.29,19.7886,7.9,2,4.8,0.049,140.9420214246622
2026-08-27 06:14:41.125276100+00:00,47.2957,19.798,6.5,2,5.5,0.041,140.120434301142
2026-08-27 06:14:41.129090600+00:00,47.2993,19.8,7.0,2,2.4,0.026,139.89354700498941
2026-08-27 06:14:41.140742800+00:00,47.3134,19.7771,7.1,2,2.1,0.071,141.29128434017215
2026-08-27 06:14:41.169600700+00:00,47.3234,19.7952,0.0,1,2.9,0.064,139.74872472614877
2026-08-27 06:14:41.199298300+00:00,47.2718,19.8052,5.8,2,2.0,0.02,140.1423818181592
2026-08-27 06:17:43.846503600+00:00,47.276,19.8113,0.0,1,51.8,0.073,139.59205480861877
2026-08-27 06:17:43.846733400+00:00,47.2717,19.8048,0.0,1,-22.2,0.043,140.17425741800713
2026-08-27 06:17:43.847283500+00:00,47.2733,19.8061,0.0,1,-7.0,0.071,140.03989857973107
2026-08-27 06:17:43.849887800+00:00,47.2743,19.8084,0.0,1,-7.1,0.046,139.84643454683584
2026-08-27 06:17:43.854140500+00:00,47.2655,19.7731,0.0,1,1.8,0.084,142.65891954979537
2026-08-27 06:17:43.857907200+00:00,47.2689,19.7925,0.0,1,-25.4,0.062,141.14785051794308
2026-08-27 06:17:43.858641800+00:00,47.2708,19.7729,0.0,1,-3.6,0.061,142.54573759627013
2026-08-27 06:17:43.877871100+00:00,47.2819,19.7886,0.0,1,-15.9,0.052,141.1268687191397
2026-08-27 06:17:43.928713200+00:00,47.2891,19.8122,0.0,1,3.0,0.074,139.21971406172327
2026-08-27 06:17:43.929937+00:00,47.2856,19.8186,3.5,2,2.6,0.029,138.8278772814888
2026-08-27 06:17:43.936568400+00:00,47.2928,19.8053,5.1,2,1.8,0.075,139.64558255733738
2026-08-27 06:17:43.939514+00:00,47.2922,19.813,6.5,2,2.3,0.046,139.0903448271563
2026-08-27 06:17:43.940486200+00:00,47.2904,19.8195,6.5,2,4.1,0.037,138.65119104485015
2026-08-27 06:17:43.941143300+00:00,47.2919,19.82,6.8,2,4.1,0.051,138.58020896742707
2026-08-27 06:17:43.948192800+00:00,47.2897,19.8296,7.3,2,2.8,0.044,137.9216951632738
2026-08-27 06:17:43.950836900+00:00,47.304,19.8327,9.7,2,2.6,0.041,137.3731833328255
2026-08-27 06:18:50.767444600+00:00,47.2649,19.7667,0.0,1,2.6,0.059,143.14473872349967
2026-08-27 06:18:50.769715300+00:00,47.2658,19.7755,0.0,1,-2.1,0.1,142.47491389098425
2026-08-27 06:18:50.822733200+00:00,47.273,19.8058,0.0,1,-6.8,0.048,140.0692208314736
2026-08-27 06:18:50.878314700+00:00,47.2501,19.8134,0.0,1,-16.0,0.057,140.0853367504435
2026-08-27 06:20:21.102209500+00:00,47.2625,19.8124,0.0,1,-8.1,0.06,139.8415880386629
2026-08-27 06:20:21.105855400+00:00,47.2594,19.7957,0.0,1,-2.2,0.07,141.1471067547279
2026-08-27 06:20:21.128341+00:00,47.2587,19.7923,0.0,1,-9.8,0.042,141.4146441766736
2026-08-27 06:20:21.129602100+00:00,47.2648,19.8184,0.0,1,-5.6,0.068,139.3429296831909
2026-08-27 06:20:21.438480100+00:00,47.2587,19.7918,0.0,1,-17.1,0.046,141.45140104755964
2026-08-27 06:20:21.496796100+00:00,47.2587,19.7919,0.0,1,-8.8,0.038,141.44404963661944
2026-08-27 06:20:21.550702200+00:00,47.2586,19.7924,0.0,1,-7.7,0.034,141.40980702184802
2026-08-27 06:21:24.302652800+00:00,47.2559,19.7883,0.0,1,7.4,0.078,141.77928760505642
2026-08-27 06:21:24.304357300+00:00,47.2544,19.784,0.0,1,-3.3,0.054,142.13330214360266
2026-08-27 06:21:24.334410300+00:00,47.2574,19.8113,0.0,1,-4.9,0.05,140.05126639959076
2026-08-27 06:22:30.108994900+00:00,47.2456,19.7836,0.0,1,-8.0,0.076,142.3893124925975
2026-08-27 06:22:30.109448900+00:00,47.2457,19.7862,0.0,1,2.4,0.1,142.1959318111849
2026-08-27 06:22:30.214848900+00:00,47.26,19.7722,0.0,1,-11.6,0.065,142.86032284281117
2026-08-27 06:22:30.285511400+00:00,47.244,19.7751,0.0,1,2.5,0.098,143.05478859506783
2026-08-27 06:22:30.323330600+00:00,47.2507,19.7607,0.0,1,-12.2,0.062,143.9393673587106
2026-08-27 06:22:30.610783600+00:00,47.2714,19.8484,0.0,1,5.8,0.072,136.9726079620281
2026-08-27 06:22:30.611541600+00:00,47.2713,19.8255,0.0,1,6.1,0.125,138.66004793234578
2026-08-27 06:22:30.612965600+00:00,47.2746,19.8517,4.8,2,-2.5,0.019,136.65106237475564
2026-08-27 06:22:30.616566800+00:00,47.2772,19.8707,0.0,1,-2.4,0.064,135.1891825550644
2026-08-27 06:22:30.619996600+00:00,47.2631,19.8789,0.0,1,4.0,0.092,134.94118802944033
2026-08-27 06:22:30.621625600+00:00,47.2452,19.7798,4.0,2,3.2,0.038,142.67858295511581
2026-08-27 06:22:30.677376900+00:00,47.2533,19.949,5.6,2,-1.7,0.066,130.06752249081592
2026-08-27 06:23:20.051550+00:00,47.2453,19.792,0.0,1,-3.6,0.071,141.78090653640768
2026-08-27 06:23:20.244187900+00:00,47.2432,19.8202,0.0,1,2.3,0.065,139.76915721441296
2026-08-27 06:23:20.370862500+00:00,47.2664,19.82,0.0,1,-3.2,0.051,139.1854593022892
2026-08-27 06:24:39.909170400+00:00,47.2444,19.8017,0.0,1,-2.6,0.065,141.09322489170353
2026-08-27 06:24:39.952923400+00:00,47.2373,19.8129,0.0,1,-4.2,0.059,140.46289173092123
2026-08-27 06:24:40.082108100+00:00,47.2402,19.834,0.0,1,-12.2,0.065,138.83943906244335
2026-08-27 06:24:40.108488400+00:00,47.2385,19.8082,0.0,1,2.1,0.121,140.77454184340826
2026-08-27 06:24:40.124464200+00:00,47.2644,19.796,0.0,1,2.5,0.052,141.00048509907714
2026-08-27 06:24:40.130181500+00:00,47.2765,19.755,0.0,1,-2.2,0.079,143.73107074362665
2026-08-27 06:26:34.173094300+00:00,47.2384,19.8302,0.0,1,-19.4,0.061,139.1666109558436
2026-08-27 06:26:34.221098600+00:00,47.2396,19.8631,0.0,1,-8.2,0.054,136.7267988369186
2026-08-27 06:28:14.202065+00:00,47.213,19.9189,0.0,1,-24.6,0.072,133.43602786256224
2026-08-27 06:28:14.202807100+00:00,47.21,19.9237,4.5,2,8.8,0.057,133.18028152123787
2026-08-27 06:28:14.203374400+00:00,47.21,19.9256,0.0,1,-16.4,0.07,133.04246752743725
2026-08-27 06:28:14.204331600+00:00,47.2095,19.9248,5.6,2,12.9,0.049,133.11602439532967
2026-08-27 06:28:14.205325300+00:00,47.2263,19.92,4.2,2,3.3,0.056,132.9553251370809
2026-08-27 06:28:14.206046600+00:00,47.2253,19.9207,0.0,1,3.1,0.078,132.93398911297004
2026-08-27 06:28:14.207773400+00:00,47.2118,19.9234,0.0,1,5.8,0.074,133.14634644251333
2026-08-27 06:28:14.209737600+00:00,47.2255,19.9138,6.1,2,2.4,0.056,133.43031247658587
2026-08-27 06:28:14.211042500+00:00,47.2397,19.9229,5.6,2,-2.1,0.089,132.35526283615394
2026-08-27 06:28:14.215482200+00:00,47.211,19.9272,6.8,2,-3.9,0.086,132.89538662442465
2026-08-27 06:28:14.241148+00:00,47.2272,19.893,0.0,1,5.0,0.072,134.89555796494906
2026-08-27 06:29:18.964446100+00:00,47.2064,19.9334,0.0,1,2.7,0.084,132.58960986375263
2026-08-27 06:30:13.966513700+00:00,47.2092,19.8761,0.0,1,15.1,0.08,136.6606771047283
2026-08-27 06:30:13.966774300+00:00,47.2095,19.8766,0.0,1,4.2,0.061,136.6152352035143
2026-08-27 06:30:14.076206900+00:00,47.2127,19.924,0.0,1,-2.8,0.112,133.07505541791392
2026-08-27 06:30:14.083377800+00:00,47.213,19.8923,0.0,1,-3.8,0.052,135.36816162804084
2026-08-27 06:30:14.089799900+00:00,47.2223,19.8915,0.0,1,-8.0,0.069,135.14836626876132
2026-08-27 06:31:06.833091700+00:00,47.2054,19.8857,0.0,1,10.0,0.064,136.0797807952329
2026-08-27 06:31:06.834371600+00:00,47.2058,19.8834,0.0,1,-3.0,0.038,136.23441152331282
2026-08-27 06:31:06.862175500+00:00,47.2019,19.9035,0.0,1,-8.8,0.073,134.89769824616798
2026-08-27 06:31:06.862745100+00:00,47.2046,19.9155,0.0,1,-3.6,0.057,133.9432713627365
2026-08-27 06:31:07.027592800+00:00,47.2051,19.8881,0.0,1,-2.4,0.068,135.91486029542216
2026-08-27 06:31:07.134619300+00:00,47.1952,19.9265,0.0,1,-2.4,0.099,133.4463457203528
2026-08-27 06:31:49.662257400+00:00,47.2013,19.913,0.0,1,-15.8,0.068,134.22828686772752
2026-08-27 06:31:49.663114100+00:00,47.2152,19.9099,0.0,1,-5.3,0.068,134.02250833583025
2026-08-27 06:31:49.710542600+00:00,47.2011,19.9132,0.0,1,-12.0,0.077,134.22012196832634
2026-08-27 06:31:50.045401300+00:00,47.2234,19.9819,0.0,1,-10.7,0.084,128.5437046909148
2026-08-27 06:31:50.045974+00:00,47.2245,19.981,0.0,1,-9.7,0.078,128.5752358726172
2026-08-27 06:31:50.046445600+00:00,47.2298,19.9791,0.0,1,-6.7,0.084,128.55206349490265
2026-08-27 06:31:50.047139700+00:00,47.2315,19.9781,0.0,1,-2.9,0.087,128.5736267434018
2026-08-27 06:31:50.051337800+00:00,47.2211,19.9418,0.0,1,5.2,0.117,131.5256899772684
2026-08-27 06:31:50.052393700+00:00,47.2178,19.9676,5.2,2,3.0,0.073,129.75417792254964
2026-08-27 06:31:50.053814300+00:00,47.2132,19.9648,4.5,2,2.9,0.056,130.10075623315728
2026-08-27 06:31:50.054292300+00:00,47.2127,19.9651,4.6,2,2.0,0.059,130.09473099544581
2026-08-27 06:31:50.056076700+00:00,47.2014,19.913,0.0,1,5.6,0.063,134.2251275211248
2026-08-27 06:31:50.056307900+00:00,47.2081,19.9637,5.3,2,3.5,0.055,130.34163354195252
2026-08-27 06:32:17.503250600+00:00,47.2106,19.9187,0.0,1,-11.3,0.064,133.5244501003844
2026-08-27 06:33:31.819117600+00:00,47.1972,19.9373,0.0,1,16.4,0.084,132.6009353825493
2026-08-27 06:33:31.820139400+00:00,47.1964,19.9371,4.6,2,-26.6,0.018,132.64128551045903
2026-08-27 06:33:31.820644100+00:00,47.2014,19.9357,4.5,2,3.7,0.048,132.58166084811
2026-08-27 06:33:31.821332300+00:00,47.209,19.9315,0.0,1,3.7,0.103,132.6457783251304
2026-08-27 06:33:31.823670200+00:00,47.2001,19.9515,5.5,2,5.9,0.06,131.48068297485062
2026-08-27 06:33:31.824376100+00:00,47.2002,19.9528,6.1,2,3.2,0.071,131.38347670866722
2026-08-27 06:33:31.824947400+00:00,47.1984,19.9559,5.9,2,4.4,0.063,131.21783201459405
2026-08-27 06:33:31.825549700+00:00,47.1973,19.9602,6.3,2,3.2,0.066,130.94312727152956
2026-08-27 06:33:31.827299900+00:00,47.1914,19.9564,6.4,2,4.8,0.062,131.41163087007513
2026-08-27 06:33:31.834353+00:00,47.1871,19.986,6.0,2,-1.8,0.059,129.423761373955
2026-08-27 06:33:31.854463400+00:00,47.1947,19.8973,0.0,1,4.8,0.162,135.57464997882724
2026-08-27 06:33:31.946505500+00:00,47.1817,19.9216,0.0,1,-5.3,0.092,134.24369065898037
2026-08-27 06:33:31.950421600+00:00,47.1848,19.8869,2.0,2,2.7,0.004,136.64592676835503
2026-08-27 06:33:31.952285+00:00,47.1838,19.9446,0.0,1,-2.2,0.1,132.5158515942924
2026-08-27 06:33:31.956260600+00:00,47.1865,19.9381,0.0,1,-2.7,0.083,132.89409612627645
2026-08-27 06:33:32.037168+00:00,47.2146,20.0003,0.0,1,-3.0,0.111,127.48588038538617
2026-08-27 06:34:30.382970600+00:00,47.1668,19.9262,0.0,1,5.9,0.08,134.4200122502679
2026-08-27 06:34:30.404547300+00:00,47.17,19.9244,0.0,1,-8.9,0.071,134.4387551936118
2026-08-27 06:34:30.485028300+00:00,47.171,19.8896,4.7,2,-17.2,0.062,136.90871363689598
2026-08-27 06:34:30.503908200+00:00,47.1698,19.911,0.0,1,-10.2,0.073,135.4091528942166
2026-08-27 06:34:30.504778700+00:00,47.1661,19.9274,3.8,2,-2.9,0.093,134.35816032356055
2026-08-27 06:34:30.513673+00:00,47.165,19.9252,2.5,2,-2.6,0.046,134.5544120643476
2026-08-27 06:35:22.341772+00:00,47.1951,19.956,0.0,1,-10.1,0.079,131.3184523128993
2026-08-27 06:35:22.342025900+00:00,47.1953,19.9557,0.0,1,-4.8,0.075,131.33354798182208
2026-08-27 06:35:22.342706+00:00,47.1976,19.9553,0.0,1,-6.9,0.079,131.2872290715529
2026-08-27 06:35:22.343284800+00:00,47.2004,19.9501,0.0,1,3.0,0.091,131.5722062945548
2026-08-27 06:35:22.343893200+00:00,47.2003,19.9601,0.0,1,3.0,0.088,130.8526334887241
2026-08-27 06:35:22.344303500+00:00,47.1994,19.961,4.0,2,3.0,0.084,130.81684456772965
2026-08-27 06:35:22.354379400+00:00,47.1859,19.994,4.8,2,2.1,0.013,128.88939653036326
2026-08-27 06:35:22.369773+00:00,47.1919,19.9501,0.0,1,2.5,0.064,131.8495941085626
2026-08-27 06:35:22.427080100+00:00,47.167,19.9358,0.0,1,-6.8,0.074,133.72373834660635
2026-08-27 06:35:22.428222100+00:00,47.1703,19.9319,0.0,1,-7.7,0.055,133.8893862282093
2026-08-27 06:36:13.007763200+00:00,47.1715,19.9619,0.0,1,-3.0,0.067,131.69337430549737
2026-08-27 06:36:13.008262+00:00,47.1691,19.9616,0.0,1,-2.2,0.067,131.7989810174369
2026-08-27 06:36:13.025787500+00:00,47.164,19.9499,0.0,1,-11.6,0.066,132.8176188988776
2026-08-27 06:36:13.048331100+00:00,47.1611,19.9742,0.0,1,-7.3,0.057,131.1811916660538
2026-08-27 06:36:53.236469+00:00,47.1554,19.9498,0.0,1,-3.6,0.035,133.1319091052201
2026-08-27 06:36:53.272770600+00:00,47.1582,19.9873,0.0,1,-8.9,0.072,130.3501391820841
2026-08-27 06:36:53.294454800+00:00,47.1416,19.9694,0.0,1,-4.1,0.074,132.24147382539348
2026-08-27 06:38:24.977898800+00:00,47.151,19.9701,0.0,1,26.4,0.091,131.84197173264752
2026-08-27 06:38:24.978858300+00:00,47.151,19.9693,0.0,1,-4.1,0.071,131.89905868948196
2026-08-27 06:38:24.979395200+00:00,47.1519,19.9689,0.0,1,-3.0,0.077,131.894529868019
2026-08-27 06:38:24.979899600+00:00,47.1554,19.961,0.0,1,-2.5,0.065,132.33109339759852
2026-08-27 06:38:24.986095700+00:00,47.1587,19.9731,0.0,1,-72.7,0.077,131.3465529763079
2026-08-27 06:38:25.012522500+00:00,47.1584,19.9714,0.0,1,-23.2,0.065,131.47894530957842
2026-08-27 06:38:25.039183200+00:00,47.1664,19.9561,0.0,1,-29.9,0.071,132.28841623841095
2026-08-27 06:38:25.050502800+00:00,47.1574,19.9725,0.0,1,-8.7,0.06,131.43658558677743
2026-08-27 06:38:25.051090400+00:00,47.1476,19.9704,3.1,2,-4.7,0.011,131.94621326657716
2026-08-27 06:38:25.088404900+00:00,47.1492,19.9713,2.2,2,-2.1,0.02,131.822776461522
2026-08-27 06:39:32.231210600+00:00,47.149,19.9694,0.0,1,3.7,0.073,131.96567955271183
2026-08-27 06:39:32.231718400+00:00,47.1485,19.9713,0.0,1,4.6,0.079,131.8486832953245
2026-08-27 06:39:32.242887800+00:00,47.1519,19.9883,0.0,1,-33.3,0.072,130.51061662508806
2026-08-27 06:39:32.291513500+00:00,47.1321,19.9848,0.0,1,-13.4,0.071,131.50930398077114
2026-08-27 06:39:32.326302200+00:00,47.1631,19.981,0.0,1,-15.0,0.075,130.6227657126479
2026-08-27 06:40:41.898556200+00:00,47.1406,20.0,0.0,1,-21.1,0.073,130.10364432238205
2026-08-27 06:40:42.051705200+00:00,47.1521,20.0135,0.0,1,-35.2,0.067,128.7080103618829
2026-08-27 06:40:42.075729700+00:00,47.153,20.0143,0.0,1,-21.0,0.082,128.6173035775743
2026-08-27 06:40:42.076146+00:00,47.1564,20.0096,0.0,1,2.9,0.075,128.8253355270287
2026-08-27 06:41:31.212926800+00:00,47.142,20.0243,7.6,2,3.7,0.076,128.3251831355584
2026-08-27 06:41:31.213418400+00:00,47.1465,19.9964,0.0,1,2.2,0.115,130.13555866189648
2026-08-27 06:41:31.228137500+00:00,47.1395,19.9989,0.0,1,-38.6,0.072,130.2238684682704
2026-08-27 06:41:31.255429400+00:00,47.1379,20.0002,0.0,1,4.4,0.073,130.19302483194926
2026-08-27 06:41:31.257245700+00:00,47.1379,20.0047,0.0,1,-17.1,0.085,129.87372818839683
2026-08-27 06:41:31.267529400+00:00,47.1376,20.0044,0.0,1,-6.2,0.073,129.90658333021426
2026-08-27 06:42:18.400928300+00:00,47.147,20.0035,0.0,1,-17.0,0.068,129.6116029520855
2026-08-27 06:42:18.403650600+00:00,47.141,20.0103,0.0,1,-3.1,0.073,129.3570269577719
2026-08-27 06:42:18.456133600+00:00,47.1074,20.018,0.0,1,-14.9,0.069,130.15374311988364
2026-08-27 06:42:18.500404+00:00,47.1453,20.0024,0.0,1,-15.1,0.079,129.75415374407913
2026-08-27 06:42:18.544429900+00:00,47.1451,20.002,0.0,1,-6.4,0.073,129.7901740935257
2026-08-27 06:42:18.545848600+00:00,47.1172,20.0038,0.0,1,-2.8,0.074,130.75335342307693
2026-08-27 06:43:21.825298400+00:00,47.1418,20.0191,0.0,1,-6.1,0.057,128.70177503261345
2026-08-27 06:43:21.825626400+00:00,47.1411,20.0185,0.0,1,-10.9,0.079,128.77132411705793
2026-08-27 06:43:21.826138500+00:00,47.1421,20.0159,4.4,2,-5.3,0.047,128.91730397537992
2026-08-27 06:43:21.826736100+00:00,47.1418,20.0099,4.8,2,-9.0,0.069,129.35471836304663
2026-08-27 06:43:21.827227500+00:00,47.1414,20.0147,0.0,1,-10.1,0.034,129.02938101074403
2026-08-27 06:43:21.828707600+00:00,47.1386,20.0241,5.2,2,5.2,0.065,128.47111861341727
2026-08-27 06:43:21.830795500+00:00,47.1362,20.0324,6.0,2,11.0,0.06,127.97714929098547
2026-08-27 06:43:21.831548600+00:00,47.1424,20.0438,6.2,2,1.8,0.05,126.92747771882102
2026-08-27 06:43:21.834547600+00:00,47.1396,20.0439,6.4,2,2.7,0.028,127.0298509071798
2026-08-27 06:43:21.836220900+00:00,47.146,20.0574,6.4,2,2.6,0.07,125.82385806269079
2026-08-27 06:43:21.846272900+00:00,47.1795,19.9711,0.0,1,-8.1,0.153,130.75524947450785
2026-08-27 06:43:21.847912500+00:00,47.1818,19.9867,0.0,1,-2.2,0.089,129.55501783362547
2026-08-27 06:43:21.879511500+00:00,47.1727,20.0885,0.0,1,7.0,0.075,122.59766822074505
2026-08-27 06:43:21.880089+00:00,47.1728,20.0884,0.0,1,2.6,0.106,122.6010685442393
2026-08-27 06:43:21.994554900+00:00,47.1551,20.0539,0.0,1,2.7,0.09,125.72169889207373
2026-08-27 06:44:03.062132500+00:00,47.1402,20.0275,0.0,1,21.4,0.088,128.16799318232478
2026-08-27 06:44:03.094050900+00:00,47.135,20.0184,0.0,1,-3.1,0.074,129.01525415969738
2026-08-27 06:44:03.145955200+00:00,47.1112,19.9882,0.0,1,-10.2,0.188,132.09548253960534
2026-08-27 06:45:25.372300700+00:00,47.1331,20.0706,7.2,2,12.8,0.015,125.40229140016977
2026-08-27 06:45:25.377794400+00:00,47.1354,20.0288,0.0,1,-73.3,0.088,128.2633295334009
2026-08-27 06:45:25.399290+00:00,47.1183,20.049,0.0,1,-19.8,0.075,127.52562754475376
2026-08-27 06:45:25.417552100+00:00,47.1151,20.0358,0.0,1,-10.1,0.076,128.585239517021
2026-08-27 06:45:25.586852600+00:00,47.1028,20.0439,0.0,1,2.0,0.131,128.5298618078626
2026-08-27 06:45:25.591194+00:00,47.1278,20.0538,0.0,1,2.1,0.062,126.80044670258124
2026-08-27 06:47:46.489836+00:00,47.1261,20.0666,0.0,1,-34.2,0.098,125.96808922551816
2026-08-27 06:47:46.490408600+00:00,47.1265,20.0694,0.0,1,-6.4,0.079,125.75472693975954
2026-08-27 06:47:46.491399800+00:00,47.1255,20.0629,0.0,1,-111.1,0.05,126.25296328501784
2026-08-27 06:47:46.506638700+00:00,47.1259,20.0702,0.0,1,3.0,0.052,125.72298279108225
2026-08-27 06:47:46.515117100+00:00,47.123,20.0747,0.0,1,16.4,0.07,125.52583361259214
2026-08-27 06:47:46.522522100+00:00,47.1112,20.075,0.0,1,-31.3,0.088,125.99776512752342
2026-08-27 06:47:46.546705300+00:00,47.1291,20.0525,0.0,1,-18.0,0.07,126.83963499488604
2026-08-27 06:47:46.553296200+00:00,47.1264,20.0621,0.0,1,2.7,0.097,126.27258985488677
2026-08-27 06:47:46.554143900+00:00,47.1281,20.0596,0.0,1,4.1,0.063,126.37960972606983
2026-08-27 06:47:46.556198600+00:00,47.1268,20.0678,3.8,2,4.0,0.052,125.85506801027994
2026-08-27 06:47:46.560489300+00:00,47.1229,20.0488,4.2,2,2.2,0.08,127.35145739949695
2026-08-27 06:47:46.562220700+00:00,47.121,20.08,0.0,1,2.9,0.058,125.23651872820122
2026-08-27 06:47:46.568085700+00:00,47.1521,20.0812,2.9,2,-2.7,0.034,123.90047011934986
2026-08-27 06:47:46.568720800+00:00,47.1543,20.0855,0.0,1,-3.0,0.08,123.51033589264246
2026-08-27 06:47:46.569402600+00:00,47.1552,20.0865,0.0,1,-4.2,0.079,123.40457211944027
2026-08-27 06:47:46.598714200+00:00,47.1261,20.0729,0.0,1,-2.2,0.101,125.52487955714086
2026-08-27 06:49:44.581111200+00:00,47.0949,20.1071,0.0,1,46.8,0.087,124.46637160636078
2026-08-27 06:49:44.581395800+00:00,47.0904,20.1036,0.0,1,-9.2,0.058,124.90951122489544
2026-08-27 06:49:44.592172700+00:00,47.0964,20.0888,0.0,1,-23.0,0.092,125.67191177337095
2026-08-27 06:49:44.611983300+00:00,47.0823,20.0942,0.0,1,-30.5,0.095,125.92424703589725
2026-08-27 06:49:44.657081600+00:00,47.1289,20.0711,0.0,1,-5.5,0.079,125.53720833435422
2026-08-27 06:50:52.629579500+00:00,47.0928,20.1261,0.0,1,7.6,0.099,123.24314707637762
2026-08-27 06:50:52.630082500+00:00,47.0914,20.1243,0.0,1,-7.2,0.066,123.43078897594806
2026-08-27 06:50:52.642136700+00:00,47.0791,20.1092,0.0,1,-32.8,0.083,125.0328887874425
2026-08-27 06:50:52.684944600+00:00,47.1002,20.1058,0.0,1,-17.7,0.075,124.32276380135588
2026-08-27 06:50:52.717206200+00:00,47.1099,20.1021,0.0,1,1.9,0.102,124.15907927655816
2026-08-27 06:50:52.720339500+00:00,47.0787,20.0809,0.0,1,-11.4,0.046,127.00713092958574
2026-08-27 06:51:58.673196+00:00,47.0963,20.1162,0.0,1,2.7,0.093,123.77267936763694
2026-08-27 06:51:58.822715200+00:00,47.1011,20.1335,0.0,1,-2.5,0.09,122.3589927861101
2026-08-27 06:53:29.070200+00:00,47.0817,20.1432,0.0,1,-71.2,0.088,122.56971356528054
2026-08-27 06:53:29.072191300+00:00,47.0828,20.145,0.0,1,6.1,0.089,122.39485671042054
2026-08-27 06:53:29.072750900+00:00,47.0826,20.1371,0.0,1,5.4,0.092,122.94816902671826
2026-08-27 06:53:29.073415200+00:00,47.0829,20.1527,9.6,2,2.9,0.046,121.86035602784416
2026-08-27 06:54:31.351318400+00:00,47.0841,20.1589,0.0,1,18.6,0.084,121.37814023269873
2026-08-27 06:54:31.351507300+00:00,47.0836,20.1561,0.0,1,-9.0,0.062,121.59395853908624
2026-08-27 06:54:31.418104600+00:00,47.051,20.125,0.0,1,-9.9,0.075,125.27135116873079
2026-08-27 06:54:31.474526800+00:00,47.0952,20.143,0.0,1,-22.1,0.083,121.96552078125715
2026-08-27 06:56:37.778420500+00:00,47.0721,20.1789,0.0,1,21.8,0.081,120.57497690956717
2026-08-27 06:56:37.779005700+00:00,47.071,20.1717,0.0,1,-10.7,0.076,121.11963143533679
2026-08-27 06:56:37.779164600+00:00,47.0703,20.17,0.0,1,-8.9,0.062,121.26936088355515
2026-08-27 06:56:37.779635500+00:00,47.0702,20.1667,0.0,1,-5.7,0.074,121.4996681303464
2026-08-27 06:56:37.781255500+00:00,47.0796,20.1538,0.0,1,-87.4,0.075,121.93863033060072
2026-08-27 06:56:37.786842+00:00,47.077,20.1765,0.0,1,2.7,0.103,120.50477667221223
2026-08-27 06:56:37.805241400+00:00,47.0791,20.1549,0.0,1,-49.7,0.074,121.88648870626463
2026-08-27 06:56:37.829577+00:00,47.0539,20.157,0.0,1,-12.6,0.073,122.95057839435516
2026-08-27 06:58:49.789965400+00:00,47.0645,20.2071,0.0,1,5.6,0.073,119.02567099427037
2026-08-27 06:58:49.790211700+00:00,47.0668,20.2097,0.0,1,-22.2,0.111,118.73567080818503
2026-08-27 06:58:49.791047800+00:00,47.0655,20.2041,0.0,1,-16.7,0.099,119.17995122612383
2026-08-27 06:58:49.791603200+00:00,47.0654,20.2073,0.0,1,9.0,0.083,118.96764506867348
2026-08-27 06:58:49.792424800+00:00,47.0616,20.2112,0.0,1,20.2,0.084,118.8915816459964
2026-08-27 06:58:49.793641100+00:00,47.0611,20.2117,0.0,1,4.5,0.035,118.88262379507627
2026-08-27 06:58:49.794853400+00:00,47.0527,20.2265,0.0,1,3.7,0.07,118.30642083181242
2026-08-27 06:58:49.850449800+00:00,47.0687,20.2101,0.0,1,5.7,0.091,118.61496596269569
2026-08-27 07:04:49.263798500+00:00,47.0102,20.2852,0.0,1,17.1,0.079,116.68111965905794
2026-08-27 07:04:49.264791100+00:00,47.0089,20.2879,0.0,1,-10.7,0.098,116.5774588390895
2026-08-27 07:04:49.266708500+00:00,47.0214,20.2888,0.0,1,3.7,0.119,115.82120891616675
2026-08-27 07:04:49.276417200+00:00,47.0462,20.2656,0.0,1,-4.9,0.065,116.02093932616741
2026-08-27 07:04:49.281523400+00:00,47.0498,20.273,0.0,1,7.3,0.081,115.33765684557164
2026-08-27 07:04:49.282326600+00:00,47.0557,20.2396,0.0,1,4.6,0.027,117.27152757234686
2026-08-27 07:04:49.325151700+00:00,46.9935,20.4324,0.0,1,-3.0,0.068,108.21310478680407
2026-08-27 07:06:37.194350900+00:00,47.0395,20.352,0.0,1,3.1,0.087,110.6661314899576
2026-08-27 07:08:59.200165200+00:00,47.0233,20.3251,0.0,1,6.0,0.086,113.3347249938326
2026-08-27 07:11:36.143573700+00:00,46.9722,20.3675,0.0,1,5.0,0.089,113.62145286062358
2026-08-27 07:11:36.156289400+00:00,46.9624,20.3218,0.0,1,2.4,0.125,117.11603577505014
2026-08-27 07:11:36.387153600+00:00,46.9503,20.4425,0.0,1,2.8,0.026,110.35222751921228
2026-08-27 07:11:36.390234200+00:00,47.0167,20.3261,0.0,1,-3.7,0.088,113.64258308783954
2026-08-27 07:22:14.307085900+00:00,46.9259,20.4571,0.0,1,-3.0,0.104,111.10063891691141
2026-08-27 07:22:14.307554+00:00,46.9266,20.4581,0.0,1,2.4,0.082,110.99294436464254
2026-08-27 07:22:14.327830100+00:00,46.9245,20.4504,0.0,1,3.7,0.075,111.59842155410612
2026-08-27 07:22:14.342239100+00:00,46.928,20.4333,0.0,1,66.4,0.154,112.39407889563991
2026-08-27 07:22:14.367789300+00:00,46.9254,20.4571,0.0,1,13.1,0.065,111.13468061660875
2026-08-27 08:13:44.135846600+00:00,47.5092,19.688,0.0,1,2.4,0.076,145.64538741515557
2026-08-27 08:13:44.313947500+00:00,47.469,19.644,0.0,1,2.7,0.083,149.14745857848283
2026-08-27 08:15:23.803680600+00:00,47.5284,19.635,0.0,1,-7.6,0.059,149.57674811539076
2026-08-27 08:15:58.248553400+00:00,47.4794,19.7195,0.0,1,-2.8,0.074,143.41700910240803
2026-08-27 08:18:26.183492900+00:00,47.5408,19.6473,0.0,1,27.4,0.066,148.63887040184673
2026-08-27 08:18:26.187851400+00:00,47.5439,19.656,0.0,1,-58.8,0.064,147.98423563344718
2026-08-27 08:18:26.206516300+00:00,47.5402,19.6448,0.0,1,-2.6,0.06,148.826934611323
2026-08-27 08:18:26.207131200+00:00,47.5237,19.6665,0.0,1,-17.8,0.062,147.22073604138262
2026-08-27 08:18:26.585656500+00:00,47.5412,19.6466,0.0,1,-8.3,0.05,148.6911596149162
2026-08-27 08:19:56.534909800+00:00,47.5319,19.6405,0.0,1,-33.6,0.07,149.15844913732695
2026-08-27 08:19:56.537838200+00:00,47.5285,19.6432,0.0,1,-87.7,0.02,148.96098213336575
2026-08-27 08:19:56.546029800+00:00,47.5265,19.6338,0.0,1,4.1,0.091,149.670197910909
2026-08-27 08:19:56.552953900+00:00,47.533,19.653,0.0,1,7.9,0.044,148.2185893546387
2026-08-27 08:19:56.566384100+00:00,47.526,19.6584,0.0,1,-11.9,0.064,147.82430642671122
2026-08-27 08:19:56.601271300+00:00,47.533,19.7026,0.0,1,3.9,0.083,144.49511635256926
2026-08-27 08:19:56.619474200+00:00,47.5315,19.6399,0.0,1,-4.7,0.063,149.2040572256045
2026-08-27 08:21:14.302327300+00:00,47.5192,19.658,0.0,1,29.6,0.07,147.8690371649327
2026-08-27 08:21:14.303161800+00:00,47.5148,19.6559,0.0,1,-3.6,0.039,148.0382702623464
2026-08-27 08:21:14.306400600+00:00,47.5138,19.6527,0.0,1,-63.3,0.049,148.2813719504807
2026-08-27 08:21:14.312691900+00:00,47.5172,19.6559,0.0,1,-2.0,0.071,148.03175776745107
2026-08-27 08:21:14.323364200+00:00,47.5092,19.6772,0.0,1,-21.2,0.057,146.45621042793863
2026-08-27 08:21:14.343349400+00:00,47.5289,19.6593,4.5,2,-5.4,0.036,147.75164761836126
2026-08-27 08:21:14.362049500+00:00,47.5514,19.6819,0.0,1,-8.1,0.046,146.0399536490701
2026-08-27 08:21:14.400344700+00:00,47.5118,19.6876,0.0,1,-3.5,0.074,145.6671535521424
2026-08-27 08:21:14.497533900+00:00,47.5358,19.7188,0.0,1,2.5,0.072,143.27583012002813
2026-08-27 08:21:14.499116+00:00,47.5329,19.7233,0.0,1,-9.3,0.071,142.9412872016125
2026-08-27 08:21:14.499844700+00:00,47.5361,19.7139,4.3,2,6.2,0.033,143.64336420644142
2026-08-27 08:21:14.500267100+00:00,47.5347,19.728,0.0,1,6.6,0.092,142.58635256118515
2026-08-27 08:21:14.501783+00:00,47.5315,19.7139,6.2,2,3.7,0.053,143.6487935792621
2026-08-27 08:21:14.505463300+00:00,47.5441,19.7397,6.6,2,1.8,0.079,141.70174080949997
2026-08-27 08:21:14.506238700+00:00,47.5206,19.7127,6.9,2,3.7,0.032,143.75901869888838
2026-08-27 08:21:14.510493200+00:00,47.5201,19.7123,7.0,2,4.4,0.027,143.79021815271284
2026-08-27 08:21:14.553411100+00:00,47.4361,19.7804,4.0,2,2.1,0.015,139.1882071719018
2026-08-27 08:21:14.560239200+00:00,47.4227,19.7806,4.6,2,1.8,0.099,139.3124455992897
2026-08-27 08:21:14.926812100+00:00,47.5512,19.6814,0.0,1,4.8,0.039,146.07742300486464
2026-08-27 08:21:14.985513700+00:00,47.4353,19.6453,0.0,1,-8.9,0.049,149.3194674330244
2026-08-27 08:21:14.990899700+00:00,47.4209,19.6389,4.1,2,1.7,0.025,149.94247712881221
2026-08-27 08:21:14.997127400+00:00,47.4208,19.6572,6.2,2,6.1,0.008,148.57297818626358
2026-08-27 08:22:59.145244200+00:00,47.5169,19.6757,0.0,1,18.1,0.064,146.54602312865103
2026-08-27 08:22:59.145433+00:00,47.5156,19.6723,0.0,1,-6.8,0.078,146.80478379045832
2026-08-27 08:22:59.146544800+00:00,47.5133,19.669,0.0,1,-2.3,0.069,147.05907691418773
2026-08-27 08:22:59.150524100+00:00,47.5169,19.6716,0.0,1,-8.2,0.059,146.8538384193998
2026-08-27 08:22:59.209375700+00:00,47.5038,19.6967,0.0,1,-6.0,0.079,145.01123957236692
2026-08-27 08:22:59.243639500+00:00,47.4971,19.7012,0.0,1,2.8,0.063,144.70047045089646
2026-08-27 08:24:30.240805800+00:00,47.5047,19.7159,0.0,1,-10.8,0.064,143.5664704794455
2026-08-27 08:24:30.242435200+00:00,47.4969,19.7031,0.0,1,-11.1,0.04,144.55870550033748
2026-08-27 08:24:30.242719500+00:00,47.4979,19.7024,0.0,1,-10.2,0.069,144.6069534440951
2026-08-27 08:24:30.244099700+00:00,47.4969,19.7069,0.0,1,-3.9,0.077,144.2734423449413
2026-08-27 08:24:30.244800700+00:00,47.4921,19.7018,0.0,1,-100.4,0.054,144.67812364634773
2026-08-27 08:24:30.267170600+00:00,47.5043,19.7156,0.0,1,10.0,0.05,143.59047310678986
2026-08-27 08:24:30.267985600+00:00,47.507,19.7133,0.0,1,-3.8,0.068,143.75342090524538
2026-08-27 08:24:30.270196700+00:00,47.4883,19.7073,0.0,1,13.7,0.032,144.28396511174523
2026-08-27 08:24:30.279907300+00:00,47.4728,19.6848,0.0,1,-26.9,0.062,146.06134927990195
2026-08-27 08:24:30.306411100+00:00,47.5331,19.7279,0.0,1,-5.6,0.055,142.59571579611682
2026-08-27 08:24:30.319719400+00:00,47.521,19.7212,0.0,1,2.7,0.044,143.11995010414802
2026-08-27 08:24:30.321062600+00:00,47.5187,19.7228,2.7,2,3.8,0.028,143.0052991203699
2026-08-27 08:24:30.322025+00:00,47.5182,19.72,4.8,2,3.9,0.014,143.2167641711249
2026-08-27 08:24:30.322508500+00:00,47.5184,19.7206,3.7,2,3.5,0.029,143.17121547118782
2026-08-27 08:24:30.322924800+00:00,47.512,19.7221,0.0,1,3.8,0.087,143.0763954742532
2026-08-27 08:24:30.324049+00:00,47.5192,19.7161,4.9,2,5.4,0.062,143.50708481775249
2026-08-27 08:24:30.324828300+00:00,47.5353,19.7343,6.1,2,3.5,0.048,142.11278263857176
2026-08-27 08:24:30.326258200+00:00,47.5171,19.7171,6.9,2,7.7,0.026,143.43731330572385
2026-08-27 08:24:30.330991100+00:00,47.5394,19.7324,6.3,2,2.1,0.049,142.2519000672994
2026-08-27 08:24:30.333712200+00:00,47.533,19.763,3.7,2,-2.3,0.021,139.9608674264441
2026-08-27 08:24:30.343447700+00:00,47.4992,19.7114,0.0,1,-5.8,0.067,143.9258512807702
2026-08-27 08:24:30.596543300+00:00,47.4267,19.8415,0.0,1,2.4,0.103,134.70941370436051
2026-08-27 08:24:30.597003500+00:00,47.4401,19.8411,0.0,1,1.8,0.088,134.60150439783536
2026-08-27 08:26:07.780014400+00:00,47.4726,19.7158,0.0,1,-2.6,0.062,143.73649629554134
2026-08-27 08:26:07.789861700+00:00,47.4721,19.7145,0.0,1,-28.5,0.058,143.8372718057878
2026-08-27 08:26:07.885705700+00:00,47.5089,19.7487,0.0,1,2.2,0.05,141.0892700340064
2026-08-27 08:26:07.889706300+00:00,47.5181,19.7469,0.0,1,-3.8,0.097,141.19744878534985
2026-08-27 08:26:07.891595500+00:00,47.5091,19.7485,3.1,2,4.9,0.021,141.10362030723684
2026-08-27 08:26:07.892899900+00:00,47.5131,19.7451,4.4,2,10.6,0.062,141.34631920230728
2026-08-27 08:26:07.894502900+00:00,47.5284,19.7492,5.4,2,4.9,0.033,141.0033869494261
2026-08-27 08:26:07.895057500+00:00,47.5158,19.7379,6.4,2,5.2,0.067,141.87918672140154
2026-08-27 08:26:07.899974900+00:00,47.5106,19.7494,7.5,2,4.0,0.058,141.03117678392087
2026-08-27 08:26:07.914493300+00:00,47.5003,19.7701,5.3,2,-2.4,0.058,139.51465585020418
2026-08-27 08:26:08.233922500+00:00,47.4015,19.6491,0.0,1,4.8,0.077,149.3992908959213
2026-08-27 08:26:08.235149500+00:00,47.4032,19.6472,3.1,2,2.9,0.032,149.52087129365594
2026-08-27 08:26:08.235877900+00:00,47.4051,19.6461,3.2,2,3.3,0.055,149.58048218831513
2026-08-27 08:29:05.675694500+00:00,47.5537,19.7122,0.0,1,-11.8,0.08,143.7669791678768
2026-08-27 08:29:05.675849700+00:00,47.561,19.7292,0.0,1,14.6,0.063,142.49761315400784
2026-08-27 08:29:05.676578100+00:00,47.5606,19.7266,0.0,1,-5.6,0.12,142.69222499591066
2026-08-27 08:29:05.680445400+00:00,47.5666,19.7226,0.0,1,-55.9,0.039,143.000769245331
2026-08-27 08:29:05.705104300+00:00,47.5615,19.7459,0.0,1,-26.9,0.064,141.24522894636638
2026-08-27 08:29:05.730505+00:00,47.5626,19.7291,0.0,1,-3.4,0.075,142.50713393433662
2026-08-27 08:29:05.826487100+00:00,47.4789,19.7782,0.0,1,1.7,0.08,139.01484043942963
2026-08-27 08:31:38.127354300+00:00,47.4584,19.7698,0.0,1,-12.7,0.067,139.78658956743362
2026-08-27 08:31:38.127976400+00:00,47.4579,19.7636,0.0,1,-7.3,0.058,140.25547288707767
2026-08-27 08:31:38.130704300+00:00,47.4607,19.7452,0.0,1,-69.1,0.036,141.61398601379656
2026-08-27 08:31:38.147613400+00:00,47.4491,19.7715,0.0,1,2.0,0.032,139.7354865555171
2026-08-27 08:31:38.153323400+00:00,47.461,19.7855,0.0,1,-2.9,0.04,138.58906688364547
2026-08-27 08:31:38.155167200+00:00,47.4442,19.7622,0.0,1,-38.1,0.079,140.47586025171523
2026-08-27 08:31:38.194660200+00:00,47.4798,19.8022,0.0,1,5.9,0.075,137.20842645290872
2026-08-27 08:31:38.199587100+00:00,47.4736,19.8214,5.4,2,5.8,0.043,135.8066114160703
2026-08-27 08:31:38.200382900+00:00,47.4766,19.8093,4.6,2,4.0,0.051,136.695238644886
2026-08-27 08:31:38.201869800+00:00,47.4743,19.825,6.0,2,3.4,0.029,135.5319264006334
2026-08-27 08:31:38.203615900+00:00,47.4903,19.8129,3.8,2,2.4,0.049,136.34754612206638
2026-08-27 08:31:38.213668900+00:00,47.5032,19.8267,4.8,2,2.4,0.03,135.2540426831776
2026-08-27 08:31:38.230793600+00:00,47.4378,19.7967,5.7,2,2.7,0.027,137.9503886506919
2026-08-27 08:31:38.248359600+00:00,47.4131,19.8322,0.0,1,4.8,0.063,135.56166712526283
2026-08-27 08:31:38.267874500+00:00,47.5468,19.7714,7.2,2,2.0,0.049,139.3221045778084
2026-08-27 08:31:38.276158500+00:00,47.5149,19.8004,0.0,1,-2.0,0.051,137.1893712362048
2026-08-27 08:31:38.426777100+00:00,47.3767,19.8476,0.0,1,5.6,0.07,134.91259767486247
2026-08-27 08:31:38.427741800+00:00,47.3793,19.8508,0.0,1,4.1,0.075,134.63404535783292
2026-08-27 08:31:38.433603500+00:00,47.3887,19.8548,0.0,1,-15.7,0.075,134.19614705999098
2026-08-27 08:31:38.443812800+00:00,47.4002,19.8326,0.0,1,1.9,0.047,135.6951477174026
2026-08-27 08:31:38.549188800+00:00,47.3765,19.686,0.0,1,-63.8,0.082,146.97370480340535
2026-08-27 08:31:38.580721500+00:00,47.3971,19.7146,0.0,1,-9.6,0.083,144.55574106280596
2026-08-27 08:31:38.591467300+00:00,47.3761,19.685,0.0,1,-9.0,0.089,147.05414132628567
2026-08-27 08:31:38.617735600+00:00,47.3757,19.6853,0.0,1,-23.3,0.07,147.03753076133142
2026-08-27 08:35:33.600687900+00:00,47.3553,19.7314,0.0,1,15.3,0.077,143.91516217984866
2026-08-27 08:35:33.602170500+00:00,47.3548,19.7307,4.5,2,2.4,0.071,143.97556101663247
2026-08-27 08:35:33.603260+00:00,47.3538,19.7338,3.4,2,2.6,0.037,143.76122248048227
2026-08-27 08:35:33.608527700+00:00,47.3411,19.7591,4.0,2,2.2,0.026,142.09741640005893
2026-08-27 08:35:33.631389600+00:00,47.3282,19.8163,0.0,1,-2.8,0.088,138.08922098852887
2026-08-27 08:35:33.638646200+00:00,47.3799,19.7444,0.0,1,2.1,0.036,142.56457008596473
2026-08-27 08:35:33.778355400+00:00,47.3562,19.7295,0.0,1,4.1,0.068,144.0419152483998
2026-08-27 08:35:33.812407700+00:00,47.3249,19.9092,0.0,1,-3.2,0.068,131.26860812695077
2026-08-27 08:35:33.824181900+00:00,47.3246,19.9074,0.0,1,2.7,0.083,131.40811581485613
2026-08-27 08:35:33.846076700+00:00,47.3174,19.917,4.2,2,2.9,0.03,130.84922603569112
2026-08-27 08:35:33.881193100+00:00,47.2774,19.9326,0.0,1,-2.8,0.079,130.63266836591222
2026-08-27 08:35:33.897593500+00:00,47.3816,19.8239,0.0,1,3.1,0.05,136.6061851380286
2026-08-27 08:36:39.703473100+00:00,46.9629,20.321,0.0,1,7.9,0.062,117.13643384905423
2026-08-27 08:36:39.707604900+00:00,46.9608,20.3209,0.0,1,-3.7,0.059,117.27063866867684
2026-08-27 08:36:39.708929600+00:00,46.9642,20.3215,0.0,1,3.4,0.048,117.0256606639921
2026-08-27 08:37:39.288400100+00:00,47.3411,19.7574,0.0,1,-40.4,0.075,142.22384210373625
2026-08-27 08:37:39.290251300+00:00,47.3383,19.7498,4.0,2,7.2,0.032,142.83929570860641
2026-08-27 08:37:39.291074+00:00,47.3351,19.7539,0.0,1,2.3,0.084,142.59277035999648
2026-08-27 08:37:39.508813800+00:00,47.3164,19.7933,0.0,1,2.7,0.059,140.02960474587096
2026-08-27 08:37:39.522443900+00:00,47.3413,19.757,0.0,1,14.3,0.054,142.2500160862937
2026-08-27 08:37:39.531367300+00:00,47.3413,19.7576,0.0,1,6.7,0.047,142.205393797662
2026-08-27 08:37:39.532056800+00:00,47.3971,19.8302,0.0,1,2.9,0.066,135.91595052050252
2026-08-27 08:37:39.915571400+00:00,47.3664,19.7768,0.0,1,-47.3,0.054,140.35240877650895
2026-08-27 08:37:39.922358300+00:00,47.4789,19.8824,0.0,1,-4.9,0.085,131.19578565244157
2026-08-27 08:37:39.988295300+00:00,47.3648,19.777,0.0,1,-47.3,0.073,140.36299220429808
2026-08-27 08:37:40.046183100+00:00,47.4709,19.8976,0.0,1,-3.0,0.071,130.1082599706016
2026-08-27 08:43:29.134686800+00:00,47.3083,19.9374,0.0,1,-15.3,0.086,129.5414752831767
2026-08-27 08:43:29.136431900+00:00,47.308,19.9385,0.0,1,7.2,0.066,129.46701186688188
2026-08-27 08:43:29.137209+00:00,47.3075,19.9427,0.0,1,8.4,0.071,129.16823522715165
2026-08-27 08:43:29.140841500+00:00,47.3203,19.8793,0.0,1,-2.1,0.068,133.57818727495538
2026-08-27 08:43:29.142571+00:00,47.3305,19.8781,0.0,1,-1.5,0.032,133.4598171049725
2026-08-27 08:43:29.150796600+00:00,47.3641,19.9049,0.0,1,4.6,0.063,130.84844424979525
2026-08-27 08:43:29.153145400+00:00,47.382,19.9112,0.0,1,-4.1,0.077,130.08841804217272
2026-08-27 08:43:29.158020100+00:00,47.3142,19.8847,0.0,1,-2.4,0.071,133.3071213586415
2026-08-27 08:43:29.191478100+00:00,47.3228,19.8837,0.0,1,3.7,0.075,133.20058434604073
2026-08-27 08:43:29.192160300+00:00,47.3248,19.8762,0.0,1,2.9,0.079,133.71526206594848
2026-08-27 08:43:29.201615400+00:00,47.2997,19.9632,0.0,1,3.1,0.074,127.83647651193293
2026-08-27 08:43:29.225270700+00:00,47.2103,20.0338,0.0,1,-2.4,0.043,125.20391427338782
2026-08-27 08:43:29.327449300+00:00,47.4727,19.9495,0.0,1,-3.0,0.075,126.2024555507432
2026-08-27 08:44:06.492866900+00:00,47.3151,19.7791,0.0,1,-3.9,0.075,141.10848834617565
2026-08-27 08:44:06.493230500+00:00,47.3152,19.7785,0.0,1,3.5,0.101,141.15093678810354
2026-08-27 08:44:54.383581100+00:00,47.2206,19.7677,0.0,1,-1.6,0.092,144.22962841329934
2026-08-27 08:44:54.496645500+00:00,47.209,19.7389,0.0,1,-6.9,0.103,146.66102873341177
2026-08-27 08:44:54.516870500+00:00,47.2114,19.7488,0.0,1,-7.4,0.06,145.86982323292898
2026-08-27 08:46:24.315672900+00:00,47.3236,19.766,0.0,1,-4.0,0.061,141.91139036087392
2026-08-27 08:46:24.633071200+00:00,47.3076,19.8015,0.0,1,-2.8,0.085,139.6044076390021
2026-08-27 08:46:24.633696200+00:00,47.3238,19.7657,0.0,1,-19.5,0.056,141.92977067274586
2026-08-27 08:46:24.634638200+00:00,47.3062,19.8461,0.0,1,-2.1,0.045,136.33449511711953
2026-08-27 08:49:04.844728500+00:00,47.2999,19.8288,0.0,1,-11.7,0.074,137.751289687427
2026-08-27 08:49:04.846014100+00:00,47.2982,19.8366,3.2,2,9.7,0.034,137.2125960054799
2026-08-27 08:49:04.846803900+00:00,47.2988,19.8388,5.3,2,4.0,0.034,137.03669316862073
2026-08-27 08:49:04.847172400+00:00,47.2982,19.838,5.3,2,25.1,0.038,137.10916465410338
2026-08-27 08:49:04.848404600+00:00,47.2972,19.8393,6.1,2,6.4,0.037,137.03548034321756
2026-08-27 08:49:43.511866900+00:00,47.1871,19.8334,0.0,1,6.0,0.069,140.44354086355818
2026-08-27 08:49:43.512515100+00:00,47.1872,19.834,0.0,1,-29.0,0.089,140.39690817249104
2026-08-27 08:49:43.513844300+00:00,47.1852,19.8303,5.6,2,7.3,0.053,140.72820137686506
2026-08-27 08:49:43.515243100+00:00,47.1806,19.8281,4.9,2,4.4,0.033,141.0339347102897
2026-08-27 08:49:43.522853900+00:00,47.1799,19.8526,7.5,2,2.6,0.069,139.28422598278118
2026-08-27 08:49:43.568789600+00:00,47.2173,19.9073,5.4,2,-2.2,0.05,134.14792440248667
2026-08-27 08:49:43.617732500+00:00,47.278,19.9508,0.0,1,-3.9,0.046,129.28056254349735
2026-08-27 08:49:43.624497+00:00,47.3266,19.9284,0.0,1,-3.4,0.037,129.81158521917405
2026-08-27 08:49:43.625915500+00:00,47.338,19.9149,0.0,1,3.0,0.067,130.58272808540244
2026-08-27 08:49:43.627492200+00:00,47.361,19.9782,0.0,1,-3.8,0.053,125.45069487200026
2026-08-27 08:49:43.651463800+00:00,47.3058,19.9413,0.0,1,-19.3,0.057,129.31015869299617
2026-08-27 08:49:43.656094900+00:00,47.2459,19.9232,4.0,2,2.2,0.024,132.15866663106257
2026-08-27 08:49:43.657631+00:00,47.2697,20.0728,0.0,1,2.0,0.087,120.5658312095128
2026-08-27 08:49:43.713789900+00:00,47.2375,19.9562,2.8,2,-2.2,0.028,129.9902726053135
2026-08-27 08:50:52.595466200+00:00,47.1738,19.8336,0.0,1,-33.1,0.062,140.8559174654572
2026-08-27 08:50:52.595572400+00:00,47.1748,19.8324,0.0,1,-35.5,0.071,140.91005973356954
2026-08-27 08:50:52.596039700+00:00,47.1753,19.828,0.0,1,-3.7,0.063,141.21189613843228
2026-08-27 08:50:52.619809400+00:00,47.1754,19.8357,0.0,1,-2.0,0.057,140.65202120608163
2026-08-27 08:50:52.780392900+00:00,47.1751,19.8324,0.0,1,-3.2,0.058,140.90030380698465
2026-08-27 08:50:52.791278900+00:00,47.1765,19.8671,0.0,1,2.3,0.097,138.34782308650855
2026-08-27 08:51:49.663855300+00:00,47.1716,19.8465,0.0,1,-3.5,0.06,139.9964551034097
2026-08-27 08:53:47.054551+00:00,47.1683,19.8815,4.5,2,17.5,0.055,137.58329980179582
2026-08-27 08:53:47.055049100+00:00,47.1663,19.88,4.6,2,17.8,0.053,137.75910368475473
2026-08-27 08:53:47.056209700+00:00,47.1657,19.8833,7.1,2,11.5,0.054,137.5420086516027
2026-08-27 08:53:47.066406+00:00,47.1468,19.8812,7.1,2,-2.6,0.039,138.35098833326109
2026-08-27 08:53:47.166555300+00:00,47.1135,19.862,0.0,1,-15.4,0.064,140.94481528200197
2026-08-27 08:54:31.210850600+00:00,47.1728,19.8568,0.0,1,-8.0,0.066,139.21339419214118
2026-08-27 08:55:53.452102600+00:00,47.1987,20.0841,0.0,1,-12.3,0.09,121.97588614735042
2026-08-27 08:55:53.452649200+00:00,47.1988,20.0839,0.0,1,17.8,0.086,121.98675982893484
2026-08-27 08:55:53.453175100+00:00,47.2003,20.0907,0.0,1,11.4,0.091,121.44662009107518
2026-08-27 08:55:53.453676800+00:00,47.1998,20.09,6.7,2,6.6,0.018,121.51424402196191
2026-08-27 08:55:53.454044100+00:00,47.2002,20.0833,0.0,1,8.2,0.07,121.98123477941911
2026-08-27 08:55:53.455359600+00:00,47.2003,20.0898,4.9,2,-9.3,0.107,121.51120708485155
2026-08-27 08:55:53.459215200+00:00,47.2217,20.1172,5.8,2,-3.2,0.11,118.81276583610395
2026-08-27 08:55:53.472063400+00:00,47.2271,20.0673,0.0,1,4.4,0.075,122.23988779617342
2026-08-27 08:55:53.472601800+00:00,47.2564,20.0934,0.0,1,2.7,0.082,119.44634310600937
2026-08-27 08:55:53.473405900+00:00,47.2307,20.0962,0.0,1,3.7,0.072,120.03467922680485
2026-08-27 08:55:53.473919100+00:00,47.1964,20.01,0.0,1,8.9,0.11,127.381612159333
2026-08-27 08:55:53.476733200+00:00,47.2893,20.0805,0.0,1,-3.6,0.078,119.47234719276268
2026-08-27 08:55:53.477260800+00:00,47.2904,20.0798,0.0,1,-5.8,0.103,119.49496955350745
2026-08-27 08:55:53.478611500+00:00,47.2997,20.0769,0.0,1,-2.0,0.101,119.47015450212113
2026-08-27 08:55:53.479161800+00:00,47.3028,20.0756,0.0,1,-3.3,0.075,119.48844628290011
2026-08-27 08:55:53.481141500+00:00,47.1965,20.0886,0.0,1,5.3,0.042,121.72996432778756
2026-08-27 08:55:53.482614700+00:00,47.3141,20.0461,0.0,1,3.1,0.068,121.388928049749
2026-08-27 08:55:53.504746300+00:00,47.263,20.084,0.0,1,3.1,0.058,119.93853637253903
2026-08-27 08:55:53.510719200+00:00,47.2908,20.0133,0.0,1,-7.1,0.089,124.36615652853887
2026-08-27 08:55:53.513419800+00:00,47.3091,20.0094,0.0,1,2.3,0.068,124.21087644822583
2026-08-27 08:55:53.520150300+00:00,47.2724,20.0594,0.0,1,12.0,0.082,121.47018772599017
2026-08-27 08:55:53.580194300+00:00,47.1742,20.0814,0.0,1,31.8,0.071,123.04796999140365
2026-08-27 08:55:53.603997600+00:00,47.1955,20.0704,0.0,1,3.6,0.082,123.07034621820448
2026-08-27 08:55:53.614869200+00:00,47.194,20.0721,0.0,1,2.1,0.05,123.00074816616919
2026-08-27 08:55:53.644118700+00:00,47.2784,20.031,0.0,1,-47.3,0.08,123.38694804762885
2026-08-27 08:55:53.755007900+00:00,47.2668,19.9579,0.0,1,-2.0,0.068,129.05060984755482
2026-08-27 08:55:57.092681300+00:00,47.1781,19.902,0.0,1,4.5,0.077,135.77688799450692
2026-08-27 08:57:20.738453300+00:00,47.1946,20.1137,0.0,1,4.8,0.081,119.99950527954901
2026-08-27 08:57:20.747574200+00:00,47.196,20.1325,4.0,2,3.3,0.045,118.60475089558435
2026-08-27 08:57:20.854696600+00:00,47.1826,20.0926,0.0,1,64.3,0.078,121.94068728555038
2026-08-27 08:57:20.855173800+00:00,47.2476,20.0918,0.0,1,6.1,0.11,119.82621196856294
2026-08-27 08:57:20.856042300+00:00,47.3014,20.0222,0.0,1,-5.4,0.067,123.45066594530668
2026-08-27 08:57:40.448694400+00:00,47.169,19.9135,0.0,1,13.3,0.086,135.25676283117932
2026-08-27 08:57:40.449197400+00:00,47.1698,19.9138,0.0,1,16.4,0.075,135.20776634764988
2026-08-27 08:57:40.458264500+00:00,47.1594,19.909,0.0,1,-44.6,0.067,135.9128114030473
2026-08-27 08:57:40.488336+00:00,47.1426,19.8927,0.0,1,-11.6,0.059,137.6781708293389
2026-08-27 08:57:40.496360800+00:00,47.1673,19.8438,0.0,1,-3.5,0.064,140.3338562352089
2026-08-27 08:57:48.868315300+00:00,47.2543,19.9117,0.0,1,-10.5,0.035,132.76914021601013
2026-08-27 08:57:48.870802100+00:00,47.2489,19.9106,5.5,2,9.3,0.026,132.99673370607624
2026-08-27 08:57:48.871848300+00:00,47.248,19.905,4.5,2,5.3,0.057,133.43105087005728
2026-08-27 08:57:48.892132100+00:00,47.2508,19.9261,5.5,2,-3.9,0.049,131.81089028330754
2026-08-27 08:58:19.267611300+00:00,47.1682,19.9469,0.0,1,-9.0,0.074,132.88514334694062
2026-08-27 08:58:19.493047800+00:00,47.1687,19.9473,0.0,1,-8.2,0.078,132.83896981803014
2026-08-27 08:58:19.731927700+00:00,47.1688,19.9473,0.0,1,-3.4,0.074,132.83547872101664
2026-08-27 08:58:19.734092500+00:00,47.2446,19.9491,0.0,1,-2.2,0.086,130.30384943857052
2026-08-27 08:58:19.746761400+00:00,47.2413,19.9476,0.0,1,-2.5,0.062,130.50743003114889
2026-08-27 08:59:21.291643600+00:00,47.246,19.9337,4.0,2,4.5,0.052,131.38877231744618
2026-08-27 08:59:21.293054900+00:00,47.2469,19.9321,6.1,2,9.8,0.058,131.48046138899602
2026-08-27 08:59:21.295678900+00:00,47.2516,19.9319,7.3,2,2.7,0.063,131.36472432290546
2026-08-27 08:59:21.296674100+00:00,47.2514,19.9341,7.2,2,2.1,0.055,131.20936251048533
2026-08-27 08:59:31.995950900+00:00,47.173,19.9145,0.0,1,-11.7,0.067,135.04821741272144
2026-08-27 08:59:32.037100900+00:00,47.1603,19.9171,0.0,1,-14.6,0.068,135.3000704906052
2026-08-27 08:59:32.075018600+00:00,47.1715,19.9137,0.0,1,-7.8,0.065,135.15685930603811
2026-08-27 08:59:32.075655400+00:00,47.1903,19.9429,0.0,1,-4.1,0.177,132.42193768150912
2026-08-27 08:59:32.148455400+00:00,47.172,19.911,0.0,1,-44.7,0.075,135.3341113831279
2026-08-27 08:59:32.187610700+00:00,47.1715,19.9142,0.0,1,-2.9,0.047,135.12088598704833
2026-08-27 09:00:14.353642900+00:00,47.2743,19.9327,0.0,1,-5.3,0.072,130.70399457701473
2026-08-27 09:01:42.401611500+00:00,47.1292,19.9519,3.5,2,6.6,0.018,133.95608100801067
2026-08-27 09:01:42.401906300+00:00,47.1299,19.952,0.0,1,3.2,0.073,133.92221225473
2026-08-27 09:01:42.403048700+00:00,47.1294,19.9523,0.0,1,-15.5,0.109,133.92001639672418
2026-08-27 09:01:42.404311800+00:00,47.1291,19.9591,6.1,2,13.0,0.031,133.44862027810368
2026-08-27 09:01:42.405883100+00:00,47.1252,19.9499,3.1,2,3.8,0.024,134.25170387128202
2026-08-27 09:01:42.407067800+00:00,47.1208,19.9609,0.0,1,5.6,0.043,133.64271750494737
2026-08-27 09:01:42.407676900+00:00,47.1229,19.9581,7.4,2,2.0,0.076,133.75919585337053
2026-08-27 09:01:42.412630700+00:00,47.13,19.9585,0.0,1,2.4,0.095,133.45669396104154
2026-08-27 09:01:42.424075800+00:00,47.1528,19.9686,7.9,2,1.7,0.034,131.88294302214933
2026-08-27 09:02:25.757640900+00:00,47.1726,19.9711,0.0,1,33.7,0.069,130.99476463056848
2026-08-27 09:02:25.758053+00:00,47.1721,19.972,2.2,2,15.5,0.028,130.94771674122558
2026-08-27 09:02:25.758545500+00:00,47.1696,19.9718,0.0,1,-6.1,0.113,131.04998196395982
2026-08-27 09:02:25.888617500+00:00,47.1639,19.8997,0.0,1,-5.3,0.069,136.4242844084485
2026-08-27 09:02:26.113899+00:00,47.1583,19.9182,0.0,1,-2.0,0.138,135.29153317089833
2026-08-27 09:03:27.715600500+00:00,47.125,19.9704,0.0,1,-2.6,0.097,132.80573611846683
2026-08-27 09:03:27.726217+00:00,47.1268,19.9811,0.0,1,3.3,0.089,131.9774353483186
2026-08-27 09:03:27.726719500+00:00,47.1258,19.9821,0.0,1,3.2,0.067,131.94567804150435
2026-08-27 09:03:27.727202700+00:00,47.1267,19.9837,0.0,1,10.7,0.08,131.79716849160894
2026-08-27 09:03:27.728581400+00:00,47.1271,19.9866,0.0,1,7.0,0.079,131.576139792546
2026-08-27 09:03:27.729211500+00:00,47.1251,19.983,0.0,1,3.4,0.081,131.90936307349583
2026-08-27 09:03:27.935409200+00:00,47.0409,20.0148,0.0,1,-27.5,0.081,133.3016196924949
2026-08-27 09:03:27.941144200+00:00,47.1691,19.9725,0.0,1,5.8,0.069,131.0174540457954
2026-08-27 09:04:16.429281500+00:00,47.1649,19.9889,0.0,1,8.7,0.116,129.9928796843022
2026-08-27 09:04:16.568141600+00:00,47.1969,19.9607,0.0,1,-7.9,0.05,130.92011268300794
2026-08-27 09:04:52.584728500+00:00,47.1744,19.992,0.0,1,-3.4,0.079,129.4326137760006
2026-08-27 09:04:52.609488300+00:00,47.1816,20.0043,0.0,1,-4.1,0.074,128.29808253485032
2026-08-27 09:05:49.679846700+00:00,47.1748,19.9957,0.0,1,-3.6,0.07,129.15326595952263
2026-08-27 09:05:49.689997800+00:00,47.1678,19.9885,0.0,1,-54.7,0.074,129.91751855683594
2026-08-27 09:05:49.714882100+00:00,47.1564,19.9797,0.0,1,-14.0,0.071,130.95864340019475
2026-08-27 09:05:50.013760900+00:00,47.1949,20.0143,0.0,1,-2.4,0.089,127.12264631468604
2026-08-27 09:05:50.077786400+00:00,47.2405,19.9737,0.0,1,-3.7,0.066,128.62786171924256
2026-08-27 09:05:50.083336700+00:00,47.2014,19.9812,0.0,1,-6.7,0.076,129.2926355285822
2026-08-27 09:07:00.989876900+00:00,47.1609,20.0345,4.4,2,-11.8,0.044,126.88366392597705
2026-08-27 09:07:00.990927800+00:00,47.1594,20.029,0.0,1,9.9,0.101,127.33134291837891
2026-08-27 09:07:00.993768100+00:00,47.1556,20.0351,6.7,2,12.1,0.054,127.0393155760798
2026-08-27 09:07:00.996804800+00:00,47.1476,19.9452,0.0,1,3.6,0.051,133.74418696178003
2026-08-27 09:07:00.998962500+00:00,47.1406,20.0326,8.3,2,7.3,0.055,127.79103330336591
2026-08-27 09:07:01.032845+00:00,47.1667,19.9957,0.0,1,2.5,0.097,129.4416999086243
2026-08-27 09:07:01.235742700+00:00,47.141,20.2053,0.0,1,-3.7,0.084,115.62170667525557
2026-08-27 09:07:01.236378500+00:00,47.1401,20.2067,0.0,1,-9.6,0.086,115.5624491330452
2026-08-27 09:07:01.237196200+00:00,47.1483,20.2123,0.0,1,-3.4,0.072,114.82247502743373
2026-08-27 09:07:01.237915500+00:00,47.1526,20.2143,0.0,1,-3.4,0.089,114.50171105084993
2026-08-27 09:07:01.238489300+00:00,47.1569,20.218,0.0,1,-2.6,0.098,114.06303072649358
2026-08-27 09:07:01.239262300+00:00,47.1593,20.2163,0.0,1,-3.1,0.087,114.08291920184536
2026-08-27 09:07:01.246015300+00:00,47.1891,20.2179,0.0,1,-3.1,0.083,112.78114780421191
2026-08-27 09:07:01.247347200+00:00,47.1998,20.2295,0.0,1,-3.1,0.093,111.55002146372881
2026-08-27 09:07:01.252427700+00:00,47.2331,20.2078,0.0,1,-2.7,0.079,111.90824729647913
2026-08-27 09:07:01.267031200+00:00,47.1509,20.1736,0.0,1,4.0,0.078,117.42803526655094
2026-08-27 09:07:01.305093400+00:00,47.196,20.2093,0.0,1,2.8,0.067,113.12909683378682
2026-08-27 09:07:01.305620800+00:00,47.1967,20.2116,0.0,1,2.5,0.113,112.93923234257188
2026-08-27 09:07:01.326502600+00:00,47.201,20.1804,0.0,1,-2.4,0.082,115.00227118458324
2026-08-27 09:07:01.328125400+00:00,47.1662,20.2296,0.0,1,2.9,0.106,112.86494455963701
2026-08-27 09:07:01.329691500+00:00,47.152,20.2167,0.0,1,1.6,0.047,114.35876487981609
2026-08-27 09:07:01.343961400+00:00,47.2526,20.2892,0.0,1,1.8,0.099,105.39508747077211
2026-08-27 09:07:01.368639300+00:00,47.1574,20.0048,0.0,1,-8.0,0.083,129.13056995291944
2026-08-27 09:07:01.368925600+00:00,47.158,20.0079,0.0,1,-4.7,0.093,128.88732302856852
2026-08-27 09:07:01.369890400+00:00,47.1563,20.0022,0.0,1,-3.0,0.095,129.35663097132615
2026-08-27 09:07:01.402717700+00:00,47.2691,20.243,0.0,1,-3.6,0.084,108.19856857329626
2026-08-27 09:08:23.891925400+00:00,47.15,20.0508,0.0,1,7.5,0.048,126.13697473495114
2026-08-27 09:08:23.893748700+00:00,47.1485,20.0491,0.0,1,9.7,0.078,126.31533949021161
2026-08-27 09:08:23.895341400+00:00,47.1497,20.049,0.0,1,4.1,0.101,126.27623137906377
2026-08-27 09:08:23.896635700+00:00,47.1474,20.0543,4.6,2,5.1,0.043,125.98913956523646
2026-08-27 09:08:23.900127+00:00,47.1494,20.0509,0.0,1,2.8,0.181,126.15297214116335
2026-08-27 09:08:23.902172400+00:00,47.1385,20.062,5.9,2,3.6,0.026,125.79324273057738
2026-08-27 09:08:24.132146100+00:00,47.1785,20.0739,0.0,1,3.5,0.06,123.4253614873236
2026-08-27 09:08:52.995259+00:00,47.0968,20.0165,0.0,1,6.9,0.121,130.701815227205
2026-08-27 09:08:53.130858500+00:00,47.0934,19.9134,0.0,1,-11.6,0.095,138.08926219930214
2026-08-27 09:08:53.159848100+00:00,47.1227,20.0177,0.0,1,-2.1,0.164,129.55169300505307
2026-08-27 09:08:53.248055700+00:00,47.0994,19.9847,0.0,1,-2.3,0.08,132.82420853630083
2026-08-27 09:08:53.370634800+00:00,47.0959,19.9663,0.0,1,-8.8,0.091,134.2619751494269
2026-08-27 09:10:25.252186500+00:00,47.1295,20.0959,0.0,1,7.6,0.054,123.76827624683094
2026-08-27 09:10:25.264270700+00:00,47.1463,20.0855,0.0,1,-42.5,0.07,123.82354736560028
2026-08-27 09:10:25.281735500+00:00,47.1622,20.0587,0.0,1,-8.5,0.068,125.11188560914857
2026-08-27 09:10:25.295599100+00:00,47.1377,20.2108,0.0,1,2.8,0.065,115.3795974096565
2026-08-27 09:10:25.304012100+00:00,47.1464,20.0859,0.0,1,4.9,0.049,123.79131966161938
2026-08-27 09:10:25.330125800+00:00,47.1605,20.0585,0.0,1,3.5,0.069,125.1900878087735
2026-08-27 09:10:25.356300500+00:00,47.1454,20.08,4.6,2,2.3,0.024,124.24792875985361
2026-08-27 09:10:25.357377200+00:00,47.1472,20.0821,4.9,2,2.5,0.026,124.028487556862
2026-08-27 09:10:25.391076700+00:00,47.1078,20.0811,6.5,2,2.6,0.068,125.71561118715078
2026-08-27 09:10:25.531727100+00:00,47.1142,20.071,0.0,1,-12.3,0.073,126.15159898723623
2026-08-27 09:11:05.703165900+00:00,47.1324,19.9705,0.0,1,-4.4,0.057,132.5125663617584
2026-08-27 09:11:05.750434800+00:00,47.0993,19.9982,0.0,1,-10.6,0.062,131.88018862779901
2026-08-27 09:11:05.834938700+00:00,47.0681,20.0677,0.0,1,2.0,0.019,128.40071430673007
2026-08-27 09:11:05.941914100+00:00,47.0787,20.0509,0.0,1,-10.4,0.05,129.08671393446627
2026-08-27 09:11:20.248752100+00:00,47.0741,20.0647,3.5,2,2.5,0.027,128.33592100992098
2026-08-27 09:11:20.302021300+00:00,47.0766,20.0645,0.0,1,2.9,0.078,128.23729255347172
2026-08-27 09:11:20.748851800+00:00,47.0956,20.0173,0.0,1,-3.3,0.117,130.69649964348105
2026-08-27 09:11:52.666752800+00:00,47.1308,20.103,0.0,1,9.8,0.079,123.21583539467632
2026-08-27 09:11:52.695251600+00:00,47.1464,20.1122,0.0,1,-4.6,0.055,121.93399555209609
2026-08-27 09:11:53.165425+00:00,47.1443,20.2035,0.0,1,3.7,0.09,115.60713153140219
2026-08-27 09:11:53.171416300+00:00,47.1247,20.2174,0.0,1,3.0,0.087,115.49028791484679
2026-08-27 09:11:53.267399600+00:00,47.0986,20.2667,0.0,1,-3.9,0.091,113.30678550428416
2026-08-27 09:11:53.268504900+00:00,47.0975,20.2693,0.0,1,-3.9,0.109,113.18246565105284
2026-08-27 09:11:53.269407500+00:00,47.0946,20.2675,0.0,1,2.3,0.093,113.44549056309536
2026-08-27 09:11:53.272594300+00:00,47.0947,20.2968,0.0,1,2.3,0.104,111.448655197469
2026-08-27 09:11:53.445007+00:00,47.1415,20.3463,0.0,1,3.1,0.079,105.827157362138
2026-08-27 09:12:46.476240900+00:00,47.0961,20.0434,0.0,1,4.6,0.079,128.8499961451691
2026-08-27 09:12:46.476658500+00:00,47.0966,20.0388,0.0,1,-2.7,0.094,129.15004896260328
2026-08-27 09:12:46.498110700+00:00,47.0995,20.0152,0.0,1,-7.2,0.061,130.67931376816085
2026-08-27 09:12:46.541246100+00:00,47.09,20.0382,0.0,1,-20.9,0.066,129.47543063739275
2026-08-27 09:12:46.579876100+00:00,47.0902,20.0392,0.0,1,-10.0,0.067,129.397032408999
2026-08-27 09:12:46.648834400+00:00,47.0889,20.0382,0.0,1,-45.4,0.068,129.52301500700892
2026-08-27 09:12:46.651723600+00:00,47.0973,20.0384,0.0,1,5.0,0.071,129.14815096859957
2026-08-27 09:12:46.689406900+00:00,47.0968,20.0411,0.0,1,-3.3,0.082,128.98075694243244
2026-08-27 09:12:46.690102600+00:00,47.0891,20.0379,0.0,1,-34.3,0.068,129.53527710853658
2026-08-27 09:12:46.757499500+00:00,47.1253,20.0099,0.0,1,-5.2,0.075,129.9987534160542
2026-08-27 09:12:46.916914100+00:00,47.1184,19.9942,3.5,2,-2.0,0.075,131.3826919308485
2026-08-27 09:12:47.079327300+00:00,47.1247,20.0886,0.0,1,-2.6,0.062,124.47930998266779
2026-08-27 09:14:08.009080100+00:00,47.0337,20.082,0.0,1,-53.2,0.086,129.04258407815752
2026-08-27 09:14:08.032624700+00:00,47.039,20.0782,0.0,1,-5.5,0.091,129.04503977741567
2026-08-27 09:14:08.094980800+00:00,47.065,20.1333,0.0,1,2.6,0.058,124.03289694833349
2026-08-27 09:14:08.095664+00:00,47.0639,20.1334,0.0,1,6.1,0.089,124.0783230300604
2026-08-27 09:14:08.097653500+00:00,47.0637,20.132,0.0,1,-3.1,0.083,124.1836879638946
2026-08-27 09:14:08.098448500+00:00,47.0617,20.1328,0.0,1,6.9,0.074,124.22421538624619
2026-08-27 09:14:08.099384500+00:00,47.0686,20.1238,0.0,1,3.0,0.106,124.51439164808907
2026-08-27 09:14:08.100565400+00:00,47.0615,20.1277,0.0,1,3.2,0.098,124.58275101206372
2026-08-27 09:14:08.104603800+00:00,47.0694,20.1139,0.0,1,4.3,0.084,125.15712869674692
2026-08-27 09:14:08.118070900+00:00,47.0587,20.1002,0.0,1,3.4,0.062,126.59986674601161
2026-08-27 09:14:08.322098800+00:00,47.0592,20.1015,0.0,1,2.5,0.037,126.487105437825
2026-08-27 09:14:08.360963900+00:00,47.0597,20.0999,0.0,1,4.4,0.062,126.57332325331768
2026-08-27 09:14:08.384828900+00:00,47.0596,20.1006,0.0,1,5.4,0.043,126.5299986359297
2026-08-27 09:14:46.685354500+00:00,47.1169,20.184,0.0,1,4.9,0.085,118.1535269432039
2026-08-27 09:14:47.098217700+00:00,47.1873,20.2288,0.0,1,3.4,0.099,112.0786393806492
2026-08-27 09:16:24.285391500+00:00,47.0772,20.0732,0.0,1,20.6,0.096,127.60776846184683
2026-08-27 09:16:24.285664900+00:00,47.0768,20.0737,0.0,1,15.9,0.07,127.59117921310681
2026-08-27 09:16:24.286164300+00:00,47.0822,20.0662,0.0,1,-11.3,0.077,127.86919876838921
2026-08-27 09:16:24.286634600+00:00,47.0847,20.0629,0.0,1,-7.2,0.107,127.98750533756508
2026-08-27 09:16:24.288152600+00:00,47.0853,20.0543,0.0,1,-6.6,0.061,128.55886749889396
2026-08-27 09:16:24.288172500+00:00,47.086,20.0491,0.0,1,-112.3,0.035,128.88993832828788
2026-08-27 09:16:24.307307500+00:00,47.0856,20.0513,0.0,1,-45.9,0.078,128.75437793312472
2026-08-27 09:16:24.319310200+00:00,47.0769,20.0742,0.0,1,5.4,0.076,127.55205988038558
2026-08-27 09:16:24.333765200+00:00,47.0819,20.0699,0.0,1,-49.5,0.081,127.62584442445083
2026-08-27 09:16:24.344869500+00:00,47.0778,20.0743,0.0,1,5.2,0.078,127.50458948525221
2026-08-27 09:16:24.360560800+00:00,47.1024,20.0483,0.0,1,-14.6,0.081,128.23888244663738
2026-08-27 09:16:24.403180+00:00,47.103,20.0487,0.0,1,-9.1,0.081,128.1854535886789
2026-08-27 09:16:24.751493700+00:00,47.0757,20.1304,0.0,1,3.7,0.073,123.72902022583918
2026-08-27 09:16:24.752092500+00:00,47.0752,20.1304,0.0,1,2.8,0.082,123.75229393728414
2026-08-27 09:16:24.756589200+00:00,47.0831,20.1311,0.0,1,3.2,0.072,123.3387143677184
2026-08-27 09:16:24.757277100+00:00,47.0835,20.1299,0.0,1,5.9,0.086,123.40311173678931
2026-08-27 09:16:24.757901900+00:00,47.0841,20.1327,0.0,1,12.7,0.093,123.18246695924837
2026-08-27 09:16:24.759156700+00:00,47.0881,20.0748,0.0,1,4.9,0.027,127.01048953572156
2026-08-27 09:16:24.761868600+00:00,47.0721,20.1332,0.0,1,4.0,0.057,123.70474677074559
2026-08-27 09:16:24.776201600+00:00,47.0407,20.1424,0.0,1,-3.0,0.077,124.59305763961052
2026-08-27 09:16:24.778481200+00:00,47.1095,20.17,5.4,2,6.2,0.048,119.4536950976394
2026-08-27 09:16:24.783792200+00:00,47.1273,20.1073,0.0,1,-2.9,0.089,123.05894946516447
2026-08-27 09:17:12.648446900+00:00,47.1023,20.2379,0.0,1,3.2,0.09,115.10119007402919
2026-08-27 09:17:12.809924300+00:00,47.1397,20.2705,0.0,1,17.9,0.059,111.14161777330968
2026-08-27 09:17:12.840447500+00:00,47.1089,20.2639,0.0,1,3.0,0.093,113.00772898975985
2026-08-27 09:17:12.841288500+00:00,47.1055,20.273,0.0,1,2.2,0.114,112.54592195340169
2026-08-27 09:17:12.892951+00:00,47.1523,20.2215,0.0,1,-2.4,0.083,114.01010232125775
2026-08-27 09:17:12.984656200+00:00,47.0916,20.3627,0.0,1,2.3,0.084,107.15890270409253
2026-08-27 09:17:13.026181500+00:00,47.1202,20.0975,0.0,1,-2.3,0.091,124.04290099721743
2026-08-27 09:17:30.014679900+00:00,47.0892,20.0809,6.3,2,13.9,0.05,126.5381086212374
2026-08-27 09:17:30.078228+00:00,47.104,19.9892,0.0,1,-9.5,0.069,132.3183913203256
2026-08-27 09:17:30.148510300+00:00,47.0755,20.024,0.0,1,-17.4,0.075,131.0971436987464
2026-08-27 09:17:30.207298+00:00,47.1199,20.0596,0.0,1,-15.7,0.078,126.71469258517986
2026-08-27 09:17:30.209180400+00:00,47.0716,20.0907,0.0,1,4.1,0.078,126.65302737444227
2026-08-27 09:17:30.281426300+00:00,47.0841,20.0786,0.0,1,3.2,0.1,126.92429561541752
2026-08-27 09:17:30.298953800+00:00,47.0783,20.074,0.0,1,-9.4,0.073,127.50286707783631
2026-08-27 09:17:30.338311+00:00,47.1074,20.0579,0.0,1,2.4,0.116,127.3553796265742
2026-08-27 09:18:30.326658700+00:00,47.1237,20.2041,0.0,1,-58.1,0.082,116.45736083747299
2026-08-27 09:18:30.336542800+00:00,47.1091,20.2301,0.0,1,2.4,0.081,115.32022292573149
2026-08-27 09:18:30.364411300+00:00,47.1301,20.2027,0.0,1,-19.9,0.071,116.27348552192994
2026-08-27 09:18:30.368048700+00:00,47.1134,20.1908,0.0,1,-2.3,0.065,117.8381492106437
2026-08-27 09:18:30.751602200+00:00,47.0798,20.1428,8.0,2,-2.2,0.08,122.68543268177528
2026-08-27 09:18:30.754705300+00:00,47.07,20.1549,7.0,2,5.2,0.168,122.3162963377467
2026-08-27 09:18:30.761294200+00:00,47.0605,20.1392,4.9,2,4.2,0.06,123.84406526089977
2026-08-27 09:18:30.763281800+00:00,47.0963,20.1726,6.2,2,2.9,0.032,119.87115336433018
2026-08-27 09:18:30.764713800+00:00,47.0565,20.1317,0.0,1,-2.9,0.088,124.54863121348008
2026-08-27 09:18:30.777055800+00:00,47.1179,20.1707,6.3,2,4.5,0.084,119.03311829403069
2026-08-27 09:18:30.799075700+00:00,47.0385,20.177,7.6,2,-2.7,0.057,122.36398282046795
2026-08-27 09:19:17.647796500+00:00,47.0958,20.2527,0.0,1,3.3,0.072,114.3970180096476
2026-08-27 09:19:17.673765500+00:00,47.0813,20.2287,0.0,1,-35.6,0.072,116.73395028733367
2026-08-27 09:19:17.705196300+00:00,47.0812,20.2285,0.0,1,-24.3,0.092,116.75243086131788
2026-08-27 09:19:17.767726800+00:00,47.1134,20.2077,0.0,1,-14.6,0.073,116.66882378647568
2026-08-27 09:19:17.768640500+00:00,47.0892,20.247,0.0,1,-7.2,0.071,115.10398544747443
2026-08-27 09:19:17.769174200+00:00,47.0887,20.2499,0.0,1,-3.1,0.083,114.93062098281608
2026-08-27 09:19:17.769725600+00:00,47.0855,20.247,0.0,1,-3.7,0.089,115.28368741411144
2026-08-27 09:19:17.822464500+00:00,47.1025,20.2353,0.0,1,-3.8,0.075,115.2701697578627
2026-08-27 09:19:17.959608500+00:00,47.1175,20.2744,0.0,1,-3.0,0.108,111.8840357253073
2026-08-27 09:19:17.992760400+00:00,47.0741,20.2059,0.0,1,3.7,0.057,118.63674935984385
2026-08-27 09:19:18.000879400+00:00,47.118,20.1432,0.0,1,5.6,0.07,120.94304906866657
2026-08-27 09:20:45.307803800+00:00,47.0961,20.2287,0.0,1,23.5,0.093,116.0242397203841
2026-08-27 09:20:45.308142400+00:00,47.099,20.2298,0.0,1,8.1,0.157,115.8119690260662
2026-08-27 09:20:45.313694+00:00,47.0882,20.2163,0.0,1,-69.2,0.09,117.24821641426121
2026-08-27 09:20:45.342194200+00:00,47.097,20.2282,0.0,1,-3.3,0.071,116.01595990579075
2026-08-27 09:20:45.343461100+00:00,47.1063,20.2154,0.0,1,-29.4,0.072,116.46164442486435
2026-08-27 09:20:45.345074100+00:00,47.1122,20.2182,0.0,1,-5.3,0.067,115.99810784774212
2026-08-27 09:20:45.597523200+00:00,47.0947,20.1212,0.0,1,-3.3,0.097,123.49731664891026
2026-08-27 09:21:56.837177100+00:00,47.0608,20.1144,0.0,1,-3.8,0.069,125.52695861034421
2026-08-27 09:21:56.844761700+00:00,47.0612,20.1005,0.0,1,-2.8,0.076,126.46159399691508
2026-08-27 09:21:57.212293700+00:00,47.0649,20.1199,0.0,1,-10.0,0.109,124.95611527353688
2026-08-27 09:22:42.600114600+00:00,47.0649,20.1184,0.0,1,-3.7,0.064,125.05901735550509
2026-08-27 09:22:42.647067600+00:00,47.0639,20.1284,0.0,1,-22.0,0.104,124.42074072183729
2026-08-27 09:22:42.670847600+00:00,47.0547,20.1228,0.0,1,-6.6,0.095,125.24310868746724
2026-08-27 09:22:42.740821700+00:00,47.0529,20.1232,0.0,1,-46.5,0.078,125.30241403520935
2026-08-27 09:22:42.746288700+00:00,47.0663,20.1202,0.0,1,-2.6,0.033,124.86959347510731
2026-08-27 09:22:42.823049400+00:00,47.0635,20.1024,0.0,1,-3.9,0.082,126.2232209054195
2026-08-27 09:22:42.883980400+00:00,47.096,20.0838,0.0,1,-9.4,0.101,126.0373388499088
2026-08-27 09:22:42.887407100+00:00,47.0592,20.127,0.0,1,-3.3,0.078,124.74036906868774
2026-08-27 09:22:42.920208200+00:00,47.0796,20.1925,0.0,1,2.8,0.073,119.28625777255623
2026-08-27 09:22:42.925287+00:00,47.0598,20.1258,5.0,2,-3.7,0.016,124.79381122981675
2026-08-27 09:22:42.929121300+00:00,47.0631,20.1191,0.0,1,-3.6,0.08,125.0959636459072
2026-08-27 09:22:42.932165200+00:00,47.0839,20.1732,0.0,1,-13.2,0.067,120.40497973018809
2026-08-27 09:24:08.815024900+00:00,47.0563,20.2487,0.0,1,3.9,0.089,116.62874890885935
2026-08-27 09:24:08.815269700+00:00,47.0577,20.2443,0.0,1,6.6,0.072,116.85312815404043
2026-08-27 09:24:08.815841200+00:00,47.0561,20.2484,0.0,1,5.6,0.085,116.65916885872286
2026-08-27 09:24:08.817228600+00:00,47.0568,20.247,0.0,1,-17.7,0.063,116.71745069652552
2026-08-27 09:24:08.826311600+00:00,47.0661,20.2456,0.0,1,4.4,0.046,116.33972847315782
2026-08-27 09:24:08.840825500+00:00,47.0901,20.2228,4.1,2,-2.4,0.045,116.71305636470464
2026-08-27 09:24:08.913131900+00:00,47.0835,20.2473,0.0,1,3.7,0.084,115.36091796597454
2026-08-27 09:24:09.087543500+00:00,47.2159,20.1976,0.0,1,-3.9,0.089,113.23679584438489
2026-08-27 09:24:09.318676200+00:00,47.0469,20.1415,0.0,1,3.9,0.098,124.34785147858808
2026-08-27 09:24:09.320919100+00:00,47.0214,20.15,7.9,2,5.8,0.015,125.05500986148581
2026-08-27 09:24:09.337387900+00:00,47.0111,20.1729,0.0,1,-3.4,0.07,124.05757658898577
2026-08-27 09:24:09.343021300+00:00,47.0179,20.1571,0.0,1,-2.6,0.087,124.75888194580503
2026-08-27 09:25:08.968830+00:00,47.0713,20.23,0.0,1,21.7,0.081,117.13595285497098
2026-08-27 09:25:08.983681600+00:00,47.0585,20.2184,0.0,1,-6.3,0.093,118.55947286503933
2026-08-27 09:25:09.517834+00:00,47.0578,20.2186,0.0,1,-3.3,0.074,118.58114466577753
2026-08-27 09:25:09.562210200+00:00,47.0574,20.2178,0.0,1,-5.5,0.094,118.65531241012218
2026-08-27 09:25:09.604270400+00:00,47.0581,20.2169,0.0,1,-5.4,0.078,118.68093864008354
2026-08-27 09:25:09.620002500+00:00,47.0564,20.2202,0.0,1,-6.3,0.064,118.54361985276181
2026-08-27 09:25:09.732812300+00:00,47.0579,20.2184,0.0,1,-9.1,0.09,118.58962806468126
2026-08-27 09:25:49.717278600+00:00,47.0572,20.3001,0.0,1,6.6,0.12,113.13955655116456
2026-08-27 09:25:49.736311600+00:00,47.0584,20.2989,0.0,1,-6.9,0.077,113.15651292864479
2026-08-27 09:25:49.761855100+00:00,47.0661,20.2683,0.0,1,-35.4,0.106,114.80929349776967
2026-08-27 09:25:49.799559200+00:00,47.0524,20.2888,0.0,1,-3.9,0.07,114.14632684822945
2026-08-27 09:25:49.806380900+00:00,47.0543,20.2718,0.0,1,-22.1,0.082,115.18256363595872
2026-08-27 09:25:49.844026+00:00,47.0763,20.277,0.0,1,-24.0,0.082,113.7058879662465
2026-08-27 09:25:49.948240400+00:00,47.0727,20.2124,0.0,1,2.3,0.049,118.26253526502747
2026-08-27 09:25:49.949777100+00:00,47.076,20.3008,0.0,1,5.4,0.053,112.11725761931928
2026-08-27 09:25:50.085510100+00:00,47.0197,20.2002,2.8,2,-10.3,0.025,121.78205851192749
2026-08-27 09:25:50.086472900+00:00,47.0208,20.2435,0.0,1,5.5,0.124,118.84468282705546
2026-08-27 09:25:50.087166300+00:00,47.0224,20.2492,0.0,1,2.6,0.109,118.3805842757349
2026-08-27 09:25:50.088082200+00:00,47.0398,20.1703,0.0,1,2.9,0.194,122.75029714337279
2026-08-27 09:25:50.089986800+00:00,47.0274,20.2623,5.6,2,2.6,0.072,117.24256407775572
2026-08-27 09:25:50.090934200+00:00,47.0244,20.2093,0.0,1,-4.8,0.073,120.9268056813129
2026-08-27 09:25:50.098768400+00:00,47.1021,20.3702,0.0,1,-4.5,0.094,106.11730256611563
2026-08-27 09:25:50.116806200+00:00,47.0079,20.3182,0.0,1,-4.0,0.106,114.65871298964151
2026-08-27 09:25:50.176482+00:00,47.1077,20.367,0.0,1,1.9,0.203,106.05006367130088
2026-08-27 09:25:51.157497900+00:00,47.0175,20.1644,3.6,2,14.9,0.047,124.29036089867793
2026-08-27 09:25:51.157768700+00:00,47.023,20.1307,0.0,1,5.6,0.097,126.2729333022816
2026-08-27 09:25:51.158345100+00:00,47.0267,20.1342,0.0,1,-3.9,0.081,125.849350333699
2026-08-27 09:25:51.160839200+00:00,47.0333,20.129,0.0,1,-3.2,0.089,125.86947224673936
2026-08-27 09:25:51.450462500+00:00,47.05,20.1465,0.0,1,-6.2,0.076,123.85576714127586
2026-08-27 09:26:41.572169200+00:00,47.0095,20.3112,0.0,1,2.1,0.085,115.02278628585829
2026-08-27 09:26:41.814003900+00:00,47.0559,20.2689,0.0,1,2.2,0.095,115.29360792105268
2026-08-27 09:26:41.936898+00:00,47.0299,20.2616,0.0,1,2.3,0.093,117.15418975326315
2026-08-27 09:26:41.938576300+00:00,46.9772,20.2214,0.0,1,5.1,0.087,122.71252644914487
2026-08-27 09:26:41.939770700+00:00,47.0094,20.2545,0.0,1,-5.3,0.093,118.74086698719286
2026-08-27 09:26:42.131536800+00:00,47.0146,20.2292,0.0,1,-6.6,0.078,120.12717662419605
2026-08-27 09:26:42.152765+00:00,47.0401,20.2298,0.0,1,-4.2,0.064,118.73372676865857
2026-08-27 09:27:14.295714300+00:00,47.0301,20.1732,0.0,1,3.4,0.101,123.04849153072335
2026-08-27 09:27:14.296423200+00:00,47.0268,20.1779,2.7,2,2.8,0.017,122.9027404800187
2026-08-27 09:28:18.608177800+00:00,47.0187,20.1574,0.0,1,2.8,0.093,124.69731123300703
2026-08-27 09:28:18.612740600+00:00,47.0186,20.1669,5.5,2,3.7,0.066,124.06562825246031
2026-08-27 09:28:18.616700600+00:00,47.0148,20.1717,5.0,2,3.0,0.069,123.94299715568842
2026-08-27 09:28:18.900567100+00:00,46.992,20.084,0.0,1,-31.4,0.082,131.0052868401779
2026-08-27 09:28:19.058909900+00:00,46.9925,20.084,0.0,1,-11.8,0.066,130.97934657895706
2026-08-27 09:28:19.060575500+00:00,47.0181,20.2126,0.0,1,4.9,0.072,121.04111880954974
2026-08-27 09:28:33.797506+00:00,47.0479,20.1422,0.0,1,-3.5,0.083,124.25115476482915
2026-08-27 09:28:34.039261300+00:00,47.0597,20.1224,0.0,1,4.7,0.083,125.03125716847443
2026-08-27 09:28:34.363979300+00:00,47.0111,20.1642,0.0,1,-3.2,0.03,124.63851040661407
2026-08-27 09:28:34.383648900+00:00,47.046,20.1288,0.0,1,-2.8,0.105,125.2556847974485
2026-08-27 09:28:46.847583300+00:00,47.013,20.1785,0.0,1,-2.3,0.033,123.58359537934317
2026-08-27 09:28:46.889068+00:00,47.0175,20.1921,0.0,1,-11.5,0.075,122.43859257932023
2026-08-27 09:28:46.926247500+00:00,46.9917,20.1947,0.0,1,-12.0,0.072,123.65539618719126
2026-08-27 09:28:47.246415800+00:00,46.992,20.1935,0.0,1,-29.8,0.097,123.71811822267343
2026-08-27 09:28:47.248951700+00:00,46.9784,20.2378,0.0,1,5.2,0.047,121.57535947568736
2026-08-27 09:28:47.295201100+00:00,46.9918,20.1941,0.0,1,-13.3,0.085,123.68949413995689
2026-08-27 09:29:42.435514600+00:00,47.0159,20.1863,0.0,1,9.4,0.094,122.9100447311068
2026-08-27 09:29:42.436147500+00:00,47.0161,20.1848,0.0,1,-8.7,0.069,122.99960068697503
2026-08-27 09:29:42.436471400+00:00,47.0163,20.1871,0.0,1,13.7,0.104,122.83555139060887
2026-08-27 09:29:42.437105700+00:00,47.0171,20.1719,0.0,1,-6.8,0.081,123.80914394971914
2026-08-27 09:29:42.437581200+00:00,47.0219,20.1666,0.0,1,-7.9,0.083,123.9144318387236
2026-08-27 09:29:42.442757700+00:00,47.0214,20.1697,0.0,1,-86.0,0.085,123.73245951767049
2026-08-27 09:29:42.451130300+00:00,47.0181,20.1838,0.0,1,4.0,0.074,122.96111654869863
2026-08-27 09:29:42.477433300+00:00,47.0163,20.1826,0.0,1,3.0,0.078,123.13593909508224
2026-08-27 09:29:42.485478600+00:00,47.0214,20.1716,0.0,1,-24.6,0.074,123.60510032546418
2026-08-27 09:29:42.501331400+00:00,47.0148,20.1873,0.0,1,2.9,0.096,122.90145827604677
2026-08-27 09:29:42.525642500+00:00,47.0198,20.1708,0.0,1,-39.7,0.09,123.74190970268869
2026-08-27 09:29:42.573509500+00:00,47.0111,20.1881,0.0,1,-6.8,0.085,123.0444313327562
2026-08-27 09:29:42.585681300+00:00,47.0136,20.2064,0.0,1,-17.7,0.075,121.69376465160167
2026-08-27 09:29:42.633785900+00:00,47.0453,20.1896,0.0,1,-10.1,0.076,121.16962160061196
2026-08-27 09:29:42.634511400+00:00,47.049,20.141,0.0,1,-7.5,0.069,124.27883586416984
2026-08-27 09:29:42.790275200+00:00,47.0164,20.1926,0.0,1,-2.6,0.032,122.46339630144679
2026-08-27 09:29:42.851259900+00:00,47.0158,20.1897,0.0,1,-15.1,0.09,122.68851801524009
2026-08-27 09:30:10.509660700+00:00,47.0235,20.3339,0.0,1,8.9,0.078,112.74850849034172
2026-08-27 09:30:10.830145200+00:00,47.0339,20.1664,0.0,1,-6.3,0.083,123.31222240004158
2026-08-27 09:30:10.869370700+00:00,47.029,20.2983,0.0,1,-2.2,0.093,114.77686985428358
2026-08-27 09:30:38.916523100+00:00,47.0438,20.2855,0.0,1,-3.1,0.086,114.8223443354323
2026-08-27 09:30:38.929103+00:00,47.0389,20.2997,0.0,1,-5.6,0.048,114.14407566014114
2026-08-27 09:30:38.969341200+00:00,47.0478,20.2719,0.0,1,-2.6,0.072,115.5162313805936
2026-08-27 09:30:38.977602100+00:00,47.0384,20.3001,0.0,1,-10.0,0.084,114.14472303018665
2026-08-27 09:30:38.985255400+00:00,47.0497,20.2502,0.0,1,-9.7,0.099,116.86833123844558
2026-08-27 09:30:39.113796400+00:00,47.0497,20.2518,0.0,1,-11.6,0.09,116.76110802006575
2026-08-27 09:30:39.138585300+00:00,47.0354,20.2667,0.0,1,-4.1,0.081,116.52055488806991
2026-08-27 09:30:39.183924400+00:00,47.0496,20.2514,0.0,1,-13.2,0.099,116.79310030735029
2026-08-27 09:30:39.220624200+00:00,47.0499,20.2504,0.0,1,-6.0,0.095,116.84455720350847
2026-08-27 09:31:00.647460800+00:00,47.0135,20.1949,0.0,1,4.4,0.089,122.46402993527582
2026-08-27 09:31:00.648007900+00:00,47.0139,20.1934,0.0,1,-6.3,0.09,122.54264315544609
2026-08-27 09:31:00.648467600+00:00,47.015,20.1903,0.0,1,-5.7,0.084,122.69084913455833
2026-08-27 09:31:00.680319500+00:00,47.0394,20.1886,0.0,1,-10.2,0.067,121.53652093244834
2026-08-27 09:31:00.964725400+00:00,47.0565,20.1458,0.0,1,-3.2,0.073,123.5865357170965
2026-08-27 09:31:22.831402400+00:00,47.0222,20.3152,0.0,1,-6.5,0.084,114.04424510875226
2026-08-27 09:31:22.831663500+00:00,47.0217,20.315,0.0,1,2.9,0.097,114.08536447943781
2026-08-27 09:31:22.833083500+00:00,47.022,20.3226,0.0,1,19.0,0.11,113.57132533082556
2026-08-27 09:31:22.833603+00:00,47.0216,20.3252,0.0,1,5.5,0.113,113.42393895115303
2026-08-27 09:31:22.834603300+00:00,47.0148,20.3898,7.9,2,-13.1,0.088,109.63021592567631
2026-08-27 09:31:22.835156500+00:00,47.0221,20.3213,0.0,1,5.3,0.104,113.65070211347927
2026-08-27 09:31:22.837725500+00:00,47.035,20.3168,0.0,1,8.4,0.069,113.22829682656779
2026-08-27 09:31:22.840445500+00:00,47.0421,20.3004,7.6,2,3.2,0.067,113.92468967987173
2026-08-27 09:31:22.842830300+00:00,47.0506,20.332,0.0,1,4.2,0.113,111.372952977033
2026-08-27 09:31:23.114137100+00:00,46.995,20.2105,11.2,2,-2.5,0.103,122.432325614717
2026-08-27 09:31:50.661306100+00:00,47.0131,20.1914,0.0,1,-3.5,0.071,122.71834990812802
2026-08-27 09:31:50.672627300+00:00,47.0191,20.1892,0.0,1,-33.2,0.072,122.54782562881083
2026-08-27 09:31:50.690115200+00:00,47.0217,20.1856,0.0,1,-3.5,0.066,122.65205446613359
2026-08-27 09:31:50.918070900+00:00,46.9974,20.2384,5.8,2,-5.4,0.029,120.46452927969848
2026-08-27 09:31:50.959543600+00:00,47.0228,20.182,0.0,1,-5.1,0.052,122.83554957951152
2026-08-27 09:32:25.926112800+00:00,47.0054,20.2038,0.0,1,6.8,0.082,122.30744051767587
2026-08-27 09:32:25.988798700+00:00,47.0378,20.1433,0.0,1,-10.4,0.075,124.6764617151441
2026-08-27 09:32:26.354633700+00:00,47.0521,20.1413,0.0,1,-13.6,0.092,124.10700431566184
2026-08-27 09:32:26.356427900+00:00,47.0248,20.2686,0.0,1,-4.5,0.063,116.96662339850374
2026-08-27 09:32:26.370077+00:00,47.0077,20.1975,0.0,1,-5.8,0.074,122.60128208987466
2026-08-27 09:33:02.478709+00:00,47.0119,20.1962,0.0,1,3.4,0.051,122.4627767526446
2026-08-27 09:33:02.508157500+00:00,47.0265,20.2174,0.0,1,-39.3,0.082,120.27556983078426
2026-08-27 09:33:02.565561800+00:00,46.9998,20.2401,0.0,1,-15.9,0.089,120.21941047951793
2026-08-27 09:33:02.647853900+00:00,47.0063,20.1813,0.0,1,-16.0,0.086,123.75275885152702
2026-08-27 09:33:02.651936300+00:00,47.0132,20.2298,0.0,1,-3.7,0.066,120.16325002548423
2026-08-27 09:33:02.733044200+00:00,47.036,20.1922,0.0,1,-19.5,0.066,121.46828329772806
2026-08-27 09:33:02.779239800+00:00,47.0065,20.1825,0.0,1,-5.4,0.068,123.66226611509683
2026-08-27 09:33:02.781735200+00:00,47.004,20.212,0.0,1,-10.2,0.077,121.84062117330909
2026-08-27 09:33:33.491069300+00:00,46.9935,20.2129,0.0,1,-30.1,0.098,122.35701280427848
2026-08-27 09:33:33.549874200+00:00,47.0232,20.2149,0.0,1,-35.2,0.105,120.61682881012402
2026-08-27 09:33:33.796974400+00:00,46.9913,20.2778,0.0,1,6.5,0.086,118.23553360938632
2026-08-27 09:33:33.950289500+00:00,46.999,20.211,0.0,1,4.1,0.085,122.17966991303926
2026-08-27 09:33:33.951386400+00:00,47.0044,20.2495,0.0,1,-16.9,0.087,119.34642293355084
2026-08-27 09:33:33.953007200+00:00,46.9866,20.2778,0.0,1,11.9,0.111,118.50580271237747
2026-08-27 09:33:34.000021500+00:00,47.0157,20.1504,0.0,1,-8.9,0.07,125.32228714467817
2026-08-27 09:33:34.000540200+00:00,46.9493,20.3676,0.0,1,-2.5,0.049,115.04583999083312
2026-08-27 09:33:34.119664200+00:00,47.0205,20.3596,0.0,1,19.7,0.1,111.24737919554487
2026-08-27 09:33:34.120048500+00:00,47.0177,20.3566,4.1,2,19.5,0.025,111.60325693500876
2026-08-27 09:33:34.121384400+00:00,47.0218,20.3483,5.6,2,11.0,0.07,111.90674165275253
2026-08-27 09:33:34.121979300+00:00,47.0256,20.348,0.0,1,10.5,0.081,111.70986988711763
2026-08-27 09:33:34.122526200+00:00,47.0123,20.3343,0.0,1,-3.6,0.138,113.360552521915
2026-08-27 09:33:34.124049200+00:00,47.0362,20.3386,0.0,1,6.5,0.096,111.72883606950303
2026-08-27 09:33:34.126368+00:00,47.0363,20.3421,0.0,1,3.1,0.108,111.49366089423086
2026-08-27 09:33:34.127174700+00:00,46.9871,20.3466,0.0,1,-4.1,0.113,114.04518483690411
2026-08-27 09:33:34.165532100+00:00,46.9664,20.3026,0.0,1,2.6,0.075,118.09751516164933
2026-08-27 09:33:34.167587900+00:00,46.9666,20.3008,5.5,2,2.5,0.091,118.20057912179628
2026-08-27 09:33:34.192617100+00:00,46.9764,20.2586,0.0,1,3.3,0.1,120.33960847165957
2026-08-27 09:33:34.197559400+00:00,46.9646,20.3003,0.0,1,3.6,0.083,118.35245752329021
2026-08-27 09:34:13.551435600+00:00,47.0083,20.2335,0.0,1,-43.7,0.093,120.18548852726245
2026-08-27 09:34:13.583950+00:00,46.9859,20.2377,0.0,1,-11.6,0.079,121.15568449673113
2026-08-27 09:34:13.607060800+00:00,46.9858,20.238,0.0,1,-7.5,0.068,121.14174568557536
2026-08-27 09:34:13.813946500+00:00,46.9977,20.2671,0.0,1,3.7,0.089,118.56841253042998
2026-08-27 09:34:13.941167300+00:00,46.9852,20.2356,0.0,1,-18.7,0.087,121.33242883539393
2026-08-27 09:34:13.943337400+00:00,46.9587,20.2962,0.0,1,-4.5,0.137,118.9691701937508
2026-08-27 09:34:13.944097200+00:00,46.9696,20.3096,0.0,1,2.3,0.1,117.45832259656372
2026-08-27 09:34:13.950404100+00:00,46.9988,20.2608,0.0,1,-4.3,0.118,118.91822760205139
2026-08-27 09:34:13.990560100+00:00,47.0212,20.3205,0.0,1,4.8,0.072,113.75364191717605
2026-08-27 09:34:13.991367400+00:00,47.018,20.3224,0.0,1,10.1,0.101,113.81014383117518
2026-08-27 09:34:13.992346700+00:00,47.0166,20.3256,0.0,1,4.4,0.091,113.68084876318211
2026-08-27 09:34:13.993103500+00:00,47.0164,20.2076,0.0,1,-5.7,0.082,121.46439013497225
2026-08-27 09:34:13.993924+00:00,47.0212,20.3357,3.0,2,3.8,0.038,112.76134645840236
2026-08-27 09:34:13.994462300+00:00,47.0275,20.261,0.0,1,3.4,0.063,117.32329988855065
2026-08-27 09:34:13.998235400+00:00,47.0244,20.3302,0.0,1,2.9,0.105,112.9394137389378
2026-08-27 09:34:13.999368100+00:00,47.0374,20.3282,0.0,1,2.7,0.089,112.3456844384246
2026-08-27 09:34:14.002094+00:00,47.0403,20.3292,0.0,1,3.5,0.121,112.12010352499273
2026-08-27 09:34:14.003401600+00:00,47.0294,20.3763,8.9,2,-3.7,0.065,109.65219712798525
2026-08-27 09:34:14.004345300+00:00,47.041,20.3277,0.0,1,3.8,0.108,112.18048024170393
2026-08-27 09:34:14.118787600+00:00,47.0308,20.1998,0.0,1,2.8,0.052,121.22690837192253
2026-08-27 09:34:57.147577500+00:00,47.0216,20.1109,0.0,1,-26.8,0.087,127.68055059285295
2026-08-27 09:34:57.186216600+00:00,47.0102,20.2059,0.0,1,-17.0,0.087,121.90935315478688
2026-08-27 09:34:57.217906400+00:00,47.0297,20.1418,0.0,1,-15.7,0.066,125.18463222698522
2026-08-27 09:34:57.242686500+00:00,47.0217,20.2251,0.0,1,-8.4,0.072,120.01768865620386
2026-08-27 09:34:57.624486200+00:00,47.0218,20.224,0.0,1,-20.2,0.08,120.08549518149097
2026-08-27 09:34:57.919759100+00:00,47.0035,20.1862,0.0,1,9.7,0.047,123.57711998483154
2026-08-27 09:34:57.920653500+00:00,46.9952,20.2415,0.0,1,5.7,0.087,120.38398213595195
2026-08-27 09:34:57.921799300+00:00,46.9924,20.2462,0.0,1,13.8,0.082,120.2333871508531
2026-08-27 09:34:57.924229100+00:00,46.9937,20.2559,0.0,1,4.2,0.085,119.52600788588548
2026-08-27 09:34:57.928010400+00:00,46.9814,20.2584,4.6,2,2.8,0.059,120.06415485092202
2026-08-27 09:34:57.998637400+00:00,47.0042,20.2156,5.8,2,-2.7,0.113,121.59173026452997
2026-08-27 09:34:58.144687+00:00,47.0479,20.3906,0.0,1,12.5,0.088,107.6691367138461
2026-08-27 09:34:58.296991900+00:00,47.038,20.4588,0.0,1,3.1,0.095,103.8299463084266
2026-08-27 09:35:33.789703100+00:00,46.9905,20.2648,2.9,2,5.8,0.028,119.12703447378382
2026-08-27 09:35:33.812870200+00:00,46.999,20.2477,0.0,1,-13.6,0.086,119.7651118600265
2026-08-27 09:35:33.813955200+00:00,46.9952,20.225,0.0,1,-5.0,0.074,121.46701523489583
2026-08-27 09:35:34.058291500+00:00,46.966,20.2859,0.0,1,2.3,0.038,119.19034325407772
2026-08-27 09:35:34.102178200+00:00,46.9957,20.2246,0.0,1,-6.1,0.063,121.46559142850424
2026-08-27 09:35:34.117486700+00:00,47.0221,20.311,0.0,1,3.3,0.038,114.32493789422415
2026-08-27 09:35:34.142792800+00:00,46.9957,20.2309,0.0,1,-5.5,0.073,121.05158267031489
2026-08-27 09:35:34.378826900+00:00,46.9761,20.3591,0.0,1,-3.4,0.214,113.91384448687845
2026-08-27 09:35:34.380429700+00:00,46.9956,20.2255,0.0,1,-13.3,0.073,121.41196440454671
2026-08-27 09:35:34.423552+00:00,46.9961,20.2245,0.0,1,-11.8,0.091,121.45000739448312
2026-08-27 09:36:33.088671800+00:00,46.9703,20.2578,0.0,1,-3.3,0.055,120.74572279054908
2026-08-27 09:36:33.089903100+00:00,46.9641,20.2725,0.0,1,-25.7,0.084,120.16302408194056
2026-08-27 09:36:33.137382100+00:00,46.9825,20.2386,0.0,1,-28.7,0.087,121.28967355455177
2026-08-27 09:36:33.196910500+00:00,46.9669,20.2766,0.0,1,-16.3,0.192,119.73393289752909
2026-08-27 09:36:33.246751+00:00,46.9615,20.2639,0.0,1,-26.0,0.08,120.86942160749037
2026-08-27 09:36:33.248676400+00:00,46.9696,20.2436,0.0,1,-3.0,0.087,121.70496439919621
2026-08-27 09:36:33.295746+00:00,47.0099,20.2615,0.0,1,-12.6,0.071,118.25277621976792
2026-08-27 09:36:33.298599400+00:00,46.9964,20.2716,0.0,1,3.1,0.101,118.34832010898717
2026-08-27 09:36:33.386741800+00:00,47.0051,20.3607,0.0,1,-27.0,0.066,112.07285422957786
2026-08-27 09:36:33.388197300+00:00,47.0094,20.3741,0.0,1,6.9,0.101,110.95778554658654
2026-08-27 09:36:33.390234300+00:00,46.9974,20.3635,0.0,1,3.4,0.069,112.34896287438119
2026-08-27 09:36:33.390809800+00:00,47.0139,20.3767,0.0,1,4.3,0.093,110.52584530026256
2026-08-27 09:36:33.395201500+00:00,47.0264,20.3623,4.2,2,4.5,0.065,110.7335285007503
2026-08-27 09:36:33.410855100+00:00,46.9778,20.3445,8.1,2,5.0,0.057,114.738341893392
2026-08-27 09:36:33.414047100+00:00,47.0053,20.3948,0.0,1,2.4,0.084,109.87519099506372
2026-08-27 09:36:33.451377900+00:00,46.9659,20.2413,8.8,2,2.4,0.089,122.06857076541276
2026-08-27 09:36:33.452631300+00:00,47.0045,20.2224,0.0,1,-4.3,0.092,121.126137706301
2026-08-27 09:37:26.285364900+00:00,46.9594,20.2961,0.0,1,-36.4,0.247,118.93332995711151
2026-08-27 09:37:26.305365500+00:00,46.969,20.2659,0.0,1,-2.4,0.1,120.29898541895352
2026-08-27 09:37:26.308608200+00:00,46.9777,20.2677,0.0,1,-17.7,0.067,119.67508424022088
2026-08-27 09:37:26.669228600+00:00,46.9782,20.2675,0.0,1,-12.2,0.083,119.65901236755849
2026-08-27 09:38:15.513451700+00:00,46.9889,20.2658,0.0,1,5.9,0.103,119.15324935916735
2026-08-27 09:38:15.523220100+00:00,46.9889,20.2497,0.0,1,-38.3,0.094,120.20240410171618
2026-08-27 09:38:15.543854400+00:00,46.9888,20.2686,0.0,1,-2.5,0.077,118.97683297661791
2026-08-27 09:38:15.544850600+00:00,46.9799,20.2658,0.0,1,-2.2,0.104,119.6706437303656
2026-08-27 09:38:15.610059200+00:00,47.0163,20.1315,0.0,1,-8.9,0.051,126.56086963492916
2026-08-27 09:38:15.644703+00:00,46.985,20.2731,0.0,1,-9.9,0.156,118.9028941783314
2026-08-27 09:38:16.226537600+00:00,46.9853,20.2698,0.0,1,-8.9,0.075,119.09973218833053
2026-08-27 09:38:16.274222400+00:00,46.9857,20.2701,0.0,1,-20.3,0.084,119.05724609792668
2026-08-27 09:38:36.455838400+00:00,46.961,20.2915,0.0,1,-3.8,0.128,119.13069810922768
2026-08-27 09:38:36.500165700+00:00,46.9799,20.3294,0.0,1,-6.3,0.095,115.57575721443277
2026-08-27 09:38:36.668178800+00:00,46.9677,20.2784,0.0,1,-2.5,0.017,119.57095570417492
2026-08-27 09:38:36.677106600+00:00,47.0043,20.2515,0.0,1,4.9,0.109,119.22055839517353
2026-08-27 09:38:59.499504700+00:00,46.9775,20.2698,0.0,1,-25.3,0.066,119.55085276248363
2026-08-27 09:38:59.578621200+00:00,46.9667,20.3094,0.0,1,-14.3,0.089,117.64525101815134
2026-08-27 09:38:59.579597100+00:00,46.9586,20.3203,0.0,1,-2.5,0.098,117.44296929236872
2026-08-27 09:38:59.628012800+00:00,46.9763,20.268,0.0,1,-3.7,0.052,119.73703149566734
2026-08-27 09:38:59.655888600+00:00,47.0089,20.2822,0.0,1,-8.8,0.08,116.95043992481156
2026-08-27 09:38:59.928727900+00:00,47.0095,20.2824,0.0,1,-13.7,0.087,116.90370402138173
2026-08-27 09:38:59.957122300+00:00,47.0106,20.2997,0.0,1,-10.3,0.061,115.71043933535725
2026-08-27 09:39:42.123279300+00:00,46.9681,20.2809,0.0,1,-2.4,0.119,119.38665931794334
2026-08-27 09:39:42.135393900+00:00,46.9659,20.2765,0.0,1,-41.0,0.095,119.7995209476589
2026-08-27 09:39:42.153716400+00:00,46.964,20.2816,0.0,1,3.5,0.088,119.58499929857933
2026-08-27 09:39:42.172777600+00:00,46.9566,20.3052,0.0,1,-25.4,0.202,118.5234468860782
2026-08-27 09:39:42.220384600+00:00,46.9865,20.2809,0.0,1,-26.5,0.079,118.31060997666074
2026-08-27 09:39:42.221672200+00:00,46.9593,20.2987,0.0,1,2.6,0.079,118.77360552421052
2026-08-27 09:39:42.269113700+00:00,46.9865,20.2818,0.0,1,-21.9,0.08,118.25228902615704
2026-08-27 09:39:42.270017900+00:00,46.987,20.2745,0.0,1,2.6,0.052,118.69684476229268
2026-08-27 09:39:42.270415900+00:00,46.9833,20.2556,0.0,1,-2.5,0.12,120.1370734944383
2026-08-27 09:39:42.271458800+00:00,46.9363,20.2927,0.0,1,-3.4,0.08,120.5596498148997
2026-08-27 09:39:42.293832500+00:00,46.9714,20.2765,0.0,1,3.7,0.11,119.47505052822227
2026-08-27 09:39:42.382753900+00:00,46.9856,20.2825,0.0,1,-43.7,0.102,118.25901706844256
2026-08-27 09:39:42.585516400+00:00,46.9813,20.2798,0.0,1,-11.7,0.093,118.68324407181197
2026-08-27 09:39:42.586018700+00:00,46.9578,20.3794,0.0,1,6.6,0.096,113.77172994833818
2026-08-27 09:39:42.631330400+00:00,46.967,20.4007,0.0,1,3.0,0.094,111.86027033740933
2026-08-27 09:39:42.632421200+00:00,46.9809,20.2835,0.0,1,-6.1,0.198,118.46739090301915
2026-08-27 09:40:17.035790500+00:00,46.9652,20.292,0.0,1,-24.6,0.089,118.84725289345346
2026-08-27 09:40:17.036610700+00:00,46.984,20.2821,0.0,1,-4.6,0.076,118.37764421530606
2026-08-27 09:40:17.116059200+00:00,46.9816,20.2702,0.0,1,-4.4,0.076,119.28723381891746
2026-08-27 09:40:17.260862900+00:00,46.9819,20.2447,2.1,2,-4.8,0.024,120.92635690419111
2026-08-27 09:41:00.415590100+00:00,46.9656,20.2953,0.0,1,-2.7,0.073,118.61217454159014
2026-08-27 09:41:00.440702400+00:00,46.9622,20.2917,0.0,1,-5.7,0.09,119.04594142478955
2026-08-27 09:41:00.445746500+00:00,46.9587,20.3051,0.0,1,-3.7,0.096,118.40235092256886
2026-08-27 09:41:00.481121200+00:00,46.9562,20.3121,0.0,1,-20.4,0.168,118.10962824568045
2026-08-27 09:41:00.481756800+00:00,46.9517,20.2984,0.0,1,-5.0,0.132,119.25357959402778
2026-08-27 09:41:00.530374800+00:00,46.9713,20.3046,0.0,1,-24.1,0.074,117.67648460586528
2026-08-27 09:41:00.575089800+00:00,46.9711,20.3053,0.0,1,-24.9,0.079,117.64360762981052
2026-08-27 09:41:00.641449300+00:00,46.958,20.3309,0.0,1,-11.5,0.085,116.80852433487615
2026-08-27 09:41:01.045323100+00:00,46.9843,20.4617,0.0,1,15.7,0.094,106.96291589534852
2026-08-27 09:41:01.046098100+00:00,46.9862,20.4633,0.0,1,-42.3,0.118,106.74218052050415
2026-08-27 09:41:01.046384900+00:00,46.9856,20.4603,0.0,1,-21.7,0.11,106.96682065071336
2026-08-27 09:41:01.047830200+00:00,46.9723,20.445,0.0,1,5.9,0.106,108.76739338851988
2026-08-27 09:41:01.048236500+00:00,46.9597,20.5028,5.5,2,-7.5,0.076,106.06024644363336
2026-08-27 09:41:01.048720300+00:00,46.9714,20.4472,0.0,1,-5.3,0.077,108.68915461954535
2026-08-27 09:41:01.050465400+00:00,46.9804,20.4264,0.0,1,5.2,0.119,109.40923847037611
2026-08-27 09:41:01.055844600+00:00,46.9543,20.4468,0.0,1,3.6,0.03,109.82603556377131
2026-08-27 09:41:01.058206600+00:00,46.9813,20.3849,0.0,1,3.0,0.089,111.96191588103216
2026-08-27 09:41:01.060247100+00:00,46.9765,20.3856,4.5,2,3.0,0.063,112.213911924052
2026-08-27 09:41:01.065146200+00:00,46.9695,20.3696,0.0,1,2.5,0.053,113.65569031276137
2026-08-27 09:41:01.067428200+00:00,47.0176,20.4168,0.0,1,-3.4,0.083,107.733281869126
2026-08-27 09:41:01.073997400+00:00,46.9641,20.3424,4.6,2,2.6,0.099,115.70632486751474
2026-08-27 09:41:01.088236600+00:00,46.946,20.3366,4.3,2,-2.8,0.066,117.19358962739108
2026-08-27 09:41:01.339104600+00:00,47.0131,20.408,0.0,1,2.2,0.122,108.56481007874156
2026-08-27 09:41:12.838979700+00:00,46.9913,20.2398,0.0,1,3.6,0.106,120.71399501736992
2026-08-27 09:41:50.205448200+00:00,46.9677,20.3051,0.0,1,-3.2,0.065,117.8598071943099
2026-08-27 09:41:50.222383200+00:00,46.9708,20.2968,0.0,1,-31.3,0.092,118.20602981618575
2026-08-27 09:41:50.223078900+00:00,46.9646,20.3077,0.0,1,-5.4,0.087,117.88014538040126
2026-08-27 09:41:50.241705100+00:00,46.9848,20.2935,0.0,1,-11.6,0.09,117.59405598169239
2026-08-27 09:41:50.242698100+00:00,46.963,20.3269,0.0,1,-7.7,0.083,116.7557246186086
2026-08-27 09:41:50.569882700+00:00,46.9444,20.3776,0.0,1,5.1,0.115,114.73540801909108
2026-08-27 09:42:15.616878800+00:00,46.9465,20.4221,0.0,1,3.7,0.1,111.85190135308761
2026-08-27 09:42:15.618525500+00:00,46.9501,20.4234,0.0,1,2.6,0.108,111.53705679595987
2026-08-27 09:42:15.619602+00:00,46.9551,20.4273,0.0,1,7.1,0.083,110.97175647069749
2026-08-27 09:42:15.620094500+00:00,46.9542,20.4253,0.0,1,2.4,0.146,111.15342440567002
2026-08-27 09:42:15.627189300+00:00,46.9502,20.424,0.0,1,2.3,0.161,111.49363694773952
2026-08-27 09:42:15.631291200+00:00,46.9325,20.4334,0.0,1,4.8,0.124,112.08686427607633
2026-08-27 09:43:18.829141200+00:00,46.9578,20.3303,0.0,1,-12.5,0.099,116.85876341772128
2026-08-27 09:43:18.829224+00:00,46.9582,20.3301,0.0,1,23.3,0.103,116.84682787385904
2026-08-27 09:43:18.829792900+00:00,46.9605,20.3273,0.0,1,-3.4,0.067,116.88307647932491
2026-08-27 09:43:18.837654900+00:00,46.9467,20.3274,0.0,1,-29.8,0.083,117.72811240028464
2026-08-27 09:43:18.864600600+00:00,46.9467,20.369,0.0,1,-2.8,0.082,115.1234909858996
2026-08-27 09:43:18.880296600+00:00,46.9578,20.3292,0.0,1,-7.7,0.092,116.92833491253013
2026-08-27 09:43:35.646563500+00:00,47.0254,20.3486,0.0,1,-2.8,0.096,111.68213458766202
2026-08-27 09:44:16.137276400+00:00,46.9438,20.3435,0.0,1,-6.9,0.084,116.89912303446927
2026-08-27 09:44:16.150477400+00:00,46.951,20.357,0.0,1,-40.5,0.095,115.60119578646683
2026-08-27 09:44:16.176293800+00:00,46.94,20.3272,0.0,1,-21.7,0.093,118.15897656409493
2026-08-27 09:44:16.213039700+00:00,46.9689,20.3283,0.0,1,-15.9,0.087,116.3081032662735
2026-08-27 09:44:16.214211400+00:00,46.9268,20.3375,0.0,1,-10.7,0.065,118.35162709698864
2026-08-27 09:44:16.231122400+00:00,46.9446,20.3281,0.0,1,-15.0,0.08,117.8148843580705
2026-08-27 09:44:16.467859+00:00,46.9155,20.4389,0.0,1,-14.4,0.108,112.90156734901392
2026-08-27 09:44:16.468613100+00:00,46.9155,20.4379,6.6,2,9.6,0.096,112.96159929286478
2026-08-27 09:44:16.470025200+00:00,46.9163,20.4426,0.0,1,10.4,0.116,112.62501734056674
2026-08-27 09:44:16.470376+00:00,46.9137,20.4396,0.0,1,7.5,0.092,112.98236193290482
2026-08-27 09:44:16.471178100+00:00,46.9537,20.44,0.0,1,5.3,0.096,110.28220696871544
2026-08-27 09:44:16.471737+00:00,46.9139,20.4367,0.0,1,4.5,0.104,113.14264923885831
2026-08-27 09:44:16.473683700+00:00,46.9138,20.4401,0.0,1,3.4,0.059,112.94556094999919
2026-08-27 09:44:16.478063200+00:00,46.941,20.4296,0.0,1,3.6,0.108,111.75390911078917
2026-08-27 09:44:16.483485300+00:00,46.906,20.3423,0.0,1,-2.4,0.077,119.40161755942536
2026-08-27 09:44:16.490951900+00:00,46.9589,20.4383,0.0,1,3.5,0.089,110.04736269907603
2026-08-27 09:44:16.499340200+00:00,46.9141,20.447,0.0,1,2.3,0.099,112.51185786197644
2026-08-27 09:44:16.507319500+00:00,46.9028,20.4361,0.0,1,-5.0,0.077,113.93930165748762
2026-08-27 09:44:16.622557500+00:00,46.9147,20.5046,0.0,1,5.7,0.082,109.056077241471
2026-08-27 09:44:16.623331700+00:00,46.9356,20.4988,0.0,1,-3.9,0.097,107.94170577093084
2026-08-27 09:44:16.623908100+00:00,46.9163,20.441,0.0,1,8.9,0.113,112.72101214160064
2026-08-27 09:44:16.634639300+00:00,46.9165,20.4366,0.0,1,3.0,0.032,112.97164400914856
2026-08-27 09:44:16.650833300+00:00,46.949,20.3963,0.0,1,-4.4,0.077,113.28086360837273
2026-08-27 09:44:46.802398+00:00,46.9774,20.2955,0.0,1,-16.2,0.086,117.89885874359769
2026-08-27 09:44:46.881064600+00:00,46.9384,20.2978,0.0,1,-2.4,0.119,120.10798119588753
2026-08-27 09:44:46.898627400+00:00,46.9624,20.337,0.0,1,-8.7,0.174,116.15236981114839
2026-08-27 09:46:01.563097400+00:00,46.9246,20.3622,0.0,1,7.4,0.088,116.9644097674395
2026-08-27 09:46:01.563626300+00:00,46.9244,20.362,3.9,2,6.8,0.047,116.98972272301513
2026-08-27 09:46:01.564279500+00:00,46.9246,20.358,4.6,2,8.0,0.055,117.22355074161884
2026-08-27 09:46:01.565234400+00:00,46.9247,20.354,0.0,1,5.0,0.107,117.46415378786968
2026-08-27 09:46:01.568851200+00:00,46.922,20.3523,6.8,2,12.1,0.063,117.74381529530157
2026-08-27 09:46:01.572881700+00:00,46.9309,20.3318,8.3,2,3.1,0.072,118.44523620042507
2026-08-27 09:46:01.581949600+00:00,46.9207,20.3742,10.6,2,3.2,0.065,116.48077108987346
2026-08-27 09:46:01.631927500+00:00,46.9496,20.469,5.5,2,2.5,0.066,108.78392861634829
2026-08-27 09:46:01.670803100+00:00,46.9442,20.3615,0.0,1,5.9,0.068,115.74959407108778
2026-08-27 09:47:04.087403300+00:00,46.9434,20.3425,0.0,1,14.1,0.099,116.98688307916709
2026-08-27 09:47:04.088338300+00:00,46.9385,20.341,0.0,1,-2.6,0.113,117.38971917631169
2026-08-27 09:47:04.098933400+00:00,46.9493,20.3629,0.0,1,-14.5,0.094,115.33928407109947
2026-08-27 09:47:04.115567500+00:00,46.9089,20.3695,0.0,1,-6.0,0.141,117.54587110898724
2026-08-27 09:47:04.177421400+00:00,46.9513,20.3582,0.0,1,-3.4,0.1,115.50720229871558
2026-08-27 09:47:52.584881700+00:00,46.8921,20.5122,0.0,1,5.0,0.147,110.22851376946267
2026-08-27 09:47:52.615833400+00:00,46.9232,20.423,0.0,1,-2.3,0.037,113.33989462208437
2026-08-27 09:47:52.624699900+00:00,46.907,20.4017,0.0,1,-37.2,0.152,115.71773360323638
2026-08-27 09:47:52.653085+00:00,46.9378,20.4328,0.0,1,-29.0,0.245,111.7705455427477
2026-08-27 09:47:52.657223300+00:00,46.9141,20.4439,0.0,1,-2.6,0.135,112.69739544613216
2026-08-27 09:47:52.678639100+00:00,46.9449,20.3964,0.0,1,-10.0,0.101,113.53893911662063
2026-08-27 09:47:52.978001600+00:00,46.8666,20.4664,0.0,1,10.9,0.074,114.71689886264537
2026-08-27 09:47:52.981545100+00:00,46.8609,20.4664,4.7,2,6.7,0.078,115.13002301940735
2026-08-27 09:47:52.982831300+00:00,46.8677,20.4654,5.5,2,2.8,0.079,114.69521309033291
2026-08-27 09:47:52.986902700+00:00,46.8927,20.4691,0.0,1,8.2,0.117,112.69299944176326
2026-08-27 09:47:52.989418+00:00,46.8959,20.4662,0.0,1,3.1,0.085,112.63743247257439
2026-08-27 09:47:52.992708300+00:00,46.8618,20.503,5.7,2,-3.9,0.039,112.97106514450358
2026-08-27 09:47:53.001372900+00:00,46.8904,20.4965,7.0,2,5.0,0.035,111.25930742190742
2026-08-27 09:47:53.300658800+00:00,46.9777,20.5737,0.0,1,2.5,0.1,100.57938999694693
2026-08-27 09:47:53.325304200+00:00,46.9558,20.5433,0.0,1,-52.9,0.09,103.89892754222357
2026-08-27 09:47:53.335727700+00:00,46.9555,20.5437,0.0,1,-7.0,0.089,103.89589528237642
2026-08-27 09:47:53.576079700+00:00,46.9554,20.5433,0.0,1,-18.1,0.104,103.92658382861434
2026-08-27 09:47:53.605054300+00:00,46.9559,20.5439,0.0,1,-4.7,0.099,103.85634724876326
2026-08-27 09:49:08.261012100+00:00,46.9125,20.4335,0.0,1,-23.0,0.094,113.43011814492624
2026-08-27 09:49:08.265464900+00:00,46.9115,20.4419,0.0,1,-81.8,0.086,112.99510824980626
2026-08-27 09:49:08.288952600+00:00,46.9046,20.4301,0.0,1,-29.7,0.089,114.17388645687103
2026-08-27 09:49:08.307088400+00:00,46.9268,20.4395,0.0,1,6.6,0.109,112.09973897431429
2026-08-27 09:49:08.370956900+00:00,46.9135,20.4355,0.0,1,10.6,0.101,113.24192878171165
2026-08-27 09:49:58.117287500+00:00,46.9046,20.4863,0.0,1,-3.7,0.088,110.84311913526568
2026-08-27 09:49:58.118797700+00:00,46.8988,20.4894,0.0,1,10.9,0.153,111.07227312369223
2026-08-27 09:49:58.119923300+00:00,46.9021,20.4918,0.0,1,6.5,0.144,110.69764362989403
2026-08-27 09:49:58.123894400+00:00,46.9001,20.4805,0.0,1,9.0,0.087,111.50126603596716
2026-08-27 09:49:58.196289900+00:00,46.9168,20.4801,0.0,1,4.3,0.089,110.35433290615394
2026-08-27 09:49:58.375025+00:00,46.881,20.519,0.0,1,-5.6,0.078,110.64622204841059
2026-08-27 09:49:58.384711300+00:00,46.9376,20.3807,0.0,1,-5.7,0.12,114.98065478678734
2026-08-27 09:49:58.511315+00:00,46.9309,20.4549,0.0,1,4.5,0.091,110.89372870195902
2026-08-27 09:50:39.993546700+00:00,46.8845,20.4489,0.0,1,-3.7,0.07,114.4577351600844
2026-08-27 09:50:39.994197800+00:00,46.8816,20.4473,0.0,1,3.9,0.111,114.75645302488651
2026-08-27 09:50:39.995456300+00:00,46.8808,20.4502,0.0,1,5.9,0.117,114.64303315000421
2026-08-27 09:50:39.998245+00:00,46.8755,20.4522,0.0,1,3.0,0.095,114.90258886758309
2026-08-27 09:50:40.003524100+00:00,46.8909,20.4472,4.7,2,4.2,0.049,114.10781131391352
2026-08-27 09:50:40.194951500+00:00,46.9143,20.5161,0.0,1,-3.1,0.073,108.41074586907936
2026-08-27 09:50:40.332099500+00:00,46.9184,20.5235,0.0,1,2.4,0.037,107.68708547831143
2026-08-27 09:50:40.341054700+00:00,46.9146,20.5177,0.0,1,2.6,0.103,108.2959346608309
2026-08-27 09:50:40.455137800+00:00,46.9175,20.5367,0.0,1,6.4,0.179,106.98183838584858
2026-08-27 09:51:05.664058100+00:00,46.9128,20.5008,0.0,1,10.5,0.099,109.41322247107207
2026-08-27 09:51:05.664549900+00:00,46.912,20.5039,0.0,1,2.8,0.045,109.28786048446426
2026-08-27 09:51:05.689037500+00:00,46.9083,20.4759,0.0,1,-22.7,0.092,111.19555697562745
2026-08-27 09:51:05.717062400+00:00,46.9172,20.4716,0.0,1,-10.9,0.064,110.83122829054122
2026-08-27 09:51:05.930042400+00:00,46.8972,20.529,0.0,1,2.4,0.063,108.8907850877819
2026-08-27 09:51:05.931547600+00:00,46.9332,20.4063,0.0,1,2.1,0.072,113.69279780153701
2026-08-27 09:51:50.280029200+00:00,46.9116,20.5036,0.0,1,12.3,0.102,109.33373439615026
2026-08-27 09:51:50.293984200+00:00,46.9018,20.4863,0.0,1,-2.3,0.067,111.0409686999654
2026-08-27 09:51:50.294539700+00:00,46.9035,20.4854,0.0,1,-84.3,0.261,110.97359584519566
2026-08-27 09:51:50.296421800+00:00,46.9093,20.51,0.0,1,2.8,0.084,109.12244957371661
2026-08-27 09:51:50.308398200+00:00,46.9032,20.4824,0.0,1,-14.7,0.107,111.17090835687675
2026-08-27 09:51:50.351590500+00:00,46.9145,20.4826,0.0,1,-35.6,0.108,110.36648503538598
2026-08-27 09:51:50.355260800+00:00,46.8971,20.4681,0.0,1,-4.1,0.072,112.44120454569584
2026-08-27 09:52:31.437091600+00:00,46.9093,20.4883,0.0,1,-71.6,0.3,110.39446729766829
2026-08-27 09:52:31.450922900+00:00,46.9127,20.4958,0.0,1,4.4,0.099,109.71408332115217
2026-08-27 09:52:31.484725900+00:00,46.9125,20.4806,0.0,1,-11.3,0.087,110.62433972802154
2026-08-27 09:52:31.500315800+00:00,46.9228,20.4823,0.0,1,-11.7,0.095,109.80760313940344
2026-08-27 09:52:31.515305+00:00,46.9123,20.4996,0.0,1,2.7,0.096,109.51895335706179
2026-08-27 09:52:31.756173800+00:00,46.9249,20.5072,0.0,1,3.0,0.087,108.18638310314086
2026-08-27 09:53:08.719956900+00:00,46.8588,20.4913,0.0,1,-5.0,0.116,113.85793289489264
2026-08-27 09:53:08.720508800+00:00,46.8598,20.4871,0.0,1,38.0,0.066,114.02384689044332
2026-08-27 09:53:08.721501700+00:00,46.8583,20.4934,0.0,1,12.8,0.098,113.7752544269922
2026-08-27 09:53:08.722099400+00:00,46.86,20.4911,0.0,1,5.0,0.105,113.78097647250044
2026-08-27 09:53:08.725511100+00:00,46.8572,20.502,0.0,1,4.1,0.098,113.3683224828307
2026-08-27 09:53:08.727894500+00:00,46.8607,20.5068,0.0,1,3.6,0.092,112.83683835695194
2026-08-27 09:53:08.935955100+00:00,46.8638,20.6722,0.0,1,2.5,0.054,103.5416741465038
2026-08-27 09:54:10.045205400+00:00,46.8577,20.4953,0.0,1,5.5,0.066,113.71151556882741
2026-08-27 09:54:10.054025100+00:00,46.8619,20.4776,0.0,1,2.7,0.141,114.41366978390502
2026-08-27 09:55:05.599944300+00:00,46.8615,20.4876,0.0,1,2.8,0.102,113.87049230634541
2026-08-27 09:55:05.608238800+00:00,46.8661,20.4854,0.0,1,2.8,0.094,113.65974470707772
2026-08-27 09:55:05.641945800+00:00,46.8724,20.5051,0.0,1,8.0,0.087,112.07108118136136
2026-08-27 09:55:05.684168+00:00,46.928,20.4894,0.0,1,-3.0,0.124,109.02580320753553
2026-08-27 09:55:36.590454+00:00,46.8852,20.5337,0.0,1,7.0,0.106,109.49887697229822
2026-08-27 09:55:36.591784900+00:00,46.8858,20.5211,0.0,1,-2.5,0.016,110.17478932045076
2026-08-27 09:55:36.620249400+00:00,46.8711,20.4727,0.0,1,-4.8,0.055,114.02770154680773
2026-08-27 09:56:26.082022700+00:00,46.8602,20.5179,0.0,1,-10.0,0.111,112.24627891696798
2026-08-27 09:56:26.082673800+00:00,46.8598,20.5203,0.0,1,8.0,0.1,112.14079643650435
2026-08-27 09:56:26.083982400+00:00,46.8589,20.5186,5.4,2,6.3,0.041,112.30378057840431
2026-08-27 09:56:26.085586200+00:00,46.8568,20.5102,0.0,1,2.7,0.123,112.93420673051462
2026-08-27 09:56:26.095362300+00:00,46.8692,20.4835,0.0,1,-2.5,0.12,113.54291885402746
2026-08-27 09:56:47.485947600+00:00,46.8802,20.5369,0.0,1,-7.0,0.105,109.685893788026
2026-08-27 09:56:47.501274800+00:00,46.8782,20.5245,0.0,1,-30.7,0.08,110.53824217020555
2026-08-27 09:56:47.532904400+00:00,46.8994,20.5331,0.0,1,-15.6,0.088,108.49511943412848
2026-08-27 09:56:47.571281+00:00,46.899,20.5371,0.0,1,-16.8,0.1,108.29430747083248
2026-08-27 09:56:47.636267200+00:00,46.8774,20.5244,0.0,1,-18.0,0.085,110.60289123308624
2026-08-27 09:57:50.362398500+00:00,46.8727,20.556,0.0,1,-2.4,0.142,109.16878409569443
2026-08-27 09:57:56.078668+00:00,46.8766,20.4897,0.0,1,14.0,0.109,112.64860340621024
2026-08-27 09:57:56.079497100+00:00,46.8746,20.4901,0.0,1,32.9,0.13,112.77072042465367
2026-08-27 09:57:56.080452500+00:00,46.8741,20.4918,0.0,1,6.4,0.116,112.70928186160197
2026-08-27 09:57:56.081395200+00:00,46.874,20.4884,0.0,1,2.7,0.106,112.9121442387353
2026-08-27 09:57:56.083279+00:00,46.8656,20.4966,4.3,2,3.6,0.02,113.05556368949817
2026-08-27 09:57:56.111741800+00:00,46.8391,20.5426,0.0,1,-2.9,0.109,112.4648581694996
2026-08-27 09:57:56.152340600+00:00,46.8665,20.4846,0.0,1,4.0,0.103,113.67643886880954
2026-08-27 09:57:56.201802100+00:00,46.8404,20.517,3.7,2,6.4,0.059,113.78408395754528
2026-08-27 09:57:56.277231600+00:00,46.8696,20.793,0.0,1,-2.6,0.114,96.90849660118784
2026-08-27 09:57:56.277892800+00:00,46.8656,20.7926,0.0,1,-3.1,0.082,97.26789589110645
2026-08-27 09:57:56.295116700+00:00,46.827,20.5012,0.0,1,4.0,0.027,115.6791504064053
2026-08-27 09:59:06.957926600+00:00,46.8568,20.5439,0.0,1,5.2,0.091,111.04414030363155
2026-08-27 09:59:06.958633+00:00,46.8556,20.5513,0.0,1,3.2,0.185,110.7238452387196
2026-08-27 09:59:06.959159100+00:00,46.8587,20.5448,0.0,1,8.7,0.082,110.85023768312833
2026-08-27 09:59:06.967917100+00:00,46.8547,20.5313,0.0,1,2.7,0.126,111.90589258178271
2026-08-27 09:59:07.103456400+00:00,46.8275,20.7366,0.0,1,-3.3,0.121,103.2530550057472
2026-08-27 09:59:07.126778200+00:00,46.8678,20.6211,0.0,1,2.7,0.055,105.95588964165275
2026-08-27 09:59:07.251432200+00:00,46.8757,20.675,0.0,1,-3.2,0.099,102.4425649830938
2026-08-27 10:00:11.728644900+00:00,46.8064,20.5809,0.0,1,3.0,0.048,112.95688637153954
2026-08-27 10:00:11.729428400+00:00,46.8059,20.5794,0.0,1,4.5,0.114,113.0762430488637
2026-08-27 10:00:11.731697700+00:00,46.8,20.5847,0.0,1,3.4,0.129,113.2692364639539
2026-08-27 10:01:14.992891800+00:00,46.8472,20.5396,0.0,1,15.3,0.11,112.01178831065272
2026-08-27 10:01:14.994240800+00:00,46.848,20.5335,0.0,1,6.6,0.115,112.28974288377967
2026-08-27 10:01:14.995003+00:00,46.8458,20.5362,7.5,2,27.5,0.118,112.30687174906478
2026-08-27 10:01:14.995539300+00:00,46.8427,20.54,2.5,2,7.5,0.019,112.33276685545495
2026-08-27 10:01:14.996081300+00:00,46.8462,20.5361,0.0,1,5.5,0.074,112.281998106942
2026-08-27 10:01:15.033507200+00:00,46.8675,20.5503,0.0,1,3.5,0.069,109.87907855218174
2026-08-27 10:01:15.061371100+00:00,46.857,20.5378,0.0,1,5.8,0.093,111.36922849540161
2026-08-27 10:02:21.639065700+00:00,46.84,20.5566,0.0,1,8.5,0.089,111.62667074583972
2026-08-27 10:02:21.640071800+00:00,46.839,20.5603,0.0,1,9.9,0.258,111.5014939598486
2026-08-27 10:02:21.645055600+00:00,46.8424,20.5621,6.3,2,2.4,0.104,111.14029752297861
2026-08-27 10:02:47.713142100+00:00,46.836,20.5851,0.0,1,3.7,0.099,110.38892683514835
2026-08-27 10:03:25.753642600+00:00,46.846,20.5762,0.0,1,7.5,0.117,110.09158076460216
2026-08-27 10:03:25.754204100+00:00,46.8461,20.5742,0.0,1,5.0,0.099,110.19291340467501
2026-08-27 10:03:25.755137800+00:00,46.8487,20.5703,6.0,2,9.6,0.074,110.20510898657625
2026-08-27 10:03:25.755439200+00:00,46.8499,20.5718,0.0,1,10.4,0.094,110.03038031531324
2026-08-27 10:03:25.762286+00:00,46.8449,20.5835,5.5,2,2.5,0.092,109.77991472106498
2026-08-27 10:03:26.077170700+00:00,46.8172,20.7486,0.0,1,-2.9,0.305,103.5442566263291
2026-08-27 10:04:32.372427700+00:00,46.8718,20.5888,0.0,1,26.6,0.102,107.41355758133076
2026-08-27 10:04:32.372586700+00:00,46.8723,20.5881,0.0,1,27.2,0.102,107.41396612415863
2026-08-27 10:04:32.373278100+00:00,46.8731,20.582,0.0,1,-6.6,0.12,107.69029148610713
2026-08-27 10:04:32.377914600+00:00,46.8777,20.5843,0.0,1,-66.0,0.089,107.21291978944784
2026-08-27 10:04:32.398283300+00:00,46.8674,20.5902,0.0,1,-7.6,0.103,107.67368838512317
2026-08-27 10:04:32.405545900+00:00,46.8552,20.5934,0.0,1,-28.3,0.099,108.44082349974526
2026-08-27 10:04:32.431870300+00:00,46.8729,20.592,0.0,1,-3.8,0.1,107.15288632960011
2026-08-27 10:04:32.508704700+00:00,46.8524,20.6323,0.0,1,10.3,0.113,106.56488260838255
2026-08-27 10:04:32.509203600+00:00,46.8502,20.6318,0.0,1,8.3,0.115,106.7660957019211
2026-08-27 10:04:32.509731+00:00,46.8507,20.6335,0.0,1,7.8,0.097,106.6359064923712
2026-08-27 10:04:32.510570800+00:00,46.8513,20.6342,0.0,1,10.6,0.129,106.55099505637273
2026-08-27 10:04:32.510891700+00:00,46.8511,20.6379,0.0,1,2.9,0.082,106.37021068204159
2026-08-27 10:04:32.511545600+00:00,46.8496,20.6348,4.8,2,6.3,0.084,106.65423612450122
2026-08-27 10:04:32.512842400+00:00,46.86,20.6226,0.0,1,4.9,0.089,106.48503714039751
2026-08-27 10:04:32.513375500+00:00,46.8506,20.637,0.0,1,2.5,0.113,106.45780116405534
2026-08-27 10:04:32.513981700+00:00,46.8506,20.6225,4.2,2,4.5,0.065,107.2307240799449
2026-08-27 10:04:32.515928500+00:00,46.8621,20.6168,0.0,1,-3.1,0.12,106.63363594242497
2026-08-27 10:04:32.518791400+00:00,46.8482,20.5966,4.8,2,-2.1,0.098,108.81259121309937
2026-08-27 10:04:32.644087100+00:00,46.8569,20.8421,0.0,1,-2.4,0.11,95.64599338927297
2026-08-27 10:04:32.654828+00:00,46.8557,20.6539,0.0,1,-4.2,0.098,105.15565418846882
2026-08-27 10:04:32.668633200+00:00,46.8174,20.6013,0.0,1,-4.7,0.099,110.9985693745424
2026-08-27 10:05:55.772144700+00:00,46.8184,20.6315,0.0,1,5.0,0.121,109.33485190847459
2026-08-27 10:05:55.773143400+00:00,46.8171,20.6385,0.0,1,3.7,0.141,109.0771785445816
2026-08-27 10:05:55.777551500+00:00,46.8144,20.6413,5.9,2,5.2,0.096,109.15272358025169
2026-08-27 10:05:55.779636900+00:00,46.8126,20.6496,0.0,1,2.9,0.102,108.87307592279853
2026-08-27 10:05:55.823170600+00:00,46.8316,20.6303,0.0,1,9.6,0.093,108.33154976665789
2026-08-27 10:05:55.876099300+00:00,46.8464,20.6431,0.0,1,1.9,0.11,106.47008362720912
2026-08-27 10:06:55.314196600+00:00,46.8316,20.606,0.0,1,13.2,0.112,109.61676858076883
2026-08-27 10:06:55.315813800+00:00,46.8344,20.6053,7.0,2,15.5,0.065,109.43181344866987
2026-08-27 10:06:55.316737200+00:00,46.8349,20.6074,7.2,2,9.9,0.056,109.28019078657
2026-08-27 10:06:55.318192400+00:00,46.8329,20.6112,4.6,2,3.7,0.076,109.23690719280941
2026-08-27 10:06:55.319802200+00:00,46.8271,20.6232,6.2,2,2.4,0.068,109.06649336471048
2026-08-27 10:06:55.320672200+00:00,46.8359,20.5986,0.0,1,-3.5,0.085,109.67126813903286
2026-08-27 10:06:55.324856300+00:00,46.8339,20.6166,0.0,1,9.1,0.22,108.87065640002146
2026-08-27 10:06:55.332093700+00:00,46.8354,20.6124,0.0,1,4.5,0.096,108.9742647962669
2026-08-27 10:06:55.342843400+00:00,46.8279,20.6007,0.0,1,3.7,0.087,110.19282419203458
2026-08-27 10:08:24.392411700+00:00,46.8114,20.6717,0.0,1,4.1,0.105,107.8457574507398
2026-08-27 10:08:24.393102600+00:00,46.8109,20.677,0.0,1,9.1,0.116,107.61946674302317
2026-08-27 10:08:24.393882+00:00,46.8135,20.6692,0.0,1,-26.6,0.109,107.79838200980116
2026-08-27 10:08:24.395177200+00:00,46.8132,20.6728,0.0,1,-8.2,0.107,107.64065507529853
2026-08-27 10:08:24.395928400+00:00,46.8106,20.6748,4.4,2,13.3,0.068,107.75548371765284
2026-08-27 10:08:24.397902600+00:00,46.8121,20.6709,0.0,1,-10.0,0.12,107.82818684924426
2026-08-27 10:08:24.402953800+00:00,46.8291,20.6497,0.0,1,2.3,0.048,107.51997808345735
2026-08-27 10:08:24.407526800+00:00,46.8421,20.6508,5.1,2,-5.3,0.049,106.41053270766095
2026-08-27 10:08:24.507921800+00:00,46.6827,20.8312,0.0,1,-2.5,0.266,111.98190850369707
2026-08-27 10:08:24.790992100+00:00,46.7867,20.6336,0.0,1,2.9,0.121,111.8261182182884
2026-08-27 10:08:24.791558100+00:00,46.7871,20.6353,0.0,1,2.4,0.198,111.70665450816001
2026-08-27 10:08:24.799685600+00:00,46.7865,20.6524,0.0,1,4.1,0.094,110.89288924502368
2026-08-27 10:08:24.800585400+00:00,46.7835,20.6572,0.0,1,2.8,0.124,110.90335851088487
2026-08-27 10:09:20.681226800+00:00,46.8137,20.6717,0.0,1,4.8,0.121,107.65494334022584
2026-08-27 10:09:20.681856100+00:00,46.8174,20.6638,6.1,2,12.6,0.055,107.75120937761795
2026-08-27 10:09:20.682677300+00:00,46.8183,20.6606,0.0,1,-5.0,0.121,107.84078423082016
2026-08-27 10:09:20.684422400+00:00,46.8215,20.6659,0.0,1,3.1,0.14,107.30621046626848
2026-08-27 10:09:20.686564700+00:00,46.7956,20.7492,0.0,1,-3.2,0.073,105.37800756565017
2026-08-27 10:09:20.738671600+00:00,46.7844,20.7034,0.0,1,-2.4,0.152,108.54779616885169
2026-08-27 10:09:55.882058+00:00,46.8129,20.6677,0.0,1,7.5,0.135,107.92424978781854
2026-08-27 10:09:55.885664600+00:00,46.8202,20.6632,6.1,2,5.3,0.055,107.55137579861858
2026-08-27 10:09:55.898672+00:00,46.808,20.6723,5.1,2,4.5,0.066,108.09802857324735
2026-08-27 10:09:56.124255900+00:00,46.8347,20.7095,0.0,1,3.8,0.1,103.9988616196626
2026-08-27 10:09:56.173933+00:00,46.8144,20.6692,0.0,1,3.8,0.11,107.72386551658697
2026-08-27 10:09:56.263110800+00:00,46.7705,20.6746,0.0,1,2.9,0.103,111.14018475655264
2026-08-27 10:10:41.244270500+00:00,46.7421,20.705,0.0,1,5.3,0.11,112.13065555702326
2026-08-27 10:10:41.281314400+00:00,46.7782,20.656,0.0,1,-4.0,0.066,111.40825912803496
2026-08-27 10:10:41.506211+00:00,46.7897,20.6826,0.0,1,-3.3,0.115,109.1179019189503
2026-08-27 10:10:41.507558+00:00,46.7922,20.6884,0.0,1,-2.3,0.106,108.61974292910493
2026-08-27 10:10:41.551612500+00:00,46.8459,20.7032,0.0,1,-3.2,0.101,103.39028367627009
2026-08-27 10:10:41.554653500+00:00,46.8403,20.6811,0.0,1,2.8,0.047,104.98303647581798
2026-08-27 10:11:39.642881900+00:00,46.7746,20.7112,0.0,1,5.5,0.13,109.01249163056674
2026-08-27 10:11:39.644065800+00:00,46.7735,20.7136,0.0,1,7.9,0.104,108.99229057221687
2026-08-27 10:11:39.677592100+00:00,46.7929,20.6863,0.0,1,-3.6,0.102,108.66440701158785
2026-08-27 10:11:39.833170100+00:00,46.8106,20.8712,0.0,1,3.0,0.159,98.45773979177034
2026-08-27 10:12:39.762019700+00:00,46.8144,20.6866,0.0,1,18.3,0.099,106.84414854973288
2026-08-27 10:12:39.762281800+00:00,46.8145,20.685,0.0,1,-6.9,0.115,106.91633146414036
2026-08-27 10:12:39.762659100+00:00,46.8116,20.6867,0.0,1,6.5,0.117,107.07295379068427
2026-08-27 10:12:39.763901500+00:00,46.8052,20.6782,0.0,1,11.9,0.131,108.0345363039313
2026-08-27 10:12:39.764834300+00:00,46.8157,20.6846,0.0,1,-9.0,0.095,106.83648378876177
2026-08-27 10:12:39.765937900+00:00,46.8195,20.6985,0.0,1,4.7,0.121,105.82047096876536
2026-08-27 10:12:39.767706600+00:00,46.8025,20.6785,2.7,2,4.2,0.014,108.24535394836394
2026-08-27 10:12:39.820290900+00:00,46.8118,20.7079,0.0,1,4.0,0.117,105.99879266672319
2026-08-27 10:14:05.480650+00:00,46.7501,20.6782,0.0,1,-17.5,0.11,112.71222262296115
2026-08-27 10:14:05.506812400+00:00,46.7645,20.7014,0.0,1,-23.7,0.125,110.3548117825406
2026-08-27 10:14:05.524679200+00:00,46.7443,20.7005,0.0,1,2.8,0.128,112.15076760584343
2026-08-27 10:14:05.527288700+00:00,46.7493,20.6773,0.0,1,-43.8,0.123,112.82449642200194
2026-08-27 10:14:55.148135600+00:00,46.7288,20.7087,0.0,1,3.4,0.116,113.12541344093823
2026-08-27 10:14:55.149517700+00:00,46.7284,20.716,0.0,1,4.0,0.048,112.82241303871108
2026-08-27 10:14:55.150391900+00:00,46.7292,20.7161,4.4,2,5.0,0.09,112.74706865202224
2026-08-27 10:15:21.435347700+00:00,46.8034,20.6882,0.0,1,-3.7,0.108,107.68522807380802
2026-08-27 10:15:21.435729200+00:00,46.8023,20.6881,0.0,1,-5.0,0.119,107.78268987365942
2026-08-27 10:15:21.442749800+00:00,46.8117,20.7029,0.0,1,-9.6,0.108,106.25538046635123
2026-08-27 10:15:21.579998800+00:00,46.7774,20.7028,0.0,1,-6.2,0.093,109.17668298853782
2026-08-27 10:16:28.457291400+00:00,46.7444,20.7544,0.0,1,-27.2,0.146,109.6399155436428
2026-08-27 10:16:28.458289900+00:00,46.7421,20.7582,0.0,1,6.8,0.192,109.67253822392394
2026-08-27 10:16:28.708851+00:00,46.7776,20.998,0.0,1,-4.1,0.132,96.40248783190101
2026-08-27 10:16:28.709577600+00:00,46.7787,20.9974,0.0,1,-3.0,0.205,96.31831409447518
2026-08-27 10:16:28.941839300+00:00,46.7744,21.0171,0.0,1,-5.2,0.168,96.01045164591036
2026-08-27 10:17:31.450294400+00:00,46.7283,20.7385,0.0,1,32.0,0.084,111.7994733246806
2026-08-27 10:17:31.450991400+00:00,46.7322,20.7308,0.0,1,6.1,0.204,111.80415650544207
2026-08-27 10:17:31.463285200+00:00,46.7302,20.7257,0.0,1,-14.3,0.121,112.21586587078829
2026-08-27 10:18:26.119261800+00:00,46.7103,20.8261,0.0,1,-11.5,0.144,109.61182510337827
2026-08-27 10:18:26.120148+00:00,46.7282,20.7693,0.0,1,-31.7,0.138,110.42301948226303
2026-08-27 10:18:26.121062+00:00,46.7235,20.7762,0.0,1,8.1,0.158,110.54307150786386
2026-08-27 10:18:26.121573600+00:00,46.7226,20.7739,4.7,2,10.9,0.069,110.726109107073
2026-08-27 10:18:26.122246600+00:00,46.7219,20.7731,0.0,1,3.4,0.084,110.82487822189476
2026-08-27 10:18:26.127661300+00:00,46.7282,20.759,0.0,1,3.5,0.06,110.88278882014289
2026-08-27 10:19:32.367397100+00:00,46.7417,20.8115,0.0,1,-3.2,0.156,107.34121021955161
2026-08-27 10:19:32.381939+00:00,46.7336,20.8474,0.0,1,3.1,0.117,106.5549596500991
2026-08-27 10:19:32.384328300+00:00,46.734,20.8466,0.0,1,3.3,0.135,106.55132883231099
2026-08-27 10:20:10.104224100+00:00,46.727,20.7889,0.0,1,3.8,0.129,109.66733367026467
2026-08-27 10:20:10.104896600+00:00,46.7247,20.7935,0.0,1,3.7,0.115,109.6763585380603
2026-08-27 10:20:10.106371400+00:00,46.7217,20.794,0.0,1,5.4,0.136,109.92873696205743
2026-08-27 10:21:37.363377100+00:00,46.7213,20.8197,0.0,1,-3.2,0.106,108.86237963493895
2026-08-27 10:21:37.363966500+00:00,46.7247,20.8096,0.0,1,-3.8,0.173,108.98045376631696
2026-08-27 10:21:37.364207400+00:00,46.7259,20.8085,0.0,1,4.0,0.08,108.91753324406487
2026-08-27 10:21:37.365250200+00:00,46.7259,20.8128,0.0,1,-123.8,0.194,108.73287283948179
2026-08-27 10:21:37.371869400+00:00,46.7235,20.8238,0.0,1,-2.7,0.144,108.48520199740601
2026-08-27 10:21:37.384273600+00:00,46.7282,20.8221,0.0,1,-4.1,0.159,108.12362115594551
2026-08-27 10:21:37.387832100+00:00,46.7254,20.8151,0.0,1,-6.9,0.13,108.6803889095606
2026-08-27 10:21:37.395138800+00:00,46.724,20.8311,0.0,1,3.1,0.043,108.13040949895914
2026-08-27 10:21:37.742939600+00:00,46.7799,20.8704,0.0,1,-2.8,0.213,101.3002059596985
2026-08-27 10:21:37.755860400+00:00,46.7643,20.7745,0.0,1,-3.6,0.15,106.95070358010902
2026-08-27 10:23:06.508624700+00:00,46.6983,20.8199,4.0,2,-17.4,0.039,110.98726094958566
2026-08-27 10:23:06.508747+00:00,46.7041,20.8192,0.0,1,10.1,0.132,110.47688655851508
2026-08-27 10:23:06.509273600+00:00,46.6974,20.8131,0.0,1,-5.0,0.11,111.35495968318608
2026-08-27 10:23:06.513881+00:00,46.6932,20.804,0.0,1,-64.1,0.13,112.12675326362775
2026-08-27 10:23:06.526942900+00:00,46.7051,20.8051,0.0,1,-2.7,0.086,110.97847381530869
2026-08-27 10:23:06.527553500+00:00,46.6982,20.8202,0.0,1,6.4,0.155,110.9840825996485
2026-08-27 10:23:06.536781+00:00,46.7028,20.8096,0.0,1,-26.5,0.12,111.00095347218168
2026-08-27 10:23:06.560646600+00:00,46.7086,20.8162,0.0,1,-10.2,0.127,110.18531654874234
2026-08-27 10:23:06.565725100+00:00,46.6803,20.7878,0.0,1,-17.7,0.115,114.00496065120927
2026-08-27 10:23:06.566191200+00:00,46.7029,20.8075,0.0,1,-15.2,0.117,111.08034221625117
2026-08-27 10:23:06.566812300+00:00,46.7043,20.8221,0.0,1,-4.0,0.168,110.33699179221851
2026-08-27 10:24:04.156908+00:00,46.6977,20.8314,0.0,1,9.7,0.1,110.56677721399272
2026-08-27 10:24:04.157509600+00:00,46.6944,20.8352,0.0,1,-5.9,0.115,110.71976483081261
2026-08-27 10:24:04.157807500+00:00,46.6962,20.8313,0.0,1,4.4,0.137,110.71126661044373
2026-08-27 10:24:04.166742800+00:00,46.7047,20.8142,0.0,1,-51.8,0.13,110.63107028700998
2026-08-27 10:24:04.189458600+00:00,46.6927,20.8011,0.0,1,-13.3,0.143,112.29517275580069
2026-08-27 10:24:04.197804700+00:00,46.6878,20.8332,0.0,1,-5.2,0.136,111.42105724151797
2026-08-27 10:24:04.229998800+00:00,46.7049,20.8182,0.0,1,-27.1,0.104,110.44447790973736
2026-08-27 10:24:04.255654+00:00,46.6828,20.8319,0.0,1,-28.8,0.123,111.94401068933857
2026-08-27 10:24:04.525024600+00:00,46.6826,20.8329,0.0,1,-7.3,0.123,111.92215234474395
2026-08-27 10:24:17.352357600+00:00,46.7134,20.8337,0.0,1,7.8,0.125,109.00606160123593
2026-08-27 10:24:17.352732+00:00,46.7135,20.8357,0.0,1,-6.3,0.09,108.91347123584003
2026-08-27 10:24:17.516842800+00:00,46.7364,21.0647,0.0,1,-3.3,0.127,98.12996709990578
2026-08-27 10:24:17.552136400+00:00,46.7199,20.8447,0.0,1,31.1,0.121,107.94286182032451
2026-08-27 10:24:56.280039300+00:00,46.7065,20.8489,0.0,1,9.1,0.093,109.02380997125263
2026-08-27 10:24:56.296317100+00:00,46.6925,20.8305,0.0,1,-47.6,0.13,111.09066487493388
2026-08-27 10:24:56.328201800+00:00,46.6833,20.842,0.0,1,-3.7,0.083,111.48767055386529
2026-08-27 10:24:56.343253700+00:00,46.6956,20.8431,0.0,1,-29.5,0.131,110.28443752480432
2026-08-27 10:24:56.417149700+00:00,46.6973,20.8466,0.0,1,-3.4,0.089,109.98216465513752
2026-08-27 10:24:56.418350700+00:00,46.7718,20.8598,0.0,1,-5.7,0.113,102.4987626547446
2026-08-27 10:25:32.815212200+00:00,46.7033,20.8532,0.0,1,2.3,0.109,109.14942288443247
2026-08-27 10:25:32.826800100+00:00,46.6874,20.8363,0.0,1,-52.8,0.124,111.33232657261044
2026-08-27 10:25:32.870126400+00:00,46.6921,20.8297,0.0,1,-24.1,0.145,111.16100372084331
2026-08-27 10:25:32.911550200+00:00,46.6932,20.841,0.0,1,-2.7,0.042,110.59559791042771
2026-08-27 10:25:32.912093300+00:00,46.692,20.8306,0.0,1,-17.1,0.13,111.13341143252094
2026-08-27 10:25:32.913941800+00:00,46.6882,20.8093,0.0,1,-4.8,0.099,112.36959315111035
2026-08-27 10:25:32.966523600+00:00,46.6583,20.828,0.0,1,-16.3,0.117,114.41335768290517
2026-08-27 10:26:12.313002900+00:00,46.68,20.9008,0.0,1,4.4,0.149,109.4985428446427
2026-08-27 10:26:12.318073+00:00,46.6823,20.9144,0.0,1,2.8,0.231,108.76265008211801
2026-08-27 10:26:12.320244200+00:00,46.6788,20.9204,0.0,1,4.1,0.161,108.8777698895731
2026-08-27 10:26:12.373667900+00:00,46.6775,20.8855,0.0,1,2.9,0.188,110.32439428481091
2026-08-27 10:26:12.419543100+00:00,46.732,20.8595,0.0,1,5.6,0.098,106.20033340849525
2026-08-27 10:27:20.089423100+00:00,46.6765,20.9061,0.0,1,-5.7,0.147,109.63592340099513
2026-08-27 10:27:20.101885+00:00,46.6753,20.942,0.0,1,2.8,0.11,108.4263072737578
2026-08-27 10:27:20.200653900+00:00,46.6754,20.9095,0.0,1,-3.2,0.126,109.61453555462202
2026-08-27 10:27:20.206587500+00:00,46.6761,20.9072,0.0,1,-3.8,0.07,109.63319146544298
2026-08-27 10:27:20.208247+00:00,46.6474,20.8902,0.0,1,2.9,0.174,113.05014758601355
2026-08-27 10:27:20.213604200+00:00,46.6767,20.9052,0.0,1,-5.5,0.146,109.65051957718559
2026-08-27 10:27:20.228874400+00:00,46.6762,20.9072,0.0,1,-9.4,0.128,109.62351818102556
2026-08-27 10:28:00.016457300+00:00,46.64,20.9334,0.0,1,-7.0,0.11,112.20028639241785
2026-08-27 10:28:00.017043700+00:00,46.6625,20.865,0.0,1,4.4,0.159,112.55490018832946
2026-08-27 10:28:00.017849900+00:00,46.6633,20.8606,0.0,1,6.0,0.137,112.6495248310898
2026-08-27 10:28:00.018536300+00:00,46.6603,20.8611,0.0,1,2.8,0.093,112.91695438471389
2026-08-27 10:28:00.019080300+00:00,46.6591,20.8642,0.0,1,2.8,0.068,112.91157007078444
2026-08-27 10:28:00.019651600+00:00,46.6651,20.8648,0.0,1,3.2,0.158,112.31383325142254
2026-08-27 10:28:00.021615400+00:00,46.6678,20.8647,0.0,1,3.5,0.179,112.05953761901007
2026-08-27 10:28:00.108574300+00:00,46.6493,20.95,0.0,1,-4.0,0.125,110.6978081886988
2026-08-27 10:28:52.005283500+00:00,46.6746,20.8661,0.0,1,9.8,0.14,111.35537079772098
2026-08-27 10:28:52.006062900+00:00,46.6741,20.863,0.0,1,14.6,0.14,111.52460591525615
2026-08-27 10:28:52.015113400+00:00,46.6733,20.8585,0.0,1,-28.3,0.133,111.7778082201036
2026-08-27 10:28:52.040512600+00:00,46.6538,20.8669,0.0,1,-19.9,0.14,113.3158345221805
2026-08-27 10:28:52.077337200+00:00,46.6745,20.8603,0.0,1,5.4,0.108,111.5926343239526
2026-08-27 10:28:52.080139600+00:00,46.6747,20.8744,0.0,1,-26.9,0.131,111.02210410429714
2026-08-27 10:28:52.118194300+00:00,46.6744,20.8757,0.0,1,-4.7,0.111,111.0003619890376
2026-08-27 10:29:11.549231300+00:00,46.6698,20.9204,0.0,1,-4.1,0.098,109.75265996724522
2026-08-27 10:29:42.387075900+00:00,46.6802,20.901,0.0,1,-8.4,0.133,109.47165915245483
2026-08-27 10:29:57.452955+00:00,46.707,20.8851,0.0,1,3.3,0.119,107.52134654417627
2026-08-27 10:30:42.010649+00:00,46.6575,20.8738,0.0,1,-10.8,0.125,112.69538566249156
2026-08-27 10:30:42.070911800+00:00,46.6633,20.8599,0.0,1,-12.2,0.12,112.67683002378399
2026-08-27 10:30:42.126444900+00:00,46.6747,20.865,0.0,1,-11.7,0.127,111.38892592217259
2026-08-27 10:31:16.635943600+00:00,46.6439,20.8993,0.0,1,-20.2,0.135,113.05221685022377
2026-08-27 10:31:16.682220+00:00,46.6707,20.8883,0.0,1,-23.2,0.113,110.87069513045877
2026-08-27 10:31:16.795336100+00:00,46.6836,20.874,0.0,1,-14.9,0.122,110.18715700370232
2026-08-27 10:31:42.110119800+00:00,46.6507,20.9036,0.0,1,-23.1,0.108,112.23167141737089
2026-08-27 10:31:42.160506600+00:00,46.6986,20.8915,0.0,1,-11.4,0.118,108.07095820211686
2026-08-27 10:32:13.554144500+00:00,46.6501,20.9063,0.0,1,-27.3,0.224,112.19047238621486
2026-08-27 10:32:13.576594100+00:00,46.636,20.8957,0.0,1,-15.2,0.207,113.95419821250441
2026-08-27 10:32:13.583843100+00:00,46.6494,20.9108,0.0,1,-3.4,0.196,112.09341773088536
2026-08-27 10:32:49.764683900+00:00,46.6516,20.9339,0.0,1,3.9,0.191,111.04161857602121
2026-08-27 10:32:49.782823600+00:00,46.6702,20.9129,0.0,1,-19.5,0.137,109.99167414173458
2026-08-27 10:32:49.801314+00:00,46.6534,20.9145,0.0,1,-11.8,0.157,111.56767597735015
2026-08-27 10:32:49.825131800+00:00,46.6524,20.9126,0.0,1,-15.8,0.131,111.73482929729022
2026-08-27 10:32:49.907832+00:00,46.6675,20.8878,0.0,1,-9.2,0.115,111.19794619843238
2026-08-27 10:32:49.913522500+00:00,46.7087,20.8906,0.0,1,-3.1,0.178,107.1426519406875
2026-08-27 10:33:43.362799100+00:00,46.648,20.9398,0.0,1,-7.1,0.121,111.1855819713015
2026-08-27 10:33:43.372730800+00:00,46.6601,20.9301,0.0,1,-57.9,0.129,110.34494331995576
2026-08-27 10:33:43.409620+00:00,46.65,20.9301,0.0,1,-22.6,0.123,111.33488037189673
2026-08-27 10:33:43.464524800+00:00,46.6507,20.9202,0.0,1,-33.4,0.125,111.62363759680905
2026-08-27 10:33:43.491203+00:00,46.6506,20.9309,0.0,1,-19.5,0.118,111.24728971161437
2026-08-27 10:34:37.287661600+00:00,46.6471,20.9435,0.0,1,-5.6,0.145,111.14349123161216
2026-08-27 10:34:37.288123600+00:00,46.6465,20.9464,0.0,1,3.6,0.212,111.10063740529789
2026-08-27 10:34:37.296809800+00:00,46.6525,20.9272,0.0,1,-49.2,0.159,111.19407640004741
2026-08-27 10:34:37.327484300+00:00,46.6316,20.9398,0.0,1,-35.2,0.132,112.80393531672718
2026-08-27 10:34:37.361526200+00:00,46.6362,20.9443,0.0,1,-18.1,0.155,112.19193040546199
2026-08-27 10:34:37.394802500+00:00,46.7051,20.9257,0.0,1,-5.9,0.092,106.132723532811
2026-08-27 10:35:14.611152200+00:00,46.6064,20.9694,0.0,1,3.4,0.098,114.3078548749171
2026-08-27 10:35:14.700766900+00:00,46.6002,20.976,0.0,1,5.0,0.103,114.7141311170425
2026-08-27 10:35:14.701081900+00:00,46.601,20.9768,0.0,1,10.1,0.195,114.60760959873603
2026-08-27 10:35:14.702730200+00:00,46.6018,20.9809,0.0,1,4.0,0.167,114.39390947724227
2026-08-27 10:35:14.703258100+00:00,46.6094,20.9774,0.0,1,6.8,0.171,113.74365451219573
2026-08-27 10:35:14.703741400+00:00,46.5911,20.9837,0.0,1,2.8,0.075,115.38265545190566
2026-08-27 10:35:14.709033900+00:00,46.6278,20.9809,0.0,1,3.6,0.142,111.7826420916353
2026-08-27 10:35:14.717428500+00:00,46.6417,20.974,0.0,1,3.6,0.05,110.62490573043264
2026-08-27 10:35:34.851693800+00:00,46.6401,20.9667,0.0,1,-3.4,0.194,111.0322500870082
2026-08-27 10:35:54.001201700+00:00,46.6148,21.0223,0.0,1,3.5,0.11,111.76528145037224
2026-08-27 10:35:54.012438100+00:00,46.6124,20.9866,0.0,1,2.9,0.154,113.1418973033204
2026-08-27 10:35:54.227368700+00:00,46.6252,20.9858,0.0,1,-3.1,0.075,111.88156925377692
2026-08-27 10:36:39.263140100+00:00,46.5564,21.2803,0.0,1,-3.2,0.236,111.57908292980956
2026-08-27 10:37:27.384205300+00:00,46.6424,20.9877,0.0,1,-2.4,0.123,110.09503831827642
2026-08-27 10:38:21.817700500+00:00,46.599,20.9475,0.0,1,-31.2,0.144,115.77846849563284
2026-08-27 10:38:21.834925100+00:00,46.612,21.0013,0.0,1,-3.5,0.066,112.70942737518573
2026-08-27 10:38:21.835547100+00:00,46.598,20.9485,0.0,1,-6.3,0.143,115.84465396443332
2026-08-27 10:39:52.280865300+00:00,46.604,21.048,0.0,1,6.2,0.142,112.08753382972968
2026-08-27 10:39:52.303799+00:00,46.5959,21.1022,0.0,1,2.8,0.134,111.38731212686423
2026-08-27 10:39:52.318925500+00:00,46.5922,21.0512,0.0,1,4.9,0.158,113.2043226760356
2026-08-27 10:39:52.321102500+00:00,46.593,21.0551,0.0,1,4.9,0.145,113.00850599585246
2026-08-27 10:39:52.377409500+00:00,46.603,21.0474,0.0,1,-3.1,0.114,112.20780257281108
2026-08-27 10:39:52.637252300+00:00,46.6621,21.1764,0.0,1,3.1,0.101,102.53133351765395
2026-08-27 10:42:09.592024800+00:00,46.5691,21.1219,0.0,1,-4.5,0.102,113.66793088997738
2026-08-27 10:42:09.593287800+00:00,46.5637,21.1018,0.0,1,4.4,0.13,114.75352679654407
2026-08-27 10:42:09.594565700+00:00,46.5631,21.1021,0.0,1,3.5,0.185,114.80829918901395
2026-08-27 10:42:09.597675900+00:00,46.5633,21.1021,0.0,1,-5.9,0.199,114.7874133117827
2026-08-27 10:42:09.665803500+00:00,46.5838,21.053,0.0,1,-9.3,0.182,114.01595858359053
2026-08-27 10:42:09.667964+00:00,46.5829,21.0601,0.0,1,-3.9,0.088,113.9046545798458
2026-08-27 10:42:09.678586800+00:00,46.5578,21.0252,0.0,1,6.6,0.179,117.49907463103993
2026-08-27 10:42:09.680943600+00:00,46.5499,21.0018,0.0,1,9.5,0.244,119.00535560049232
2026-08-27 10:51:13.425296400+00:00,46.5218,21.1256,0.0,1,25.4,0.175,118.54847967252488
2026-08-27 10:51:13.425485100+00:00,46.5185,21.1319,0.0,1,9.5,0.186,118.74460751306297
2026-08-27 10:51:13.427339700+00:00,46.52,21.1269,0.0,1,-3.5,0.2,118.70675746354382
2026-08-27 10:51:13.439385700+00:00,46.5338,21.1847,0.0,1,3.6,0.16,115.9095902599838
2026-08-27 10:51:13.443128800+00:00,46.5157,21.1389,0.0,1,-7.5,0.291,118.87402878214503
2026-08-27 10:51:13.456881800+00:00,46.5172,21.2289,7.3,2,-5.6,0.14,116.76825416869087
2026-08-27 10:51:13.458416100+00:00,46.5172,21.2416,0.0,1,-6.4,0.135,116.52302955153672
2026-08-27 10:51:13.459442100+00:00,46.5214,21.1372,0.0,1,6.2,0.134,118.31167849702715
2026-08-27 10:51:13.465353500+00:00,46.5317,21.1714,0.0,1,3.3,0.153,116.42843877588042
2026-08-27 10:51:13.484689700+00:00,46.5231,21.188,0.0,1,5.6,0.182,116.97849452773066
2026-08-27 10:51:13.487102500+00:00,46.516,21.2021,0.0,1,3.2,0.192,117.43838080111794
2026-08-27 10:51:13.488168400+00:00,46.5158,21.2017,0.0,1,3.6,0.124,117.46810493820259
2026-08-27 10:51:13.492388200+00:00,46.5675,21.1337,0.0,1,3.3,0.269,113.53808239619595
2026-08-27 10:52:17.949110800+00:00,46.5174,21.0907,0.0,1,8.3,0.18,119.88389540024151
2026-08-27 10:53:01.661406600+00:00,46.5121,21.137,0.0,1,-11.7,0.214,119.2996591911554
2026-08-27 10:54:03.611433500+00:00,46.4973,21.2584,0.0,1,-10.8,0.121,118.36028042235354
2026-08-27 10:54:03.775182300+00:00,46.4974,21.2579,0.0,1,4.7,0.158,118.358432353486
2026-08-27 10:57:36.328025400+00:00,46.4856,21.184,0.0,1,12.3,0.174,121.06867589377539
2026-08-27 10:57:36.389245600+00:00,46.4973,21.1983,0.0,1,2.2,0.2,119.51882795094988
2026-08-27 10:58:22.787533700+00:00,46.4661,21.1976,0.0,1,-7.3,0.166,122.87737600318813
2026-08-27 10:59:47.983117300+00:00,46.4653,21.2039,0.0,1,4.8,0.13,122.83747681070355
2026-08-27 11:06:19.614042300+00:00,46.4119,21.2845,0.0,1,16.2,0.283,127.19238538169859
2026-08-27 11:06:19.618384800+00:00,46.4144,21.2849,0.0,1,-13.5,0.235,126.91394644696351
2026-08-27 11:06:19.647331+00:00,46.4242,21.2821,0.0,1,-4.0,0.176,125.89103278689696
2026-08-27 11:06:19.650792200+00:00,46.3835,21.4263,0.0,1,-18.1,0.273,128.57096049281037
2026-08-27 11:06:19.651032700+00:00,46.3838,21.4204,0.0,1,-10.7,0.23,128.59173561624752
2026-08-27 13:02:21.025120+00:00,46.8989,21.1965,0.0,1,-5.5,0.162,77.51260557482361
