time,latitude,longitude,height_km,event_type,peak_current_ka,location_error,distance_km
2026-09-01 00:00:05.781213700+00:00,46.9107,20.2159,0.0,1,2.6,0.093,126.99264072824901
2026-09-01 00:00:05.928727800+00:00,46.9164,20.1236,5.8,2,-2.8,0.064,132.56333310256323
2026-09-01 00:00:08.585001300+00:00,46.8221,20.6752,0.0,1,-4.3,0.114,106.78191481043429
2026-09-01 00:00:08.976152500+00:00,47.0883,20.6212,0.0,1,-3.0,0.039,90.4617811947688
2026-09-01 00:00:08.977913300+00:00,47.0969,20.6193,0.0,1,3.0,0.099,90.05992361314347
2026-09-01 00:00:09.009822300+00:00,47.0968,20.6275,0.0,1,2.3,0.105,89.5450210612474
2026-09-01 00:00:09.267944700+00:00,47.1207,20.6252,0.0,1,-12.5,0.09,88.27230204639949
2026-09-01 00:00:09.268820200+00:00,47.1104,20.6647,0.0,1,-4.7,0.153,86.3606047363692
2026-09-01 00:00:09.527345200+00:00,47.1202,20.6253,0.0,1,-7.0,0.124,88.29494997851499
2026-09-01 00:00:11.253198500+00:00,46.7263,20.5168,6.3,2,2.5,0.125,122.78261658470755
2026-09-01 00:00:11.268926600+00:00,46.6562,20.3913,0.0,1,-3.1,0.092,135.01446151954903
2026-09-01 00:00:11.271883300+00:00,46.6514,20.4324,0.0,1,-28.7,0.102,133.2716995348214
2026-09-01 00:00:11.292524+00:00,46.659,20.3873,0.0,1,3.4,0.088,134.9988149976326
2026-09-01 00:00:11.316920300+00:00,46.6514,20.4343,0.0,1,-6.4,0.085,133.17412140666875
2026-09-01 00:00:11.511220800+00:00,46.6506,20.4234,0.0,1,-25.6,0.095,133.80062328464876
2026-09-01 00:00:11.539833+00:00,46.7226,20.5071,0.0,1,6.3,0.09,123.58697213123003
2026-09-01 00:00:11.545804900+00:00,46.7275,20.5649,0.0,1,4.9,0.134,120.22248925642478
2026-09-01 00:00:11.548119500+00:00,46.6569,20.4008,0.0,1,4.7,0.098,134.46040390464103
2026-09-01 00:00:11.555344600+00:00,46.6702,20.3124,0.0,1,-2.9,0.111,138.12649993094675
2026-09-01 00:00:11.556869400+00:00,46.7256,20.5191,0.0,1,6.7,0.126,122.7208465740551
2026-09-01 00:00:11.564739600+00:00,46.6646,20.296,0.0,1,4.4,0.124,139.45702709839824
2026-09-01 00:00:11.576751200+00:00,46.7169,20.4663,0.0,1,10.6,0.03,126.18098370472644
2026-09-01 00:00:11.577108800+00:00,46.7142,20.4653,0.0,1,4.0,0.231,126.4508215029497
2026-09-01 00:00:11.615506700+00:00,46.7124,20.47,0.0,1,4.9,0.099,126.34910868583925
2026-09-01 00:00:11.635716600+00:00,46.6077,20.3172,0.0,1,-13.5,0.088,142.82085555883842
2026-09-01 00:00:11.734421500+00:00,46.6681,20.4769,0.0,1,2.2,0.124,129.61820196590986
2026-09-01 00:00:13.516263900+00:00,46.8333,20.7138,0.0,1,-5.6,0.153,103.89931026119666
2026-09-01 00:00:13.522528600+00:00,46.8456,20.6689,0.0,1,3.2,0.089,105.1824667809536
2026-09-01 00:00:13.529190700+00:00,46.8459,20.6853,0.0,1,2.9,0.127,104.30857013407493
2026-09-01 00:00:14.567808600+00:00,46.9328,20.6636,0.0,1,-2.7,0.014,98.62881843672959
2026-09-01 00:00:14.892068800+00:00,46.9278,20.5766,0.0,1,-14.0,0.096,103.93082624561256
2026-09-01 00:00:14.978323700+00:00,46.9275,20.5758,0.0,1,-23.1,0.098,103.99865550232705
2026-09-01 00:00:15.065487500+00:00,46.9273,20.5758,0.0,1,-13.8,0.081,104.01313458792038
2026-09-01 00:00:17.098269500+00:00,46.957,20.4827,0.0,1,-4.6,0.062,107.45832135448055
2026-09-01 00:00:17.132379+00:00,46.9501,20.4618,0.0,1,-5.5,0.062,109.18802428157623
2026-09-01 00:00:17.164172800+00:00,46.9456,20.4728,0.0,1,-8.5,0.11,108.82184890006495
2026-09-01 00:00:17.447308900+00:00,46.9457,20.4711,0.0,1,-19.8,0.071,108.91794531373887
2026-09-01 00:00:17.448180600+00:00,46.9335,20.4158,0.0,1,-5.0,0.135,113.09216254606302
2026-09-01 00:00:24.738401700+00:00,47.2215,19.9564,0.0,1,-18.3,0.085,130.45304362164634
2026-09-01 00:00:24.759787800+00:00,47.2204,19.9573,0.0,1,-2.2,0.071,130.42135015263506
2026-09-01 00:00:25.053694400+00:00,46.7487,20.542,0.0,1,3.0,0.109,119.65048329139793
2026-09-01 00:00:27.538743700+00:00,46.9477,20.2478,0.0,1,-10.0,0.09,122.72214615520308
2026-09-01 00:00:27.605208+00:00,46.946,20.2471,0.0,1,-19.3,0.108,122.868474680071
2026-09-01 00:00:27.666583600+00:00,46.946,20.2457,0.0,1,-13.2,0.077,122.95811221565297
2026-09-01 00:00:27.728343900+00:00,46.9469,20.2483,0.0,1,-5.6,0.068,122.73787801942373
2026-09-01 00:00:27.928507500+00:00,46.9467,20.2486,0.0,1,-12.0,0.088,122.73061886021219
2026-09-01 00:00:27.931657500+00:00,46.9619,20.2308,0.0,1,-4.0,0.093,122.9803406490025
2026-09-01 00:00:27.941354600+00:00,46.9654,20.2875,0.0,1,-5.9,0.076,119.12350812463403
2026-09-01 00:00:27.981408900+00:00,46.9473,20.2492,0.0,1,-4.2,0.073,122.65636065685504
2026-09-01 00:00:28.068476500+00:00,46.9475,20.2477,0.0,1,-7.9,0.095,122.74048426899036
2026-09-01 00:00:28.209580500+00:00,46.9463,20.2473,0.0,1,-14.3,0.085,122.83774567383524
2026-09-01 00:00:28.351591800+00:00,46.9477,20.2485,0.0,1,-6.3,0.074,122.67730769746163
2026-09-01 00:00:29.227877600+00:00,47.0899,20.6999,6.7,2,-3.3,0.12,85.44456656769242
2026-09-01 00:00:30.074958600+00:00,46.776,20.6398,0.0,1,-7.2,0.09,112.40325911215281
2026-09-01 00:00:32.061793300+00:00,46.5469,20.4293,0.0,1,-5.9,0.129,142.23008226502265
2026-09-01 00:00:33.895115200+00:00,47.1537,20.8054,0.0,1,-5.7,0.131,74.83766119587808
2026-09-01 00:00:33.916305200+00:00,47.1518,20.8083,0.0,1,-6.9,0.049,74.77698474146034
2026-09-01 00:00:34.083726400+00:00,47.1433,20.7716,0.0,1,-4.9,0.11,77.6010075011915
2026-09-01 00:00:34.266361+00:00,47.1604,20.8094,0.0,1,-4.1,0.049,74.16807376668585
2026-09-01 00:00:40.655174500+00:00,46.8404,20.3857,0.0,1,-8.0,0.097,121.28561253343527
2026-09-01 00:00:41.013509600+00:00,46.8096,20.4128,0.0,1,-9.3,0.071,121.95548473837198
2026-09-01 00:00:41.016072200+00:00,46.9124,20.4395,0.0,1,3.5,0.109,113.07718261864186
2026-09-01 00:00:41.020351+00:00,46.9193,20.4286,0.0,1,4.9,0.116,113.26371537824785
2026-09-01 00:00:41.045073200+00:00,47.2045,19.9178,0.0,1,-11.4,0.074,133.77972017450767
2026-09-01 00:00:41.045517800+00:00,47.2047,19.9205,0.0,1,-2.9,0.079,133.57777786549207
2026-09-01 00:00:41.200456500+00:00,46.8108,20.4108,0.0,1,-13.4,0.1,121.98083218027467
2026-09-01 00:00:41.347726100+00:00,46.8102,20.4103,0.0,1,-16.6,0.141,122.05355044657433
2026-09-01 00:00:41.567786500+00:00,47.2413,19.8586,0.0,1,-5.0,0.067,137.0091558442633
2026-09-01 00:00:41.578832800+00:00,47.2409,19.8611,3.6,2,2.3,0.02,136.83725121460958
2026-09-01 00:00:41.607675900+00:00,46.8104,20.4134,0.0,1,-6.1,0.053,121.86227560226324
2026-09-01 00:00:41.639358500+00:00,47.4212,19.8786,0.0,1,5.0,0.065,131.99446297575983
2026-09-01 00:00:41.820185500+00:00,47.3339,19.87,4.2,2,-2.0,0.169,133.99374744942256
2026-09-01 00:00:41.856524700+00:00,47.3153,19.9347,0.0,1,5.6,0.081,129.5858329629998
2026-09-01 00:00:44.310066400+00:00,46.3792,21.3749,0.0,1,-10.6,0.236,129.564837139881
2026-09-01 00:00:45.472980200+00:00,46.8214,20.6457,0.0,1,-6.2,0.086,108.35402313929038
2026-09-01 00:00:48.065419600+00:00,47.6034,20.3442,0.0,1,-6.1,0.052,96.59468911594902
2026-09-01 00:00:48.128492500+00:00,47.6158,20.3433,0.0,1,-5.3,0.077,96.77425624351726
2026-09-01 00:00:49.447343100+00:00,46.7285,20.5761,0.0,1,3.7,0.104,119.57421975606665
2026-09-01 00:00:51.223961600+00:00,46.8481,20.7002,0.0,1,3.4,0.121,103.36254128809092
2026-09-01 00:00:51.438013200+00:00,46.8624,20.6483,0.0,1,2.8,0.047,104.91908203651064
2026-09-01 00:00:52.317727+00:00,46.86,20.5273,0.0,1,4.6,0.102,111.73192341193088
2026-09-01 00:00:52.543599200+00:00,46.6316,20.5808,0.0,1,-5.7,0.078,127.64546967130116
2026-09-01 00:00:52.742359800+00:00,46.8589,20.5322,0.0,1,14.4,0.111,111.53944889012533
2026-09-01 00:00:52.753405+00:00,46.8587,20.5332,0.0,1,3.9,0.263,111.4984522071028
2026-09-01 00:00:52.920669100+00:00,46.9285,20.4634,0.0,1,-4.1,0.089,110.54537844821084
2026-09-01 00:00:52.926529200+00:00,46.947,20.4406,0.0,1,12.1,0.07,110.68585692579501
2026-09-01 00:00:52.935444900+00:00,46.9358,20.4961,0.0,1,-8.5,0.094,108.08892358489554
2026-09-01 00:00:52.937413700+00:00,46.9051,20.4792,0.0,1,2.7,0.08,111.22533128244086
2026-09-01 00:00:52.997176200+00:00,46.9465,20.4219,0.0,1,-3.5,0.071,111.86418303273815
2026-09-01 00:00:53.946338200+00:00,47.4124,20.3806,0.0,1,-7.5,0.076,94.63648682003283
2026-09-01 00:00:54.101151600+00:00,47.3932,20.3537,0.0,1,-13.6,0.081,96.97189034525488
2026-09-01 00:00:54.729579800+00:00,46.9476,20.1869,0.0,1,-2.5,0.169,126.65250792701191
2026-09-01 00:00:54.872292200+00:00,46.9266,20.2211,0.0,1,-10.3,0.07,125.69493565080056
2026-09-01 00:00:54.876925200+00:00,46.9407,20.2096,0.0,1,-5.0,0.115,125.58997567137462
2026-09-01 00:00:55.189746100+00:00,46.8805,20.1048,0.0,1,-2.9,0.071,135.89853419237534
2026-09-01 00:00:58.904508700+00:00,46.7326,20.4952,6.3,2,-7.9,0.11,123.39750375932165
2026-09-01 00:00:58.921038+00:00,46.7591,20.6506,0.0,1,-3.0,0.146,113.28828460440548
2026-09-01 00:00:58.929564100+00:00,46.7402,20.5729,6.4,2,8.4,0.091,118.76236852698466
2026-09-01 00:01:01.178326100+00:00,47.2152,21.0924,0.0,1,4.4,0.153,53.48088016687294
2026-09-01 00:01:01.179122+00:00,47.2147,21.0926,0.0,1,-6.1,0.106,53.50627992116686
2026-09-01 00:01:01.259648+00:00,46.5849,20.3374,0.0,1,-15.5,0.093,143.62437095729246
2026-09-01 00:01:01.332912200+00:00,46.5982,20.3266,0.0,1,-10.7,0.085,143.0975868386097
2026-09-01 00:01:01.418774300+00:00,46.5996,20.3239,0.0,1,-10.2,0.094,143.12479560641776
2026-09-01 00:01:01.902276900+00:00,47.0393,19.9124,0.0,1,-8.1,0.058,140.45485270049073
2026-09-01 00:01:02.184091800+00:00,47.0162,20.044,0.0,1,-2.4,0.076,132.485254973052
2026-09-01 00:01:04.819466700+00:00,46.5139,21.4493,0.0,1,-4.5,0.252,113.96454377268827
2026-09-01 00:01:06.026576700+00:00,46.7752,20.2756,0.0,1,5.6,0.069,132.36431316319457
2026-09-01 00:01:06.039305800+00:00,46.776,20.2769,0.0,1,-4.0,0.105,132.23130070692568
2026-09-01 00:01:06.106096400+00:00,46.7741,20.2539,0.0,1,-11.7,0.07,133.71316081002718
2026-09-01 00:01:06.107447100+00:00,46.757,20.2511,0.0,1,-5.3,0.094,135.09482000257833
2026-09-01 00:01:06.107974600+00:00,46.757,20.2564,2.8,2,7.6,0.026,134.7862805863119
2026-09-01 00:01:06.109181800+00:00,46.7539,20.2559,3.9,2,4.5,0.082,135.03815532010546
2026-09-01 00:01:06.118204500+00:00,46.7523,20.2881,6.1,2,6.7,0.074,133.29368044999703
2026-09-01 00:01:06.136017700+00:00,46.7325,20.2698,0.0,1,22.0,0.062,135.7931192062214
2026-09-01 00:01:06.137429+00:00,46.7353,20.2369,0.0,1,16.3,0.083,137.4817954387521
2026-09-01 00:01:06.480493800+00:00,46.8287,20.1031,0.0,1,2.0,0.151,139.2048982929968
2026-09-01 00:01:07.503761100+00:00,46.7749,20.6124,0.0,1,-2.3,0.072,113.8809235565675
2026-09-01 00:01:07.613610500+00:00,46.8824,20.2946,0.0,1,-4.3,0.084,123.8763209998511
2026-09-01 00:01:07.944307500+00:00,46.7451,20.5326,6.2,2,3.0,0.043,120.43160659480522
2026-09-01 00:01:08.879553+00:00,47.1104,20.6336,0.0,1,2.8,0.074,88.33926728550638
2026-09-01 00:01:08.883823300+00:00,47.0886,20.6219,0.0,1,-25.9,0.083,90.39917376593164
2026-09-01 00:01:08.915154700+00:00,47.0867,20.6228,0.0,1,-10.6,0.072,90.458790369599
2026-09-01 00:01:09.686720100+00:00,46.8258,20.5324,0.0,1,12.0,0.119,114.04799418950962
2026-09-01 00:01:09.909163+00:00,46.3634,21.3181,0.0,1,-12.4,0.232,132.00104840464
2026-09-01 00:01:10.162072600+00:00,46.3548,21.2634,0.0,1,5.0,0.241,133.73807198675112
2026-09-01 00:01:10.424805200+00:00,46.5784,20.4839,0.0,1,-11.2,0.106,136.88038502359058
2026-09-01 00:01:10.467583200+00:00,46.5786,20.4834,0.0,1,-3.8,0.087,136.88703653794067
2026-09-01 00:01:14.866315300+00:00,46.7587,20.562,0.0,1,-3.1,0.066,117.7991035629195
2026-09-01 00:01:16.016198700+00:00,46.9546,20.4833,0.0,1,-4.1,0.095,107.58241106507506
2026-09-01 00:01:16.161038100+00:00,46.9846,20.5231,0.0,1,-8.6,0.077,103.16626897303321
2026-09-01 00:01:16.431845900+00:00,46.95,20.257,0.0,1,-21.8,0.142,121.99569600160733
2026-09-01 00:01:16.432784800+00:00,46.8855,20.2112,0.0,1,-10.3,0.096,128.8529529532398
2026-09-01 00:01:16.514351200+00:00,46.9503,20.2558,0.0,1,-4.6,0.087,122.05459948126963
2026-09-01 00:01:20.314404500+00:00,47.1006,20.7102,4.8,2,3.1,0.036,84.12117544977785
2026-09-01 00:01:21.249845100+00:00,46.7381,20.5582,0.0,1,2.5,0.081,119.68497798977
2026-09-01 00:01:21.347639300+00:00,46.737,20.573,8.0,2,-4.1,0.104,119.02278854803667
2026-09-01 00:01:21.413011800+00:00,46.7532,20.542,0.0,1,3.6,0.07,119.28454807513643
2026-09-01 00:01:21.499741100+00:00,46.842,20.6606,0.0,1,-3.1,0.08,105.90644202677991
2026-09-01 00:01:22.095452100+00:00,47.0791,20.6456,0.0,1,-3.0,0.076,89.50138072484194
2026-09-01 00:01:23.972792800+00:00,46.6345,20.6102,0.0,1,2.5,0.199,126.01908475131415
2026-09-01 00:01:29.533684+00:00,47.0049,20.9434,0.0,1,-4.0,0.161,78.05593487971058
2026-09-01 00:01:30.013585500+00:00,46.9617,20.3428,0.0,1,-2.8,0.094,115.82863626860149
2026-09-01 00:01:30.072154400+00:00,46.9808,20.3523,0.0,1,-2.6,0.115,114.06033625488318
2026-09-01 00:01:30.088432800+00:00,46.9449,20.3839,0.0,1,-6.8,0.09,114.31254973416242
2026-09-01 00:01:30.088947400+00:00,46.9805,20.3529,0.0,1,-3.0,0.077,114.04029042436366
2026-09-01 00:01:30.395938500+00:00,46.9992,20.4044,0.0,1,2.3,0.099,109.63208529402259
2026-09-01 00:01:30.396700100+00:00,47.003,20.4102,0.0,1,4.6,0.066,109.0328822327601
2026-09-01 00:01:30.397458100+00:00,47.0018,20.4134,0.0,1,6.4,0.113,108.90259528222606
2026-09-01 00:01:30.398323300+00:00,47.0028,20.4069,0.0,1,2.8,0.074,109.25478893561406
2026-09-01 00:01:30.401720500+00:00,46.9895,20.4107,0.0,1,2.7,0.083,109.82757651603731
2026-09-01 00:01:30.403895800+00:00,46.9869,20.4119,0.0,1,2.6,0.082,109.9128107424866
2026-09-01 00:01:30.404904800+00:00,46.9828,20.4127,0.0,1,3.5,0.104,110.11737061334512
2026-09-01 00:01:30.406086700+00:00,47.0242,20.4161,0.0,1,1.8,0.108,107.38585706680071
2026-09-01 00:01:30.410363200+00:00,46.9821,20.4152,0.0,1,2.3,0.097,110.00409104755408
2026-09-01 00:01:30.434128800+00:00,46.9589,20.3925,4.9,2,3.0,0.066,112.88455448279012
2026-09-01 00:01:30.791525900+00:00,46.998,20.4096,0.0,1,6.6,0.091,109.37525016268086
2026-09-01 00:01:31.535232800+00:00,46.753,20.5196,0.0,1,-8.4,0.102,120.47260578597034
2026-09-01 00:01:31.583007600+00:00,46.7528,20.52,0.0,1,-7.7,0.11,120.46766564919712
2026-09-01 00:01:31.583674600+00:00,46.7752,20.5268,0.0,1,-3.0,0.105,118.31528355405034
2026-09-01 00:01:31.986680+00:00,46.7528,20.5207,0.0,1,-5.6,0.058,120.43086999766139
2026-09-01 00:01:32.043408500+00:00,46.7531,20.5196,0.0,1,-5.8,0.087,120.46456084562256
2026-09-01 00:01:32.575630300+00:00,46.8977,20.1853,0.0,1,-5.6,0.078,129.72909543031506
2026-09-01 00:01:32.825310+00:00,46.9572,20.1737,0.0,1,-11.2,0.071,126.96019328720504
2026-09-01 00:01:32.828346600+00:00,46.9472,20.196,0.0,1,-9.2,0.088,126.08647856879494
2026-09-01 00:01:32.991943300+00:00,46.7743,20.569,0.0,1,-12.1,0.102,116.16626297678354
2026-09-01 00:01:33.052512+00:00,46.9566,20.1744,0.0,1,-25.1,0.084,126.94865300115714
2026-09-01 00:01:33.300968900+00:00,46.9438,20.6193,0.0,1,4.4,0.102,100.31443596249105
2026-09-01 00:01:33.502685400+00:00,46.9467,20.623,0.0,1,3.7,0.103,99.89089046264985
2026-09-01 00:01:37.912396+00:00,46.3825,21.3467,0.0,1,-16.5,0.204,129.53641935251093
2026-09-01 00:01:39.940054600+00:00,46.7416,20.5702,0.0,1,5.0,0.118,118.78373420774372
2026-09-01 00:01:41.015405200+00:00,47.1346,20.7371,0.0,1,-7.8,0.1,80.30653507876849
2026-09-01 00:01:41.164413400+00:00,47.1328,20.7104,0.0,1,3.4,0.079,82.10372801986371
2026-09-01 00:01:41.364750500+00:00,47.2222,19.9552,0.0,1,11.1,0.067,130.51884339267116
2026-09-01 00:01:41.364923400+00:00,47.2212,19.9564,0.0,1,4.0,0.071,130.46220881667736
2026-09-01 00:01:43.159236700+00:00,46.5181,20.4347,0.0,1,-10.7,0.122,144.46859712974205
2026-09-01 00:01:43.212766100+00:00,46.5028,20.4197,0.0,1,-11.7,0.119,146.5152647847964
2026-09-01 00:01:43.215072+00:00,46.5145,20.4714,0.0,1,-6.1,0.107,143.0627082922094
2026-09-01 00:01:43.246300+00:00,46.9125,20.1598,0.0,1,4.1,0.074,130.46129088624568
2026-09-01 00:01:43.247358+00:00,46.9047,20.2141,5.0,2,3.6,0.058,127.4753844858452
2026-09-01 00:01:43.252661800+00:00,46.9096,20.2191,5.6,2,2.7,0.045,126.85745423107262
2026-09-01 00:01:43.263299500+00:00,46.8988,20.2185,0.0,1,-2.2,0.076,127.56292660977292
2026-09-01 00:01:45.416461500+00:00,46.8206,20.6554,0.0,1,-6.5,0.084,107.91889459705119
2026-09-01 00:01:45.595478200+00:00,46.8365,20.6722,0.0,1,-8.9,0.108,105.75243013336956
2026-09-01 00:01:45.629876600+00:00,46.8363,20.6734,0.0,1,-4.1,0.101,105.70691446209918
2026-09-01 00:01:45.897772100+00:00,46.8361,20.673,0.0,1,-4.3,0.097,105.74388606675409
2026-09-01 00:01:46.057699900+00:00,46.5329,20.536,2.8,2,3.4,0.054,138.4629889939429
2026-09-01 00:01:46.177671500+00:00,46.5362,20.5345,0.0,1,4.4,0.15,138.2354220287126
2026-09-01 00:01:47.832897200+00:00,48.1592,21.1302,0.0,1,11.5,0.167,79.03282671757354
2026-09-01 00:01:49.665310900+00:00,46.6575,20.4259,0.0,1,13.0,0.115,133.10654712156318
2026-09-01 00:01:49.871577400+00:00,46.6149,20.3843,0.0,1,-15.5,0.096,138.7453004732736
2026-09-01 00:01:50.169365500+00:00,46.9501,20.4817,0.0,1,-4.2,0.08,107.98119605154028
2026-09-01 00:01:50.309368400+00:00,46.9283,20.486,0.0,1,-5.9,0.09,109.20753660857937
2026-09-01 00:01:50.334989300+00:00,46.9577,20.4547,0.0,1,-5.5,0.077,109.11891361339035
2026-09-01 00:01:50.338511900+00:00,46.9499,20.4831,0.0,1,-3.7,0.072,107.91003111793253
2026-09-01 00:01:53.077713800+00:00,46.8551,20.432,0.0,1,-6.4,0.109,117.5375838703326
2026-09-01 00:01:53.078522800+00:00,46.8527,20.4286,0.0,1,3.1,0.096,117.90733373708414
2026-09-01 00:01:53.079457100+00:00,46.8496,20.4276,3.1,2,4.8,0.03,118.18828363686985
2026-09-01 00:01:53.080030300+00:00,46.8491,20.4271,0.0,1,2.3,0.044,118.25326099699183
2026-09-01 00:01:53.090050500+00:00,46.8528,20.4294,0.0,1,5.8,0.096,117.85372087181905
2026-09-01 00:01:53.439735700+00:00,47.1303,20.7176,0.0,1,-8.9,0.107,81.80027659976882
2026-09-01 00:01:55.060480900+00:00,46.7459,20.5594,0.0,1,-3.2,0.119,118.98140039608599
2026-09-01 00:01:55.264826400+00:00,46.7442,20.5582,0.0,1,-6.8,0.119,119.18269924035044
2026-09-01 00:01:57.906680700+00:00,46.9671,20.2421,0.0,1,-4.8,0.065,121.94708393332866
2026-09-01 00:01:58.622485+00:00,46.9695,20.145,0.0,1,-12.2,0.083,128.15326327758558
2026-09-01 00:01:58.890352100+00:00,46.9683,20.1163,0.0,1,-7.9,0.09,130.1138619946049
2026-09-01 00:02:01.120695100+00:00,46.8152,20.5434,0.0,1,4.8,0.143,114.27061005004614
2026-09-01 00:02:01.125339100+00:00,46.8149,20.5523,0.0,1,-3.4,0.113,113.81279752055462
2026-09-01 00:02:01.224890900+00:00,46.7989,20.5621,0.0,1,2.6,0.121,114.55215328704429
2026-09-01 00:02:03.770167900+00:00,47.1867,20.9398,0.0,1,23.5,0.095,64.43936951188822
2026-09-01 00:02:03.770712200+00:00,47.1889,20.9368,0.0,1,-9.4,0.112,64.47534754684885
2026-09-01 00:02:03.771351400+00:00,47.1878,20.9305,0.0,1,-6.2,0.082,64.93110680352925
2026-09-01 00:02:03.914923600+00:00,47.1915,20.894,0.0,1,-9.7,0.107,66.9379568982251
2026-09-01 00:02:04.890591700+00:00,46.9902,20.3566,0.0,1,-5.9,0.088,113.22037863015949
2026-09-01 00:02:06.442479800+00:00,46.9694,20.704,0.0,1,-13.2,0.084,93.61804250743245
2026-09-01 00:02:06.516056700+00:00,46.9694,20.7041,0.0,1,-4.2,0.105,93.61242435776572
2026-09-01 00:02:06.835743500+00:00,46.9695,20.7039,0.0,1,-17.3,0.093,93.61618800537374
2026-09-01 00:02:11.076392500+00:00,46.808,20.5399,0.0,1,-2.8,0.08,115.02299893156233
2026-09-01 00:02:11.079919800+00:00,46.7657,20.5585,0.0,1,-3.5,0.113,117.41086395408114
2026-09-01 00:02:11.989898600+00:00,47.1081,20.7101,0.0,1,5.1,0.119,83.65105920507933
2026-09-01 00:02:12.142895700+00:00,47.1079,20.7164,0.0,1,4.7,0.134,83.27169139930136
2026-09-01 00:02:12.198079100+00:00,47.1171,20.7242,0.0,1,2.7,0.105,82.20481321862577
2026-09-01 00:02:12.293149500+00:00,47.096,20.6763,0.0,1,2.6,0.056,86.52155206345864
2026-09-01 00:02:13.122426600+00:00,46.9599,20.2832,0.0,1,-2.9,0.097,119.72719062562362
2026-09-01 00:02:15.684640500+00:00,46.9948,19.8726,0.0,1,-4.3,0.096,145.23776527971572
2026-09-01 00:02:15.723359900+00:00,46.9799,19.8638,0.0,1,2.4,0.075,146.5461260564313
2026-09-01 00:02:16.966498900+00:00,46.8074,20.6971,0.0,1,-3.1,0.131,106.90574695387176
2026-09-01 00:02:22.244873700+00:00,46.9656,20.5448,0.0,1,-6.6,0.134,103.13530395419268
2026-09-01 00:02:22.246144300+00:00,46.9344,20.4217,0.0,1,-3.8,0.11,112.67255016697116
2026-09-01 00:02:26.932173100+00:00,47.0106,20.9549,0.0,1,-4.7,0.117,77.00532464561245
2026-09-01 00:02:28.123523500+00:00,46.8821,20.3284,0.0,1,-7.4,0.078,121.83059066198444
2026-09-01 00:02:28.189006600+00:00,46.8672,20.2742,0.0,1,-10.6,0.089,126.12616947781171
2026-09-01 00:02:28.264127700+00:00,46.8901,20.3146,0.0,1,-3.3,0.049,122.1440220865776
2026-09-01 00:02:28.275706500+00:00,46.9037,20.3468,0.0,1,-10.0,0.089,119.27678959785577
2026-09-01 00:02:28.650611700+00:00,46.9622,20.4288,0.0,1,-3.3,0.119,110.41986370638445
2026-09-01 00:02:28.969734200+00:00,46.3941,21.3217,0.0,1,5.8,0.161,128.5924310899987
2026-09-01 00:02:29.091164500+00:00,46.3603,21.3452,0.0,1,-16.2,0.302,131.9911129733213
2026-09-01 00:02:29.387714900+00:00,46.6881,20.5363,0.0,1,3.5,0.125,124.95401617126473
2026-09-01 00:02:29.695140100+00:00,46.7578,20.553,0.0,1,15.0,0.114,118.33883691440839
2026-09-01 00:02:29.744577700+00:00,46.7132,20.4591,0.0,1,-3.9,0.092,126.85769374985651
2026-09-01 00:02:29.879804700+00:00,46.712,20.3815,0.0,1,5.3,0.086,131.1091684290127
2026-09-01 00:02:29.893391700+00:00,46.7151,20.3865,0.0,1,-11.0,0.099,130.5956668180328
2026-09-01 00:02:29.983181400+00:00,46.7115,20.3904,0.0,1,-3.5,0.1,130.665046532315
2026-09-01 00:02:29.995809600+00:00,46.6941,20.4037,0.0,1,-14.0,0.098,131.32184022845203
2026-09-01 00:02:30.950294400+00:00,47.4635,20.3212,0.0,1,2.5,0.054,98.41226975344914
2026-09-01 00:02:30.951465400+00:00,47.4607,20.33,0.0,1,-19.9,0.087,97.78035887859765
2026-09-01 00:02:31.983856100+00:00,46.9646,20.1565,0.0,1,-2.5,0.096,127.66888025540973
2026-09-01 00:02:37.001448400+00:00,46.5892,20.4483,0.0,1,-2.9,0.089,137.6805720954336
2026-09-01 00:02:37.145614+00:00,46.5443,20.4623,0.0,1,-6.9,0.128,140.87384652415508
2026-09-01 00:02:37.205042800+00:00,47.141,20.7562,0.0,1,-19.0,0.101,78.70990502535348
2026-09-01 00:02:37.271673200+00:00,47.14,20.7586,0.0,1,-21.3,0.121,78.62118868473243
2026-09-01 00:02:37.277764400+00:00,47.1103,20.7383,0.0,1,-6.9,0.092,81.76142285941619
2026-09-01 00:02:37.374975200+00:00,47.1403,20.7569,0.0,1,-41.3,0.113,78.70928218581886
2026-09-01 00:02:37.377447800+00:00,47.1214,20.6967,0.0,1,8.8,0.107,83.66513218600684
2026-09-01 00:02:37.486803100+00:00,47.1405,20.7583,0.0,1,-13.3,0.1,78.60898389893923
2026-09-01 00:02:37.541775+00:00,47.1404,20.7587,0.0,1,-9.3,0.09,78.59008195818218
2026-09-01 00:02:39.568978100+00:00,46.8179,20.6581,0.0,1,-3.6,0.126,108.0017629131576
2026-09-01 00:02:39.737988100+00:00,46.7374,20.5916,0.0,1,2.7,0.119,118.05128595164764
2026-09-01 00:02:39.936071200+00:00,46.7349,20.5977,0.0,1,4.3,0.164,117.9554348559624
2026-09-01 00:02:40.828844700+00:00,47.2161,21.1043,0.0,1,6.2,0.117,52.74240246917125
2026-09-01 00:02:41.928223800+00:00,46.9515,20.4879,0.0,1,7.0,0.087,107.51234533087464
2026-09-01 00:02:42.034175200+00:00,46.9529,20.4819,0.0,1,-7.1,0.087,107.78111614083576
2026-09-01 00:02:42.435226800+00:00,46.9529,20.4825,0.0,1,-10.5,0.077,107.74478537080482
2026-09-01 00:02:42.559442200+00:00,46.953,20.4821,0.0,1,-14.9,0.087,107.76230109041157
2026-09-01 00:02:44.306659+00:00,47.014,20.3646,0.0,1,4.1,0.088,111.30030599789843
2026-09-01 00:02:44.309289200+00:00,47.0117,20.3644,8.0,2,-5.3,0.081,111.44742962139226
2026-09-01 00:02:44.674314800+00:00,47.0163,20.3354,0.0,1,2.4,0.081,113.05993275382488
2026-09-01 00:02:44.750071500+00:00,46.977,20.3934,0.0,1,3.6,0.098,111.69170208920296
2026-09-01 00:02:46.729137+00:00,46.742,20.5096,0.0,1,2.9,0.106,121.88390493358827
2026-09-01 00:02:48.314291900+00:00,46.8367,20.5369,0.0,1,6.1,0.106,112.9629071444887
2026-09-01 00:02:48.447541800+00:00,46.937,20.5735,0.0,1,-6.1,0.08,103.44756678331372
2026-09-01 00:02:51.355226100+00:00,46.9776,20.3116,0.0,1,4.3,0.096,116.85284362765776
2026-09-01 00:02:51.761733600+00:00,46.7845,20.5511,0.0,1,3.1,0.106,116.28439962222461
2026-09-01 00:02:52.908872600+00:00,47.0278,20.6492,0.0,1,-3.2,0.086,92.64020240540968
2026-09-01 00:02:54.277188200+00:00,46.6465,20.5612,0.0,1,3.8,0.132,127.27949035986467
2026-09-01 00:02:55.001333600+00:00,46.9552,20.1937,0.0,1,-2.4,0.098,125.77271241948246
2026-09-01 00:02:55.993000100+00:00,46.7408,20.6308,0.0,1,2.5,0.048,115.81595892281295
2026-09-01 00:02:56.040088500+00:00,46.7477,20.6285,0.0,1,-5.1,0.111,115.3451952649034
2026-09-01 00:02:56.074505700+00:00,46.748,20.6294,0.0,1,-7.0,0.119,115.2752721415822
2026-09-01 00:03:02.574327100+00:00,47.0925,20.6038,0.0,1,-7.7,0.093,91.31137989531344
2026-09-01 00:03:03.994820700+00:00,46.96,20.6165,0.0,1,-14.9,0.094,99.30359824780018
2026-09-01 00:03:04.041832700+00:00,46.9597,20.6167,0.0,1,-31.2,0.088,99.3135211837996
2026-09-01 00:03:04.042013900+00:00,46.9509,20.5711,0.0,1,-19.0,0.104,102.59930051553083
2026-09-01 00:03:04.212028700+00:00,46.9609,20.6096,0.0,1,-26.9,0.095,99.6400599036178
2026-09-01 00:03:04.297593100+00:00,46.9458,20.5174,0.0,1,4.2,0.101,106.13058967753892
2026-09-01 00:03:04.300610500+00:00,46.9594,20.6133,0.0,1,-11.9,0.099,99.53227098283998
2026-09-01 00:03:04.303537300+00:00,46.9587,20.5838,0.0,1,-6.0,0.079,101.30396936565585
2026-09-01 00:03:07.289778900+00:00,46.3795,21.3283,0.0,1,8.6,0.281,130.1018500697238
2026-09-01 00:03:09.938538700+00:00,46.6154,20.386,0.0,1,-6.2,0.12,138.61683582474018
2026-09-01 00:03:10.143862300+00:00,46.7813,20.5437,0.0,1,-11.4,0.095,116.9319019000226
2026-09-01 00:03:10.355491300+00:00,46.9475,20.627,0.0,1,2.8,0.122,99.60343378116538
2026-09-01 00:03:10.826297400+00:00,46.9187,20.5639,0.0,1,-3.3,0.073,105.3217975934245
2026-09-01 00:03:12.178854+00:00,46.7527,20.5852,0.0,1,3.7,0.104,117.10178564678174
2026-09-01 00:03:12.641785600+00:00,46.9743,20.2738,0.0,1,-16.8,0.084,119.4790466857853
2026-09-01 00:03:12.720764100+00:00,46.9744,20.2727,0.0,1,-23.5,0.085,119.54418773172941
2026-09-01 00:03:12.826435500+00:00,46.9741,20.2736,0.0,1,-14.2,0.073,119.50365072063612
2026-09-01 00:03:12.960245500+00:00,46.9739,20.2743,0.0,1,-11.9,0.074,119.47019384995733
2026-09-01 00:03:13.901630800+00:00,46.5251,21.4618,6.2,2,26.2,0.157,112.61839895052685
2026-09-01 00:03:13.985365200+00:00,46.521,21.4469,0.0,1,6.4,0.224,113.2023718446866
2026-09-01 00:03:14.945704600+00:00,47.0502,19.9897,0.0,1,8.0,0.079,134.60664431058845
2026-09-01 00:03:14.947111900+00:00,47.0519,19.9917,0.0,1,2.1,0.073,134.39131852040066
2026-09-01 00:03:15.101761700+00:00,47.0449,19.9893,0.0,1,2.2,0.094,134.8753568310895
2026-09-01 00:03:15.140048500+00:00,47.0179,20.0692,0.0,1,2.8,0.097,130.68940273105792
2026-09-01 00:03:15.144674800+00:00,47.0396,20.0766,5.2,2,3.2,0.038,129.12543989634898
2026-09-01 00:03:22.814776+00:00,46.8941,20.2143,0.0,1,4.4,0.096,128.11995778007272
2026-09-01 00:03:22.829793800+00:00,47.1863,20.9504,0.0,1,6.1,0.119,63.826420815937
2026-09-01 00:03:22.866732900+00:00,47.1819,20.9062,0.0,1,-4.3,0.151,66.80151900958
2026-09-01 00:03:22.994502900+00:00,46.7911,20.622,0.0,1,-7.4,0.106,112.05509591631917
2026-09-01 00:03:22.995634+00:00,46.8032,20.6331,0.0,1,-3.8,0.065,110.49187091398018
2026-09-01 00:03:23.121584400+00:00,46.7795,20.628,0.0,1,4.4,0.106,112.70719368591699
2026-09-01 00:03:23.277539+00:00,47.1819,20.9073,0.0,1,-6.2,0.11,66.73416277743371
2026-09-01 00:03:23.296310800+00:00,46.754,20.5829,0.0,1,7.0,0.101,117.11151646640842
2026-09-01 00:03:23.448795800+00:00,46.749,20.571,0.0,1,3.1,0.117,118.1318609933334
2026-09-01 00:03:23.514055700+00:00,46.7266,20.2154,0.0,1,-17.1,0.088,139.35587010005239
2026-09-01 00:03:28.092682300+00:00,47.0912,20.714,0.0,1,3.1,0.061,84.49238603775109
2026-09-01 00:03:31.351776+00:00,47.0199,20.3675,0.0,1,-2.5,0.111,110.77018354112124
2026-09-01 00:03:31.566426500+00:00,47.0049,20.3998,0.0,1,4.4,0.124,109.58015037648036
2026-09-01 00:03:31.751049+00:00,47.0001,20.4028,0.0,1,-4.0,0.157,109.67910154698868
2026-09-01 00:03:31.778692800+00:00,46.9608,20.2673,0.0,1,3.1,0.073,120.69248087277694
2026-09-01 00:03:31.957224400+00:00,46.9855,20.299,0.0,1,-11.4,0.076,117.19807669274756
2026-09-01 00:03:32.546770400+00:00,46.8026,20.6404,0.0,1,-11.6,0.104,110.16662894632567
2026-09-01 00:03:32.608641700+00:00,46.8024,20.6405,0.0,1,-11.4,0.105,110.17796953097279
2026-09-01 00:03:32.665462800+00:00,46.8023,20.6403,0.0,1,-4.5,0.075,110.19643613793288
2026-09-01 00:03:33.552056600+00:00,46.3875,21.3301,0.0,1,-4.6,0.178,129.20181088719679
2026-09-01 00:03:33.552542900+00:00,46.3856,21.3299,0.0,1,-4.5,0.138,129.41255765353483
2026-09-01 00:03:33.553132500+00:00,46.3831,21.3277,0.0,1,-4.2,0.213,129.7155445525656
2026-09-01 00:03:33.756915600+00:00,46.3834,21.3329,0.0,1,-4.4,0.089,129.61408688161404
2026-09-01 00:03:33.762221200+00:00,46.3855,21.3279,0.0,1,-3.5,0.141,129.4500635175169
2026-09-01 00:03:33.921766200+00:00,46.3862,21.3257,0.0,1,-9.2,0.189,129.40283504149554
2026-09-01 00:03:35.674522500+00:00,46.636,20.5433,0.0,1,-20.4,0.108,129.0470140594355
2026-09-01 00:03:35.724518800+00:00,46.636,20.5434,0.0,1,-20.9,0.116,129.04219914860238
2026-09-01 00:03:35.795075800+00:00,46.6358,20.5431,0.0,1,-13.7,0.113,129.07390304396597
2026-09-01 00:03:35.889301+00:00,46.6354,20.544,0.0,1,-4.7,0.079,129.0651118190901
2026-09-01 00:03:36.115964700+00:00,46.7656,20.5689,0.0,1,-4.2,0.104,116.87904202812548
2026-09-01 00:03:36.381004600+00:00,46.7426,20.4773,0.0,1,-4.5,0.106,123.54321057314127
2026-09-01 00:03:36.651308200+00:00,46.9726,20.5869,0.0,1,-6.7,0.072,100.14762093148484
2026-09-01 00:03:36.967848600+00:00,47.4554,20.3115,0.0,1,36.1,0.079,99.21926827813425
2026-09-01 00:03:36.968251500+00:00,47.4559,20.3119,0.0,1,24.8,0.087,99.18412438090886
2026-09-01 00:03:36.990650300+00:00,47.4592,20.3111,0.0,1,6.3,0.091,99.21046741602478
2026-09-01 00:03:37.127830400+00:00,47.4564,20.3115,0.0,1,-5.2,0.087,99.20889734207114
2026-09-01 00:03:38.558192+00:00,47.1127,20.7147,0.0,1,3.3,0.102,83.07438309457136
2026-09-01 00:03:43.627834200+00:00,47.2106,19.9358,0.0,1,-6.6,0.096,132.28410214126347
2026-09-01 00:03:43.639655800+00:00,47.211,19.9381,0.0,1,-6.0,0.081,132.1048684821683
2026-09-01 00:03:43.821932600+00:00,46.9665,20.2478,0.0,1,-4.6,0.087,121.61340186668427
2026-09-01 00:03:43.876369+00:00,47.2083,19.9137,0.0,1,-3.1,0.077,133.95840130820966
2026-09-01 00:03:43.888114100+00:00,46.6244,20.4544,0.0,1,-3.1,0.12,134.40047884922038
2026-09-01 00:03:43.889946400+00:00,46.6575,20.4394,0.0,1,3.0,0.088,132.4104745878678
2026-09-01 00:03:43.923314800+00:00,46.9446,20.2609,0.0,1,-7.5,0.071,122.0705914599231
2026-09-01 00:03:44.032504+00:00,47.2108,19.9373,0.0,1,-2.2,0.077,132.16910748614498
2026-09-01 00:03:44.155041100+00:00,47.2234,19.8069,0.0,1,-2.8,0.091,141.2866261773808
2026-09-01 00:03:44.155901+00:00,47.2227,19.8057,0.0,1,9.5,0.087,141.3940480803668
2026-09-01 00:03:44.156126300+00:00,47.2216,19.8083,2.3,2,-17.6,0.019,141.23534346710903
2026-09-01 00:03:44.156693200+00:00,47.2241,19.8053,3.9,2,10.4,0.029,141.3837739974027
2026-09-01 00:03:44.157151500+00:00,47.2236,19.8087,0.0,1,8.7,0.08,141.14950342163937
2026-09-01 00:03:44.208287500+00:00,47.2082,19.7934,0.0,1,23.7,0.064,142.7086613002422
2026-09-01 00:03:44.232568200+00:00,47.3123,19.9205,5.8,2,1.8,0.031,130.70105893443304
2026-09-01 00:03:48.430122300+00:00,46.7792,20.6273,7.0,2,-4.8,0.055,112.76757066719989
2026-09-01 00:03:48.517350500+00:00,46.755,20.5423,0.0,1,3.0,0.078,119.12281818701894
2026-09-01 00:03:50.468755300+00:00,47.1279,20.7466,0.0,1,2.8,0.048,80.12793107777647
2026-09-01 00:03:51.530385+00:00,46.9487,20.4854,0.0,1,-10.9,0.088,107.85201673805129
2026-09-01 00:03:51.557743500+00:00,46.9277,20.4621,0.0,1,-9.1,0.089,110.67789832798907
2026-09-01 00:03:51.741112300+00:00,46.887,20.3147,0.0,1,-3.5,0.077,122.34185673180806
2026-09-01 00:03:51.750938400+00:00,46.8275,20.64,0.0,1,-2.1,0.103,108.15451690085546
2026-09-01 00:03:51.925017200+00:00,46.8815,20.3251,0.0,1,3.8,0.1,122.07137073154966
2026-09-01 00:03:51.939874900+00:00,46.9265,20.4596,0.0,1,-22.0,0.081,110.90969264888895
2026-09-01 00:03:52.001761600+00:00,46.8863,20.3165,0.0,1,-6.8,0.055,122.27788499619017
2026-09-01 00:03:52.043280700+00:00,46.8057,20.6574,0.0,1,3.0,0.071,109.04363860181887
2026-09-01 00:03:52.090557200+00:00,46.9266,20.4602,0.0,1,-26.3,0.09,110.86686846948014
2026-09-01 00:03:52.098094800+00:00,46.8399,20.6269,0.0,1,4.2,0.118,107.84620385663347
2026-09-01 00:03:52.100951300+00:00,46.8277,20.6651,0.0,1,3.6,0.203,106.83822267384606
2026-09-01 00:03:52.128462300+00:00,46.8282,20.6623,0.0,1,6.3,0.123,106.9414684542667
2026-09-01 00:03:52.149901700+00:00,46.9182,20.5367,0.0,1,4.7,0.09,106.93175772470926
2026-09-01 00:03:52.167129500+00:00,46.9355,20.5328,7.4,2,2.3,0.075,105.93424877310791
2026-09-01 00:03:52.169216600+00:00,46.8883,20.3343,0.0,1,-9.4,0.084,121.05877447588388
2026-09-01 00:03:53.495962400+00:00,47.018,20.2777,0.0,1,-2.4,0.074,116.73928148396506
2026-09-01 00:03:53.527355500+00:00,47.0138,20.2691,0.0,1,-3.2,0.119,117.5371551192287
2026-09-01 00:03:57.248108200+00:00,46.7652,20.5931,0.0,1,3.6,0.17,115.66655170092235
2026-09-01 00:03:59.052716700+00:00,46.9498,20.6322,0.0,1,-4.0,0.146,99.13784302720838
2026-09-01 00:03:59.096441100+00:00,46.9641,20.4605,0.0,1,-9.8,0.111,108.34377962470592
2026-09-01 00:03:59.148865200+00:00,46.9719,20.6351,0.0,1,-15.5,0.128,97.37160088104754
2026-09-01 00:03:59.270633+00:00,46.9495,20.6346,0.0,1,-2.5,0.074,99.0225917315523
2026-09-01 00:03:59.274702400+00:00,46.9711,20.6373,0.0,1,-5.7,0.096,97.30134555217013
2026-09-01 00:03:59.275936700+00:00,46.9599,20.6857,10.3,2,3.0,0.069,95.35638626263051
2026-09-01 00:03:59.277626700+00:00,46.948,20.6319,0.0,1,-5.2,0.09,99.28666717263553
2026-09-01 00:04:00.813888600+00:00,46.5909,20.4462,0.0,1,-3.0,0.092,137.6391675634062
2026-09-01 00:04:00.865952600+00:00,46.5722,20.4415,0.0,1,-10.4,0.107,139.464996090628
2026-09-01 00:04:00.927315600+00:00,46.6042,20.4033,0.0,1,-17.0,0.105,138.66199472547152
2026-09-01 00:04:01.071125600+00:00,46.604,20.4009,0.0,1,-6.8,0.095,138.80020966798344
2026-09-01 00:04:01.071740+00:00,46.5854,20.5117,0.0,1,4.3,0.111,134.94648682980898
2026-09-01 00:04:04.143573+00:00,46.7763,20.6182,0.0,1,3.9,0.071,113.46991831494636
2026-09-01 00:04:04.151177200+00:00,46.762,20.5309,0.0,1,-4.5,0.09,119.15434111359741
2026-09-01 00:04:08.115250900+00:00,46.6037,20.5808,0.0,1,5.2,0.105,130.1044894848615
2026-09-01 00:04:10.208997400+00:00,46.8448,20.5285,0.0,1,-2.8,0.115,112.81052057276406
2026-09-01 00:04:11.867420500+00:00,46.9817,20.3175,0.0,1,2.5,0.097,116.23100523984338
2026-09-01 00:04:11.954121100+00:00,46.9362,20.415,5.2,2,3.1,0.048,112.96292925707363
2026-09-01 00:04:12.131776600+00:00,46.9887,20.3465,0.0,1,-3.7,0.09,113.95600238611696
2026-09-01 00:04:12.288985+00:00,46.9755,20.3394,0.0,1,2.3,0.088,115.20213123362532
2026-09-01 00:04:14.341843+00:00,46.8265,20.66,0.0,1,-4.4,0.142,107.1990561235351
2026-09-01 00:04:14.458785800+00:00,46.8411,20.6814,0.0,1,-4.3,0.107,104.90210751942082
2026-09-01 00:04:14.632063900+00:00,46.8321,20.7387,0.0,1,3.9,0.166,102.76007296268529
2026-09-01 00:04:15.141318+00:00,47.0482,20.6732,0.0,1,-13.4,0.105,89.818361775754
2026-09-01 00:04:15.279965200+00:00,47.0482,20.6729,0.0,1,-5.5,0.096,89.83648985299263
2026-09-01 00:04:15.352749500+00:00,46.3551,21.3198,0.0,1,-12.1,0.21,132.88695183798515
2026-09-01 00:04:15.451783900+00:00,46.3718,21.2384,0.0,1,-5.3,0.205,132.2985497789462
2026-09-01 00:04:16.596132400+00:00,46.7163,20.2727,0.0,1,-8.6,0.104,136.82581476963492
2026-09-01 00:04:16.601345700+00:00,46.7338,20.2856,0.0,1,-6.6,0.108,134.7955293479157
2026-09-01 00:04:16.773466600+00:00,46.6885,20.1376,0.0,1,3.5,0.166,146.61939718325667
2026-09-01 00:04:17.500359300+00:00,47.4458,20.3371,0.0,1,7.4,0.087,97.41070269697974
2026-09-01 00:04:17.501733400+00:00,47.4531,20.3297,0.0,1,-4.5,0.056,97.88158858770458
2026-09-01 00:04:17.514700400+00:00,47.4451,20.338,0.0,1,6.5,0.079,97.35170707628838
2026-09-01 00:04:17.682809100+00:00,47.4623,20.3751,0.0,1,2.1,0.066,94.38752149376491
2026-09-01 00:04:19.474020+00:00,47.2367,21.124,0.0,1,-10.5,0.177,50.110738745999925
2026-09-01 00:04:28.868105600+00:00,46.8106,20.5672,0.0,1,3.1,0.09,113.3514653463026
2026-09-01 00:04:28.943114300+00:00,46.7919,20.5242,0.0,1,-6.2,0.091,117.13315327053219
2026-09-01 00:04:29.193260800+00:00,46.7857,20.5335,0.0,1,2.6,0.078,117.12418755302244
2026-09-01 00:04:29.457162500+00:00,46.8753,20.6361,0.0,1,2.8,0.096,104.55833842243854
2026-09-01 00:04:29.466149800+00:00,46.8756,20.6358,0.0,1,2.6,0.083,104.5511422622254
2026-09-01 00:04:31.175978400+00:00,47.042,20.6627,0.0,1,-3.4,0.116,90.86881170023639
2026-09-01 00:04:31.374890500+00:00,47.0433,20.6591,0.0,1,3.4,0.112,90.99931881769488
2026-09-01 00:04:33.393130700+00:00,46.7458,20.5832,0.0,1,4.9,0.119,117.77514773446909
2026-09-01 00:04:34.726968100+00:00,46.7224,20.5642,0.0,1,-7.7,0.089,120.6826692844372
2026-09-01 00:04:34.880673900+00:00,46.7499,20.5796,0.0,1,-3.2,0.124,117.61854197264826
2026-09-01 00:04:34.884170800+00:00,46.7239,20.5647,0.0,1,-14.2,0.095,120.53238467509237
2026-09-01 00:04:35.109251900+00:00,47.6187,20.3623,0.0,1,11.9,0.066,95.38535800094073
2026-09-01 00:04:35.179955400+00:00,47.619,20.3509,0.0,1,-6.7,0.068,96.23920491891703
2026-09-01 00:04:35.221231700+00:00,47.6349,20.3605,0.0,1,-10.6,0.078,95.70449477239629
2026-09-01 00:04:36.041126100+00:00,46.9737,20.1427,0.0,1,40.1,0.101,128.07411902660954
2026-09-01 00:04:36.076636900+00:00,46.977,20.1353,0.0,1,-3.7,0.058,128.38328283365766
2026-09-01 00:04:39.295849700+00:00,47.0217,20.3581,0.0,1,4.1,0.115,111.27569618227419
2026-09-01 00:04:39.575994700+00:00,47.0046,20.3664,0.0,1,4.2,0.054,111.73588836460503
2026-09-01 00:04:40.472481600+00:00,47.104,20.6448,0.0,1,3.5,0.082,88.0108026271372
2026-09-01 00:04:40.674273100+00:00,47.0997,20.6886,0.0,1,-8.2,0.108,85.5210457326753
2026-09-01 00:04:44.339952500+00:00,46.756,20.5895,0.0,1,2.9,0.196,116.60989369782695
2026-09-01 00:04:45.377465300+00:00,46.5368,20.5537,0.0,1,-28.9,0.057,137.31468750894803
2026-09-01 00:04:47.392376500+00:00,47.4502,20.3256,0.0,1,3.2,0.069,98.22027826274807
2026-09-01 00:04:47.393071400+00:00,47.4536,20.322,0.0,1,-2.4,0.093,98.45242393272007
2026-09-01 00:04:47.421846800+00:00,47.1506,20.826,0.0,1,5.4,0.094,73.75737398335487
2026-09-01 00:04:47.422600900+00:00,47.1499,20.8272,0.0,1,-3.1,0.112,73.72848415749786
2026-09-01 00:04:47.519069700+00:00,47.4466,20.3028,0.0,1,-2.9,0.098,99.96658129670575
2026-09-01 00:04:47.537094800+00:00,47.1576,20.7842,0.0,1,-12.9,0.103,75.9243540571248
2026-09-01 00:04:47.641790400+00:00,47.1773,20.8287,0.0,1,-7.3,0.109,71.91008459907448
2026-09-01 00:04:47.773685300+00:00,46.9583,20.5151,0.0,1,7.8,0.092,105.41363430652954
2026-09-01 00:04:47.774466400+00:00,46.9671,20.4641,0.0,1,7.4,0.125,107.92666052181804
2026-09-01 00:04:47.776478100+00:00,46.9668,20.4726,0.0,1,2.8,0.114,107.42511741313545
2026-09-01 00:04:47.777055400+00:00,46.9569,20.5143,5.9,2,-4.7,0.09,105.55678306547587
2026-09-01 00:04:47.791295600+00:00,46.9631,20.5045,0.0,1,5.5,0.098,105.72894495328163
2026-09-01 00:04:47.818259600+00:00,46.9582,20.5181,0.0,1,4.4,0.102,105.24017317362873
2026-09-01 00:04:47.976977200+00:00,47.1772,20.8296,0.0,1,-5.0,0.124,71.85952276111647
2026-09-01 00:04:47.998577800+00:00,46.9594,20.5133,0.0,1,5.6,0.109,105.4473364940578
2026-09-01 00:04:48.089796100+00:00,46.9593,20.5126,0.0,1,3.6,0.089,105.49624647828337
2026-09-01 00:04:48.366857400+00:00,47.0161,20.3771,0.0,1,-3.3,0.078,110.37117715720136
2026-09-01 00:04:48.583825400+00:00,46.7914,20.624,0.0,1,5.5,0.103,111.92791870179745
2026-09-01 00:04:48.591371700+00:00,46.7837,20.6387,0.0,1,2.6,0.32,111.81671170180974
2026-09-01 00:04:48.873099700+00:00,46.7835,20.6354,8.9,2,-4.1,0.086,112.00025979379433
2026-09-01 00:04:49.164281200+00:00,47.1163,20.6881,0.0,1,-8.7,0.087,84.52060482493715
2026-09-01 00:04:49.312777800+00:00,47.0948,20.7284,0.0,1,5.0,0.065,83.37438445849804
2026-09-01 00:04:50.407820500+00:00,46.9618,20.2955,0.0,1,2.2,0.098,118.82717593174577
2026-09-01 00:04:50.476916600+00:00,46.9467,20.2506,0.0,1,-6.0,0.115,122.60260671173332
2026-09-01 00:04:50.668479300+00:00,46.9266,20.246,0.0,1,-8.9,0.085,124.110890378756
2026-09-01 00:04:51.581997500+00:00,46.6597,20.6122,0.0,1,3.5,0.099,123.70756008348982
2026-09-01 00:04:51.588790400+00:00,46.6501,20.6139,0.0,1,-3.8,0.092,124.47078247277022
2026-09-01 00:04:52.542588100+00:00,47.0384,20.6611,0.0,1,3.3,0.131,91.20756962762691
2026-09-01 00:04:53.581736900+00:00,46.8149,20.6588,0.0,1,3.6,0.111,108.21270650392016
2026-09-01 00:04:54.257184300+00:00,46.3771,21.3413,0.0,1,-10.2,0.24,130.1966101255192
2026-09-01 00:04:54.301725100+00:00,46.3796,21.3117,0.0,1,-10.8,0.178,130.31654929704032
2026-09-01 00:04:54.360435900+00:00,46.3703,21.3179,0.0,1,-15.3,0.229,131.24854694709123
2026-09-01 00:04:54.438178+00:00,46.3706,21.3169,0.0,1,-12.5,0.215,131.22931959963816
2026-09-01 00:04:54.440391700+00:00,46.375,21.3543,0.0,1,-5.1,0.184,130.26636109218288
2026-09-01 00:04:54.440891700+00:00,46.3707,21.3377,0.0,1,-7.4,0.234,130.94415188465726
2026-09-01 00:04:56.773997+00:00,46.8125,20.6676,0.0,1,-10.9,0.091,107.96244954897301
2026-09-01 00:04:56.775827800+00:00,46.7636,20.6497,0.0,1,-3.3,0.125,112.9518642125916
2026-09-01 00:04:56.863374+00:00,46.7635,20.6822,0.0,1,-2.9,0.108,111.36736113335444
2026-09-01 00:04:56.864062500+00:00,46.8122,20.6677,0.0,1,-7.0,0.096,107.98221715482691
2026-09-01 00:04:57.371902200+00:00,46.7642,20.595,0.0,1,2.9,0.101,115.65196340480165
2026-09-01 00:04:57.633052500+00:00,46.7606,20.5973,0.0,1,5.4,0.043,115.83236010807482
2026-09-01 00:04:58.188497600+00:00,46.7571,20.5046,4.3,2,6.8,0.054,120.93685804185638
2026-09-01 00:04:58.790771700+00:00,47.4423,19.9872,0.0,1,-15.6,0.073,123.63559834280068
2026-09-01 00:04:58.791375600+00:00,47.4447,19.9842,0.0,1,3.7,0.067,123.83636363409632
2026-09-01 00:04:58.795658500+00:00,47.4516,19.9799,0.0,1,2.0,0.08,124.09300464991266
2026-09-01 00:04:58.798968300+00:00,47.4421,19.965,0.0,1,4.2,0.079,125.30031522297287
2026-09-01 00:04:58.807744300+00:00,47.4399,19.9191,0.0,1,-1.9,0.029,128.7602982376763
2026-09-01 00:04:58.831631300+00:00,47.4473,19.9776,0.0,1,7.2,0.072,124.30555708033698
2026-09-01 00:05:01.915701700+00:00,47.345,20.0083,0.0,1,-2.4,0.08,123.51847031736739
2026-09-01 00:05:01.941043300+00:00,47.344,20.0133,0.0,1,-3.4,0.095,123.16771692079975
2026-09-01 00:05:02.078436800+00:00,47.3853,19.9197,0.0,1,-2.3,0.056,129.40403570187914
2026-09-01 00:05:02.179145100+00:00,47.3199,20.0109,3.5,2,-2.0,0.059,123.85425311222578
2026-09-01 00:05:02.186867200+00:00,47.2809,20.0263,0.0,1,2.8,0.058,123.66560059351782
2026-09-01 00:05:02.187796700+00:00,47.2817,20.0274,4.6,2,1.9,0.102,123.56403208883253
2026-09-01 00:05:02.201892500+00:00,47.3708,20.0011,0.0,1,3.6,0.075,123.5752069533349
2026-09-01 00:05:02.211849700+00:00,47.384,19.9969,0.0,1,-2.4,0.051,123.66915080630487
2026-09-01 00:05:02.635407400+00:00,47.1147,20.7201,0.0,1,5.5,0.105,82.61161353851463
2026-09-01 00:05:05.162720+00:00,46.702,20.7299,0.0,1,-11.6,0.125,114.54375185045576
2026-09-01 00:05:05.162882500+00:00,46.7013,20.731,0.0,1,13.5,0.129,114.557414619327
2026-09-01 00:05:05.164239200+00:00,46.6985,20.7354,0.0,1,5.1,0.113,114.61316959814569
2026-09-01 00:05:10.252361+00:00,47.0627,20.666,0.0,1,-4.0,0.074,89.29512998072397
2026-09-01 00:05:10.538690500+00:00,46.3819,21.3106,0.0,1,4.1,0.146,130.0804710414562
2026-09-01 00:05:11.432587200+00:00,47.0187,20.3775,0.0,1,2.7,0.073,110.19351567345073
2026-09-01 00:05:11.523246100+00:00,47.0607,20.334,0.0,1,-2.0,0.058,110.69692035318135
2026-09-01 00:05:11.654632600+00:00,46.9178,20.8039,0.0,1,2.5,0.159,92.32722863805486
2026-09-01 00:05:11.849983800+00:00,47.0302,20.3023,0.0,1,8.7,0.092,114.44737420240352
2026-09-01 00:05:11.869925300+00:00,47.0329,20.3405,0.0,1,4.7,0.067,111.78836121403663
2026-09-01 00:05:12.014455100+00:00,46.9902,20.4175,8.4,2,-2.5,0.104,109.3556317661714
2026-09-01 00:05:12.023730600+00:00,46.9915,20.4192,6.3,2,-3.5,0.044,109.16804311587184
2026-09-01 00:05:17.073695100+00:00,47.0069,20.2807,0.0,1,3.2,0.112,117.16090083660515
2026-09-01 00:05:17.081075500+00:00,47.0083,20.28,0.0,1,-2.5,0.055,117.12812935671296
2026-09-01 00:05:17.499511500+00:00,47.2268,19.9516,0.0,1,-8.4,0.079,130.64141253822237
2026-09-01 00:05:17.499691300+00:00,47.2275,19.9517,0.0,1,-7.2,0.044,130.61316278362537
2026-09-01 00:05:17.516409400+00:00,47.2252,19.9508,0.0,1,-4.2,0.062,130.74767359915694
2026-09-01 00:05:21.250140+00:00,46.7496,20.6022,0.0,1,2.7,0.118,116.49891786130289
2026-09-01 00:05:21.641442400+00:00,47.458,20.3206,0.0,1,6.9,0.083,98.51125262893541
2026-09-01 00:05:21.655381800+00:00,47.4559,20.3216,0.0,1,7.5,0.088,98.45802693885867
2026-09-01 00:05:21.666623400+00:00,46.9525,20.6351,3.8,2,15.3,0.052,98.77464327802252
2026-09-01 00:05:21.684096300+00:00,46.9426,20.6,0.0,1,-7.0,0.526,101.51088742128057
2026-09-01 00:05:21.703922+00:00,46.9566,20.607,0.0,1,-4.6,0.11,100.0985651767393
2026-09-01 00:05:21.803101400+00:00,46.9661,20.5576,0.0,1,-3.7,0.096,102.33714986944159
2026-09-01 00:05:22.047781200+00:00,47.4514,20.352,0.0,1,-2.2,0.044,96.23184502381389
2026-09-01 00:05:23.326191200+00:00,46.6356,20.4537,0.0,1,-14.0,0.098,133.49740204623086
2026-09-01 00:05:23.397866700+00:00,46.6459,20.4935,0.0,1,-11.9,0.105,130.64007994639425
2026-09-01 00:05:25.675916600+00:00,46.7788,20.7416,0.0,1,-13.4,0.104,107.19979379223024
2026-09-01 00:05:25.716715800+00:00,46.7795,20.7405,0.0,1,-6.1,0.125,107.1907594475884
2026-09-01 00:05:25.718036700+00:00,46.7735,20.7321,0.0,1,-4.5,0.117,108.110974276225
2026-09-01 00:05:25.894646900+00:00,46.781,20.6918,0.0,1,-3.1,0.091,109.40385822145953
2026-09-01 00:05:27.138790200+00:00,46.8276,20.6712,0.0,1,4.2,0.109,106.53318365916252
2026-09-01 00:05:30.116455200+00:00,47.0927,20.7212,0.0,1,2.4,0.098,83.95278260127381
2026-09-01 00:05:32.781516700+00:00,46.865,20.6726,0.0,1,2.8,0.123,103.42438030442567
2026-09-01 00:05:33.071718100+00:00,46.9912,20.2939,0.0,1,-8.7,0.065,117.19658053197892
2026-09-01 00:05:33.146979500+00:00,46.9911,20.2937,0.0,1,-17.9,0.078,117.2153199546687
2026-09-01 00:05:33.148042600+00:00,46.9937,20.399,0.0,1,-5.3,0.088,110.30968016791233
2026-09-01 00:05:33.284806600+00:00,46.991,20.2934,0.0,1,-17.9,0.144,117.2405379313034
2026-09-01 00:05:33.397380700+00:00,46.9918,20.2944,0.0,1,-2.9,0.067,117.12950018256367
2026-09-01 00:05:33.707422400+00:00,46.8077,20.6301,0.0,1,3.0,0.074,110.27832998144677
2026-09-01 00:05:33.953261500+00:00,46.9339,20.278,0.0,1,2.8,0.098,121.63627447118975
2026-09-01 00:05:33.954595800+00:00,46.9334,20.2776,5.5,2,-4.6,0.044,121.69234909033689
2026-09-01 00:05:33.955099600+00:00,46.9331,20.2755,4.0,2,7.0,0.062,121.84360574316787
2026-09-01 00:05:33.955732300+00:00,46.9311,20.275,3.1,2,2.5,0.042,121.99840847879248
2026-09-01 00:05:33.956229100+00:00,46.9297,20.2779,6.1,2,3.7,0.049,121.9017377740441
2026-09-01 00:05:33.958700200+00:00,46.9329,20.2724,4.5,2,-14.7,0.065,122.05201604076902
2026-09-01 00:05:33.961677600+00:00,46.9083,20.287,4.5,2,6.9,0.07,122.67350421333249
2026-09-01 00:05:33.968261400+00:00,46.9056,20.2568,0.0,1,5.9,0.089,124.73139856567593
2026-09-01 00:05:34.009317200+00:00,46.9351,20.1602,5.6,2,-2.8,0.065,129.10685877674157
2026-09-01 00:05:35.813254300+00:00,46.3703,21.2375,0.0,1,-3.6,0.23,132.47647240965694
2026-09-01 00:05:37.498539600+00:00,46.9837,20.3432,0.0,1,-3.8,0.104,114.46608850263617
2026-09-01 00:05:37.802135700+00:00,46.7405,20.6551,0.0,1,-2.9,0.139,114.65401545397258
2026-09-01 00:05:37.816306+00:00,46.7604,20.5873,0.0,1,2.4,0.145,116.35872896083306
2026-09-01 00:05:43.014155400+00:00,47.2254,21.1207,0.0,1,-12.7,0.059,51.1299389440466
2026-09-01 00:05:43.014329700+00:00,47.2262,21.1248,0.0,1,-7.9,0.087,50.84037242980041
2026-09-01 00:05:43.256089600+00:00,47.2198,21.1394,0.0,1,3.2,0.159,50.51504472678036
2026-09-01 00:05:43.369356+00:00,47.0012,20.3704,0.0,1,-2.4,0.073,111.68080082619723
2026-09-01 00:05:43.856947+00:00,47.4623,20.3444,0.0,1,2.7,0.101,96.68631436560986
2026-09-01 00:05:43.885907600+00:00,47.4507,20.4418,0.0,1,1.8,0.061,89.52458706034533
2026-09-01 00:05:43.900171100+00:00,47.4376,20.3986,0.0,1,3.7,0.03,92.91847236864305
2026-09-01 00:05:44.100979600+00:00,47.4641,20.1773,0.0,1,4.8,0.086,109.18832361373238
2026-09-01 00:05:44.101612700+00:00,47.4618,20.1773,0.0,1,4.7,0.06,109.20857976207253
2026-09-01 00:05:44.103230500+00:00,47.4635,20.1815,0.0,1,4.4,0.074,108.87879803662437
2026-09-01 00:05:44.106011900+00:00,47.4618,20.1912,0.0,1,2.2,0.1,108.1670267129682
2026-09-01 00:05:44.123040+00:00,47.4881,20.2196,0.0,1,-3.4,0.073,105.83881296400965
2026-09-01 00:05:44.683475700+00:00,47.1281,20.7306,0.0,1,-8.8,0.084,81.11716418396045
2026-09-01 00:05:44.728335600+00:00,47.1113,20.7372,0.0,1,-2.4,0.122,81.76526558603021
2026-09-01 00:05:44.752490700+00:00,47.1281,20.7307,0.0,1,-37.2,0.099,81.1108857330631
2026-09-01 00:05:44.890801900+00:00,47.111,20.6606,0.0,1,-4.7,0.1,86.5840117602739
2026-09-01 00:05:44.938435300+00:00,47.1285,20.7313,0.0,1,-26.6,0.083,81.04840120239152
2026-09-01 00:05:44.940598500+00:00,47.1014,20.7709,0.0,1,-6.2,0.106,80.34952232766409
2026-09-01 00:05:45.594260100+00:00,46.5884,20.5929,0.0,1,-6.1,0.114,130.91396802285487
2026-09-01 00:05:46.207743600+00:00,46.8584,20.6373,0.0,1,5.6,0.074,105.82275085786155
2026-09-01 00:05:46.222357100+00:00,46.8702,20.6709,0.0,1,-8.4,0.091,103.09828202056939
2026-09-01 00:05:51.220698900+00:00,46.9966,20.1748,0.0,1,4.3,0.081,124.70503928719
2026-09-01 00:05:51.226491200+00:00,46.9959,20.1741,0.0,1,-2.6,0.089,124.789231784041
2026-09-01 00:05:51.424869700+00:00,47.0475,21.0145,0.0,1,3.3,0.124,70.94891271617402
2026-09-01 00:05:51.428408300+00:00,46.9974,20.1757,0.0,1,-3.7,0.079,124.60220519237386
2026-09-01 00:05:56.608142600+00:00,47.0771,20.6892,0.0,1,3.5,0.124,86.93254492131528
2026-09-01 00:06:00.656575200+00:00,46.9626,20.5159,0.0,1,3.7,0.087,105.07425513151561
2026-09-01 00:06:00.670552900+00:00,46.974,20.5296,0.0,1,-38.6,0.11,103.47901189255658
2026-09-01 00:06:00.743739800+00:00,46.9548,20.5252,0.0,1,-8.0,0.185,105.04680507248545
2026-09-01 00:06:00.745152200+00:00,46.9662,20.4991,0.0,1,-57.8,0.085,105.84885081678145
2026-09-01 00:06:00.761520700+00:00,46.9653,20.4993,0.0,1,-7.7,0.052,105.89676241839183
2026-09-01 00:06:00.879852700+00:00,46.9301,20.4927,0.0,1,-3.5,0.093,108.68437442533178
2026-09-01 00:06:01.205329800+00:00,46.9653,20.4992,0.0,1,-26.8,0.07,105.90283092923903
2026-09-01 00:06:01.257715100+00:00,46.9656,20.4995,0.0,1,-8.1,0.058,105.8645985169746
2026-09-01 00:06:01.384156100+00:00,46.9653,20.5002,0.0,1,-3.1,0.065,105.84215438333477
2026-09-01 00:06:05.445290800+00:00,47.003,20.2593,0.0,1,-11.7,0.086,118.78105485376256
2026-09-01 00:06:05.982119800+00:00,47.0522,20.6718,0.0,1,3.6,0.091,89.63558072828637
2026-09-01 00:06:06.525438500+00:00,46.5473,20.4822,0.0,1,-5.7,0.14,139.67078812744697
2026-09-01 00:06:06.536457500+00:00,46.5523,20.4871,0.0,1,-16.7,0.133,139.001981355603
2026-09-01 00:06:06.655919200+00:00,46.5469,20.5339,0.0,1,-9.7,0.146,137.30710440399383
2026-09-01 00:06:06.960901300+00:00,46.383,21.3355,0.0,1,-11.2,0.187,129.6240594050099
2026-09-01 00:06:06.991720100+00:00,46.3668,21.3168,0.0,1,-11.6,0.25,131.64652355564357
2026-09-01 00:06:07.677984900+00:00,46.9861,20.3552,0.0,1,-3.6,0.107,113.5558602032897
2026-09-01 00:06:08.703185100+00:00,47.1564,20.8152,0.0,1,10.3,0.083,74.05698508132018
2026-09-01 00:06:08.774191400+00:00,47.159,20.7975,0.0,1,-13.3,0.081,75.00119763731666
2026-09-01 00:06:08.838576200+00:00,47.1508,20.824,0.0,1,-15.3,0.107,73.86793773595916
2026-09-01 00:06:08.839841600+00:00,47.1459,20.8221,0.0,1,-3.5,0.088,74.30074997759398
2026-09-01 00:06:08.920003600+00:00,47.1508,20.8243,0.0,1,-10.6,0.061,73.84941701131345
2026-09-01 00:06:09.057149800+00:00,47.1508,20.824,0.0,1,-13.6,0.097,73.86793773595916
2026-09-01 00:06:09.084621400+00:00,47.1507,20.8238,0.0,1,-6.2,0.094,73.88670639398815
2026-09-01 00:06:09.329306600+00:00,47.1508,20.8241,0.0,1,-6.4,0.079,73.86176390847122
2026-09-01 00:06:12.941623300+00:00,46.8882,20.9219,0.0,1,-5.8,0.12,89.20388821365535
2026-09-01 00:06:13.416801100+00:00,47.1068,20.661,0.0,1,-3.4,0.07,86.81428142573591
2026-09-01 00:06:14.220152100+00:00,46.8082,20.7099,0.0,1,3.4,0.114,106.204129616894
2026-09-01 00:06:14.325391700+00:00,46.8127,20.7114,0.0,1,-10.3,0.064,105.74948213423016
2026-09-01 00:06:14.442794+00:00,46.7374,21.0456,0.0,1,-5.8,0.295,98.66536732889544
2026-09-01 00:06:14.445127800+00:00,46.8132,20.7111,0.0,1,-8.8,0.09,105.72210197572518
2026-09-01 00:06:14.850342500+00:00,46.9828,20.335,0.0,1,3.6,0.097,115.04418915440243
2026-09-01 00:06:14.964081500+00:00,46.9792,20.3338,0.0,1,2.7,0.085,115.33645043581537
2026-09-01 00:06:15.635889100+00:00,47.0388,20.4323,0.0,1,2.6,0.079,105.48512612142285
2026-09-01 00:06:15.847685200+00:00,46.7683,20.5827,0.0,1,-11.2,0.123,115.9456235479104
2026-09-01 00:06:15.889219600+00:00,46.769,20.5964,0.0,1,-3.9,0.138,115.1846842233002
2026-09-01 00:06:18.583698800+00:00,46.8722,20.6728,0.0,1,-4.6,0.166,102.83811731911244
2026-09-01 00:06:19.611158+00:00,47.3896,19.9125,0.0,1,2.5,0.074,129.87681640215166
2026-09-01 00:06:19.726284500+00:00,47.3995,19.8868,0.0,1,19.2,0.074,131.65509036104476
2026-09-01 00:06:19.752272700+00:00,47.3871,19.9246,0.0,1,-2.4,0.036,129.0113485354442
2026-09-01 00:06:19.938059+00:00,47.485,19.897,0.0,1,2.3,0.068,130.06395550221256
2026-09-01 00:06:20.003030300+00:00,47.4432,19.8913,0.0,1,-29.0,0.055,130.81051165970828
2026-09-01 00:06:20.016419700+00:00,47.4434,19.8914,0.0,1,-8.1,0.047,130.80110264058294
2026-09-01 00:06:21.654966800+00:00,47.1306,20.7446,0.0,1,-3.3,0.092,80.08387882664678
2026-09-01 00:06:21.709055600+00:00,47.0346,19.8119,5.3,2,-2.4,0.061,147.66544821716266
2026-09-01 00:06:21.711541100+00:00,47.028,19.7916,0.0,1,2.8,0.06,149.36797501585127
2026-09-01 00:06:21.715405200+00:00,47.0332,19.8623,0.0,1,5.1,0.108,144.2086327805576
2026-09-01 00:06:21.762964300+00:00,47.045,19.8113,5.2,2,2.2,0.055,147.26620047371614
2026-09-01 00:06:21.818482800+00:00,47.0476,19.8353,0.0,1,4.4,0.084,145.47400341077332
2026-09-01 00:06:22.040551800+00:00,46.9699,19.8584,0.0,1,-6.5,0.097,147.39541991845624
2026-09-01 00:06:22.040883400+00:00,46.9747,19.853,0.0,1,-8.3,0.101,147.53438900211134
2026-09-01 00:06:22.047958800+00:00,46.9801,19.8979,0.0,1,-3.7,0.069,144.20343981042762
2026-09-01 00:06:22.079751+00:00,47.0529,19.8149,2.5,2,3.1,0.047,146.68322950381062
2026-09-01 00:06:22.104502900+00:00,47.1009,19.971,0.0,1,-17.9,0.068,133.72600860405092
2026-09-01 00:06:22.318535+00:00,47.1227,20.0678,0.0,1,2.7,0.091,126.02307186563459
2026-09-01 00:06:22.402279+00:00,47.066,20.1845,3.6,2,2.4,0.03,120.48819056931424
2026-09-01 00:06:22.709964500+00:00,46.6137,20.573,0.0,1,5.1,0.066,129.58302349977657
2026-09-01 00:06:26.245411+00:00,47.4696,20.3351,0.0,1,-6.9,0.052,97.31516764275023
2026-09-01 00:06:28.244269200+00:00,46.8124,20.7163,0.0,1,3.7,0.118,105.532784752079
2026-09-01 00:06:29.028316700+00:00,47.0145,20.3865,0.0,1,-2.6,0.097,109.85999104407921
2026-09-01 00:06:29.578961300+00:00,46.9868,20.4439,0.0,1,2.8,0.056,107.91224961868977
2026-09-01 00:06:29.580269600+00:00,46.987,20.4431,0.0,1,-4.0,0.097,107.94959918507348
2026-09-01 00:06:29.580664100+00:00,46.9864,20.4432,0.0,1,4.3,0.111,107.98121112875238
2026-09-01 00:06:29.581504700+00:00,46.9862,20.4413,0.0,1,4.5,0.105,108.11250394088285
2026-09-01 00:06:29.583796100+00:00,46.9768,20.4509,0.0,1,4.3,0.072,108.11300332218714
2026-09-01 00:06:29.590414700+00:00,46.9985,20.4297,0.0,1,-2.5,0.107,108.07343912533669
2026-09-01 00:06:29.609790600+00:00,46.9807,20.5084,0.0,1,3.0,0.109,104.32090802185513
2026-09-01 00:06:29.989140700+00:00,46.7295,20.2372,3.9,2,-6.3,0.044,137.88506777539106
2026-09-01 00:06:30.204874800+00:00,46.8695,20.4683,7.2,2,3.2,0.107,114.39758802438874
2026-09-01 00:06:30.215565500+00:00,46.8981,20.5365,0.0,1,-4.4,0.114,108.39430234261442
2026-09-01 00:06:33.296206600+00:00,46.7802,20.5993,0.0,1,-3.3,0.101,114.11594664008331
2026-09-01 00:06:33.365868900+00:00,46.7642,20.5798,0.0,1,-11.2,0.102,116.43090719773812
2026-09-01 00:06:34.874026800+00:00,46.8666,20.7387,3.5,2,-5.3,0.03,99.8732844366465
2026-09-01 00:06:34.876769900+00:00,46.8777,20.6874,0.0,1,4.7,0.109,101.6267878272252
2026-09-01 00:06:34.885359+00:00,46.8686,20.6787,0.0,1,7.5,0.119,102.81442457080435
2026-09-01 00:06:34.987846+00:00,46.8056,20.5308,0.0,1,-9.3,0.077,115.70292933116835
2026-09-01 00:06:35.093580800+00:00,46.7882,20.5283,0.0,1,-8.7,0.111,117.20451103863908
2026-09-01 00:06:35.095537+00:00,46.8309,20.5814,0.0,1,-5.9,0.115,110.9886488752487
2026-09-01 00:06:36.461315+00:00,46.9581,20.7479,0.0,1,5.6,0.13,92.049561125626
2026-09-01 00:06:36.461600100+00:00,46.9602,20.7458,0.0,1,-4.6,0.096,92.00157684226151
2026-09-01 00:06:37.980902800+00:00,47.1576,22.1757,0.0,1,12.5,0.272,58.62319892390516
2026-09-01 00:06:37.981053700+00:00,47.1582,22.1735,0.0,1,8.1,0.109,58.45892275624739
2026-09-01 00:06:38.054863900+00:00,46.527,21.4875,0.0,1,7.7,0.227,112.20777563633767
2026-09-01 00:06:38.055076500+00:00,46.5284,21.484,0.0,1,75.5,0.216,112.07817875211649
2026-09-01 00:06:38.207435600+00:00,46.5111,21.5293,0.0,1,-8.5,0.205,113.71730603216845
2026-09-01 00:06:41.175729600+00:00,47.2213,20.03,0.0,1,-6.1,0.07,125.1234120928659
2026-09-01 00:06:41.515214600+00:00,47.0262,20.7033,0.0,1,-13.2,0.095,89.53632750012453
2026-09-01 00:06:41.756421100+00:00,47.0203,20.3817,0.0,1,-2.6,0.097,109.82911894345959
2026-09-01 00:06:41.874424600+00:00,46.7502,20.513,0.0,1,-3.1,0.117,121.04506224094594
2026-09-01 00:06:41.971602900+00:00,46.7258,20.534,0.0,1,-15.8,0.104,121.93719533025838
2026-09-01 00:06:42.070815700+00:00,46.7259,20.5353,0.0,1,-10.6,0.097,121.86228748810892
2026-09-01 00:06:44.959256600+00:00,47.4306,20.4055,0.0,1,-2.8,0.078,92.50064631457589
2026-09-01 00:06:45.206060800+00:00,47.4352,20.4902,0.0,1,-13.6,0.094,86.11737768698232
2026-09-01 00:06:45.208072800+00:00,47.4655,20.421,0.0,1,-4.7,0.09,90.91906103624612
2026-09-01 00:06:46.331413100+00:00,47.1215,20.7413,0.0,1,2.8,0.092,80.86162521152951
2026-09-01 00:06:46.333505400+00:00,47.1222,20.7411,4.6,2,-5.7,0.021,80.82984709625464
2026-09-01 00:06:46.334623+00:00,47.1236,20.7421,5.1,2,7.0,0.071,80.67921306011209
2026-09-01 00:06:46.336668300+00:00,47.1235,20.7471,4.9,2,4.0,0.081,80.37421074786276
2026-09-01 00:06:46.338399600+00:00,47.1236,20.7549,0.0,1,2.6,0.142,79.88333144854272
2026-09-01 00:06:46.552661500+00:00,47.124,20.7423,0.0,1,4.6,0.105,80.64153488357208
2026-09-01 00:06:47.866064600+00:00,46.7465,20.5886,0.0,1,-12.8,0.107,117.44347479336284
2026-09-01 00:06:47.996003700+00:00,46.7485,20.5898,0.0,1,-7.3,0.09,117.21650409641188
2026-09-01 00:06:48.094589400+00:00,46.7481,20.5922,0.0,1,-3.0,0.119,117.1283434327377
2026-09-01 00:06:48.155266+00:00,46.7484,20.5906,0.0,1,-3.1,0.083,117.18432078984414
2026-09-01 00:06:49.365982600+00:00,46.9094,20.2204,0.0,1,-5.3,0.091,126.78746897298934
2026-09-01 00:06:49.775974300+00:00,46.6524,20.4686,0.0,1,-12.8,0.088,131.34385853498478
2026-09-01 00:06:49.778057300+00:00,46.6431,20.4968,0.0,1,-3.7,0.087,130.71270233478103
2026-09-01 00:06:49.832346400+00:00,46.6351,20.5302,0.0,1,-8.9,0.117,129.75735508323828
2026-09-01 00:06:49.868024300+00:00,46.6611,20.5762,0.0,1,-5.1,0.124,125.2973472315354
2026-09-01 00:06:50.502478800+00:00,46.8279,20.6742,0.0,1,2.9,0.15,106.35484813920402
2026-09-01 00:06:54.628433700+00:00,46.7612,20.6,0.0,1,-16.1,0.127,115.64543328475227
2026-09-01 00:06:55.673115300+00:00,47.1134,20.7368,0.0,1,-4.5,0.12,81.65571240805615
2026-09-01 00:06:55.818690900+00:00,47.115,20.6825,0.0,1,3.4,0.093,84.95389777642066
2026-09-01 00:06:56.538702500+00:00,47.0828,20.6844,0.0,1,6.3,0.093,86.85847036310761
2026-09-01 00:06:56.592367100+00:00,47.0685,20.6877,0.0,1,-16.1,0.116,87.58803077506559
2026-09-01 00:06:57.350108500+00:00,47.226,19.9533,0.0,1,14.6,0.079,130.54185353891572
2026-09-01 00:06:57.577790300+00:00,47.2233,19.9469,0.0,1,-3.2,0.051,131.088471888777
2026-09-01 00:06:57.590296400+00:00,47.2233,19.9471,0.0,1,-3.3,0.075,131.07393746957837
2026-09-01 00:06:57.614365400+00:00,47.2234,19.947,0.0,1,-2.5,0.06,131.07818167356118
2026-09-01 00:06:57.988486500+00:00,46.9602,20.6246,0.0,1,2.7,0.123,98.82019949397448
2026-09-01 00:06:57.991483100+00:00,46.9582,20.6318,0.0,1,4.5,0.094,98.54938332880606
2026-09-01 00:06:58.911292500+00:00,46.6001,20.589,0.0,1,2.8,0.094,130.0473122893075
2026-09-01 00:07:00.472274800+00:00,46.7305,20.6824,0.0,1,4.1,0.155,114.21005329948262
2026-09-01 00:07:00.591412500+00:00,46.7558,20.6351,0.0,1,-3.0,0.108,114.33411826756499
2026-09-01 00:07:00.920464900+00:00,46.8874,20.7813,7.2,2,-3.2,0.014,95.99284268286026
2026-09-01 00:07:03.992922800+00:00,47.0439,19.8772,0.0,1,18.7,0.075,142.70311663112565
2026-09-01 00:07:04.053236300+00:00,47.0255,19.8597,3.1,2,4.5,0.056,144.7293745318576
2026-09-01 00:07:06.437663100+00:00,47.4697,20.3356,0.0,1,21.4,0.082,97.27682316154855
2026-09-01 00:07:06.446702600+00:00,47.4709,20.3324,0.0,1,6.7,0.089,97.50616639216504
2026-09-01 00:07:07.165418+00:00,46.8069,20.6913,0.0,1,-11.6,0.103,107.23660924718672
2026-09-01 00:07:07.466395500+00:00,46.879,20.7698,0.0,1,-3.7,0.093,97.27148614346956
2026-09-01 00:07:09.150576600+00:00,47.0121,20.3731,4.8,2,3.6,0.056,110.86330910843385
2026-09-01 00:07:09.533772700+00:00,46.7652,20.6113,0.0,1,-3.4,0.111,114.7404723185817
2026-09-01 00:07:10.341168600+00:00,47.1354,20.8239,0.0,1,-5.1,0.117,74.87587850428184
2026-09-01 00:07:10.925057+00:00,47.1783,20.8807,0.0,1,-5.8,0.117,68.60252112735695
2026-09-01 00:07:10.925839500+00:00,47.1794,20.8814,0.0,1,4.2,0.12,68.48880753159395
2026-09-01 00:07:10.927106500+00:00,47.1819,20.8797,4.8,2,4.2,0.09,68.43447596312403
2026-09-01 00:07:11.261939100+00:00,47.0105,20.2256,0.0,1,3.2,0.098,120.58769633801815
2026-09-01 00:07:11.374439400+00:00,47.0108,20.2275,0.0,1,-5.3,0.073,120.44570056157472
2026-09-01 00:07:11.485581500+00:00,46.9969,20.2102,0.0,1,3.8,0.107,122.34761983390182
2026-09-01 00:07:11.560841700+00:00,47.0702,21.029,0.0,1,-3.5,0.144,68.31992645626012
2026-09-01 00:07:11.581461700+00:00,47.0042,20.1594,0.0,1,-3.9,0.083,125.32289197449151
2026-09-01 00:07:11.889469200+00:00,47.0295,20.9709,0.0,1,-8.0,0.189,74.62467805747855
2026-09-01 00:07:11.895666300+00:00,47.0685,21.0299,0.0,1,-6.8,0.141,68.41776648118832
2026-09-01 00:07:12.967129200+00:00,46.7632,20.6119,0.0,1,-14.7,0.102,114.87636592395684
2026-09-01 00:07:13.166484100+00:00,46.8076,20.5809,0.0,1,-10.2,0.083,112.86104738254869
2026-09-01 00:07:14.014087+00:00,46.9066,20.4067,0.0,1,4.9,0.109,115.44297946494369
2026-09-01 00:07:14.050599600+00:00,46.8905,20.3445,0.0,1,-7.1,0.067,120.29135167034723
2026-09-01 00:07:14.079434700+00:00,46.8763,20.3483,0.0,1,-10.9,0.092,121.01472987626649
2026-09-01 00:07:15.888212400+00:00,47.1252,20.751,0.0,1,-3.4,0.095,80.02401179262608
2026-09-01 00:07:16.129313+00:00,47.124,20.7774,0.0,1,-9.8,0.105,78.46760214600548
2026-09-01 00:07:16.216789+00:00,47.1242,20.7776,0.0,1,-9.9,0.051,78.4423543370844
2026-09-01 00:07:16.290440900+00:00,47.1249,20.7772,0.0,1,-12.7,0.112,78.42171130894359
2026-09-01 00:07:16.336023500+00:00,47.1241,20.7778,0.0,1,-5.1,0.101,78.43652152083538
2026-09-01 00:07:16.421618500+00:00,47.1247,20.7778,0.0,1,-24.1,0.103,78.39770325724012
2026-09-01 00:07:16.442738600+00:00,47.1236,20.7781,0.0,1,-4.8,0.111,78.45045177743573
2026-09-01 00:07:16.505178400+00:00,47.124,20.7779,0.0,1,-4.7,0.134,78.43684366813888
2026-09-01 00:07:16.521632500+00:00,47.1239,20.7785,0.0,1,-2.7,0.075,78.40641934905408
2026-09-01 00:07:20.922345600+00:00,46.8868,20.7244,0.0,1,-3.4,0.126,98.95454508656562
2026-09-01 00:07:22.875540300+00:00,46.8253,20.736,0.0,1,2.9,0.105,103.46908645255242
2026-09-01 00:07:22.916088500+00:00,46.8432,20.7095,6.0,2,-7.8,0.105,103.29283112623745
2026-09-01 00:07:23.025133100+00:00,46.7973,20.7557,0.0,1,-3.4,0.1,104.92131566007392
2026-09-01 00:07:23.782500+00:00,46.829,20.6547,0.0,1,-15.0,0.092,107.26881668053436
2026-09-01 00:07:24.564855900+00:00,47.034,20.4045,0.0,1,5.0,0.098,107.55953446282668
2026-09-01 00:07:24.573960900+00:00,47.0325,20.4045,5.3,2,6.0,0.061,107.64654428217459
2026-09-01 00:07:26.286835800+00:00,47.4381,20.3791,0.0,1,-6.6,0.079,94.36799693606876
2026-09-01 00:07:26.999063200+00:00,46.3822,21.3206,0.0,1,13.0,0.246,129.9095613764574
2026-09-01 00:07:26.999482400+00:00,46.3819,21.3217,0.0,1,13.7,0.212,129.92746466935708
2026-09-01 00:07:27.019976200+00:00,46.3898,21.3158,0.0,1,-9.5,0.209,129.14412323935267
2026-09-01 00:07:27.974791700+00:00,46.9652,20.2851,0.0,1,-2.6,0.087,119.28922634712826
2026-09-01 00:07:29.992045700+00:00,47.0833,20.6979,0.0,1,-3.0,0.12,85.99487793307412
2026-09-01 00:07:30.141736700+00:00,47.1059,20.7347,0.0,1,-7.8,0.091,82.2667923966961
2026-09-01 00:07:31.670033700+00:00,47.1846,20.9272,0.0,1,8.2,0.112,65.34295310558227
2026-09-01 00:07:31.674572800+00:00,47.1641,20.8488,0.0,1,25.7,0.1,71.48315986411673
2026-09-01 00:07:32.331931500+00:00,46.7803,20.593,0.0,1,-30.6,0.108,114.43275599502225
2026-09-01 00:07:32.380363700+00:00,46.7686,20.5847,0.0,1,-16.6,0.113,115.81805463140975
2026-09-01 00:07:32.480172+00:00,46.7757,20.6052,0.0,1,-3.0,0.081,114.18260547674615
2026-09-01 00:07:34.228930700+00:00,46.6875,20.5973,0.0,1,3.6,0.112,122.00482285237206
2026-09-01 00:07:34.676033400+00:00,46.664,20.5746,0.0,1,-4.3,0.091,125.12412558120366
2026-09-01 00:07:34.925674+00:00,46.6646,20.5746,0.0,1,-4.9,0.092,125.07240990278918
2026-09-01 00:07:37.027016700+00:00,46.8742,20.6042,0.0,1,-13.6,0.097,106.38198187837574
2026-09-01 00:07:37.200880500+00:00,46.8722,20.6712,0.0,1,-21.9,0.097,102.92290582319345
2026-09-01 00:07:37.202175800+00:00,46.8972,20.6006,0.0,1,-22.3,0.088,104.82981104492951
2026-09-01 00:07:38.461743200+00:00,46.8696,20.744,0.0,1,2.7,0.128,99.3559252859292
2026-09-01 00:07:38.484784100+00:00,46.8631,20.8047,0.0,1,3.0,0.063,96.8917679637748
2026-09-01 00:07:39.526849+00:00,46.764,20.6053,7.6,2,3.9,0.059,115.14423445849448
2026-09-01 00:07:39.530516400+00:00,46.7678,20.605,0.0,1,3.3,0.076,114.8447936155292
2026-09-01 00:07:39.884619+00:00,46.8282,20.611,0.0,1,3.0,0.094,109.62217131094583
2026-09-01 00:07:48.537375700+00:00,46.9622,20.741,0.0,1,-2.4,0.101,92.11003758681761
2026-09-01 00:07:48.539588900+00:00,46.9487,20.7618,0.0,1,2.4,0.061,92.03303091594348
2026-09-01 00:07:48.608472+00:00,46.9776,20.7483,0.0,1,-8.7,0.084,90.52988236560448
2026-09-01 00:07:48.734338700+00:00,46.9628,20.6299,0.0,1,-8.7,0.111,98.32651451453147
2026-09-01 00:07:48.808905100+00:00,46.9683,20.6737,0.0,1,-3.6,0.119,95.41342537757743
2026-09-01 00:07:49.642595+00:00,47.0154,20.3691,0.0,1,6.1,0.093,110.92816706806309
2026-09-01 00:07:52.160869400+00:00,47.475,20.3307,0.0,1,6.2,0.084,97.5993107114353
2026-09-01 00:07:53.944770+00:00,46.8421,20.5455,0.0,1,2.9,0.11,112.07510410762941
2026-09-01 00:07:54.041205300+00:00,46.8284,20.5557,0.0,1,-8.2,0.096,112.57439927839236
2026-09-01 00:07:54.251615800+00:00,47.1375,20.7952,0.0,1,-7.2,0.145,76.50022450876668
2026-09-01 00:07:54.329047+00:00,46.8614,20.5335,0.0,1,-3.3,0.049,111.27881979414339
2026-09-01 00:07:54.385201400+00:00,47.1552,20.7852,0.0,1,-15.0,0.116,76.00915221707062
2026-09-01 00:07:54.429240600+00:00,47.1554,20.7859,0.0,1,-17.1,0.121,75.95278233367141
2026-09-01 00:07:54.429811800+00:00,47.1123,20.7994,0.0,1,-10.7,0.118,77.89724282399374
2026-09-01 00:07:55.793166600+00:00,46.7499,20.6776,0.0,1,-3.8,0.133,112.75835525095572
2026-09-01 00:07:55.801649100+00:00,46.7403,20.6778,0.0,1,2.9,0.126,113.57775917133304
2026-09-01 00:07:56.275014300+00:00,46.7267,20.7299,0.0,1,-3.2,0.187,112.33422429261961
2026-09-01 00:07:59.516240500+00:00,46.9065,20.2313,0.0,1,12.3,0.093,126.27809308021662
2026-09-01 00:07:59.516668400+00:00,46.9072,20.2281,0.0,1,-11.0,0.065,126.43658166981972
2026-09-01 00:07:59.517480800+00:00,46.9079,20.2216,0.0,1,4.4,0.092,126.80393458168787
2026-09-01 00:07:59.520748300+00:00,46.9071,20.2334,0.0,1,2.4,0.09,126.10847773332983
2026-09-01 00:07:59.521618900+00:00,46.9045,20.2398,2.8,2,3.2,0.024,125.86737657450644
2026-09-01 00:07:59.529922200+00:00,46.9152,20.2411,6.1,2,3.0,0.051,125.12123365853225
2026-09-01 00:07:59.537745700+00:00,46.9118,20.2338,0.0,1,3.6,0.093,125.79231245846046
2026-09-01 00:07:59.676992300+00:00,46.869,20.807,0.0,1,6.9,0.142,96.2752264616208
2026-09-01 00:07:59.956651400+00:00,46.8485,20.2604,0.0,1,4.0,0.094,128.20815731390556
2026-09-01 00:07:59.957476+00:00,46.8469,20.2634,0.0,1,3.8,0.092,128.1324877578293
2026-09-01 00:08:00.003809600+00:00,46.9408,20.3691,0.0,1,4.8,0.087,115.49349874340967
2026-09-01 00:08:00.004594500+00:00,46.9385,20.3685,0.0,1,2.4,0.081,115.67805616899021
2026-09-01 00:08:00.005423400+00:00,46.9358,20.3664,0.0,1,4.0,0.089,115.98155431741097
2026-09-01 00:08:00.928711200+00:00,47.0431,20.276,4.8,2,1.7,0.082,115.49154094858291
2026-09-01 00:08:03.927492500+00:00,47.1188,20.7201,0.0,1,-7.7,0.11,82.35445999884372
2026-09-01 00:08:03.997862700+00:00,47.1338,20.7754,0.0,1,-24.6,0.102,77.96246472962181
2026-09-01 00:08:03.998537400+00:00,47.129,20.7473,0.0,1,-3.7,0.114,80.01517163620457
2026-09-01 00:08:04.079332100+00:00,47.1429,20.7466,0.0,1,-13.3,0.095,79.19771434459997
2026-09-01 00:08:04.377475100+00:00,47.1104,20.691,0.0,1,5.9,0.077,84.70188816668256
2026-09-01 00:08:05.412636100+00:00,47.0182,20.4132,0.0,1,6.6,0.099,107.927853191868
2026-09-01 00:08:06.098275500+00:00,47.0431,19.8716,0.0,1,22.7,0.059,143.1285285673585
2026-09-01 00:08:06.218830700+00:00,47.0079,19.853,0.0,1,-4.0,0.065,145.98508890634756
2026-09-01 00:08:07.375489500+00:00,46.763,20.6216,0.0,1,4.7,0.11,114.4040634123616
2026-09-01 00:08:11.046290200+00:00,47.1445,20.81,0.0,1,-7.6,0.095,75.13685582053708
2026-09-01 00:08:12.548966700+00:00,46.8208,20.7203,0.0,1,-3.2,0.1,104.62487023026281
2026-09-01 00:08:12.845244+00:00,46.8541,20.7461,0.0,1,-3.6,0.034,100.54077263768005
2026-09-01 00:08:12.845514200+00:00,46.8532,20.7448,0.0,1,-3.0,0.074,100.68117829695315
2026-09-01 00:08:13.520625100+00:00,47.4537,19.9978,0.0,1,-3.0,0.058,122.73253449177496
2026-09-01 00:08:13.543474800+00:00,47.456,19.9968,0.0,1,6.2,0.037,122.78702802876512
2026-09-01 00:08:13.621695200+00:00,47.5003,19.9249,0.0,1,-4.4,0.086,127.89398232264698
2026-09-01 00:08:13.654391100+00:00,47.4731,20.0249,0.0,1,28.2,0.066,120.54391411572384
2026-09-01 00:08:14.025771400+00:00,46.7767,20.6559,6.1,2,2.6,0.154,111.53938943771192
2026-09-01 00:08:19.876974700+00:00,46.8381,20.9192,0.0,1,-4.0,0.133,93.86124904859903
2026-09-01 00:08:20.176880600+00:00,46.8784,20.7625,0.0,1,6.6,0.135,97.68941411112326
2026-09-01 00:08:20.917691200+00:00,47.2319,21.1593,0.0,1,16.0,0.097,48.49890605185774
2026-09-01 00:08:20.918233900+00:00,47.2344,21.1664,6.7,2,-5.1,0.076,47.91920631932628
2026-09-01 00:08:20.919003800+00:00,47.2311,21.1509,0.0,1,-3.5,0.134,49.02111361473091
2026-09-01 00:08:20.950720800+00:00,47.2489,21.2463,0.0,1,4.8,0.088,42.55298941458074
2026-09-01 00:08:20.952233800+00:00,47.2341,21.1622,0.0,1,-4.6,0.151,48.17165959344523
2026-09-01 00:08:21.602414+00:00,47.2188,21.1267,9.2,2,4.1,0.119,51.29034863034197
2026-09-01 00:08:21.987315300+00:00,47.4436,20.4124,0.0,1,3.2,0.099,91.80949348758354
2026-09-01 00:08:22.281577200+00:00,47.4636,20.4675,0.0,1,3.3,0.092,87.45735530861761
2026-09-01 00:08:22.377397+00:00,46.8178,20.5985,0.0,1,-3.6,0.065,111.1145504840982
2026-09-01 00:08:22.463809400+00:00,46.8044,20.5855,0.0,1,-4.3,0.093,112.8739040232215
2026-09-01 00:08:22.485836700+00:00,46.8325,20.598,0.0,1,4.7,0.092,109.97208123966439
2026-09-01 00:08:22.812056400+00:00,46.8524,20.5911,0.0,1,-9.2,0.116,108.7834774773951
2026-09-01 00:08:22.857374100+00:00,46.8527,20.5905,0.0,1,-8.8,0.092,108.7928029535212
2026-09-01 00:08:22.922875800+00:00,46.8926,20.9423,0.0,1,-3.2,0.101,87.89492750893496
2026-09-01 00:08:23.010396100+00:00,46.9071,20.5887,0.0,1,2.5,0.084,104.75804218760162
2026-09-01 00:08:24.933402500+00:00,47.0394,20.3946,0.0,1,2.5,0.106,107.89069634461849
2026-09-01 00:08:31.327777300+00:00,46.7711,20.5925,0.0,1,-15.3,0.093,115.2119352799262
2026-09-01 00:08:31.509420100+00:00,46.749,20.5879,0.0,1,-3.4,0.159,117.27124282509486
2026-09-01 00:08:31.577644200+00:00,47.0131,20.1437,0.0,1,-3.2,0.088,125.9064471438819
2026-09-01 00:08:31.630056100+00:00,47.0225,20.0782,0.0,1,2.7,0.085,129.85073410079184
2026-09-01 00:08:32.841595700+00:00,46.7502,20.5489,0.0,1,-3.4,0.085,119.1706366295273
2026-09-01 00:08:33.048110300+00:00,46.773,20.5268,0.0,1,-2.8,0.174,118.4905086025498
2026-09-01 00:08:33.088169500+00:00,46.7584,20.5291,0.0,1,-9.3,0.07,119.5386247940097
2026-09-01 00:08:33.114415500+00:00,47.0488,20.6653,0.0,1,3.0,0.103,90.25638330616023
2026-09-01 00:08:33.243116900+00:00,47.0464,20.6968,0.0,1,-16.5,0.101,88.5215710979492
2026-09-01 00:08:33.263720200+00:00,47.0072,20.272,0.0,1,-3.2,0.089,117.71379437725795
2026-09-01 00:08:33.333694200+00:00,47.0561,20.7288,0.0,1,-15.7,0.097,85.9481124232664
2026-09-01 00:08:33.334233500+00:00,47.031,20.6939,0.0,1,3.4,0.05,89.75498490634035
2026-09-01 00:08:34.399889200+00:00,46.8384,20.8784,0.0,1,2.3,0.068,95.62557313985529
2026-09-01 00:08:34.407756400+00:00,46.8325,20.8722,0.0,1,4.7,0.072,96.43354028164921
2026-09-01 00:08:36.184055100+00:00,46.882,20.705,0.0,1,6.2,0.117,100.3557852980214
2026-09-01 00:08:36.278730400+00:00,46.8773,20.6996,0.0,1,3.9,0.082,101.01727991155019
2026-09-01 00:08:36.296948+00:00,46.8819,20.7087,0.0,1,-5.6,0.177,100.17002405412751
2026-09-01 00:08:36.306424500+00:00,46.8812,20.704,0.0,1,3.0,0.077,100.47261469595799
2026-09-01 00:08:37.378266+00:00,46.7687,20.6332,0.0,1,5.5,0.104,113.34502453635717
2026-09-01 00:08:37.622584700+00:00,46.7548,20.6791,0.0,1,3.4,0.134,112.26429080514676
2026-09-01 00:08:38.529932600+00:00,46.3835,21.3245,0.0,1,6.9,0.236,129.7145411680581
2026-09-01 00:08:42.879030300+00:00,46.805,20.6926,0.0,1,2.4,0.132,107.33156882493573
2026-09-01 00:08:43.174119700+00:00,46.7989,20.7063,0.0,1,-6.7,0.102,107.16999750718102
2026-09-01 00:08:43.871117600+00:00,46.8076,20.779,0.0,1,3.1,0.188,102.92206278671696
2026-09-01 00:08:43.887079+00:00,46.8065,20.7728,0.0,1,2.8,0.104,103.31055012480347
2026-09-01 00:08:48.675341600+00:00,46.5356,20.5948,0.0,1,-25.1,0.14,135.6019997252449
2026-09-01 00:08:48.675682900+00:00,46.5383,20.5897,0.0,1,-4.3,0.101,135.57954675612373
2026-09-01 00:08:49.100462600+00:00,47.1591,20.8392,0.0,1,-6.3,0.067,72.39671348909053
2026-09-01 00:08:49.191839200+00:00,46.6218,20.4524,0.0,1,24.4,0.103,134.71898090706196
2026-09-01 00:08:49.206940300+00:00,46.6036,20.4438,0.0,1,-12.9,0.11,136.68126798878276
2026-09-01 00:08:49.237428200+00:00,46.8825,20.7725,0.0,1,-4.6,0.158,96.84397911219362
2026-09-01 00:08:49.427908700+00:00,47.1856,20.8107,0.0,1,3.2,0.101,72.55051427262704
2026-09-01 00:08:49.440097900+00:00,46.6464,20.4113,0.0,1,5.3,0.094,134.7693678121678
2026-09-01 00:08:49.441680600+00:00,46.6452,20.4098,0.0,1,16.9,0.055,134.94508898193627
2026-09-01 00:08:49.442935400+00:00,46.6543,20.4084,0.0,1,5.5,0.122,134.2752514526935
2026-09-01 00:08:49.448560400+00:00,46.6696,20.4133,0.0,1,3.3,0.102,132.77839137432042
2026-09-01 00:08:49.459602900+00:00,46.6884,20.3725,4.6,2,-3.0,0.101,133.4451008015415
2026-09-01 00:08:51.535212800+00:00,46.8832,20.7029,0.0,1,-3.1,0.052,100.36953618334347
2026-09-01 00:08:55.115167900+00:00,46.9103,20.2354,0.0,1,2.5,0.071,125.78401938604686
2026-09-01 00:08:55.153604+00:00,46.8037,20.6801,0.0,1,-5.4,0.056,108.06474289254814
2026-09-01 00:08:55.353426800+00:00,46.9107,20.2368,0.0,1,2.6,0.115,125.6709150897137
2026-09-01 00:08:58.711696100+00:00,46.8843,20.751,0.0,1,-10.1,0.12,97.78611587976452
2026-09-01 00:08:59.524404400+00:00,46.5248,21.5121,0.0,1,18.3,0.213,112.2910028496401
2026-09-01 00:08:59.524639+00:00,46.5287,21.4947,0.0,1,-10.4,0.247,111.96928126507996
2026-09-01 00:08:59.582513600+00:00,46.5516,21.5262,0.0,1,-6.5,0.23,109.23995748761556
2026-09-01 00:09:00.635490600+00:00,47.0092,20.5139,0.0,1,10.2,0.09,102.13196233294403
2026-09-01 00:09:00.635912400+00:00,47.0108,20.5138,0.0,1,6.6,0.062,102.03605151270597
2026-09-01 00:09:00.668917200+00:00,47.0077,20.5096,0.0,1,3.0,0.185,102.49465368537344
2026-09-01 00:09:00.735680100+00:00,47.0121,20.5121,0.0,1,-8.4,0.069,102.05894424379979
2026-09-01 00:09:01.013964+00:00,46.9641,20.4992,0.0,1,-4.1,0.083,105.9829945243121
2026-09-01 00:09:01.060903100+00:00,47.0065,20.4973,0.0,1,4.2,0.122,103.33567178220828
2026-09-01 00:09:01.118299300+00:00,46.7547,20.5932,0.0,1,-19.9,0.088,116.52950124551876
2026-09-01 00:09:01.186112600+00:00,46.7545,20.5925,0.0,1,-11.9,0.102,116.58161743942496
2026-09-01 00:09:01.187256200+00:00,46.7738,20.6138,0.0,1,-2.9,0.082,113.90060364789392
2026-09-01 00:09:01.290680800+00:00,46.8712,20.5565,0.0,1,-3.0,0.124,109.25366313901273
2026-09-01 00:09:01.297930+00:00,47.0122,20.5105,0.0,1,-6.2,0.082,102.15212993027129
2026-09-01 00:09:01.319805700+00:00,46.7372,20.5926,0.0,1,-3.3,0.208,118.01784513606992
2026-09-01 00:09:02.872318600+00:00,46.884,20.7734,0.0,1,2.8,0.106,96.67375832357219
2026-09-01 00:09:03.630012100+00:00,46.6085,20.5873,0.0,1,-12.1,0.121,129.37922307646562
2026-09-01 00:09:07.494001700+00:00,46.9552,20.5849,5.2,2,-3.9,0.062,101.48676289560245
2026-09-01 00:09:07.545458900+00:00,46.7306,20.7706,0.0,1,4.3,0.102,110.14849120036605
2026-09-01 00:09:07.604097400+00:00,47.042,20.3782,0.0,1,5.6,0.101,108.81158248129896
2026-09-01 00:09:07.610866400+00:00,46.9751,20.3201,0.0,1,2.8,0.037,116.45766334181236
2026-09-01 00:09:08.619278+00:00,47.4689,20.352,0.0,1,42.5,0.072,96.05514699492173
2026-09-01 00:09:08.694192600+00:00,47.4622,20.3591,0.0,1,-8.0,0.091,95.58653213886772
2026-09-01 00:09:09.010475200+00:00,47.0304,20.7082,0.0,1,-13.4,0.106,88.95340907434642
2026-09-01 00:09:09.012131800+00:00,47.0388,20.7164,0.0,1,5.5,0.168,87.88253786552598
2026-09-01 00:09:09.080047600+00:00,47.0297,20.7093,0.0,1,-6.9,0.089,88.93792889257293
2026-09-01 00:09:09.146632900+00:00,47.0295,20.7075,0.0,1,-7.3,0.119,89.05773134953945
2026-09-01 00:09:09.419819500+00:00,47.0294,20.7084,0.0,1,-9.2,0.103,89.01187508349544
2026-09-01 00:09:10.988655900+00:00,47.1196,20.7684,0.0,1,4.6,0.069,79.30609555383792
2026-09-01 00:09:11.281048+00:00,47.121,20.7686,0.0,1,4.1,0.197,79.20325551662052
2026-09-01 00:09:11.358422200+00:00,47.1514,20.7533,0.0,1,-2.8,0.081,78.25611388421825
2026-09-01 00:09:11.372118400+00:00,47.1209,20.7712,0.0,1,7.2,0.101,79.04968524769336
2026-09-01 00:09:11.388063900+00:00,47.1213,20.7719,0.0,1,3.5,0.103,78.98072850794092
2026-09-01 00:09:11.410807900+00:00,47.121,20.772,0.0,1,3.4,0.119,78.99400082210667
2026-09-01 00:09:12.988443300+00:00,46.7593,20.6724,0.0,1,-4.9,0.115,112.20325907854618
2026-09-01 00:09:13.244503400+00:00,46.813,20.7002,0.0,1,-2.9,0.068,106.28041623273987
2026-09-01 00:09:13.428651600+00:00,46.8517,20.5263,0.0,1,2.6,0.113,112.41154868687424
2026-09-01 00:09:14.592318700+00:00,46.9165,20.7682,5.9,2,3.2,0.125,94.26916941491432
2026-09-01 00:09:14.669681+00:00,46.9336,20.7828,0.0,1,4.1,0.1,92.1252246882946
2026-09-01 00:09:15.241554800+00:00,48.4295,22.7821,0.0,1,-9.1,0.64,131.74088162547292
2026-09-01 00:09:17.052431800+00:00,46.7967,20.7552,0.0,1,-4.6,0.132,104.99720564494156
2026-09-01 00:09:18.872446600+00:00,46.9774,20.2735,0.0,1,2.8,0.054,119.31747021838049
2026-09-01 00:09:19.735759100+00:00,47.2249,19.953,0.0,1,-14.7,0.081,130.5968145036537
2026-09-01 00:09:20.052663300+00:00,47.2353,20.0396,0.0,1,2.7,0.086,123.99086922475935
2026-09-01 00:09:20.276753300+00:00,47.3076,20.0677,0.0,1,2.1,0.079,119.95207655728169
2026-09-01 00:09:20.306840700+00:00,47.3319,20.0569,0.0,1,3.3,0.086,120.19197346102554
2026-09-01 00:09:20.311331+00:00,47.36,20.0187,0.0,1,5.4,0.063,122.45960194709367
2026-09-01 00:09:20.416857600+00:00,47.3283,19.9983,0.0,1,43.2,0.07,124.60251325770653
2026-09-01 00:09:21.693486+00:00,46.8162,20.7738,0.0,1,2.5,0.125,102.41968483185391
2026-09-01 00:09:23.007465500+00:00,46.8147,20.7213,0.0,1,-9.3,0.147,105.0914893471025
2026-09-01 00:09:23.013791800+00:00,46.8091,20.7614,0.0,1,4.7,0.119,103.6262180580588
2026-09-01 00:09:23.060940500+00:00,46.8143,20.7199,0.0,1,-3.1,0.04,105.19436208518296
2026-09-01 00:09:23.524262300+00:00,46.6962,20.6055,0.0,1,8.9,0.149,120.86023278775467
2026-09-01 00:09:25.300624900+00:00,46.9752,20.7464,0.0,1,3.9,0.114,90.81770006831653
2026-09-01 00:09:26.611224300+00:00,47.1462,20.7972,0.0,1,-4.6,0.097,75.8215929696194
2026-09-01 00:09:26.803571100+00:00,46.8913,20.7619,0.0,1,-3.5,0.105,96.65299581212571
2026-09-01 00:09:34.061173200+00:00,47.0149,20.4046,0.0,1,4.9,0.092,108.67497342894691
2026-09-01 00:09:34.070175700+00:00,47.0087,20.3883,0.0,1,2.6,0.132,110.08789645659732
2026-09-01 00:09:34.079203400+00:00,47.0507,20.4069,4.9,2,2.5,0.092,106.44710985856942
2026-09-01 00:09:34.164683900+00:00,47.0026,20.3278,0.0,1,2.8,0.082,114.3416313320597
2026-09-01 00:09:34.802734500+00:00,46.9635,20.4689,0.0,1,6.0,0.099,107.86848570697556
2026-09-01 00:09:34.822144200+00:00,46.9399,20.4623,0.0,1,-6.2,0.092,109.83998433704349
2026-09-01 00:09:35.230775500+00:00,47.2108,21.0036,0.0,1,8.5,0.122,58.97838652306368
2026-09-01 00:09:35.255963100+00:00,46.7855,20.6149,0.0,1,-7.8,0.097,112.87944762270399
2026-09-01 00:09:35.363822900+00:00,47.2024,20.9721,0.0,1,-7.9,0.102,61.43940094965861
2026-09-01 00:09:36.562225300+00:00,46.8879,20.7675,0.0,1,-2.3,0.079,96.64849016718516
2026-09-01 00:09:36.893903900+00:00,47.2624,21.5017,0.0,1,-7.6,0.09,31.3910696766668
2026-09-01 00:09:36.894823600+00:00,47.261,21.5002,0.0,1,-4.0,0.128,31.573614340073224
2026-09-01 00:09:39.394621100+00:00,47.0295,20.259,0.0,1,-2.5,0.08,117.34818203160421
2026-09-01 00:09:39.399490+00:00,46.7598,20.6765,0.0,1,5.5,0.108,111.96111848637179
2026-09-01 00:09:39.400773500+00:00,46.7556,20.6787,0.0,1,7.1,0.098,112.21485800936051
2026-09-01 00:09:40.757956+00:00,46.9071,20.8243,0.0,1,-10.2,0.106,92.19375070995633
2026-09-01 00:09:43.038208900+00:00,47.0545,20.6865,0.0,1,-2.6,0.083,88.59214258651936
2026-09-01 00:09:45.026713600+00:00,46.3838,21.3237,0.0,1,7.7,0.225,129.69247079470043
2026-09-01 00:09:45.079406900+00:00,46.4072,21.3642,0.0,1,-8.8,0.193,126.61113981638007
2026-09-01 00:09:46.184118300+00:00,46.7563,20.6535,8.6,2,12.9,0.092,113.38321594360691
2026-09-01 00:09:48.450847700+00:00,47.0696,20.3061,0.0,1,3.7,0.107,112.09062016433242
2026-09-01 00:09:48.658645100+00:00,46.8907,20.7742,0.0,1,3.4,0.139,96.07685851401904
2026-09-01 00:09:50.928210900+00:00,46.7943,20.7707,5.9,2,3.7,0.043,104.47560470020149
2026-09-01 00:09:57.115266500+00:00,46.8132,20.7561,0.0,1,-14.2,0.124,103.52594553678989
2026-09-01 00:09:57.243311800+00:00,46.8155,20.7564,0.0,1,-13.2,0.122,103.31338334855101
2026-09-01 00:09:57.245917500+00:00,46.8175,20.7622,0.0,1,-16.8,0.135,102.86206554637505
2026-09-01 00:09:57.298162300+00:00,46.8154,20.755,0.0,1,-8.4,0.121,103.38944314871651
2026-09-01 00:09:57.299080+00:00,46.8543,20.7327,0.0,1,-4.5,0.056,101.19747533335615
2026-09-01 00:09:59.235972400+00:00,46.8814,20.7602,0.0,1,-10.0,0.1,97.55698150953835
2026-09-01 00:10:00.416015400+00:00,46.8277,20.7719,6.3,2,2.7,0.081,101.51667016882313
2026-09-01 00:10:02.994200700+00:00,46.7626,20.8304,0.0,1,-4.4,0.225,104.61119928681786
2026-09-01 00:10:03.161183800+00:00,46.9121,20.2553,4.4,2,2.8,0.037,124.41856416615983
2026-09-01 00:10:03.183379+00:00,46.8614,20.576,0.0,1,-3.3,0.072,108.91548313288746
2026-09-01 00:10:03.188494300+00:00,46.9171,20.2405,0.0,1,2.9,0.091,125.04200843616934
2026-09-01 00:10:03.200454300+00:00,46.9487,20.2617,6.5,2,-3.0,0.065,121.77294464491051
2026-09-01 00:10:03.209036900+00:00,46.8902,20.6012,0.0,1,2.2,0.084,105.32554689839215
2026-09-01 00:10:03.262439600+00:00,46.8072,20.6638,0.0,1,2.9,0.199,108.59449101864257
2026-09-01 00:10:03.272581500+00:00,46.8066,20.665,3.7,2,2.9,0.086,108.58347245884481
2026-09-01 00:10:03.276718100+00:00,46.8075,20.6676,0.0,1,5.4,0.064,108.37713102913314
2026-09-01 00:10:03.399656200+00:00,46.8078,20.6612,0.0,1,3.7,0.096,108.67670811263241
2026-09-01 00:10:03.444571300+00:00,46.8561,20.7041,0.0,1,-3.5,0.105,102.50590756891408
2026-09-01 00:10:03.557426800+00:00,46.8066,20.6555,0.0,1,-7.5,0.086,109.06585048901094
2026-09-01 00:10:03.615481500+00:00,46.808,20.6604,0.0,1,-2.8,0.13,108.70079897680537
2026-09-01 00:10:04.921367600+00:00,47.0212,19.8753,0.0,1,3.5,0.053,143.83885194785623
2026-09-01 00:10:05.585423500+00:00,46.8901,20.7395,5.5,2,-3.9,0.056,97.9028417266634
2026-09-01 00:10:08.152546200+00:00,47.0683,20.7307,0.0,1,-5.2,0.091,85.00010782522148
2026-09-01 00:10:08.197555800+00:00,47.0565,20.695,0.0,1,-15.4,0.077,87.94476425530087
2026-09-01 00:10:08.299681600+00:00,47.0641,20.7003,0.0,1,-18.4,0.076,87.11465654760313
2026-09-01 00:10:08.397650600+00:00,47.01,20.5191,0.0,1,6.0,0.067,101.75827335031958
2026-09-01 00:10:08.409013300+00:00,47.0108,20.5182,0.0,1,4.4,0.062,101.76290818949586
2026-09-01 00:10:08.456092800+00:00,47.0126,20.5035,0.0,1,-7.7,0.098,102.56287289108285
2026-09-01 00:10:08.502187200+00:00,47.0159,20.5273,0.0,1,-14.4,0.104,100.87240181879268
2026-09-01 00:10:08.534507400+00:00,47.0107,20.5147,0.0,1,-3.6,0.076,101.98653247542893
2026-09-01 00:10:08.557607800+00:00,47.004,20.4774,0.0,1,-14.4,0.109,104.73504072969244
2026-09-01 00:10:08.660573800+00:00,47.0058,20.5084,0.0,1,8.6,0.09,102.6905363247921
2026-09-01 00:10:08.925206700+00:00,47.0043,20.5427,0.0,1,-12.0,0.104,100.67179493519446
2026-09-01 00:10:10.348237700+00:00,47.1765,20.7665,0.0,1,-10.2,0.112,75.9198758424438
2026-09-01 00:10:10.644032300+00:00,46.7608,20.6814,0.0,1,3.2,0.14,111.6376812151908
2026-09-01 00:10:10.644719800+00:00,46.762,20.6829,0.0,1,2.6,0.058,111.46204239172029
2026-09-01 00:10:10.917620900+00:00,46.8187,20.6918,0.0,1,2.9,0.147,106.22381014395795
2026-09-01 00:10:17.137519900+00:00,47.0299,20.2778,0.0,1,-2.9,0.085,116.08109489178452
2026-09-01 00:10:20.410440700+00:00,46.7768,20.6285,0.0,1,-12.3,0.099,112.90612477974565
2026-09-01 00:10:21.929537800+00:00,46.8927,20.7223,0.0,1,2.4,0.126,98.58753669430826
2026-09-01 00:10:22.008446600+00:00,46.9062,20.7814,0.0,1,-3.3,0.088,94.43043561045512
2026-09-01 00:10:22.076194400+00:00,46.8901,20.8138,0.0,1,-10.2,0.148,94.14774417585917
2026-09-01 00:10:26.326618800+00:00,46.8866,20.7558,0.0,1,2.9,0.099,97.35152548873127
2026-09-01 00:10:26.328625100+00:00,46.8887,20.7603,0.0,1,3.0,0.084,96.94882628480444
2026-09-01 00:10:27.719694900+00:00,47.4739,20.3558,0.0,1,4.8,0.088,95.72704580602684
2026-09-01 00:10:27.733424700+00:00,47.4761,20.3676,0.0,1,4.7,0.093,94.82447961721111
2026-09-01 00:10:28.887134200+00:00,46.3833,21.3781,0.0,1,-5.5,0.138,129.07805442609794
2026-09-01 00:10:28.890235900+00:00,46.3864,21.3777,0.0,1,5.7,0.209,128.74146303990136
2026-09-01 00:10:31.355591500+00:00,46.8056,20.7558,0.0,1,3.8,0.163,104.1967010399701
2026-09-01 00:10:32.131842100+00:00,47.1363,20.7971,0.0,1,-11.9,0.067,76.46011939031008
2026-09-01 00:10:32.182421500+00:00,47.1222,20.7603,0.0,1,-8.3,0.082,79.63828109589954
2026-09-01 00:10:32.581758300+00:00,47.122,20.7604,0.0,1,-7.3,0.108,79.6449135830509
2026-09-01 00:10:34.508467600+00:00,47.0964,20.7359,4.7,2,3.0,0.03,82.81057101512737
2026-09-01 00:10:34.598879600+00:00,47.1473,20.801,0.0,1,3.6,0.079,75.51574205342172
2026-09-01 00:10:34.751202800+00:00,47.1447,20.8111,0.0,1,4.6,0.105,75.05608829608201
2026-09-01 00:10:35.250458600+00:00,46.8896,20.7152,0.0,1,-9.4,0.158,99.2092459284216
2026-09-01 00:10:35.309990200+00:00,46.8902,20.7152,0.0,1,-8.2,0.099,99.16098114473539
2026-09-01 00:10:35.413659600+00:00,46.8906,20.716,0.0,1,-21.7,0.099,99.08683135107063
2026-09-01 00:10:35.571763700+00:00,46.8911,20.7169,0.0,1,-18.8,0.088,98.99939305951852
2026-09-01 00:10:35.731957700+00:00,46.943,20.6594,0.0,1,3.8,0.085,98.09750368009824
2026-09-01 00:10:37.909185300+00:00,46.5286,21.4835,0.0,1,-3.7,0.117,112.05972147927275
2026-09-01 00:10:37.980979200+00:00,46.5219,21.5357,0.0,1,-12.2,0.172,112.4879646684548
2026-09-01 00:10:44.022612200+00:00,46.7657,20.6745,0.0,1,2.3,0.135,111.55411333930718
2026-09-01 00:10:44.023406800+00:00,46.7656,20.6746,0.0,1,-7.0,0.117,111.55776229219306
2026-09-01 00:10:44.026148400+00:00,46.7641,20.6756,0.0,1,2.6,0.091,111.6370459800209
2026-09-01 00:10:44.325566+00:00,46.7298,20.6873,0.0,1,2.6,0.093,114.0395786749007
2026-09-01 00:10:44.691541500+00:00,46.8736,20.8828,0.0,1,4.9,0.162,92.28526024466426
2026-09-01 00:10:44.985632200+00:00,47.0323,20.2477,0.0,1,4.5,0.055,117.9493184898004
2026-09-01 00:10:45.092254400+00:00,47.0311,20.2983,0.0,1,-2.9,0.097,114.66162300881297
2026-09-01 00:10:46.029640800+00:00,46.6489,20.5745,0.0,1,-3.8,0.118,126.43503503182546
2026-09-01 00:10:46.180169300+00:00,46.6599,20.5283,0.0,1,-5.0,0.098,127.73217551459939
2026-09-01 00:10:46.421124700+00:00,46.6494,20.5759,0.0,1,-3.6,0.085,126.3248435072681
2026-09-01 00:10:47.224024600+00:00,46.769,20.5478,0.0,1,4.6,0.086,117.70293768546472
2026-09-01 00:10:47.504839+00:00,46.7112,20.5795,0.0,1,-6.1,0.087,120.85714976725757
2026-09-01 00:10:47.612020200+00:00,46.7112,20.5805,0.0,1,-2.6,0.091,120.80753619375407
2026-09-01 00:10:47.689599500+00:00,46.7122,20.5781,0.0,1,-3.9,0.11,120.84230795197837
2026-09-01 00:10:47.725074200+00:00,46.7116,20.5797,0.0,1,-4.9,0.045,120.81345963281815
2026-09-01 00:10:47.864202200+00:00,46.7115,20.5797,0.0,1,-7.7,0.063,120.8219002975351
2026-09-01 00:10:48.830773600+00:00,47.1667,20.9621,0.0,1,-6.0,0.191,64.48070946019241
2026-09-01 00:10:48.871952100+00:00,47.0203,20.1643,0.0,1,-2.8,0.082,124.15159690697982
2026-09-01 00:10:49.030528200+00:00,47.0721,20.0498,0.0,1,2.8,0.075,129.45777004631012
2026-09-01 00:10:49.235205900+00:00,47.1118,20.0713,0.0,1,7.1,0.079,126.23148099905572
2026-09-01 00:10:49.271944200+00:00,47.1812,20.0887,3.1,2,2.6,0.048,122.27017648283046
2026-09-01 00:10:49.275570700+00:00,47.189,20.0836,3.6,2,1.9,0.038,122.35342992223156
2026-09-01 00:10:49.394760500+00:00,46.9088,20.7827,0.0,1,-2.9,0.092,94.15013996261189
2026-09-01 00:10:49.446662200+00:00,46.909,20.7788,0.0,1,-6.1,0.117,94.3335159500619
2026-09-01 00:10:51.693973800+00:00,46.8204,20.6034,0.0,1,-2.8,0.099,110.64755766873841
2026-09-01 00:10:55.678839600+00:00,47.0591,20.6818,0.0,1,-19.5,0.086,88.5694213289606
2026-09-01 00:10:55.716548600+00:00,47.0589,20.6827,0.0,1,-9.9,0.099,88.52810068788827
2026-09-01 00:10:55.779769900+00:00,47.0588,20.6817,0.0,1,-28.2,0.111,88.59544546309938
2026-09-01 00:10:55.820009100+00:00,47.0589,20.6837,0.0,1,-3.3,0.114,88.46743043142163
2026-09-01 00:10:55.917381900+00:00,47.0587,20.6827,0.0,1,-11.6,0.091,88.54141422675383
2026-09-01 00:10:55.920699100+00:00,46.9883,20.6746,0.0,1,3.8,0.069,93.90613130178002
2026-09-01 00:10:55.963602900+00:00,47.0589,20.6828,0.0,1,-10.3,0.089,88.5220326425299
2026-09-01 00:10:56.074578100+00:00,47.0587,20.6841,0.0,1,-6.6,0.086,88.45649468179762
2026-09-01 00:10:56.134464400+00:00,47.0586,20.6827,0.0,1,-17.2,0.089,88.54807233995616
2026-09-01 00:10:56.635519600+00:00,47.0815,20.6399,0.0,1,3.0,0.075,89.70657493673578
2026-09-01 00:10:56.636411600+00:00,47.0774,20.6471,0.0,1,3.4,0.074,89.51536300964545
2026-09-01 00:10:56.778764600+00:00,47.058,20.6846,0.0,1,13.6,0.076,88.47286186306131
2026-09-01 00:10:57.037477900+00:00,47.059,20.6278,0.0,1,2.6,0.102,91.8859814840968
2026-09-01 00:10:57.271560300+00:00,47.0594,20.6264,0.0,1,3.3,0.103,91.94696830976024
2026-09-01 00:11:01.382987900+00:00,47.2095,21.0065,0.0,1,3.9,0.027,58.89287609831754
2026-09-01 00:11:01.442134+00:00,47.1995,20.987,0.0,1,-5.7,0.106,60.73842793027402
2026-09-01 00:11:01.529424200+00:00,47.2127,21.0551,0.0,1,-9.1,0.091,55.80403434483819
2026-09-01 00:11:03.090629+00:00,46.3837,21.3764,0.0,1,4.1,0.296,129.05301775428566
2026-09-01 00:11:03.095891+00:00,46.3804,21.3825,0.0,1,5.2,0.471,129.34873948543543
2026-09-01 00:11:03.112111+00:00,46.3979,21.4026,0.0,1,-4.5,0.309,127.20948893146962
2026-09-01 00:11:05.908729500+00:00,47.0551,20.3125,0.0,1,-3.6,0.081,112.42474102832865
2026-09-01 00:11:06.134752600+00:00,47.0409,20.2697,0.0,1,-3.9,0.107,116.02778915669758
2026-09-01 00:11:06.164637800+00:00,47.0344,20.2552,0.0,1,2.4,0.075,117.338487567884
2026-09-01 00:11:06.426538200+00:00,46.9776,20.1484,0.0,1,-10.3,0.112,127.48425571423176
2026-09-01 00:11:06.463619100+00:00,46.7822,20.6457,0.0,1,4.3,0.09,111.58881083592621
2026-09-01 00:11:06.882699400+00:00,46.8118,20.7056,0.0,1,-21.9,0.121,106.11285490636483
2026-09-01 00:11:06.965333300+00:00,46.8138,20.6999,0.0,1,2.8,0.118,106.2281696984361
2026-09-01 00:11:06.967085800+00:00,46.8115,20.7052,0.0,1,-19.3,0.093,106.15799547648676
2026-09-01 00:11:07.034609900+00:00,46.8113,20.7035,0.0,1,-25.0,0.116,106.25925516496412
2026-09-01 00:11:07.044725400+00:00,46.8666,20.6365,0.0,1,3.7,0.085,105.21865299074618
2026-09-01 00:11:07.087830600+00:00,46.8114,20.7058,0.0,1,-8.1,0.1,106.13665637702111
2026-09-01 00:11:07.089690700+00:00,46.8573,20.6167,0.0,1,3.2,0.127,107.01477408567649
2026-09-01 00:11:07.200943200+00:00,46.8113,20.7047,0.0,1,-10.7,0.124,106.19967012281374
2026-09-01 00:11:08.512744400+00:00,46.6146,20.593,0.0,1,10.4,0.101,128.57563988144585
2026-09-01 00:11:09.177674600+00:00,46.8897,20.7866,0.0,1,4.5,0.066,95.53467681144456
2026-09-01 00:11:10.524821500+00:00,47.1753,20.8192,0.0,1,-14.3,0.106,72.63184722507962
2026-09-01 00:11:10.607543300+00:00,47.0222,20.4263,0.0,1,-14.3,0.077,106.85110171358285
2026-09-01 00:11:10.682721+00:00,47.0135,20.4047,0.0,1,-3.7,0.123,108.75198461509639
2026-09-01 00:11:10.692830400+00:00,47.1753,20.8196,0.0,1,-9.1,0.054,72.60659458326796
2026-09-01 00:11:11.030358300+00:00,47.4456,20.4641,0.0,1,8.2,0.097,87.92185713591203
2026-09-01 00:11:11.160138300+00:00,47.4127,20.4738,0.0,1,-6.6,0.085,87.70083047407135
2026-09-01 00:11:13.000833500+00:00,47.4786,20.3626,0.0,1,5.0,0.09,95.17938484388702
2026-09-01 00:11:13.255404300+00:00,47.4892,20.4037,0.0,1,2.3,0.072,92.02121560475565
2026-09-01 00:11:13.519024600+00:00,47.1884,20.9355,0.0,1,-4.6,0.071,64.58739171651952
2026-09-01 00:11:13.529312300+00:00,47.1529,20.906,0.0,1,3.2,0.075,68.75226452468618
2026-09-01 00:11:14.840471600+00:00,47.0128,21.03,0.0,1,3.3,0.14,73.20288864851344
2026-09-01 00:11:14.980312800+00:00,47.0372,20.991,0.0,1,-6.7,0.068,72.97797270293195
2026-09-01 00:11:15.146739700+00:00,47.0219,21.0511,0.0,1,-13.9,0.11,71.42602259604568
2026-09-01 00:11:15.663334800+00:00,46.7777,20.6633,0.0,1,2.7,0.041,111.08734994127327
2026-09-01 00:11:15.824373900+00:00,46.7766,20.6603,0.0,1,4.4,0.114,111.3290184800885
2026-09-01 00:11:15.908407200+00:00,46.8732,20.6135,0.0,1,3.9,0.112,105.94998749275062
2026-09-01 00:11:15.912654100+00:00,46.8775,20.6012,0.0,1,-3.1,0.151,106.29358507962704
2026-09-01 00:11:16.244389600+00:00,46.9095,20.7804,0.0,1,3.0,0.097,94.210447740907
2026-09-01 00:11:17.289021600+00:00,46.9013,20.6422,0.0,1,3.5,0.083,102.2122806515048
2026-09-01 00:11:17.444009500+00:00,46.812,20.6667,0.0,1,-13.6,0.105,108.0495640252415
2026-09-01 00:11:17.444587500+00:00,46.8292,20.6714,0.0,1,-8.4,0.067,106.39152413708173
2026-09-01 00:11:17.909999500+00:00,46.9844,20.2992,0.0,1,-7.7,0.081,117.24948041135136
2026-09-01 00:11:18.316982100+00:00,46.9802,20.2953,0.0,1,-11.7,0.077,117.74705336535573
2026-09-01 00:11:19.208960300+00:00,46.3868,21.3829,0.0,1,5.2,0.191,128.6399730197651
2026-09-01 00:11:19.982224400+00:00,46.8653,20.7111,0.0,1,-5.9,0.071,101.39280127556091
2026-09-01 00:11:24.858390900+00:00,47.1437,20.8201,0.0,1,-2.7,0.047,74.56613025909407
2026-09-01 00:11:24.875519600+00:00,47.1158,20.728,0.0,1,-4.4,0.129,82.04986727369769
2026-09-01 00:11:24.908546600+00:00,47.1444,20.8141,0.0,1,4.7,0.086,74.890280078592
2026-09-01 00:11:29.296106700+00:00,46.8941,20.7226,0.0,1,3.4,0.194,98.45906924752924
2026-09-01 00:11:29.551916+00:00,46.8939,20.7241,0.0,1,3.9,0.141,98.39658942579379
2026-09-01 00:11:31.168369800+00:00,47.0221,20.1637,0.0,1,-1.7,0.108,124.09867597922396
2026-09-01 00:11:31.422579600+00:00,46.9919,20.1264,0.0,1,2.4,0.049,128.17485475725127
2026-09-01 00:11:32.061752+00:00,46.8174,20.6956,0.0,1,-4.3,0.153,106.14152276284487
2026-09-01 00:11:35.964773300+00:00,46.8941,20.76,0.0,1,-3.3,0.075,96.5200544266188
2026-09-01 00:11:36.109168300+00:00,46.9257,20.7523,0.0,1,-4.1,0.045,94.36238166567846
2026-09-01 00:11:36.580590700+00:00,46.9038,20.7596,0.0,1,-2.6,0.108,95.74731367568076
2026-09-01 00:11:36.635110700+00:00,46.8769,20.7212,0.0,1,-13.8,0.087,99.92479650448487
2026-09-01 00:11:36.635791900+00:00,46.9902,20.7293,0.0,1,-8.1,0.121,90.64341330734081
2026-09-01 00:11:38.147143600+00:00,47.2617,21.516,0.0,1,-8.2,0.138,31.15884236314664
2026-09-01 00:11:38.147495900+00:00,47.262,21.5143,0.0,1,10.3,0.159,31.161389593271206
2026-09-01 00:11:38.147985900+00:00,47.2584,21.5135,0.0,1,-6.4,0.152,31.563047975709345
2026-09-01 00:11:38.249270600+00:00,47.1099,20.3934,0.0,1,2.8,0.101,104.15915425593924
2026-09-01 00:11:38.256793500+00:00,47.115,20.4069,4.8,2,2.7,0.072,102.99130272395256
2026-09-01 00:11:38.297875500+00:00,47.0937,20.7446,0.0,1,4.1,0.091,82.45754224602885
2026-09-01 00:11:38.453391+00:00,47.2625,21.5177,0.0,1,-4.8,0.117,31.03890082853288
2026-09-01 00:11:38.494328+00:00,47.112,20.3776,0.0,1,2.7,0.118,105.1184212570202
2026-09-01 00:11:38.515146100+00:00,47.112,20.5128,0.0,1,-5.4,0.108,96.0931983737294
2026-09-01 00:11:38.516063700+00:00,47.1126,20.5131,0.0,1,-2.5,0.127,96.04063325688116
2026-09-01 00:11:38.517472700+00:00,47.1118,20.5158,0.0,1,-2.5,0.169,95.90654218560411
2026-09-01 00:11:38.524558400+00:00,47.1104,20.3913,0.0,1,3.1,0.086,104.27514413523592
2026-09-01 00:11:38.539177300+00:00,47.1108,20.3928,0.0,1,2.8,0.056,104.15383816796597
2026-09-01 00:11:38.565407500+00:00,47.1109,20.3928,0.0,1,2.7,0.076,104.14876495764587
2026-09-01 00:11:38.849434600+00:00,47.0939,20.3705,0.0,1,-4.9,0.088,106.51715919576984
2026-09-01 00:11:38.854573200+00:00,47.11,20.3917,0.0,1,-2.8,0.105,104.26851078057346
2026-09-01 00:11:38.858501500+00:00,47.1953,20.2976,0.0,1,6.3,0.091,106.90147369777114
2026-09-01 00:11:39.342349200+00:00,47.0279,20.3862,0.0,1,-4.3,0.071,109.09684343303256
2026-09-01 00:11:39.466234500+00:00,46.9965,20.334,0.0,1,-9.5,0.081,114.29715266300423
2026-09-01 00:11:39.599410800+00:00,47.0049,20.3627,0.0,1,-3.2,0.116,111.95599302563278
2026-09-01 00:11:39.601231200+00:00,46.981,20.4268,0.0,1,3.1,0.098,109.34644256423735
2026-09-01 00:11:39.609819300+00:00,46.9461,20.4232,0.0,1,2.9,0.147,111.81053412734558
2026-09-01 00:11:39.641965100+00:00,46.6983,20.6143,0.0,1,-12.9,0.118,120.2543606910204
2026-09-01 00:11:39.724561200+00:00,46.7273,20.5833,0.0,1,-17.7,0.104,119.31328024450674
2026-09-01 00:11:39.766107200+00:00,47.0269,20.3878,0.0,1,6.1,0.101,109.05122221857891
2026-09-01 00:11:39.783165700+00:00,47.003,20.3667,0.0,1,-4.8,0.034,111.81125615252323
2026-09-01 00:11:39.903181900+00:00,46.7273,20.5827,0.0,1,-21.1,0.117,119.34332824427261
2026-09-01 00:11:39.961525+00:00,46.9364,20.3966,0.0,1,2.5,0.053,114.07836603296299
2026-09-01 00:11:40.006508+00:00,46.7272,20.5844,0.0,1,-10.3,0.075,119.26660498358784
2026-09-01 00:11:40.064505700+00:00,46.7275,20.5834,0.0,1,-12.0,0.085,119.2915063008485
2026-09-01 00:11:40.185117600+00:00,46.8365,20.3438,0.0,1,-2.5,0.102,124.02376850013
2026-09-01 00:11:40.370562100+00:00,46.6605,20.4339,0.0,1,-3.0,0.209,132.44768335913253
2026-09-01 00:11:40.541765+00:00,46.6773,20.2375,0.0,1,4.2,0.193,141.72977707801238
2026-09-01 00:11:41.162901900+00:00,46.9236,20.8771,0.0,1,2.9,0.158,88.20162245959773
2026-09-01 00:11:41.168197+00:00,46.9227,20.8923,0.0,1,3.0,0.161,87.5465919220769
2026-09-01 00:11:41.288296500+00:00,46.8212,20.7308,0.0,1,-11.9,0.071,104.07268387502991
2026-09-01 00:11:41.360612100+00:00,46.898,20.8718,0.0,1,-3.1,0.069,90.66192914312343
2026-09-01 00:11:41.371868200+00:00,46.8936,20.8241,0.0,1,-6.2,0.106,93.34443641879622
2026-09-01 00:11:41.374758500+00:00,46.8839,20.8855,0.0,1,7.4,0.103,91.25118240385602
2026-09-01 00:11:41.415685600+00:00,46.8222,20.7304,0.0,1,-7.4,0.118,104.00759965885418
2026-09-01 00:11:41.454617200+00:00,46.8222,20.7304,0.0,1,-5.9,0.087,104.00759965885418
2026-09-01 00:11:41.462268300+00:00,46.8538,20.8242,0.0,1,4.0,0.078,96.76007292835929
2026-09-01 00:11:41.489435600+00:00,46.8223,20.7297,0.0,1,-5.4,0.113,104.03361802240464
2026-09-01 00:11:41.651483400+00:00,46.8223,20.7302,0.0,1,-18.2,0.095,104.00897884735274
2026-09-01 00:11:41.910564700+00:00,46.8225,20.7292,0.0,1,-3.9,0.129,104.04132745165957
2026-09-01 00:11:55.957996200+00:00,47.1046,20.6646,0.0,1,12.4,0.096,86.72168138857509
2026-09-01 00:11:56.100070500+00:00,46.8041,20.7743,0.0,1,-4.3,0.231,103.4491459391102
2026-09-01 00:11:56.172527700+00:00,46.8132,20.7391,0.0,1,-17.2,0.105,104.34800674543355
2026-09-01 00:11:57.607518500+00:00,46.7788,20.6454,0.0,1,-2.8,0.085,111.8880246213663
2026-09-01 00:11:57.983934600+00:00,46.7828,20.647,0.0,1,-3.7,0.093,111.47334488490226
2026-09-01 00:11:58.245349900+00:00,46.9969,20.2928,0.0,1,4.0,0.146,116.93970682994363
2026-09-01 00:11:58.848670900+00:00,46.9934,20.3107,0.0,1,-2.7,0.086,115.98183474489329
2026-09-01 00:12:01.328150800+00:00,46.8133,20.7541,0.0,1,6.6,0.091,103.61355907401693
2026-09-01 00:12:01.551649400+00:00,46.8175,20.7604,0.0,1,5.1,0.135,102.94860390386474
2026-09-01 00:12:01.555211+00:00,46.8162,20.7743,0.0,1,-2.9,0.143,102.39588465026003
2026-09-01 00:12:01.728621900+00:00,46.8019,20.6876,0.0,1,3.0,0.111,107.84122680090303
2026-09-01 00:12:02.557136400+00:00,47.1481,20.8126,0.0,1,4.0,0.119,74.74555513313153
2026-09-01 00:12:02.640479100+00:00,47.1335,20.77,0.0,1,-9.8,0.077,78.31690770521955
2026-09-01 00:12:03.277185400+00:00,46.9137,20.7841,0.0,1,4.0,0.114,93.6762126881393
2026-09-01 00:12:03.380703700+00:00,47.0954,22.0438,0.0,1,-11.3,0.254,57.77940765155634
2026-09-01 00:12:03.381643700+00:00,47.0965,22.0418,0.0,1,-10.4,0.344,57.59465045363474
2026-09-01 00:12:03.554915200+00:00,47.033,20.2445,3.8,2,4.0,0.009,118.12517765416682
2026-09-01 00:12:05.928028600+00:00,46.5514,20.5916,0.0,1,-17.5,0.142,134.30578851629406
2026-09-01 00:12:05.928491600+00:00,46.5527,20.5891,0.0,1,-4.2,0.1,134.29881834006417
2026-09-01 00:12:06.694144100+00:00,46.8174,20.706,0.0,1,-3.4,0.085,105.62162969131637
2026-09-01 00:12:06.695204+00:00,46.8267,20.7078,0.0,1,-4.5,0.124,104.75199771007762
2026-09-01 00:12:13.208344+00:00,46.4114,21.3861,0.0,1,-22.9,0.22,125.89763637044332
2026-09-01 00:12:13.471363500+00:00,46.3904,21.4168,0.0,1,-20.2,0.166,127.89708657361527
2026-09-01 00:12:13.497175900+00:00,46.3925,21.4105,0.0,1,-7.2,0.149,127.72606570489737
2026-09-01 00:12:13.621672800+00:00,46.3919,21.4126,0.0,1,-6.8,0.118,127.77182182426336
2026-09-01 00:12:14.165560700+00:00,46.8183,20.7724,0.0,1,-3.2,0.156,102.30442842863187
2026-09-01 00:12:16.222046400+00:00,46.8939,20.6812,0.0,1,-7.7,0.125,100.67011969578172
2026-09-01 00:12:16.573001400+00:00,46.8506,20.6161,0.0,1,-3.2,0.081,107.57365909374738
2026-09-01 00:12:16.607022300+00:00,46.8572,20.6165,0.0,1,-3.0,0.033,107.03339770649424
2026-09-01 00:12:19.148701800+00:00,47.0655,20.7156,0.0,1,-12.1,0.096,86.0970607771105
2026-09-01 00:12:19.165117900+00:00,47.0649,20.7095,0.0,1,-2.9,0.12,86.50513191184166
2026-09-01 00:12:19.219397600+00:00,47.0889,20.7759,0.0,1,-8.1,0.084,80.8912955872629
2026-09-01 00:12:20.727214400+00:00,47.1621,21.0574,0.0,1,3.2,0.132,59.427608363183126
2026-09-01 00:12:20.729668600+00:00,47.1572,21.052,0.0,1,4.5,0.184,60.09979372393057
2026-09-01 00:12:20.908512700+00:00,47.1533,21.0817,0.0,1,3.5,0.152,58.81687710946216
2026-09-01 00:12:20.946834300+00:00,47.1615,21.0569,0.0,1,2.7,0.071,59.50113083515177
2026-09-01 00:12:23.142189400+00:00,47.0275,20.2074,0.0,1,-10.6,0.131,120.89063456650707
2026-09-01 00:12:23.769094800+00:00,46.882,20.7813,0.0,1,5.0,0.105,96.44387944717616
2026-09-01 00:12:25.842318400+00:00,47.0259,20.5602,0.0,1,-6.8,0.106,98.19335367052281
2026-09-01 00:12:26.108155800+00:00,47.0242,20.5983,0.0,1,3.8,0.107,95.96334483632798
2026-09-01 00:12:27.739580100+00:00,47.1858,20.9409,0.0,1,-4.4,0.094,64.43282938677737
2026-09-01 00:12:28.646600500+00:00,46.7597,20.8006,0.0,1,2.4,0.112,106.18690136777212
2026-09-01 00:12:31.310717100+00:00,46.9131,20.7648,0.0,1,-2.6,0.157,94.7216105003984
2026-09-01 00:12:33.736158400+00:00,46.8928,20.8604,0.0,1,4.1,0.126,91.65544608825032
2026-09-01 00:12:34.023655700+00:00,46.9938,20.298,0.0,1,3.4,0.095,116.78065998152209
2026-09-01 00:12:34.146631600+00:00,47.0142,20.2325,0.0,1,-5.6,0.092,119.9303131038805
2026-09-01 00:12:35.173951300+00:00,47.0946,20.3825,0.0,1,-7.6,0.114,105.67692389718108
2026-09-01 00:12:36.890209200+00:00,46.7728,20.6946,0.0,1,-2.7,0.076,109.96860739178676
2026-09-01 00:12:43.226982200+00:00,46.8317,20.7459,0.0,1,-9.8,0.107,102.4392580419977
2026-09-01 00:12:43.615474+00:00,46.8208,20.6748,0.0,1,-8.4,0.088,106.9097020602873
2026-09-01 00:12:43.840734700+00:00,46.8217,20.6734,0.0,1,-8.4,0.092,106.90666089051005
2026-09-01 00:12:44.053570400+00:00,47.2456,21.227,9.7,2,-40.9,0.057,43.81174493918052
2026-09-01 00:12:44.054095900+00:00,47.2434,21.2374,0.0,1,30.6,0.173,43.457453395872
2026-09-01 00:12:44.233593800+00:00,47.2275,21.1543,0.0,1,-3.8,0.131,49.10976474387785
2026-09-01 00:12:44.360977500+00:00,47.2138,21.1361,0.0,1,3.6,0.244,51.156153929818615
2026-09-01 00:12:45.054892+00:00,46.8976,20.7175,0.0,1,5.9,0.111,98.44615718837593
2026-09-01 00:12:45.085508500+00:00,46.9033,20.7292,0.0,1,-7.2,0.109,97.37315802342532
2026-09-01 00:12:45.134213700+00:00,46.9081,20.7208,0.0,1,-15.2,0.1,97.43345862370066
2026-09-01 00:12:47.029644700+00:00,46.6197,20.5914,0.0,1,6.1,0.112,128.19820713988264
2026-09-01 00:12:47.125137600+00:00,46.6352,20.6493,0.0,1,-20.9,0.105,124.169415617769
2026-09-01 00:12:47.311947200+00:00,46.6343,20.6515,0.0,1,-34.6,0.106,124.15093896782638
2026-09-01 00:12:47.692526800+00:00,47.1848,21.2657,4.4,2,-4.0,0.028,47.21151354618487
2026-09-01 00:12:47.693313300+00:00,47.1795,21.2697,0.0,1,-5.0,0.071,47.523435164354346
2026-09-01 00:12:47.694051900+00:00,47.1754,21.2766,0.0,1,-6.4,0.143,47.609929151457536
2026-09-01 00:12:48.025575200+00:00,47.1884,21.27,0.0,1,4.2,0.14,46.6971711592779
2026-09-01 00:12:48.681384500+00:00,46.7432,20.5828,0.0,1,-8.4,0.102,118.01132570547072
2026-09-01 00:12:48.682995100+00:00,46.7651,20.6974,0.0,1,2.8,0.076,110.4952569404756
2026-09-01 00:12:48.743770700+00:00,46.82,20.7562,0.0,1,7.1,0.13,102.93612115723985
2026-09-01 00:12:49.076699800+00:00,46.7634,20.6783,4.6,2,4.8,0.048,111.56541448145714
2026-09-01 00:12:52.243684700+00:00,47.4798,20.3772,0.0,1,8.7,0.081,94.07553753498618
2026-09-01 00:12:52.244312600+00:00,47.4823,20.3715,0.0,1,-5.8,0.077,94.4840971287878
2026-09-01 00:12:52.244509200+00:00,47.4823,20.3697,0.0,1,5.9,0.119,94.61906733346015
2026-09-01 00:12:52.253102+00:00,47.4759,20.38,0.0,1,-4.8,0.033,93.89669954949636
2026-09-01 00:12:52.529199800+00:00,47.4838,20.3667,0.0,1,2.0,0.104,94.83317476475959
2026-09-01 00:12:52.529964+00:00,47.4991,20.3592,0.0,1,-4.2,0.425,95.3020906267721
2026-09-01 00:12:52.536654100+00:00,47.4408,20.4381,0.0,1,14.9,0.087,89.92647924715158
2026-09-01 00:12:52.993184400+00:00,47.0301,20.4362,0.0,1,-3.5,0.095,105.74708344931983
2026-09-01 00:12:52.994859800+00:00,46.993,20.4693,0.0,1,-4.1,0.082,105.93601409490027
2026-09-01 00:12:54.835327+00:00,47.1661,20.2365,2.8,2,-7.2,0.036,112.38425541711251
2026-09-01 00:12:54.839498700+00:00,47.1328,20.1905,0.0,1,-4.4,0.065,117.00627721638254
2026-09-01 00:12:55.015072700+00:00,47.0271,19.9551,4.9,2,2.6,0.068,138.05360158317174
2026-09-01 00:12:55.046263400+00:00,47.0203,19.9534,0.0,1,2.1,0.057,138.48684877886527
2026-09-01 00:12:55.137659100+00:00,47.04,19.9931,0.0,1,3.5,0.056,134.83805452565187
2026-09-01 00:12:55.310023+00:00,46.9958,19.9819,3.5,2,-3.0,0.07,137.71175682092158
2026-09-01 00:12:55.363169600+00:00,46.9817,19.9688,3.4,2,3.6,0.058,139.29957904813247
2026-09-01 00:12:56.332848900+00:00,46.9136,20.7801,0.0,1,-4.8,0.094,93.88997559372156
2026-09-01 00:12:57.035321700+00:00,46.4068,21.3869,0.0,1,-14.7,0.197,126.39506147090087
2026-09-01 00:12:57.114903800+00:00,46.4134,21.3864,0.0,1,-19.8,0.208,125.6742513198537
2026-09-01 00:12:57.143479+00:00,46.3979,21.3873,0.0,1,-4.4,0.249,127.37028888928457
2026-09-01 00:13:02.163966300+00:00,46.8812,20.7929,0.0,1,6.6,0.089,95.93286636906956
2026-09-01 00:13:02.165345600+00:00,46.8814,20.7887,0.0,1,3.6,0.127,96.12480507029973
2026-09-01 00:13:02.192008200+00:00,46.8944,20.7827,0.0,1,4.1,0.159,95.33983194512844
2026-09-01 00:13:04.823734700+00:00,46.7833,20.7422,0.0,1,3.6,0.082,106.77933041398754
2026-09-01 00:13:05.382745200+00:00,47.0178,20.1566,0.0,1,8.4,0.079,124.79759979072591
2026-09-01 00:13:05.616488800+00:00,47.0265,20.1927,0.0,1,-3.2,0.09,121.92626390925443
2026-09-01 00:13:05.728684700+00:00,46.9916,20.2048,0.0,1,-8.2,0.135,122.99518696980354
2026-09-01 00:13:05.789368100+00:00,47.0322,20.2405,0.0,1,-4.5,0.055,118.43405977425432
2026-09-01 00:13:07.180146800+00:00,47.1348,20.7834,0.0,1,-5.4,0.11,77.40284233505905
2026-09-01 00:13:07.196680800+00:00,47.1337,20.7762,0.0,1,-16.2,0.104,77.91919068218517
2026-09-01 00:13:07.245310300+00:00,47.1697,20.8583,0.0,1,-10.0,0.097,70.53751701706277
2026-09-01 00:13:07.259228300+00:00,47.1316,20.7679,0.0,1,-8.1,0.107,78.56787515877379
2026-09-01 00:13:07.465293500+00:00,47.134,20.7848,0.0,1,-3.3,0.101,77.36737459934415
2026-09-01 00:13:07.571750+00:00,47.1142,20.7226,0.0,1,-9.3,0.11,82.48724836186753
2026-09-01 00:13:07.651422700+00:00,47.1218,20.77,0.0,1,-21.1,0.064,79.0653593959161
2026-09-01 00:13:07.745463700+00:00,47.1012,20.6701,0.0,1,-4.5,0.104,86.58537043374224
2026-09-01 00:13:10.634545200+00:00,46.8395,20.669,0.0,1,-11.6,0.093,105.67305256640351
2026-09-01 00:13:10.701134500+00:00,46.9002,20.7176,0.0,1,-3.3,0.099,98.23288240790394
2026-09-01 00:13:10.747973100+00:00,47.0617,21.0536,0.0,1,-10.7,0.119,67.836972124617
2026-09-01 00:13:10.883839800+00:00,46.8884,20.7712,0.0,1,-7.3,0.094,96.41946486935687
2026-09-01 00:13:11.168037300+00:00,46.889,20.6624,0.0,1,8.5,0.055,102.0660536465889
2026-09-01 00:13:11.169156600+00:00,46.8881,20.6658,0.0,1,2.7,0.092,101.95347838646275
2026-09-01 00:13:11.172674400+00:00,46.8901,20.6613,0.0,1,3.1,0.092,102.03932030865195
2026-09-01 00:13:11.227906500+00:00,46.901,20.6953,6.6,2,-3.4,0.1,99.35495439308593
2026-09-01 00:13:11.312488200+00:00,46.9897,20.5952,8.0,2,-3.0,0.03,98.47258815129845
2026-09-01 00:13:11.512477200+00:00,46.9291,20.6272,0.0,1,-10.9,0.086,100.94793172040424
2026-09-01 00:13:11.512665900+00:00,46.9297,20.627,0.0,1,-8.8,0.024,100.91465054523177
2026-09-01 00:13:11.921040800+00:00,46.8856,20.9057,0.0,1,-8.0,0.127,90.17107362556385
2026-09-01 00:13:14.292590+00:00,46.9298,20.8356,0.0,1,3.6,0.109,89.72852380834384
2026-09-01 00:13:14.293906900+00:00,46.9212,20.8223,0.0,1,3.8,0.206,91.1140249749485
2026-09-01 00:13:14.438428600+00:00,46.9077,20.969,0.0,1,-3.0,0.162,85.34882158017633
2026-09-01 00:13:14.738916800+00:00,46.7235,20.6441,0.0,1,-3.6,0.122,116.64687047696911
2026-09-01 00:13:14.739237900+00:00,46.7218,20.6443,0.0,1,-2.6,0.189,116.78366380577995
2026-09-01 00:13:14.811409+00:00,46.73,20.5989,0.0,1,-10.5,0.116,118.30781828940096
2026-09-01 00:13:15.280432600+00:00,46.9928,20.3672,0.0,1,-10.1,0.079,112.38740544341476
2026-09-01 00:13:15.716274900+00:00,47.1555,22.2088,0.0,1,-25.9,0.228,60.56843783418749
2026-09-01 00:13:23.071324200+00:00,46.8297,20.6879,0.0,1,3.1,0.121,105.50739930363855
2026-09-01 00:13:23.077771500+00:00,46.8103,20.6901,0.0,1,4.1,0.119,107.01134580739648
2026-09-01 00:13:23.084702800+00:00,46.8296,20.6885,0.0,1,3.3,0.109,105.48516507454613
2026-09-01 00:13:23.143940800+00:00,46.7676,20.6816,0.0,1,2.6,0.108,111.04556778637942
2026-09-01 00:13:23.260552200+00:00,46.8759,20.7609,0.0,1,-5.9,0.111,97.97799394907302
2026-09-01 00:13:23.366221800+00:00,46.8188,20.6331,6.3,2,-4.5,0.078,109.21916333123056
2026-09-01 00:13:23.461916200+00:00,46.8303,20.6885,0.0,1,2.7,0.052,105.42726711693793
2026-09-01 00:13:30.447224200+00:00,47.1748,20.8714,0.0,1,-17.4,0.112,69.40128958009538
2026-09-01 00:13:30.592671+00:00,47.1721,20.8426,0.0,1,-13.5,0.11,71.36114923825572
2026-09-01 00:13:30.594208500+00:00,47.1835,20.9223,0.0,1,-10.4,0.109,65.71360071423784
2026-09-01 00:13:30.869687+00:00,47.1834,20.9226,0.0,1,-6.1,0.106,65.70193337125464
2026-09-01 00:13:31.796535500+00:00,46.9035,20.728,0.0,1,-6.5,0.186,97.42027504684613
2026-09-01 00:13:31.821910600+00:00,47.0604,20.7319,0.0,1,3.3,0.115,85.46782109464044
2026-09-01 00:13:31.823721300+00:00,47.059,20.7334,0.0,1,6.1,0.101,85.47480219298073
2026-09-01 00:13:31.826074600+00:00,47.0584,20.7322,0.0,1,3.5,0.082,85.58749189997985
2026-09-01 00:13:31.836596700+00:00,47.0571,20.7334,5.4,2,11.5,0.079,85.60580363471335
2026-09-01 00:13:31.854207900+00:00,47.071,20.7243,0.0,1,5.8,0.127,85.20228293122175
2026-09-01 00:13:31.902132500+00:00,47.1176,20.7912,0.0,1,3.6,0.072,78.04164807845011
2026-09-01 00:13:31.920106900+00:00,47.0721,20.7215,0.0,1,3.6,0.106,85.29721576764301
2026-09-01 00:13:32.058791300+00:00,47.0222,20.7309,0.0,1,3.9,0.126,88.21209594443704
2026-09-01 00:13:37.058552800+00:00,47.0904,20.3174,5.6,2,-2.3,0.068,110.2685787533674
2026-09-01 00:13:37.068389300+00:00,47.0488,20.3172,0.0,1,2.2,0.11,112.45015888229118
2026-09-01 00:13:37.092562200+00:00,46.8143,20.7497,0.0,1,-3.0,0.079,103.7398192368421
2026-09-01 00:13:37.106351800+00:00,47.0825,20.3867,5.6,2,5.4,0.041,106.03229393288042
2026-09-01 00:13:37.108971900+00:00,47.0828,20.3958,7.3,2,2.5,0.082,105.41152553639196
2026-09-01 00:13:38.175961900+00:00,47.1606,21.054,0.0,1,3.1,0.099,59.72846503417666
2026-09-01 00:13:40.853539300+00:00,46.5314,21.5074,0.0,1,-7.6,0.198,111.58775126322116
2026-09-01 00:13:40.863451100+00:00,46.5487,21.5052,0.0,1,-3.2,0.217,109.68439451587601
2026-09-01 00:13:42.512431500+00:00,46.9069,20.8404,0.0,1,-4.2,0.098,91.41552985609466
2026-09-01 00:13:42.957566300+00:00,47.4823,20.3802,0.0,1,3.8,0.091,93.83175019276115
2026-09-01 00:13:42.982933+00:00,47.4829,20.3563,0.0,1,-16.7,0.083,95.61951933367534
2026-09-01 00:13:43.009245500+00:00,47.4945,20.3713,0.0,1,-15.4,0.086,94.41916223793106
2026-09-01 00:13:43.067639400+00:00,47.5163,20.3781,0.0,1,-12.4,0.084,93.81425528171721
2026-09-01 00:13:44.692320800+00:00,47.1228,20.2699,5.5,2,7.7,0.076,111.94798186333615
2026-09-01 00:13:45.135159100+00:00,46.8518,20.8111,0.0,1,2.8,0.118,97.55680531881329
2026-09-01 00:13:45.235308300+00:00,46.5515,20.5877,0.0,1,4.7,0.126,134.46961296269305
2026-09-01 00:13:45.246897600+00:00,46.5513,20.5859,0.0,1,7.8,0.143,134.5676519961532
2026-09-01 00:13:45.517772800+00:00,46.5505,20.5875,0.0,1,3.1,0.147,134.56904669026815
2026-09-01 00:13:45.575250700+00:00,46.5501,20.5872,0.0,1,4.6,0.136,134.6185842093195
2026-09-01 00:13:45.583937+00:00,46.552,20.5881,0.0,1,2.9,0.124,134.40658581423682
2026-09-01 00:13:45.785614800+00:00,46.7782,20.2245,0.0,1,2.9,0.106,135.1606704987999
2026-09-01 00:13:52.730959100+00:00,47.1878,20.7927,0.0,1,12.3,0.095,73.5749745017295
2026-09-01 00:13:52.731759+00:00,47.1911,20.795,0.0,1,-4.2,0.117,73.23496644452973
2026-09-01 00:13:52.835060600+00:00,47.17,20.7585,0.0,1,-8.8,0.102,76.81451648169083
2026-09-01 00:13:52.880043400+00:00,47.1727,20.7877,0.0,1,-5.3,0.131,74.78705044837864
2026-09-01 00:13:52.981915400+00:00,47.1899,20.8003,0.0,1,-2.6,0.062,72.96355480644888
2026-09-01 00:13:53.236347100+00:00,47.1044,20.7448,0.0,1,-7.3,0.109,81.7428723689547
2026-09-01 00:13:53.503428+00:00,47.0611,20.4859,0.0,1,4.3,0.112,100.72705772149241
2026-09-01 00:13:53.673098800+00:00,47.0521,20.7157,0.0,1,-4.1,0.146,87.00302618192296
2026-09-01 00:13:54.594042300+00:00,46.4023,21.3784,0.0,1,4.0,0.2,126.98464627958154
2026-09-01 00:13:56.259659+00:00,47.4739,20.1717,0.0,1,22.7,0.072,109.52860976607425
2026-09-01 00:13:58.271399+00:00,46.8574,20.6769,0.0,1,-6.7,0.099,103.81026153396984
2026-09-01 00:13:58.807323700+00:00,46.8784,20.5822,0.0,1,-13.0,0.097,107.2764573058048
2026-09-01 00:14:01.029621300+00:00,46.7782,20.7111,0.0,1,-6.0,0.076,108.70703087022683
2026-09-01 00:14:01.030559400+00:00,46.7864,20.7186,0.0,1,-3.0,0.137,107.63972041361657
2026-09-01 00:14:01.032508400+00:00,46.793,20.7143,0.0,1,-3.8,0.157,107.28194090170379
2026-09-01 00:14:01.034484200+00:00,46.7806,20.7247,0.0,1,2.7,0.117,107.84689301649222
2026-09-01 00:14:02.873273100+00:00,47.0288,20.2893,0.0,1,2.5,0.076,115.38125928275736
2026-09-01 00:14:03.642943400+00:00,46.8328,20.7038,0.0,1,2.9,0.105,104.44454931085622
2026-09-01 00:14:03.643936300+00:00,46.8332,20.6999,0.0,1,3.6,0.103,104.60852591047795
2026-09-01 00:14:03.645415700+00:00,46.8322,20.6899,0.0,1,4.3,0.11,105.19896734962641
2026-09-01 00:14:03.799959200+00:00,46.8355,20.7319,0.0,1,2.8,0.095,102.81030064930506
2026-09-01 00:14:03.894868600+00:00,46.8478,20.7265,0.0,1,3.6,0.137,102.05111398733348
2026-09-01 00:14:04.092475+00:00,46.8363,20.7259,0.0,1,3.5,0.117,103.04219708502366
2026-09-01 00:14:04.178218800+00:00,46.8363,20.7282,0.0,1,4.1,0.117,102.92737621410143
2026-09-01 00:14:04.276971200+00:00,46.7888,20.593,0.0,1,-2.4,0.025,113.74032359109115
2026-09-01 00:14:04.586398800+00:00,46.7023,20.6594,0.0,1,2.9,0.079,117.75810251224236
2026-09-01 00:14:09.222553300+00:00,47.0157,20.3417,0.0,1,-3.3,0.084,112.68488821702734
2026-09-01 00:14:09.234662500+00:00,47.0173,20.3398,0.0,1,-3.7,0.079,112.71666138498485
2026-09-01 00:14:09.562728100+00:00,47.0006,20.3507,0.0,1,-33.8,0.211,112.98108059151468
2026-09-01 00:14:09.621979800+00:00,47.02,20.3476,0.0,1,4.0,0.073,112.0551602624121
2026-09-01 00:14:09.622487700+00:00,47.0004,20.3508,0.0,1,-34.7,0.091,112.98642635699184
2026-09-01 00:14:09.753491+00:00,47.0012,20.3489,0.0,1,-30.3,0.1,113.06161483544432
2026-09-01 00:14:12.176226100+00:00,46.8985,20.7838,4.6,2,4.5,0.079,94.94410391537356
2026-09-01 00:14:18.868029600+00:00,47.0307,20.4447,0.0,1,-13.9,0.08,105.16707546564606
2026-09-01 00:14:18.964980800+00:00,47.0313,20.4601,0.0,1,-3.7,0.083,104.14746396228331
2026-09-01 00:14:19.022598700+00:00,47.0146,20.5375,0.0,1,-5.7,0.083,100.32386282505107
2026-09-01 00:14:19.029574800+00:00,47.0318,20.4598,0.0,1,-4.3,0.098,104.1365638344383
2026-09-01 00:14:19.060587+00:00,47.0312,20.4597,0.0,1,-2.7,0.086,104.17898106421531
2026-09-01 00:14:19.096783400+00:00,47.2414,21.25,0.0,1,38.0,0.135,42.98951122550934
2026-09-01 00:14:19.097059300+00:00,47.2422,21.2508,0.0,1,17.8,0.148,42.88280550152294
2026-09-01 00:14:19.097970800+00:00,47.2443,21.2529,0.0,1,-4.9,0.115,42.602725956235815
2026-09-01 00:14:19.098257900+00:00,47.2443,21.248,0.0,1,-5.1,0.081,42.84766693707344
2026-09-01 00:14:19.098815900+00:00,47.2465,21.247,0.0,1,-3.0,0.127,42.71560915879804
2026-09-01 00:14:19.179828600+00:00,46.904,20.7211,0.0,1,-3.7,0.121,97.74435898004546
2026-09-01 00:14:19.219816400+00:00,47.2456,21.3047,0.0,1,-11.1,0.132,40.014307814598716
2026-09-01 00:14:19.233669500+00:00,47.0309,20.4438,0.0,1,-4.6,0.092,105.21275516662143
2026-09-01 00:14:19.365709500+00:00,46.9989,20.6149,0.0,1,11.4,0.115,96.66566857439328
2026-09-01 00:14:19.367257500+00:00,46.9981,20.5967,0.0,1,4.0,0.087,97.80893094558259
2026-09-01 00:14:19.368142100+00:00,46.9992,20.6118,0.0,1,5.8,0.101,96.83005564473717
2026-09-01 00:14:19.369284300+00:00,46.9959,20.586,0.0,1,8.6,0.115,98.60095423417002
2026-09-01 00:14:19.369910+00:00,46.9925,20.5216,0.0,1,5.5,0.182,102.73770908715795
2026-09-01 00:14:19.372625400+00:00,46.992,20.5623,5.2,2,6.6,0.063,100.2930847629612
2026-09-01 00:14:19.379320900+00:00,46.9974,20.5445,0.0,1,3.0,0.133,101.01497738442562
2026-09-01 00:14:19.456760100+00:00,46.8957,20.7167,0.0,1,-4.1,0.104,98.64052979696196
2026-09-01 00:14:19.541558900+00:00,47.0027,20.6805,0.0,1,-3.2,0.109,92.5324859040266
2026-09-01 00:14:19.546612400+00:00,47.0077,20.631,0.0,1,-4.5,0.108,95.10113479979664
2026-09-01 00:14:19.700205400+00:00,46.9805,20.5606,0.0,1,4.3,0.105,101.17224127725682
2026-09-01 00:14:20.321131500+00:00,47.0446,21.0221,0.0,1,9.9,0.096,70.82390657093009
2026-09-01 00:14:20.322041400+00:00,47.0446,21.0151,0.0,1,-3.6,0.096,71.16532661519483
2026-09-01 00:14:20.507544100+00:00,47.0788,21.0243,0.0,1,-7.8,0.12,67.839308515997
2026-09-01 00:14:23.766791+00:00,47.1591,20.8371,0.0,1,-6.6,0.116,72.52653440529781
2026-09-01 00:14:23.779895600+00:00,46.7967,20.6723,0.0,1,2.6,0.045,109.04155020536626
2026-09-01 00:14:23.824363300+00:00,46.779,20.7072,0.0,1,3.3,0.116,108.82643533407163
2026-09-01 00:14:24.029112900+00:00,46.7775,20.6283,0.0,1,2.5,0.038,112.85806722422876
2026-09-01 00:14:24.096140100+00:00,47.0295,20.1737,0.0,1,-3.1,0.093,123.04568141321887
2026-09-01 00:14:24.240053600+00:00,47.1842,20.969,0.0,1,2.8,0.11,62.856940620905
2026-09-01 00:14:24.256028300+00:00,46.8269,20.7586,0.0,1,-3.2,0.133,102.22820829981333
2026-09-01 00:14:27.170147800+00:00,47.2144,21.0243,0.0,1,32.1,0.104,57.497058682242034
2026-09-01 00:14:27.330670800+00:00,47.1877,20.9547,0.0,1,-4.5,0.106,63.473549443137415
2026-09-01 00:14:27.527462300+00:00,47.2122,21.0284,0.0,1,-2.7,0.204,57.40530952599514
2026-09-01 00:14:28.377371700+00:00,46.9224,20.7355,0.0,1,-10.8,0.115,95.51621172415423
2026-09-01 00:14:32.655235200+00:00,46.8257,20.75,0.0,1,3.2,0.134,102.74921825168154
2026-09-01 00:14:32.981949700+00:00,46.8276,20.7447,0.0,1,2.7,0.191,102.84649230758215
2026-09-01 00:14:35.340968400+00:00,46.7755,20.7246,0.0,1,-6.9,0.115,108.2934077440422
2026-09-01 00:14:36.471946700+00:00,47.187,20.7994,0.0,1,-2.6,0.029,73.1911953795595
2026-09-01 00:14:36.598475600+00:00,47.1575,20.8098,0.0,1,-4.7,0.116,74.32443277765151
2026-09-01 00:14:36.599144100+00:00,47.1771,20.7907,0.0,1,-5.7,0.057,74.33320313972024
2026-09-01 00:14:36.980241500+00:00,47.0297,20.2861,0.0,1,-5.5,0.083,115.54335141816226
2026-09-01 00:14:36.980669600+00:00,47.0295,20.2851,0.0,1,-2.0,0.086,115.62030991102033
2026-09-01 00:14:37.083077200+00:00,47.0433,20.2701,0.0,1,-3.0,0.081,115.8738381081272
2026-09-01 00:14:37.179509400+00:00,47.0304,20.3065,0.0,1,-3.3,0.092,114.1597795321476
2026-09-01 00:14:37.307408100+00:00,47.0063,20.3426,0.0,1,2.3,0.07,113.16973543607766
2026-09-01 00:14:38.612127100+00:00,47.1007,20.7449,0.0,1,-4.1,0.088,81.9784048649728
2026-09-01 00:14:38.706445100+00:00,47.0731,20.761,0.0,1,-6.2,0.092,82.86252045778201
2026-09-01 00:14:38.893030200+00:00,46.8988,20.8377,0.0,1,5.4,0.072,92.23640669809282
2026-09-01 00:14:38.985116600+00:00,47.127,20.7029,0.0,1,4.7,0.115,82.93126673558815
2026-09-01 00:14:40.338360600+00:00,47.116,20.4009,0.0,1,5.3,0.079,103.3448570291496
2026-09-01 00:14:40.392988900+00:00,47.1241,20.4183,0.0,1,-8.2,0.089,101.76308343644628
2026-09-01 00:14:40.460153+00:00,47.107,20.3314,0.0,1,-6.8,0.073,108.49483556914271
2026-09-01 00:14:40.464231700+00:00,47.1177,20.4269,0.0,1,-3.0,0.089,101.50869775424842
2026-09-01 00:14:40.710355900+00:00,47.1103,20.4289,0.0,1,-11.3,0.056,101.75616173288076
2026-09-01 00:14:42.647368200+00:00,47.2435,21.4038,0.0,1,-7.7,0.712,36.1850857921956
2026-09-01 00:14:42.647600700+00:00,47.2489,21.4496,0.0,1,4.6,0.165,34.162728083381595
2026-09-01 00:14:49.847836300+00:00,46.8547,20.7212,0.0,1,-9.7,0.097,101.74683221580207
2026-09-01 00:14:49.934520100+00:00,46.8085,20.7339,0.0,1,-19.2,0.105,105.00288422960296
2026-09-01 00:14:49.986146+00:00,46.8367,20.7365,0.0,1,3.5,0.064,102.48069846278214
2026-09-01 00:14:49.995233+00:00,46.8536,20.7139,0.0,1,-9.6,0.121,102.20944778633628
2026-09-01 00:14:49.997096700+00:00,46.8564,20.6986,13.4,2,4.4,0.095,102.7646321136986
2026-09-01 00:14:50.317715100+00:00,46.8518,20.7228,0.0,1,-11.9,0.107,101.90573606349938
2026-09-01 00:14:50.344838600+00:00,46.7989,20.6898,0.0,1,-3.7,0.107,107.98451724478096
2026-09-01 00:14:53.249584400+00:00,47.1664,20.8551,0.0,1,4.9,0.11,70.94652111950337
2026-09-01 00:14:53.290081400+00:00,47.1628,20.856,0.0,1,-9.4,0.105,71.12260744204671
2026-09-01 00:14:56.242455+00:00,46.3984,21.3957,0.0,1,-17.9,0.239,127.22564484515456
2026-09-01 00:14:56.242731900+00:00,46.389,21.4259,0.0,1,12.8,0.501,127.96725787235502
2026-09-01 00:14:56.269589500+00:00,46.414,21.4091,0.0,1,-11.4,0.196,125.36921977919918
2026-09-01 00:14:56.287722900+00:00,46.4032,21.4208,0.0,1,-7.2,0.239,126.44685667093422
2026-09-01 00:14:56.670743200+00:00,46.5579,20.59,0.0,1,3.1,0.151,133.78831127052894
2026-09-01 00:14:57.543413200+00:00,46.9002,20.7769,0.0,1,5.2,0.139,95.1543141777074
2026-09-01 00:14:59.102870500+00:00,47.157,20.2353,0.0,1,-2.3,0.085,112.84650389966232
2026-09-01 00:14:59.373692900+00:00,47.1933,20.1893,0.0,1,-5.6,0.065,114.6528937141684
2026-09-01 00:14:59.506796400+00:00,47.1813,20.189,0.0,1,2.2,0.075,115.13039508160085
2026-09-01 00:14:59.587709400+00:00,47.1518,20.2301,0.0,1,4.1,0.081,113.42951044824981
2026-09-01 00:15:01.481639900+00:00,46.8209,20.7395,0.0,1,3.2,0.109,103.67132040523639
2026-09-01 00:15:01.497249600+00:00,46.8133,20.7896,0.0,1,5.3,0.146,101.92525943113466
2026-09-01 00:15:01.555040600+00:00,46.8037,20.7753,0.0,1,3.4,0.077,103.43699455337413
2026-09-01 00:15:01.724135700+00:00,46.8292,20.6677,0.0,1,2.6,0.121,106.58159623055188
2026-09-01 00:15:04.395519900+00:00,46.8284,20.7175,0.0,1,-15.0,0.102,104.12435099515682
2026-09-01 00:15:04.491305300+00:00,46.8286,20.7157,0.0,1,-10.2,0.095,104.19746343109527
2026-09-01 00:15:04.548417100+00:00,46.8286,20.7159,0.0,1,-11.7,0.107,104.18746997950942
2026-09-01 00:15:04.579425600+00:00,46.8287,20.7146,0.0,1,-10.0,0.092,104.2440695398837
2026-09-01 00:15:04.598809100+00:00,46.8284,20.7161,0.0,1,-5.8,0.089,104.19425092455123
2026-09-01 00:15:04.638630100+00:00,46.8285,20.7156,0.0,1,-15.4,0.108,104.21084498115492
2026-09-01 00:15:04.690364200+00:00,46.8285,20.7157,0.0,1,-5.1,0.118,104.20584818534226
2026-09-01 00:15:04.863301900+00:00,46.8286,20.7153,0.0,1,-14.9,0.112,104.21745403580877
2026-09-01 00:15:04.963799700+00:00,46.8285,20.7158,0.0,1,-3.8,0.082,104.20085169803467
2026-09-01 00:15:05.099775200+00:00,46.8284,20.7161,0.0,1,-5.0,0.085,104.19425092455123
2026-09-01 00:15:05.145191700+00:00,46.8284,20.7155,0.0,1,-4.6,0.071,104.22422656606177
2026-09-01 00:15:05.175412500+00:00,46.8284,20.7156,0.0,1,-8.5,0.11,104.21922985447515
2026-09-01 00:15:05.869990900+00:00,47.1002,22.1147,0.0,1,-4.4,0.254,60.42408025695815
2026-09-01 00:15:09.674684+00:00,46.8944,20.7948,0.0,1,5.0,0.125,94.73076947301074
2026-09-01 00:15:09.857546700+00:00,46.8984,20.7964,0.0,1,3.0,0.136,94.316545148407
2026-09-01 00:15:09.860239900+00:00,46.9011,20.8762,0.0,1,-3.2,0.123,90.18388047680739
2026-09-01 00:15:12.782437700+00:00,47.0819,20.7337,0.0,1,-12.9,0.109,83.90347941690595
2026-09-01 00:15:12.783200100+00:00,47.0798,20.7296,0.0,1,-4.5,0.085,84.29194667211108
2026-09-01 00:15:12.788107800+00:00,47.0194,20.3463,0.0,1,-4.1,0.146,112.1739925417702
2026-09-01 00:15:12.798994700+00:00,47.0735,20.7083,0.0,1,-17.5,0.115,86.0032446064619
2026-09-01 00:15:12.801701200+00:00,47.0809,20.7346,0.0,1,-3.9,0.091,83.91586793151663
2026-09-01 00:15:12.840307300+00:00,47.0562,20.7268,0.0,1,-16.1,0.113,86.06019353047718
2026-09-01 00:15:12.894153900+00:00,47.1141,20.6752,0.0,1,11.4,0.085,85.47047408043345
2026-09-01 00:15:12.894872100+00:00,47.1147,20.6753,0.0,1,4.8,0.097,85.42758296677847
2026-09-01 00:15:12.896640800+00:00,47.0545,20.7638,0.0,1,-7.0,0.117,83.99588293515846
2026-09-01 00:15:12.900064500+00:00,47.1321,20.6928,0.0,1,3.0,0.125,83.2649460654153
2026-09-01 00:15:12.901233+00:00,47.1336,20.6922,0.0,1,3.3,0.116,83.21352554537503
2026-09-01 00:15:12.918522700+00:00,47.1394,20.7301,0.0,1,4.6,0.093,80.45459991386493
2026-09-01 00:15:12.919241100+00:00,47.1031,20.682,8.4,2,3.3,0.075,85.72056613524009
2026-09-01 00:15:12.920073900+00:00,47.0326,20.3252,0.0,1,-14.6,0.089,112.80853129575644
2026-09-01 00:15:12.921776600+00:00,47.0243,20.4137,5.7,2,-4.5,0.097,107.53403716707679
2026-09-01 00:15:12.928742800+00:00,47.0222,20.3533,0.0,1,-5.4,0.097,111.55879110089995
2026-09-01 00:15:12.952215+00:00,47.0615,20.721,0.0,1,-3.0,0.112,86.04378323528161
2026-09-01 00:15:12.966576700+00:00,47.0887,20.7761,0.0,1,-2.5,0.109,80.89296437482143
2026-09-01 00:15:13.032272500+00:00,47.0198,20.3469,0.0,1,-4.1,0.09,112.11210293972464
2026-09-01 00:15:13.036940500+00:00,47.0106,20.2975,0.0,1,3.9,0.086,115.85414747011447
2026-09-01 00:15:13.061613100+00:00,47.0825,20.7325,0.0,1,-5.4,0.079,83.93613256435977
2026-09-01 00:15:13.407866100+00:00,47.0034,20.3897,0.0,1,4.3,0.134,110.31480068906058
2026-09-01 00:15:15.963236600+00:00,46.9159,20.7857,0.0,1,-3.3,0.09,93.41380100678629
2026-09-01 00:15:20.165081100+00:00,47.0514,20.9782,0.0,1,3.1,0.043,72.4406027472046
2026-09-01 00:15:21.101286500+00:00,47.3883,20.1211,0.0,1,-5.8,0.083,114.34908229802639
2026-09-01 00:15:21.102405800+00:00,47.3872,20.1253,0.0,1,-3.3,0.078,114.05475522724959
2026-09-01 00:15:21.103588100+00:00,47.3862,20.1261,0.0,1,-4.9,0.095,114.01198899511628
2026-09-01 00:15:21.128856500+00:00,47.3973,20.1263,0.0,1,2.6,0.097,113.8168226788845
2026-09-01 00:15:21.148567700+00:00,47.3645,20.0958,0.0,1,2.2,0.027,116.65071654149351
2026-09-01 00:15:21.157531400+00:00,47.4649,20.065,0.0,1,2.5,0.03,117.59943330548745
2026-09-01 00:15:21.158676+00:00,47.4727,20.0564,0.0,1,-3.2,0.051,118.18421600412975
2026-09-01 00:15:21.159366200+00:00,47.4774,20.0573,0.0,1,-3.4,0.069,118.08362193867957
2026-09-01 00:15:21.160123100+00:00,47.4779,20.0482,0.0,1,-6.8,0.078,118.76288236928522
2026-09-01 00:15:21.242985600+00:00,47.3885,20.1184,0.0,1,1.9,0.076,114.54677563973112
2026-09-01 00:15:21.299974900+00:00,47.3518,20.1504,0.0,1,42.5,0.074,112.85429604131046
2026-09-01 00:15:21.343122500+00:00,47.3836,20.1006,0.0,1,3.3,0.057,115.95344077840788
2026-09-01 00:15:21.478830800+00:00,47.2682,20.009,0.0,1,3.9,0.096,125.27118916868767
2026-09-01 00:15:24.932055500+00:00,47.1588,20.8355,0.0,1,-7.6,0.123,72.64469007279874
2026-09-01 00:15:25.255221900+00:00,47.1732,20.8854,0.0,1,-2.8,0.066,68.6424595291256
2026-09-01 00:15:25.485271300+00:00,47.1589,20.836,0.0,1,-10.1,0.116,72.60736425963235
2026-09-01 00:15:29.149042400+00:00,46.7853,20.7502,0.0,1,7.2,0.088,106.22670335570209
2026-09-01 00:15:29.196065100+00:00,46.8165,20.7394,0.0,1,-11.5,0.101,104.05140457482678
2026-09-01 00:15:29.325088900+00:00,46.8169,20.7403,0.0,1,-14.1,0.108,103.97338041934928
2026-09-01 00:15:29.383237400+00:00,46.8171,20.741,0.0,1,-8.3,0.139,103.92218877438393
2026-09-01 00:15:29.498434700+00:00,46.8172,20.7405,0.0,1,-11.1,0.133,103.93801515319937
2026-09-01 00:15:29.621927+00:00,46.8179,20.7384,0.0,1,-9.9,0.075,103.98074376874331
2026-09-01 00:15:29.767328300+00:00,46.8172,20.7389,0.0,1,-11.9,0.113,104.01604450380547
2026-09-01 00:15:29.768787600+00:00,46.7071,20.6581,0.0,1,10.1,0.148,117.39998606045528
2026-09-01 00:15:29.874580900+00:00,46.8171,20.7402,0.0,1,-9.8,0.085,103.96117721849502
2026-09-01 00:15:29.877752200+00:00,46.8481,20.6287,0.0,1,5.6,0.056,107.09788038242272
2026-09-01 00:15:29.963917600+00:00,46.8918,20.7862,0.0,1,3.6,0.099,95.37963345978217
2026-09-01 00:15:29.966758700+00:00,46.8901,20.7836,0.0,1,3.4,0.152,95.65211045454446
2026-09-01 00:15:29.969191800+00:00,46.8928,20.7808,0.0,1,4.1,0.135,95.56871147992369
2026-09-01 00:15:29.970229+00:00,46.8944,20.7859,0.0,1,3.0,0.161,95.1782831793052
2026-09-01 00:15:29.972677+00:00,46.899,20.7866,0.0,1,5.7,0.176,94.76085944201147
2026-09-01 00:15:29.977287100+00:00,46.8182,20.7401,0.0,1,-13.7,0.134,103.8721674107197
2026-09-01 00:15:30.084567900+00:00,46.8723,20.7977,0.0,1,2.6,0.087,96.44851102660928
2026-09-01 00:15:34.558233500+00:00,46.8455,20.7526,0.0,1,-7.4,0.12,100.94050797935839
2026-09-01 00:15:34.659098300+00:00,46.8454,20.7518,0.0,1,-7.8,0.108,100.98854322716541
2026-09-01 00:15:34.725197200+00:00,46.8835,20.7842,0.0,1,-9.6,0.131,96.17322927623862
2026-09-01 00:15:38.931149500+00:00,46.8391,20.7043,0.0,1,-3.1,0.183,103.89630819269179
2026-09-01 00:15:40.944566+00:00,47.2205,21.0533,0.0,1,4.5,0.12,55.36024148727123
2026-09-01 00:15:40.944998200+00:00,47.2222,21.056,0.0,1,-5.3,0.201,55.08285914795241
2026-09-01 00:15:45.689961600+00:00,47.0845,20.7366,0.0,1,4.9,0.087,83.55434504819029
2026-09-01 00:15:45.690418300+00:00,47.0846,20.7353,0.0,1,-4.4,0.088,83.62647996457297
2026-09-01 00:15:45.690678600+00:00,47.0841,20.7311,0.0,1,-2.8,0.09,83.9145581039621
2026-09-01 00:15:45.715671400+00:00,47.0641,20.732,0.0,1,-13.8,0.069,85.208387590438
2026-09-01 00:15:45.757939500+00:00,47.0843,20.7688,0.0,1,-13.0,0.091,81.62957875136202
2026-09-01 00:15:45.967238+00:00,47.0447,20.7127,0.0,1,-15.2,0.068,87.69134167533312
2026-09-01 00:15:46.025675200+00:00,47.0444,20.7133,0.0,1,-7.9,0.063,87.67650825774311
2026-09-01 00:15:46.027441900+00:00,47.099,20.8091,0.0,1,3.9,0.093,78.21961372105709
2026-09-01 00:15:47.344258900+00:00,46.8941,20.7824,0.0,1,5.4,0.128,95.37990394559311
2026-09-01 00:15:49.019275200+00:00,47.2418,21.2498,0.0,1,15.4,0.143,42.96602191621102
2026-09-01 00:15:49.019867+00:00,47.243,21.248,0.0,1,26.3,0.131,42.95578413956011
2026-09-01 00:15:49.020799300+00:00,47.2443,21.2462,0.0,1,-6.6,0.291,42.93809022934652
2026-09-01 00:15:49.650348+00:00,46.799,20.687,0.0,1,-2.5,0.085,108.11513583260844
2026-09-01 00:15:52.430704+00:00,47.1968,21.2816,0.0,1,4.1,0.124,45.429461899900964
2026-09-01 00:15:52.431695+00:00,47.1938,21.2823,0.0,1,-3.9,0.174,45.67362896037734
2026-09-01 00:15:58.013022700+00:00,46.9011,20.7776,0.0,1,3.8,0.104,95.04442971025452
2026-09-01 00:15:58.013487500+00:00,46.9011,20.7766,0.0,1,3.0,0.109,95.09543975190464
2026-09-01 00:15:58.083893400+00:00,47.2551,21.5276,0.0,1,16.4,0.106,31.648100148681394
2026-09-01 00:15:58.084253400+00:00,47.2561,21.5245,0.0,1,3.8,0.129,31.59640775663404
2026-09-01 00:15:58.267181+00:00,47.0442,20.2767,0.0,1,18.4,0.081,115.38652193585224
2026-09-01 00:15:58.267964700+00:00,47.0431,20.2673,0.0,1,-5.6,0.055,116.07101814872196
2026-09-01 00:16:02.942529800+00:00,47.1446,20.8317,0.0,1,6.2,0.113,73.79603411255415
2026-09-01 00:16:02.963675400+00:00,47.1452,20.8307,0.0,1,4.8,0.102,73.81813336653826
2026-09-01 00:16:03.110891900+00:00,47.1745,20.8054,0.0,1,-9.4,0.1,73.55369261034099
2026-09-01 00:16:03.455498500+00:00,47.1376,20.8412,0.0,1,-2.4,0.125,73.67900240386699
2026-09-01 00:16:06.496074900+00:00,46.8018,20.7311,0.0,1,-14.0,0.107,105.7126790421982
2026-09-01 00:16:06.523083+00:00,46.7875,20.7488,0.0,1,6.3,0.095,106.10108475533801
2026-09-01 00:16:06.547120+00:00,46.8016,20.7312,0.0,1,-7.7,0.1,105.7249890083758
2026-09-01 00:16:06.547644200+00:00,46.8079,20.7474,0.0,1,-3.2,0.107,104.40115661753421
2026-09-01 00:16:09.421912300+00:00,46.879,20.6881,0.0,1,-4.0,0.037,101.485838203084
2026-09-01 00:16:09.747612500+00:00,46.8473,20.7135,0.0,1,-15.5,0.136,102.75028817190547
2026-09-01 00:16:09.748349200+00:00,46.8304,20.6214,0.0,1,-11.5,0.133,108.89652653810414
2026-09-01 00:16:09.865319200+00:00,46.8469,20.7134,0.0,1,-24.8,0.1,102.78848001406777
2026-09-01 00:16:09.944917900+00:00,46.847,20.7137,0.0,1,-13.6,0.091,102.76497120038829
2026-09-01 00:16:10.018758400+00:00,46.8469,20.7141,0.0,1,-14.6,0.074,102.75295145209968
2026-09-01 00:16:10.035636100+00:00,46.9951,20.7479,0.0,1,-3.0,0.067,89.23150933433942
2026-09-01 00:16:10.070536200+00:00,46.4046,21.4032,0.0,1,4.3,0.233,126.46497351873182
2026-09-01 00:16:10.073895400+00:00,46.4078,21.3956,0.0,1,4.2,0.266,126.1913590784428
2026-09-01 00:16:10.152903100+00:00,46.991,20.733,0.0,1,-10.8,0.096,90.37529899453816
2026-09-01 00:16:10.299896700+00:00,46.9905,20.7318,0.0,1,-12.9,0.105,90.48013526394858
2026-09-01 00:16:10.301399100+00:00,46.9939,20.6988,0.0,1,14.4,0.099,92.10726552387253
2026-09-01 00:16:10.374498200+00:00,46.9903,20.7314,0.0,1,-9.0,0.087,90.51756209764284
2026-09-01 00:16:10.573330+00:00,46.9905,20.7318,0.0,1,-14.8,0.105,90.48013526394858
2026-09-01 00:16:10.628907+00:00,46.9908,20.7317,0.0,1,-4.8,0.125,90.46345121793347
2026-09-01 00:16:10.749988900+00:00,46.991,20.7317,0.0,1,-4.0,0.074,90.4485749508478
2026-09-01 00:16:15.755251700+00:00,46.7721,20.7536,0.0,1,4.1,0.117,107.22368719475045
2026-09-01 00:16:16.100174+00:00,46.7727,20.7479,0.0,1,3.8,0.134,107.43714746234978
2026-09-01 00:16:16.104100500+00:00,46.7639,20.7141,0.0,1,-3.2,0.142,109.80008479032158
2026-09-01 00:16:16.110541200+00:00,46.9663,20.8328,0.0,1,-9.2,0.046,86.8755304899876
2026-09-01 00:16:16.168352+00:00,46.7709,20.7504,0.0,1,4.7,0.065,107.47838488925177
2026-09-01 00:16:17.072985100+00:00,47.0476,20.4731,0.0,1,-6.0,0.104,102.34395665981691
2026-09-01 00:16:17.088459900+00:00,47.0489,20.4755,0.0,1,8.8,0.09,102.11308320748424
2026-09-01 00:16:17.107332900+00:00,47.0483,20.4731,0.0,1,-4.1,0.087,102.30255987223755
2026-09-01 00:16:17.682727300+00:00,46.9338,20.4898,0.0,1,2.9,0.094,108.6023917693612
2026-09-01 00:16:17.683451600+00:00,46.9241,20.4925,0.0,1,3.7,0.076,109.1118532996325
2026-09-01 00:16:17.684083400+00:00,46.9298,20.4613,4.6,2,3.4,0.022,110.5830838494659
2026-09-01 00:16:17.906342400+00:00,46.9287,20.4781,0.0,1,4.5,0.051,109.6513706005532
2026-09-01 00:16:18.300989300+00:00,46.9008,20.7894,0.0,1,3.6,0.143,94.46987576911637
2026-09-01 00:16:18.302834900+00:00,46.901,20.7897,0.0,1,3.0,0.109,94.43810702262783
2026-09-01 00:16:18.306250800+00:00,46.9024,20.7928,0.0,1,2.2,0.157,94.16516391467249
2026-09-01 00:16:18.381360800+00:00,46.9092,20.8047,0.0,1,-3.1,0.111,92.99934827416459
2026-09-01 00:16:19.042138800+00:00,47.0412,20.9459,0.0,1,6.0,0.097,74.93328038960185
2026-09-01 00:16:19.042395100+00:00,47.041,20.9499,0.0,1,-3.8,0.119,74.7429667257282
2026-09-01 00:16:19.216862400+00:00,47.0436,20.9365,0.0,1,4.0,0.424,75.22780000751246
2026-09-01 00:16:19.227437800+00:00,47.0314,20.9519,0.0,1,-9.3,0.127,75.42673451766676
2026-09-01 00:16:19.228986500+00:00,47.042,20.9464,0.0,1,-4.4,0.141,74.8424220469801
2026-09-01 00:16:19.403161300+00:00,47.0031,20.9849,0.0,1,2.6,0.051,76.17706550499177
2026-09-01 00:16:19.882265800+00:00,47.0831,20.7379,0.0,1,-4.0,0.116,83.56910635281837
2026-09-01 00:16:19.946746700+00:00,47.0626,20.7497,0.0,1,-14.2,0.097,84.25862440925462
2026-09-01 00:16:19.997481300+00:00,47.1059,20.7571,0.0,1,-9.6,0.079,80.89164597315045
2026-09-01 00:16:25.832281+00:00,46.8627,20.7422,0.0,1,-8.9,0.127,100.01943775069265
2026-09-01 00:16:25.908425300+00:00,46.8221,20.732,0.0,1,-10.4,0.111,103.93730482038343
2026-09-01 00:16:26.111292800+00:00,46.8235,20.7344,0.0,1,-14.0,0.095,103.70048116710909
2026-09-01 00:16:26.156384700+00:00,46.8234,20.7337,0.0,1,-6.3,0.126,103.7433993989214
2026-09-01 00:16:27.007619700+00:00,46.5677,20.5867,0.0,1,-3.1,0.178,133.05174531306233
2026-09-01 00:16:27.027376200+00:00,46.5677,20.5952,0.0,1,-3.3,0.091,132.67120851480598
2026-09-01 00:16:27.201353300+00:00,46.7001,20.4356,0.0,1,2.8,0.059,129.14925281983128
2026-09-01 00:16:27.222866200+00:00,46.5926,20.6075,0.0,1,3.5,0.087,129.87760261818534
2026-09-01 00:16:27.596973400+00:00,47.1614,21.0304,0.0,1,-2.9,0.075,60.966286752966006
2026-09-01 00:16:27.657477300+00:00,47.1384,21.065,0.0,1,-9.0,0.092,60.88594542659342
2026-09-01 00:16:27.751842500+00:00,47.1393,21.0644,0.0,1,-9.8,0.106,60.845383276539685
2026-09-01 00:16:27.752501800+00:00,47.1756,21.0321,0.0,1,4.0,0.134,59.81091064523823
2026-09-01 00:16:29.769244100+00:00,46.9709,20.8137,0.0,1,-4.9,0.097,87.50984407940024
2026-09-01 00:16:31.817523900+00:00,47.026,20.3336,0.0,1,-2.6,0.1,112.62708998968155
2026-09-01 00:16:31.825058300+00:00,46.8086,20.8147,0.0,1,6.0,0.11,101.1740342396968
2026-09-01 00:16:35.670463400+00:00,47.094,20.6932,0.0,1,3.2,0.107,85.5961721402891
2026-09-01 00:16:35.701951+00:00,47.1044,20.7261,0.0,1,5.4,0.122,82.89408502772638
2026-09-01 00:16:35.727579900+00:00,46.9029,20.7754,0.0,1,-2.8,0.089,95.0085925448548
2026-09-01 00:16:35.952326800+00:00,46.9041,20.7695,0.0,1,-8.1,0.121,95.21257958333709
2026-09-01 00:16:36.032587400+00:00,47.1372,20.7593,0.0,1,2.0,0.098,78.75166826681784
2026-09-01 00:16:36.209781+00:00,47.1611,20.7488,0.0,1,-3.8,0.08,77.96124414961032
2026-09-01 00:16:36.221880200+00:00,47.0848,20.8367,0.0,1,-8.1,0.134,77.59717842070037
2026-09-01 00:16:36.243674300+00:00,47.1348,20.7983,0.0,1,-2.7,0.079,76.48296568692925
2026-09-01 00:16:36.379106300+00:00,47.4024,20.1171,0.0,1,-2.6,0.048,114.4244047858344
2026-09-01 00:16:36.439506200+00:00,47.1504,20.7039,4.0,2,-4.3,0.045,81.47154642646422
2026-09-01 00:16:38.928980300+00:00,47.4915,20.3921,0.0,1,-4.3,0.07,92.87664098036605
2026-09-01 00:16:38.942050300+00:00,47.5052,20.3849,0.0,1,-26.7,0.097,93.34428436195888
2026-09-01 00:16:38.956453900+00:00,47.4913,20.3904,0.0,1,-4.7,0.057,93.00541514129908
2026-09-01 00:16:38.961859700+00:00,47.5022,20.3915,0.0,1,-17.6,0.073,92.86270974297314
2026-09-01 00:16:38.965833800+00:00,47.4708,20.3618,0.0,1,2.6,0.078,95.30400001750209
2026-09-01 00:16:38.966514600+00:00,47.4672,20.3647,0.0,1,4.5,0.08,95.11924760013304
2026-09-01 00:16:38.967844600+00:00,47.4667,20.3516,0.0,1,1.8,0.062,96.10517607432823
2026-09-01 00:16:38.970102900+00:00,47.4688,20.3727,0.0,1,4.3,0.096,94.5052558283342
2026-09-01 00:16:38.971308900+00:00,47.4746,20.3798,0.0,1,3.4,0.081,93.92249076784627
2026-09-01 00:16:38.972754500+00:00,47.4783,20.3837,7.3,2,4.2,0.052,93.59997719221703
2026-09-01 00:16:38.973976500+00:00,47.476,20.3972,5.5,2,4.9,0.063,92.60675334625587
2026-09-01 00:16:38.976255800+00:00,47.4885,20.3882,0.0,1,3.6,0.086,93.18842268029788
2026-09-01 00:16:38.980001100+00:00,47.4825,20.2948,0.0,1,-2.0,0.075,100.23445543351602
2026-09-01 00:16:39.081625600+00:00,47.4893,20.4024,0.0,1,-3.0,0.026,92.11806806961582
2026-09-01 00:16:39.258208200+00:00,47.2928,20.5998,0.0,1,2.1,0.072,81.74889198610576
2026-09-01 00:16:40.753360800+00:00,46.9086,20.8006,0.0,1,-8.7,0.125,93.25624322217699
2026-09-01 00:16:40.772528200+00:00,46.8998,20.8368,0.0,1,6.3,0.082,92.1952495646259
2026-09-01 00:16:40.784172400+00:00,46.8969,20.718,0.0,1,3.7,1.642,98.4758848394587
2026-09-01 00:16:40.784864900+00:00,46.9281,20.743,0.0,1,2.8,0.12,94.66495109244913
2026-09-01 00:16:46.160950700+00:00,46.7807,20.7696,0.0,1,2.9,0.087,105.72248640761316
2026-09-01 00:16:46.279176+00:00,46.7814,20.7407,0.0,1,3.8,0.117,107.0157916890533
2026-09-01 00:16:46.301798300+00:00,46.7821,20.7623,0.0,1,4.7,0.142,105.93891414107
2026-09-01 00:16:46.380953+00:00,46.806,20.761,0.0,1,2.9,0.044,103.91393030302929
2026-09-01 00:16:46.409910200+00:00,46.7763,20.8026,0.0,1,-3.2,0.113,104.60454778697014
2026-09-01 00:16:47.474518200+00:00,47.1721,20.9018,0.0,1,-4.5,0.095,67.7129554564554
2026-09-01 00:16:49.740177300+00:00,46.8372,20.7393,0.0,1,-13.1,0.135,102.29965294330356
2026-09-01 00:16:49.826909200+00:00,46.8381,20.7416,0.0,1,-6.6,0.114,102.1097550467997
2026-09-01 00:16:53.156499400+00:00,46.9048,20.8146,0.0,1,-6.1,0.071,92.86990219483094
2026-09-01 00:16:53.163421700+00:00,46.8984,20.8203,0.0,1,6.3,0.072,93.12525051786287
2026-09-01 00:16:53.166294400+00:00,46.8996,20.8155,5.2,2,6.5,0.079,93.26188643213663
2026-09-01 00:16:53.310897500+00:00,46.9102,20.8951,0.0,1,2.6,0.09,88.49771443864579
2026-09-01 00:16:53.516007800+00:00,46.9063,20.8169,0.0,1,5.2,0.115,92.62936509547568
2026-09-01 00:16:54.579136400+00:00,46.8405,20.6634,0.0,1,-4.5,0.097,105.88230476486848
2026-09-01 00:16:55.022113700+00:00,46.8407,20.6634,0.0,1,-5.8,0.107,105.86607172251743
2026-09-01 00:16:55.060777+00:00,46.8063,20.6825,0.0,1,-4.8,0.118,107.72686354527931
2026-09-01 00:16:55.424683+00:00,47.2418,21.2668,0.0,1,16.3,0.114,42.130427828348516
2026-09-01 00:16:55.448866700+00:00,47.2464,21.2332,0.0,1,-11.9,0.139,43.42687002967924
2026-09-01 00:16:55.608731500+00:00,47.0652,20.486,0.0,1,4.6,0.071,100.4817197486219
2026-09-01 00:16:55.613083600+00:00,47.038,20.4558,0.0,1,2.9,0.09,104.02209520390878
2026-09-01 00:16:55.661847800+00:00,47.0246,20.487,0.0,1,2.4,0.068,102.8488435258951
2026-09-01 00:16:55.702380900+00:00,47.0474,20.487,0.0,1,4.1,0.1,101.46570636072825
2026-09-01 00:16:55.903619600+00:00,47.0505,20.481,0.0,1,13.1,0.1,101.66560513627546
2026-09-01 00:16:56.339829400+00:00,47.0288,20.3828,0.0,1,3.1,0.078,109.26509508584547
2026-09-01 00:16:56.346928100+00:00,47.055,20.2921,0.0,1,3.3,0.127,113.7891853113471
2026-09-01 00:16:56.350661100+00:00,47.0337,20.3739,0.0,1,-2.4,0.105,109.56236223400957
2026-09-01 00:16:56.554709100+00:00,46.9076,20.832,0.0,1,-5.5,0.092,91.77006523498623
2026-09-01 00:16:56.555197+00:00,46.9067,20.8334,0.0,1,-3.3,0.096,91.77697909676863
2026-09-01 00:16:57.206829+00:00,46.3852,21.3761,0.0,1,13.1,0.19,128.89137940477295
2026-09-01 00:16:57.228729800+00:00,46.3994,21.3815,0.0,1,-12.3,0.212,127.26892561955394
2026-09-01 00:16:57.278042700+00:00,46.4192,21.405,0.0,1,-8.4,0.217,124.83762632994078
2026-09-01 00:16:59.850501+00:00,47.2227,21.0627,0.0,1,14.8,0.12,54.65466531002424
2026-09-01 00:16:59.851142700+00:00,47.2255,21.0711,0.0,1,-7.3,0.113,53.96637977060479
2026-09-01 00:16:59.942457300+00:00,47.2088,21.0766,0.0,1,-12.7,0.143,54.847568110741804
2026-09-01 00:17:00.021557+00:00,47.2266,21.0777,0.0,1,-13.3,0.097,53.5037067023306
2026-09-01 00:17:01.546449900+00:00,46.816,20.7465,0.0,1,-3.3,0.09,103.74892046049533
2026-09-01 00:17:02.247018600+00:00,46.8515,20.7407,0.0,1,-4.4,0.083,101.02874212027004
2026-09-01 00:17:02.275531800+00:00,47.0358,20.9514,0.0,1,-3.0,0.122,75.09085523656046
2026-09-01 00:17:02.680093900+00:00,46.8513,20.7243,0.0,1,-2.8,0.05,101.87125090388412
2026-09-01 00:17:02.804202500+00:00,47.0485,21.0133,0.0,1,6.2,0.111,70.92336260518725
2026-09-01 00:17:02.812551600+00:00,47.0408,20.9715,0.0,1,-11.4,0.139,73.65540161716906
2026-09-01 00:17:02.960998700+00:00,46.8462,20.6673,0.0,1,-2.6,0.068,105.21713060570912
2026-09-01 00:17:12.250882300+00:00,46.9279,20.9011,0.0,1,-3.1,0.126,86.6766049861537
2026-09-01 00:17:12.679233100+00:00,46.9314,20.787,0.0,1,3.7,0.151,92.08408127504669
2026-09-01 00:17:14.023363200+00:00,47.1642,20.3064,0.0,1,4.4,0.044,107.57332243847416
2026-09-01 00:17:15.696988100+00:00,47.129,20.3817,0.0,1,-3.4,0.062,104.00055404487706
2026-09-01 00:17:17.048838400+00:00,47.1682,20.7446,0.0,1,-18.6,0.106,77.81338979186926
2026-09-01 00:17:17.049756800+00:00,47.168,20.7452,0.0,1,3.4,0.109,77.78642864527666
2026-09-01 00:17:17.050764500+00:00,47.1674,20.7443,11.0,2,-5.3,0.098,77.8793538243214
2026-09-01 00:17:17.055425900+00:00,47.1777,20.7477,0.0,1,2.2,0.078,77.06410581950534
2026-09-01 00:17:17.419570800+00:00,47.1689,20.7448,0.0,1,3.0,0.082,77.75974027656828
2026-09-01 00:17:17.430719100+00:00,47.1686,20.7445,0.0,1,3.6,0.108,77.7965274015411
2026-09-01 00:17:17.451416+00:00,47.1417,20.7672,0.0,1,7.5,0.105,77.97631000515321
2026-09-01 00:17:17.460124700+00:00,47.1793,20.8062,0.0,1,-3.3,0.129,73.21364852130637
2026-09-01 00:17:17.485996200+00:00,47.1443,20.8718,0.0,1,-7.9,0.116,71.38333554482286
2026-09-01 00:17:17.487534700+00:00,47.1833,20.757,0.0,1,5.3,0.06,76.14102873379109
2026-09-01 00:17:18.927011700+00:00,46.905,20.8035,0.0,1,5.2,0.103,93.40937497254617
2026-09-01 00:17:19.008276100+00:00,46.8931,20.8152,0.0,1,2.6,0.086,93.82496227150108
2026-09-01 00:17:19.225489100+00:00,46.9258,20.7646,0.0,1,-2.6,0.155,93.7064247323512
2026-09-01 00:17:19.712304100+00:00,47.0196,20.3389,0.0,1,3.3,0.078,112.64389149528968
2026-09-01 00:17:20.081144700+00:00,47.1231,20.8329,0.0,1,-2.9,0.058,75.15279833921285
2026-09-01 00:17:22.960243200+00:00,46.8187,20.7354,0.0,1,-11.0,0.117,104.05929249460299
2026-09-01 00:17:25.051119500+00:00,46.9149,20.9212,0.0,1,2.7,0.063,86.86516303638689
2026-09-01 00:17:29.975507600+00:00,46.9071,20.8352,0.0,1,4.2,0.143,91.65438265919688
2026-09-01 00:17:30.083300500+00:00,47.1651,21.0377,0.0,1,4.5,0.114,60.2817030023429
2026-09-01 00:17:30.084169800+00:00,47.1663,21.0375,0.0,1,3.5,0.118,60.20232547888454
2026-09-01 00:17:30.085500700+00:00,47.1716,21.0383,0.0,1,2.6,0.099,59.759862909903305
2026-09-01 00:17:30.086187+00:00,47.1723,21.0414,0.0,1,9.2,0.13,59.53419252752022
2026-09-01 00:17:30.088125900+00:00,47.1715,21.0444,0.0,1,2.9,0.076,59.42698143917297
2026-09-01 00:17:30.090719100+00:00,47.1667,21.0418,0.0,1,4.0,0.267,59.93338159361316
2026-09-01 00:17:30.752927200+00:00,47.0389,20.9318,0.0,1,-12.5,0.136,75.85197166929666
2026-09-01 00:17:30.887970300+00:00,47.0358,20.5003,0.0,1,-2.9,0.089,101.32074005786235
2026-09-01 00:17:31.140915700+00:00,47.0418,20.4869,0.0,1,-22.5,0.095,101.807688685682
2026-09-01 00:17:31.252349900+00:00,47.0419,20.4873,0.0,1,-8.5,0.099,101.7761826268129
2026-09-01 00:17:31.599962100+00:00,47.042,20.4875,0.0,1,-11.9,0.092,101.75742104322184
2026-09-01 00:17:36.982989200+00:00,46.8739,20.7509,0.0,1,-11.0,0.108,98.64981253351138
2026-09-01 00:17:37.062517900+00:00,46.8613,20.7297,0.0,1,-12.9,0.112,100.76897824740995
2026-09-01 00:17:37.198975200+00:00,46.8565,20.7304,0.0,1,-9.7,0.096,101.13098619466682
2026-09-01 00:17:37.234298100+00:00,46.8562,20.7299,0.0,1,-17.0,0.102,101.18118961268277
2026-09-01 00:17:37.292570200+00:00,46.8567,20.7299,0.0,1,-8.2,0.101,101.13971722429311
2026-09-01 00:17:37.350635300+00:00,46.8614,20.6767,0.0,1,-3.7,0.106,103.49813905596503
2026-09-01 00:17:37.351014300+00:00,46.8551,20.7315,0.0,1,-12.7,0.083,101.19157601252782
2026-09-01 00:17:39.033306700+00:00,46.9261,20.7428,0.0,1,2.1,0.155,94.83424367068261
2026-09-01 00:17:39.091547500+00:00,46.9073,20.8386,0.0,1,2.5,0.148,91.47005274163935
2026-09-01 00:17:39.132726900+00:00,46.9014,20.8411,0.0,1,3.2,0.163,91.84889501933115
2026-09-01 00:17:39.204270500+00:00,46.895,20.8442,0.0,1,2.9,0.08,92.24496515603097
2026-09-01 00:17:40.377293900+00:00,46.8195,20.7388,0.0,1,-15.9,0.114,103.82481538631306
2026-09-01 00:17:40.565768500+00:00,46.8285,20.7412,0.0,1,-17.1,0.117,102.94185854635025
2026-09-01 00:17:40.909660200+00:00,46.8232,20.7327,0.0,1,-10.6,0.092,103.80957425143454
2026-09-01 00:17:40.910521400+00:00,46.754,20.6596,0.0,1,11.1,0.107,113.28022285159183
2026-09-01 00:17:41.000873+00:00,46.8227,20.7311,0.0,1,-14.3,0.103,103.93074514537265
2026-09-01 00:17:43.390406+00:00,47.1996,21.3595,0.0,1,-5.2,0.172,42.06701503764262
2026-09-01 00:17:45.323336600+00:00,46.9271,20.8987,0.0,1,4.3,0.135,86.8604381551702
2026-09-01 00:17:45.645427900+00:00,46.9291,20.9028,0.0,1,2.8,0.114,86.49167520186238
2026-09-01 00:17:45.897194600+00:00,46.9035,20.8774,0.0,1,3.8,0.144,89.91866341733481
2026-09-01 00:17:46.751345400+00:00,47.1308,20.285,0.0,1,3.6,0.083,110.54037545034552
2026-09-01 00:17:46.752011100+00:00,47.1314,20.2859,0.0,1,-2.3,0.078,110.45089179090118
2026-09-01 00:17:47.000274400+00:00,47.1336,20.2851,0.0,1,-3.0,0.073,110.40586787684595
2026-09-01 00:17:47.017045900+00:00,47.133,20.2855,0.0,1,-2.7,0.094,110.4055432950223
2026-09-01 00:17:47.049291400+00:00,47.4084,20.1391,0.0,1,-4.7,0.079,112.69466393376429
2026-09-01 00:17:47.223102600+00:00,47.4274,20.1037,0.0,1,-1.8,0.087,115.08371274924409
2026-09-01 00:17:47.255377600+00:00,47.4313,20.1448,0.0,1,2.7,0.091,111.96311922176686
2026-09-01 00:17:47.354899200+00:00,47.0486,20.2734,0.0,1,2.5,0.088,115.3740160723011
2026-09-01 00:17:47.421282100+00:00,47.4101,20.0436,0.0,1,3.0,0.083,119.79914723914557
2026-09-01 00:17:47.421739500+00:00,47.4204,20.0606,0.0,1,2.0,0.049,118.39312891658425
2026-09-01 00:17:47.559720200+00:00,47.4364,20.0212,0.0,1,30.6,0.062,121.15168241573933
2026-09-01 00:17:48.740388500+00:00,46.8049,20.7067,0.0,1,-4.3,0.122,106.6414057987311
2026-09-01 00:17:48.741031500+00:00,46.7921,20.7117,0.0,1,-2.7,0.124,107.48542658551484
2026-09-01 00:17:48.742797100+00:00,46.7873,20.7209,0.0,1,-2.7,0.206,107.45134716244073
2026-09-01 00:17:49.793839200+00:00,46.5437,21.5325,0.0,1,9.5,0.309,110.08410759464387
2026-09-01 00:17:49.794363400+00:00,46.5447,21.535,0.0,1,11.8,0.233,109.96093349954282
2026-09-01 00:17:49.803978700+00:00,46.5388,21.5335,0.0,1,-7.2,0.189,110.62293305733428
2026-09-01 00:17:52.889753500+00:00,47.0514,20.9576,0.0,1,-11.7,0.108,73.49943828048698
2026-09-01 00:17:53.093511+00:00,47.0878,20.7448,0.0,1,-3.9,0.102,82.83749675209852
2026-09-01 00:17:53.094014100+00:00,47.0872,20.7449,0.0,1,-2.8,0.05,82.87150812384878
2026-09-01 00:17:53.117855500+00:00,47.0778,20.7531,0.0,1,-8.6,0.098,83.0118902552958
2026-09-01 00:17:53.387336100+00:00,47.0863,20.7458,0.0,1,-6.0,0.082,82.87725022660493
2026-09-01 00:17:53.520544800+00:00,47.0848,20.7459,0.0,1,-3.3,0.109,82.97172104935933
2026-09-01 00:17:53.822211600+00:00,47.05,20.7191,0.0,1,-9.1,0.116,86.94523784115442
2026-09-01 00:17:57.458638500+00:00,46.8487,20.7755,0.0,1,-15.9,0.116,99.54306152106113
2026-09-01 00:17:57.525235500+00:00,46.9207,20.7588,0.0,1,3.5,0.061,94.42073052537667
2026-09-01 00:17:57.572561700+00:00,46.9209,20.7547,0.0,1,-2.8,0.128,94.6199776139814
2026-09-01 00:17:57.583316600+00:00,46.8329,20.748,0.0,1,-27.8,0.109,102.23421004322577
2026-09-01 00:17:58.881318800+00:00,47.08,20.4828,0.0,1,6.7,0.098,99.84041907751896
2026-09-01 00:17:58.881715600+00:00,47.0805,20.486,0.0,1,-4.1,0.07,99.60360135212119
2026-09-01 00:18:00.523745800+00:00,46.7838,20.747,0.0,1,14.4,0.127,106.50865456715061
2026-09-01 00:18:00.525468+00:00,46.785,20.7519,0.0,1,5.4,0.086,106.17270959177411
2026-09-01 00:18:00.527137700+00:00,46.7842,20.7621,0.0,1,3.1,0.041,105.76387392244268
2026-09-01 00:18:00.541665400+00:00,46.7858,20.7552,0.0,1,8.7,0.103,105.94740480121172
2026-09-01 00:18:00.544523500+00:00,46.7842,20.7549,0.0,1,2.8,0.056,106.10143193215518
2026-09-01 00:18:00.619831900+00:00,46.8211,20.7709,0.0,1,2.6,0.118,102.1339780695414
2026-09-01 00:18:00.682294400+00:00,46.7794,20.737,0.0,1,3.3,0.075,107.36519842523637
2026-09-01 00:18:00.690528700+00:00,46.7789,20.727,0.0,1,4.7,0.057,107.88419832440655
2026-09-01 00:18:00.734560400+00:00,46.7612,20.6744,0.0,1,-2.7,0.143,111.9433979363479
2026-09-01 00:18:00.814209500+00:00,46.7812,20.7455,0.0,1,3.0,0.107,106.80628035884865
2026-09-01 00:18:00.928139100+00:00,46.7857,20.7553,0.0,1,3.8,0.143,105.95144218419254
2026-09-01 00:18:00.960558700+00:00,46.7808,20.7463,0.0,1,4.8,0.129,106.80345098811286
2026-09-01 00:18:00.970788800+00:00,46.7815,20.749,0.0,1,12.8,0.119,106.61507307773942
2026-09-01 00:18:00.994985200+00:00,46.7804,20.7481,0.0,1,3.4,0.147,106.75357462857666
2026-09-01 00:18:01.010296700+00:00,46.786,20.761,0.0,1,3.1,0.071,105.65752680146205
2026-09-01 00:18:01.016578+00:00,46.7811,20.7465,0.0,1,4.2,0.131,106.76782845570828
2026-09-01 00:18:01.031809800+00:00,46.781,20.7463,0.0,1,3.8,0.124,106.78599082664876
2026-09-01 00:18:01.048738700+00:00,46.7813,20.7477,0.0,1,4.4,0.145,106.69379015592905
2026-09-01 00:18:01.066419700+00:00,46.782,20.7438,0.0,1,4.0,0.107,106.81682369893014
2026-09-01 00:18:01.115567700+00:00,46.9047,20.8248,0.0,1,6.1,0.131,92.37103874197226
2026-09-01 00:18:01.164499500+00:00,46.8302,20.579,0.0,1,5.5,0.098,111.17285390457708
2026-09-01 00:18:01.187007800+00:00,46.8189,20.9026,0.0,1,5.3,0.125,96.33618785795397
2026-09-01 00:18:01.203327900+00:00,46.7611,20.2989,0.0,1,3.1,0.078,132.03082210283145
2026-09-01 00:18:01.203575100+00:00,46.7359,20.3714,0.0,1,3.4,0.155,129.8186980688039
2026-09-01 00:18:01.392868900+00:00,46.9022,20.5364,0.0,1,3.7,0.035,108.10193032698454
2026-09-01 00:18:01.437410200+00:00,46.7552,20.2907,0.0,1,4.4,0.075,132.93260991628145
2026-09-01 00:18:01.446044800+00:00,46.7264,20.4018,0.0,1,-3.6,0.096,128.8831308379118
2026-09-01 00:18:01.453016+00:00,46.9275,20.7574,0.0,1,4.0,0.231,93.94917743863503
2026-09-01 00:18:02.132487+00:00,47.1656,21.0145,0.0,1,6.1,0.141,61.544014856032376
2026-09-01 00:18:02.188706900+00:00,47.1679,21.0164,0.0,1,-3.5,0.13,61.26684602081042
2026-09-01 00:18:04.421305600+00:00,47.1165,20.438,0.0,1,-8.9,0.073,100.82565412959501
2026-09-01 00:18:04.446722200+00:00,47.1174,20.4133,0.0,1,-11.1,0.077,102.438594580209
2026-09-01 00:18:04.792813300+00:00,47.2445,21.2653,0.0,1,11.5,0.155,41.97401947178622
2026-09-01 00:18:04.793074900+00:00,47.2452,21.2639,0.0,1,-11.3,0.132,41.98333333832181
2026-09-01 00:18:04.810711300+00:00,47.2411,21.2691,0.0,1,-16.1,0.115,42.07893092631664
2026-09-01 00:18:04.894188200+00:00,47.1574,20.4272,0.0,1,10.5,0.101,99.53369263565938
2026-09-01 00:18:04.894922100+00:00,47.1574,20.4272,0.0,1,7.3,0.086,99.53369263565938
2026-09-01 00:18:04.895484700+00:00,47.1568,20.4276,0.0,1,4.7,0.094,99.53469737730278
2026-09-01 00:18:04.896235600+00:00,47.1544,20.4213,0.0,1,5.0,0.12,100.07935712900637
2026-09-01 00:18:04.902779300+00:00,47.153,20.432,0.0,1,2.0,0.124,99.41486764459755
2026-09-01 00:18:04.988999600+00:00,47.1325,20.5518,0.0,1,-2.6,0.064,92.40457559894092
2026-09-01 00:18:05.071559500+00:00,47.2645,21.2909,0.0,1,3.2,0.187,39.02823447428249
2026-09-01 00:18:05.071980400+00:00,47.2314,21.2147,0.0,1,-4.3,0.137,45.59949203782401
2026-09-01 00:18:05.261926+00:00,47.2067,20.4085,0.0,1,-2.6,0.045,98.63942596279247
2026-09-01 00:18:05.392826+00:00,47.2275,21.2514,0.0,1,-16.3,0.116,44.096153923542
2026-09-01 00:18:05.514195800+00:00,47.2278,21.2508,0.0,1,-22.5,0.132,44.09955376028165
2026-09-01 00:18:11.914429900+00:00,47.1786,20.7867,0.0,1,-6.9,0.1,74.50005954733052
2026-09-01 00:18:12.687316600+00:00,47.0399,20.9603,0.0,1,4.2,0.068,74.29926078761665
2026-09-01 00:18:12.688134900+00:00,47.0402,20.9601,0.0,1,10.5,0.101,74.28483945505437
2026-09-01 00:18:12.688816900+00:00,47.0402,20.9635,0.0,1,-3.8,0.075,74.1113462872741
2026-09-01 00:18:12.705720100+00:00,47.0583,20.9595,0.0,1,4.1,0.107,72.84255069880952
2026-09-01 00:18:13.072437600+00:00,47.0737,20.9524,0.0,1,4.1,0.061,71.98745810701045
2026-09-01 00:18:14.773683700+00:00,47.2221,21.0751,0.0,1,8.4,0.107,53.97429551203999
2026-09-01 00:18:14.773937500+00:00,47.2215,21.0727,0.0,1,-4.9,0.14,54.15626905322604
2026-09-01 00:18:14.805177700+00:00,47.2198,21.072,0.0,1,-5.5,0.139,54.31790288880136
2026-09-01 00:18:14.821016600+00:00,47.208,21.0583,0.0,1,-9.8,0.102,55.95428321900588
2026-09-01 00:18:14.870734700+00:00,47.2334,21.0885,0.0,1,-20.8,0.127,52.39350576557574
2026-09-01 00:18:14.895818400+00:00,47.2192,21.0773,0.0,1,4.1,0.127,54.05432043166081
2026-09-01 00:18:14.898052200+00:00,47.2202,21.0745,7.5,2,-3.1,0.043,54.14454816587222
2026-09-01 00:18:14.900955200+00:00,47.2088,21.0812,0.0,1,-3.0,0.177,54.586108479455476
2026-09-01 00:18:14.935358100+00:00,47.2109,21.1172,0.0,1,-12.2,0.114,52.414131535596475
2026-09-01 00:18:16.034003200+00:00,46.81,20.733,0.0,1,-7.9,0.12,104.91842949756396
2026-09-01 00:18:18.605602500+00:00,46.9079,20.7969,6.7,2,2.9,0.022,93.50153151036653
2026-09-01 00:18:19.408454200+00:00,46.7598,20.7896,0.0,1,-4.0,0.089,106.66981206024717
2026-09-01 00:18:19.684244500+00:00,47.013,20.7238,0.0,1,3.3,0.2,89.28516459539041
2026-09-01 00:18:21.390634+00:00,46.5756,20.5908,0.0,1,-7.8,0.094,132.15693007357473
2026-09-01 00:18:21.404749800+00:00,46.5749,20.5919,0.0,1,-6.2,0.109,132.17038111097608
2026-09-01 00:18:24.739015100+00:00,46.9146,20.9169,0.0,1,3.3,0.135,87.0912323112501
2026-09-01 00:18:24.740360600+00:00,46.9139,20.9163,0.0,1,3.9,0.134,87.18067594715245
2026-09-01 00:18:24.741589300+00:00,46.9094,20.9204,0.0,1,3.6,0.178,87.38733285346775
2026-09-01 00:18:24.742599500+00:00,46.9066,20.9174,0.0,1,6.2,0.125,87.77308992695428
2026-09-01 00:18:24.979478100+00:00,47.1174,20.8008,0.0,1,-11.6,0.093,77.47186442391909
2026-09-01 00:18:25.050827100+00:00,47.1041,20.7759,0.0,1,-9.1,0.098,79.86663716078219
2026-09-01 00:18:26.711587700+00:00,46.8221,20.7415,0.0,1,8.5,0.117,103.47128595717871
2026-09-01 00:18:27.679376700+00:00,47.0499,20.2662,0.0,1,3.7,0.1,115.78682885382275
2026-09-01 00:18:27.991879+00:00,47.0416,20.2634,0.0,1,-15.5,0.081,116.41030373647551
2026-09-01 00:18:28.255413+00:00,46.9866,20.2782,0.0,1,6.0,0.079,118.47986418595792
2026-09-01 00:18:28.255705300+00:00,46.9848,20.2736,0.0,1,7.6,0.076,118.88200326430956
2026-09-01 00:18:28.256321400+00:00,46.9845,20.2748,0.0,1,-11.2,0.092,118.82151826233003
2026-09-01 00:18:28.257542700+00:00,46.9819,20.2689,0.0,1,7.7,0.077,119.35414035835875
2026-09-01 00:18:28.259216+00:00,46.9712,20.2578,0.0,1,-5.9,0.071,120.69327691556984
2026-09-01 00:18:28.265190900+00:00,46.9512,20.2112,0.0,1,-4.9,0.079,124.87067910939155
2026-09-01 00:18:28.607436300+00:00,46.8838,20.4262,0.0,1,4.5,0.094,115.8450538912707
2026-09-01 00:18:28.760652100+00:00,46.8233,20.8515,0.0,1,-3.6,0.146,98.18911366892245
2026-09-01 00:18:32.509782100+00:00,47.1792,20.9943,0.0,1,5.1,0.118,61.71799770197119
2026-09-01 00:18:32.837717900+00:00,47.1779,21.002,0.0,1,2.5,0.132,61.3639756303401
2026-09-01 00:18:32.841787300+00:00,47.1843,20.883,0.0,1,2.8,0.233,68.07729116539493
2026-09-01 00:18:32.903192200+00:00,47.1777,21.0025,0.0,1,2.7,0.136,61.34939980703289
2026-09-01 00:18:32.922561800+00:00,47.1785,21.0031,0.0,1,2.7,0.044,61.25740599711613
2026-09-01 00:18:32.946689700+00:00,47.1783,20.9977,0.0,1,5.2,0.132,61.58444240470058
2026-09-01 00:18:37.960192800+00:00,46.5269,21.696,0.0,1,-2.9,0.112,111.83880841689023
2026-09-01 00:18:41.130072+00:00,46.934,20.8757,0.0,1,-12.0,0.108,87.3834071607813
2026-09-01 00:18:41.215382+00:00,46.9343,20.8756,0.0,1,-12.5,0.121,87.36284372332695
2026-09-01 00:18:41.280918200+00:00,46.9343,20.8757,0.0,1,-5.1,0.078,87.35793904251811
2026-09-01 00:18:41.439151300+00:00,46.9341,20.875,0.0,1,-19.9,0.108,87.40925133884416
2026-09-01 00:18:41.480583400+00:00,46.9089,20.7992,0.0,1,2.4,0.109,93.30218081828377
2026-09-01 00:18:41.780225200+00:00,47.1337,22.1935,0.0,1,28.7,0.24,61.467267073183365
2026-09-01 00:18:41.793220700+00:00,47.1333,22.1979,0.0,1,10.4,0.201,61.72992333138789
2026-09-01 00:18:42.991530100+00:00,47.0548,20.4895,0.0,1,-3.6,0.084,100.86595854764305
2026-09-01 00:18:45.116498+00:00,47.1701,20.9288,0.0,1,2.9,0.07,66.21770378110256
2026-09-01 00:18:45.130492800+00:00,47.1696,20.9289,0.0,1,2.4,0.012,66.24568226142641
2026-09-01 00:18:45.424187+00:00,47.1731,20.9134,0.0,1,-3.7,0.09,66.94293008509393
2026-09-01 00:18:45.450560200+00:00,47.1696,20.9279,0.0,1,-2.8,0.103,66.30553042074376
2026-09-01 00:18:46.004436900+00:00,46.8615,20.7574,0.0,1,-16.1,0.101,99.35584217950587
2026-09-01 00:18:46.028423100+00:00,46.8511,20.7598,0.0,1,-11.1,0.086,100.1113818709329
2026-09-01 00:18:46.055340500+00:00,46.861,20.7577,0.0,1,-7.8,0.12,99.3827616622569
2026-09-01 00:18:46.144064700+00:00,46.878,20.737,0.0,1,-19.3,0.101,99.0207474981805
2026-09-01 00:18:46.144607100+00:00,46.8549,20.7266,0.0,1,-5.6,0.108,101.4561629651515
2026-09-01 00:18:46.199816600+00:00,46.878,20.7372,0.0,1,-16.5,0.102,99.01048676172282
2026-09-01 00:18:46.309661900+00:00,46.8501,20.7168,0.0,1,-13.5,0.104,102.3509475669481
2026-09-01 00:18:50.659806700+00:00,47.1342,20.4706,0.0,1,-9.4,0.09,97.72919021875146
2026-09-01 00:18:50.905028900+00:00,47.4125,20.1429,0.0,1,2.0,0.075,112.35220995716459
2026-09-01 00:18:51.093071500+00:00,47.4256,20.1226,0.0,1,2.2,0.104,113.6932235704659
2026-09-01 00:18:51.181424900+00:00,47.3892,20.1031,0.0,1,1.9,0.09,115.67448780600594
2026-09-01 00:18:55.157456900+00:00,46.9155,20.8202,0.0,1,9.5,0.098,91.6946269198151
2026-09-01 00:18:55.158006600+00:00,46.9133,20.8216,0.0,1,-3.1,0.097,91.80827264306721
2026-09-01 00:18:55.158625300+00:00,46.9133,20.8196,0.0,1,-3.4,0.068,91.90843460943697
2026-09-01 00:18:55.194228800+00:00,46.9086,20.7658,0.0,1,-8.2,0.096,95.03570358144762
2026-09-01 00:18:56.359823400+00:00,47.0802,20.744,0.0,1,7.0,0.105,83.39565605531132
2026-09-01 00:18:56.362009800+00:00,47.0771,20.7391,0.0,1,12.5,0.107,83.89973722680213
2026-09-01 00:18:56.682881700+00:00,47.0754,20.7423,6.4,2,-2.9,0.025,83.82238159525805
2026-09-01 00:18:56.769232200+00:00,47.1767,20.7309,0.0,1,2.6,0.101,78.21145719039677
2026-09-01 00:19:02.997951700+00:00,46.6644,20.6596,0.0,1,-4.3,0.085,121.09305066957276
2026-09-01 00:19:02.998495900+00:00,46.6645,20.6584,0.0,1,-4.0,0.137,121.13912142193337
2026-09-01 00:19:03.023733700+00:00,46.6704,20.6387,0.0,1,-3.4,0.136,121.52747265913547
2026-09-01 00:19:03.174331200+00:00,46.6499,20.7075,0.0,1,-9.8,0.115,120.25139201846576
2026-09-01 00:19:03.878053800+00:00,47.164,20.2761,0.0,1,-7.4,0.078,109.69688250825703
2026-09-01 00:19:04.178331400+00:00,47.1696,20.2874,0.0,1,3.7,0.045,108.67022222138121
2026-09-01 00:19:04.180811700+00:00,47.1819,20.292,0.0,1,2.0,0.064,107.83689326430566
2026-09-01 00:19:04.285709400+00:00,47.117,20.2851,0.0,1,-10.2,0.073,111.17301848655649
2026-09-01 00:19:04.288701400+00:00,47.1396,20.3184,0.0,1,-4.0,0.076,107.83506139453989
2026-09-01 00:19:04.450423700+00:00,47.1171,20.2849,0.0,1,-4.0,0.079,111.18203870889417
2026-09-01 00:19:05.307859100+00:00,46.4528,21.4843,0.0,1,35.9,0.297,120.44634449608394
2026-09-01 00:19:05.392245800+00:00,46.4651,21.5033,0.0,1,-8.6,0.243,118.961604426433
2026-09-01 00:19:06.981911700+00:00,46.8483,20.7825,0.0,1,-14.7,0.121,99.23608420991489
2026-09-01 00:19:12.489908200+00:00,46.8186,20.8684,0.0,1,3.1,0.123,97.85616515477146
2026-09-01 00:19:12.490990300+00:00,46.8164,20.8641,0.0,1,4.2,0.134,98.24563790280301
2026-09-01 00:19:12.493270200+00:00,46.8076,20.8207,0.0,1,4.3,0.088,100.98828882734132
2026-09-01 00:19:13.166173900+00:00,47.0829,21.0975,0.0,1,4.9,0.179,63.91352322202508
2026-09-01 00:19:13.167331500+00:00,47.1663,21.0146,0.0,1,-6.8,0.104,61.48668679447427
2026-09-01 00:19:13.341026800+00:00,47.196,21.0767,0.0,1,-6.7,0.169,55.78751876427141
2026-09-01 00:19:13.346618400+00:00,47.2018,21.0782,0.0,1,3.3,0.135,55.27191906653933
2026-09-01 00:19:14.219196300+00:00,47.1866,20.8346,0.0,1,-14.6,0.083,70.97004787882452
2026-09-01 00:19:14.219512800+00:00,47.1871,20.8355,0.0,1,-8.4,0.099,70.88272627973647
2026-09-01 00:19:14.257029500+00:00,47.1854,20.8156,0.0,1,-10.0,0.091,72.24981259146057
2026-09-01 00:19:14.278101600+00:00,47.1803,20.8371,0.0,1,-12.3,0.095,71.19660106546736
2026-09-01 00:19:14.318260600+00:00,47.1865,20.834,0.0,1,-3.3,0.117,71.01412934465492
2026-09-01 00:19:14.322030900+00:00,47.1922,20.8414,0.0,1,-12.0,0.118,70.20033926668268
2026-09-01 00:19:14.453312900+00:00,47.1988,20.853,0.0,1,-16.7,0.105,69.06619969901764
2026-09-01 00:19:14.543557800+00:00,47.1989,20.8532,0.0,1,-18.7,0.12,69.04747730711561
2026-09-01 00:19:16.106680700+00:00,47.2406,21.2646,0.0,1,-3.4,0.146,42.33939916658707
2026-09-01 00:19:16.107314600+00:00,47.2415,21.2633,0.0,1,8.6,0.104,42.3261139588606
2026-09-01 00:19:16.110581400+00:00,47.2425,21.2526,0.0,1,-6.3,0.116,42.76822634014817
2026-09-01 00:19:16.125520200+00:00,47.2423,21.2612,10.3,2,3.0,0.082,42.36091413106869
2026-09-01 00:19:17.803000700+00:00,47.1522,20.6574,0.0,1,10.6,0.081,84.3820158634889
2026-09-01 00:19:18.146320100+00:00,46.9179,20.819,0.0,1,4.1,0.114,91.55488929451717
2026-09-01 00:19:18.287763900+00:00,46.9187,20.8339,0.0,1,-5.5,0.114,90.74153590527368
2026-09-01 00:19:19.626012700+00:00,47.0291,20.8896,0.0,1,-5.9,0.128,78.85920649524522
2026-09-01 00:19:19.795412600+00:00,47.0335,21.0556,0.0,1,-3.5,0.158,70.19493449035798
2026-09-01 00:19:22.401225100+00:00,47.0502,20.4219,0.0,1,6.3,0.068,105.49904829145437
2026-09-01 00:19:22.549788800+00:00,47.0282,20.3429,0.0,1,-3.4,0.138,111.89544276033774
2026-09-01 00:19:22.771898+00:00,47.0596,20.3581,0.0,1,2.1,0.075,109.15872634322793
2026-09-01 00:19:22.775133100+00:00,47.0543,20.3568,5.8,2,2.5,0.078,109.53322210574629
2026-09-01 00:19:22.788806100+00:00,47.0771,20.4438,0.0,1,6.3,0.086,102.55322613925831
2026-09-01 00:19:22.792371100+00:00,47.0621,20.3912,7.5,2,5.3,0.07,106.83879023222363
2026-09-01 00:19:22.793775800+00:00,47.0681,20.4407,0.0,1,3.1,0.076,103.25910797887067
2026-09-01 00:19:23.330249800+00:00,47.0791,20.5017,0.0,1,-4.7,0.04,98.66299938227327
2026-09-01 00:19:23.330450700+00:00,47.079,20.4992,0.0,1,-8.7,0.094,98.83091691323985
2026-09-01 00:19:23.333703500+00:00,47.0655,20.507,0.0,1,-2.7,0.048,99.11110576956779
2026-09-01 00:19:23.341218600+00:00,47.0557,20.543,0.0,1,-3.8,0.098,97.40167597457247
2026-09-01 00:19:23.623143100+00:00,46.784,20.7705,0.0,1,-3.2,0.121,105.38985890618638
2026-09-01 00:19:23.817161800+00:00,46.7831,20.7708,0.0,1,-3.8,0.136,105.45521783992331
2026-09-01 00:19:23.881285600+00:00,46.821,20.7675,0.0,1,3.8,0.064,102.30565681947115
2026-09-01 00:19:26.848338600+00:00,46.9353,20.7853,0.0,1,3.4,0.084,91.85744474730818
2026-09-01 00:19:26.990102500+00:00,46.9068,20.8224,0.0,1,-5.4,0.135,92.31341304122431
2026-09-01 00:19:27.118851900+00:00,46.9951,20.7876,0.0,1,-4.7,0.086,87.0267837143411
2026-09-01 00:19:27.133174800+00:00,46.9074,20.8241,0.0,1,2.7,0.095,92.1784538601896
2026-09-01 00:19:27.177947700+00:00,46.9977,20.7786,5.0,2,-12.6,0.051,87.32452914198215
2026-09-01 00:19:27.947300400+00:00,47.2007,20.8535,0.0,1,-4.7,0.107,68.92050343215224
2026-09-01 00:19:27.947980900+00:00,47.2019,20.8554,0.0,1,3.4,0.092,68.72772507844867
2026-09-01 00:19:27.948537900+00:00,47.2026,20.8504,0.0,1,3.3,0.133,69.00490238565081
2026-09-01 00:19:27.949928100+00:00,47.2026,20.8503,0.0,1,-5.8,0.072,69.01128811675058
2026-09-01 00:19:28.009564600+00:00,47.2153,20.8528,0.0,1,3.7,0.089,68.10589717173485
2026-09-01 00:19:28.244293700+00:00,47.176,20.8006,0.0,1,2.3,0.086,73.76804039665645
2026-09-01 00:19:29.041628400+00:00,47.074,20.7438,0.0,1,-8.3,0.098,83.827469569136
2026-09-01 00:19:29.042122600+00:00,47.074,20.7448,0.0,1,3.8,0.129,83.76755979302898
2026-09-01 00:19:29.491304+00:00,46.924,20.9388,0.0,1,-4.2,0.127,85.24889975283699
2026-09-01 00:19:29.495228700+00:00,47.3005,21.4045,0.0,1,21.5,0.187,30.681789561145447
2026-09-01 00:19:32.828604800+00:00,46.5271,21.5167,0.0,1,-6.0,0.191,112.00938703145512
2026-09-01 00:19:33.028930200+00:00,46.5472,21.5252,0.0,1,-5.2,0.249,109.73335420698952
2026-09-01 00:19:33.783588100+00:00,47.0464,20.9564,0.0,1,3.8,0.132,73.96783717619367
2026-09-01 00:19:33.802567100+00:00,47.0387,20.9736,0.0,1,4.5,0.147,73.72320679256816
2026-09-01 00:19:34.066176600+00:00,47.1389,20.4858,0.0,1,3.2,0.128,96.46783572167503
2026-09-01 00:19:34.068617900+00:00,47.1453,20.4975,0.0,1,2.7,0.103,95.35525468399712
2026-09-01 00:19:34.119916700+00:00,46.8312,20.7457,0.0,1,2.8,0.131,102.49153012415628
2026-09-01 00:19:34.120840900+00:00,46.8312,20.736,0.0,1,6.0,0.115,102.9695775213491
2026-09-01 00:19:34.137109900+00:00,46.8304,20.7413,0.0,1,2.7,0.141,102.7757990914078
2026-09-01 00:19:34.139801100+00:00,47.1358,20.479,0.0,1,-3.0,0.08,97.08306174137363
2026-09-01 00:19:34.361638300+00:00,46.8274,20.7526,0.0,1,3.1,0.069,102.47733590490523
2026-09-01 00:19:34.625568900+00:00,46.8305,20.7395,5.3,2,-5.4,0.086,102.8560089017499
2026-09-01 00:19:41.782521700+00:00,47.141,20.3719,3.8,2,6.2,0.052,104.09421592668468
2026-09-01 00:19:43.566912200+00:00,46.9256,20.9003,0.0,1,-3.2,0.104,86.9137097044174
2026-09-01 00:19:46.130568200+00:00,47.4847,20.2026,0.0,1,-31.6,0.094,107.13547747214753
2026-09-01 00:19:46.130683500+00:00,47.4832,20.2015,0.0,1,23.2,0.079,107.22776731964633
2026-09-01 00:19:46.151571900+00:00,47.4848,20.2013,0.0,1,-6.7,0.085,107.23235936429684
2026-09-01 00:19:46.805459600+00:00,46.8979,20.7347,0.0,1,-15.6,0.099,97.51962026007578
2026-09-01 00:19:46.946202200+00:00,46.898,20.7349,0.0,1,-3.6,0.128,97.50109982581118
2026-09-01 00:19:49.665438100+00:00,46.8173,20.7329,0.0,1,-12.7,0.117,104.30087459568841
2026-09-01 00:19:49.666245+00:00,46.8074,20.7543,0.0,1,-5.6,0.115,104.11283989599335
2026-09-01 00:19:49.776294600+00:00,46.8082,20.7446,0.0,1,-16.5,0.052,104.51032780426996
2026-09-01 00:19:49.863240800+00:00,46.8067,20.7463,0.0,1,-20.9,0.123,104.55745673460862
2026-09-01 00:19:49.940155100+00:00,46.807,20.7478,0.0,1,-6.4,0.11,104.45942290683465
2026-09-01 00:19:50.070411300+00:00,46.8068,20.747,0.0,1,-14.5,0.119,104.51514790274717
2026-09-01 00:19:50.115544900+00:00,46.8068,20.7489,0.0,1,-5.1,0.108,104.42376422235189
2026-09-01 00:19:50.147493800+00:00,46.8068,20.7479,0.0,1,-10.7,0.1,104.47184624899806
2026-09-01 00:19:50.174901100+00:00,46.8069,20.748,0.0,1,-9.0,0.076,104.4584189011037
2026-09-01 00:19:50.196569300+00:00,46.8068,20.7498,0.0,1,-3.0,0.07,104.38051826403859
2026-09-01 00:19:50.234020700+00:00,46.8067,20.7487,0.0,1,-9.0,0.109,104.44199888865845
2026-09-01 00:19:52.107348200+00:00,47.0403,20.9615,6.3,2,4.8,0.107,74.20512436904623
2026-09-01 00:19:53.102685700+00:00,47.1952,20.8304,0.0,1,-5.4,0.134,70.72188738925874
2026-09-01 00:19:53.103823900+00:00,47.1956,20.8294,0.0,1,-3.1,0.077,70.76213077711732
2026-09-01 00:19:53.335473+00:00,47.1816,20.8056,0.0,1,3.1,0.076,73.11424679331827
2026-09-01 00:19:53.367399700+00:00,47.1622,20.8322,0.0,1,5.6,0.087,72.63295412153725
2026-09-01 00:19:53.445619500+00:00,47.1831,20.8247,0.0,1,4.0,0.083,71.80949864493188
2026-09-01 00:19:53.483267800+00:00,47.1859,20.8107,0.0,1,2.8,0.132,72.53268215839353
2026-09-01 00:19:53.512587400+00:00,47.1866,20.8113,0.0,1,3.1,0.174,72.45277414029977
2026-09-01 00:19:54.001684800+00:00,46.9161,20.9206,0.0,1,-10.3,0.134,86.78735000895435
2026-09-01 00:19:54.131712600+00:00,46.9019,20.8961,0.0,1,-2.9,0.124,89.17603954251528
2026-09-01 00:19:54.144581300+00:00,46.903,20.8488,0.0,1,-3.1,0.098,91.33723697716536
2026-09-01 00:19:54.181698100+00:00,46.9158,20.8388,0.0,1,-12.4,0.114,90.74181447932763
2026-09-01 00:19:55.666224900+00:00,47.254,21.5592,0.0,1,11.5,0.193,31.2904764268861
2026-09-01 00:19:55.666897500+00:00,47.2473,21.4984,0.0,1,-5.8,1.0,33.06846420437861
2026-09-01 00:19:56.796967300+00:00,47.127,20.4046,0.0,1,2.4,0.097,102.54446892529239
2026-09-01 00:19:57.946529600+00:00,47.0299,20.9712,0.0,1,2.9,0.058,74.57626359301611
2026-09-01 00:20:01.463711600+00:00,47.1699,21.0268,0.0,1,-3.8,0.102,60.53187440496954
2026-09-01 00:20:01.464229400+00:00,47.1683,21.0261,0.0,1,-4.8,0.131,60.690084347463525
2026-09-01 00:20:01.491796900+00:00,47.1639,21.0195,0.0,1,-7.6,0.102,61.38823787871424
2026-09-01 00:20:01.566067700+00:00,47.1961,20.8732,0.0,1,-10.3,0.112,67.95214493455532
2026-09-01 00:20:03.603231300+00:00,46.9247,20.8952,0.0,1,2.9,0.124,87.23512961085342
2026-09-01 00:20:03.604091+00:00,46.9241,20.8954,0.0,1,5.3,0.127,87.27738478979377
2026-09-01 00:20:03.784626500+00:00,46.9271,20.8952,0.0,1,3.2,0.143,87.02805853816488
2026-09-01 00:20:04.232173700+00:00,47.4136,20.1419,0.0,1,2.8,0.083,112.41134385269393
2026-09-01 00:20:04.538062100+00:00,46.8435,20.6635,0.0,1,-8.1,0.111,105.63382875837843
2026-09-01 00:20:08.874554900+00:00,47.2138,20.8087,0.0,1,2.2,0.1,71.05391332445764
2026-09-01 00:20:09.044591300+00:00,47.1922,20.8245,0.0,1,3.2,0.12,71.2769148426868
2026-09-01 00:20:09.141218600+00:00,47.1633,20.8341,0.0,1,4.1,0.11,72.44521768690888
2026-09-01 00:20:09.192459800+00:00,47.2151,20.877,0.0,1,2.7,0.116,66.56389000218263
2026-09-01 00:20:10.065570300+00:00,46.8305,20.7438,0.0,1,7.7,0.142,102.64431986778567
2026-09-01 00:20:10.066613800+00:00,46.8289,20.7436,0.0,1,3.4,0.122,102.78997808767775
2026-09-01 00:20:10.068732800+00:00,46.827,20.7494,0.0,1,3.0,0.093,102.66761219533531
2026-09-01 00:20:10.071854800+00:00,46.8255,20.7499,0.0,1,4.3,0.153,102.7711644572929
2026-09-01 00:20:10.074318+00:00,46.8163,20.7554,5.3,2,5.1,0.143,103.29273204014255
2026-09-01 00:20:10.085776600+00:00,46.8337,20.7458,0.0,1,6.8,0.111,102.27451779579832
2026-09-01 00:20:10.097758300+00:00,46.7874,20.769,0.0,1,3.7,0.115,105.16058433679542
2026-09-01 00:20:10.268205700+00:00,46.829,20.6937,4.9,2,3.1,0.073,105.2710086813111
2026-09-01 00:20:10.293496+00:00,46.8038,20.7812,0.0,1,3.2,0.078,103.15111856796378
2026-09-01 00:20:10.430076900+00:00,46.8256,20.7937,0.0,1,-2.9,0.233,100.65827375898178
2026-09-01 00:20:10.432022500+00:00,46.7697,20.8011,0.0,1,2.5,0.094,105.26423907428043
2026-09-01 00:20:10.459078+00:00,46.8307,20.7457,0.0,1,5.5,0.111,102.53398586509877
2026-09-01 00:20:10.478884300+00:00,46.7628,20.7785,0.0,1,3.3,0.088,106.90245342163465
2026-09-01 00:20:10.547220700+00:00,46.8311,20.7458,0.0,1,4.4,0.131,102.49510803404603
2026-09-01 00:20:10.583381400+00:00,46.7522,20.8031,0.0,1,4.7,0.074,106.75416961576599
2026-09-01 00:20:12.727609300+00:00,47.0409,20.6099,0.0,1,-6.5,0.095,94.1590932725531
2026-09-01 00:20:13.079343100+00:00,47.0438,20.9616,0.0,1,2.8,0.145,73.91283039305593
2026-09-01 00:20:13.299572+00:00,47.0674,21.0512,0.0,1,3.6,0.126,67.46490464363133
2026-09-01 00:20:18.194072100+00:00,47.215,21.0921,0.0,1,7.9,0.148,53.51258158974969
2026-09-01 00:20:18.461765500+00:00,47.2059,21.1099,0.0,1,4.1,0.13,53.19663677367442
2026-09-01 00:20:18.533778600+00:00,47.0459,20.95,0.0,1,-3.0,0.255,74.33942953446105
2026-09-01 00:20:18.806022700+00:00,47.0485,20.9471,0.0,1,-4.6,0.032,74.27968990966211
2026-09-01 00:20:19.008518900+00:00,47.068,21.0453,0.0,1,3.6,0.11,67.70126833861707
2026-09-01 00:20:19.013867500+00:00,47.0697,21.0444,0.0,1,-2.3,0.111,67.60109498129275
2026-09-01 00:20:19.046211900+00:00,47.0309,20.9203,0.0,1,3.0,0.144,77.09715902106157
2026-09-01 00:20:19.170719600+00:00,47.0249,20.9277,0.0,1,-3.0,0.123,77.19969484982786
2026-09-01 00:20:19.270018100+00:00,47.049,20.9448,0.0,1,-5.4,0.134,74.35930037371934
2026-09-01 00:20:19.275553400+00:00,47.0106,20.8296,0.0,1,4.6,0.094,83.5365986257306
2026-09-01 00:20:21.068370600+00:00,46.9348,20.8946,0.0,1,2.5,0.154,86.39492010454997
2026-09-01 00:20:21.521503700+00:00,46.8723,20.8492,0.0,1,-6.9,0.117,93.96696306598676
2026-09-01 00:20:23.067766+00:00,47.2555,21.2773,0.0,1,15.5,0.167,40.45556525450247
2026-09-01 00:20:23.068020800+00:00,47.2548,21.2831,0.0,1,-6.6,0.079,40.2322381608495
2026-09-01 00:20:23.097697600+00:00,47.2498,21.2491,0.0,1,-5.1,0.137,42.33692269471085
2026-09-01 00:20:23.138941500+00:00,47.2493,21.2827,0.0,1,-9.3,0.147,40.72204579412011
2026-09-01 00:20:23.174524+00:00,47.236,21.255,0.0,1,-12.3,0.135,43.197778962650304
2026-09-01 00:20:23.291637100+00:00,47.2356,21.2818,8.3,2,3.6,0.056,41.95162340027342
2026-09-01 00:20:23.328717400+00:00,47.2501,21.2868,0.0,1,-6.8,0.158,40.45714598336883
2026-09-01 00:20:23.432094800+00:00,47.1112,20.3358,0.0,1,4.9,0.1,107.98987821735972
2026-09-01 00:20:23.550366600+00:00,47.1379,20.2915,0.0,1,-2.1,0.084,109.76889237109873
2026-09-01 00:20:23.628163700+00:00,46.8512,20.8012,0.0,1,3.4,0.111,98.08307723008855
2026-09-01 00:20:23.729879700+00:00,47.0306,20.614,0.0,1,2.2,0.045,94.58327057467588
2026-09-01 00:20:23.790625900+00:00,46.8693,20.7519,0.0,1,-12.0,0.112,98.98101090060798
2026-09-01 00:20:24.310068+00:00,47.0533,20.4224,0.0,1,-2.4,0.079,105.28973573135698
2026-09-01 00:20:25.994312900+00:00,46.8545,20.9169,0.0,1,6.1,0.117,92.46490986428384
2026-09-01 00:20:26.002360800+00:00,46.8511,20.9076,0.0,1,7.7,0.13,93.18233863814186
2026-09-01 00:20:26.031378300+00:00,46.855,20.9305,0.0,1,-3.0,0.1,91.82650350849704
2026-09-01 00:20:26.146008100+00:00,46.8727,20.9331,0.0,1,-4.0,0.157,90.10148519039255
2026-09-01 00:20:27.877659800+00:00,47.181,20.9079,0.0,1,-3.5,0.059,66.7562051720974
2026-09-01 00:20:28.028010700+00:00,47.1361,20.9307,0.0,1,2.3,0.131,68.48167409961974
2026-09-01 00:20:32.039371700+00:00,46.9113,20.8196,0.0,1,5.0,0.108,92.07566743164608
2026-09-01 00:20:32.041634600+00:00,46.9127,20.818,5.5,2,7.4,0.036,92.03876669206933
2026-09-01 00:20:32.044691800+00:00,46.9109,20.8254,5.2,2,3.2,0.075,91.81967758451924
2026-09-01 00:20:32.046209800+00:00,46.9112,20.8292,6.2,2,6.9,0.095,91.60543263034204
2026-09-01 00:20:33.075924200+00:00,46.8045,20.7658,0.0,1,-13.3,0.126,103.81606991903669
2026-09-01 00:20:33.161197300+00:00,46.7292,20.6847,0.0,1,-8.5,0.125,114.21467555537927
2026-09-01 00:20:33.537910400+00:00,46.7313,20.6842,0.0,1,-20.1,0.093,114.05513640573956
2026-09-01 00:20:36.006715200+00:00,47.1296,20.8468,0.0,1,2.4,0.13,73.87850678678053
2026-09-01 00:20:36.196481700+00:00,47.1352,20.8313,0.0,1,-10.8,0.087,74.43894969505698
2026-09-01 00:20:40.023170+00:00,47.0336,20.9657,3.3,2,3.4,0.018,74.54495990881263
2026-09-01 00:20:41.653291400+00:00,47.152,20.6696,0.0,1,-3.4,0.115,83.5985305508826
2026-09-01 00:20:43.754378400+00:00,46.9437,20.8955,0.0,1,2.8,0.145,85.59025975172415
2026-09-01 00:20:49.755152700+00:00,47.1396,20.3891,0.0,1,2.4,0.093,102.98468161470485
2026-09-01 00:20:50.016161800+00:00,47.1401,20.3906,0.0,1,2.4,0.1,102.8583444941137
2026-09-01 00:20:50.030647900+00:00,47.1406,20.389,0.0,1,2.3,0.109,102.94370072380539
2026-09-01 00:20:50.050921100+00:00,47.1405,20.3899,0.0,1,2.2,0.104,102.887011037635
2026-09-01 00:20:52.958829200+00:00,46.8788,20.7651,0.0,1,-16.9,0.11,97.52490919777378
2026-09-01 00:20:53.007545100+00:00,46.8672,20.7444,0.0,1,-19.1,0.082,99.53455421278676
2026-09-01 00:20:53.068867100+00:00,46.8817,20.7591,0.0,1,-16.9,0.077,97.5879602236921
2026-09-01 00:20:53.112337+00:00,46.8709,20.7461,0.0,1,-15.3,0.119,99.14173375623186
2026-09-01 00:20:53.198209100+00:00,47.1714,21.0605,0.0,1,8.5,0.134,58.54410773224194
2026-09-01 00:20:53.202644800+00:00,46.8768,20.767,0.0,1,-13.2,0.109,97.59572518586981
2026-09-01 00:20:53.227948400+00:00,47.1578,21.0298,0.0,1,-8.0,0.066,61.27160904944165
2026-09-01 00:20:53.257065300+00:00,46.8775,20.766,0.0,1,-16.0,0.104,97.5877350190141
2026-09-01 00:20:53.307166500+00:00,46.8777,20.7657,0.0,1,-15.3,0.089,97.58619365037733
2026-09-01 00:20:53.364820100+00:00,46.8573,20.7694,0.0,1,-2.5,0.063,99.11294834928215
2026-09-01 00:20:53.376691500+00:00,47.1663,21.0042,0.0,1,-8.6,0.085,62.07703510260864
2026-09-01 00:20:53.544925900+00:00,47.1716,21.0596,0.0,1,-5.1,0.12,58.578317635607675
2026-09-01 00:20:53.547559900+00:00,46.8731,20.7723,0.0,1,-16.9,0.122,97.63921395559237
2026-09-01 00:20:53.628521400+00:00,46.8773,20.7659,0.0,1,-19.2,0.094,97.60942790329693
2026-09-01 00:20:53.630720600+00:00,46.8909,20.6945,0.0,1,-4.4,0.099,100.19787359862576
2026-09-01 00:20:53.695768900+00:00,46.8769,20.7662,0.0,1,-2.7,0.089,97.62764558876836
2026-09-01 00:20:53.720045900+00:00,46.8773,20.7666,0.0,1,-11.1,0.068,97.57418400053082
2026-09-01 00:20:55.484402900+00:00,47.0559,20.2881,0.0,1,-2.9,0.105,114.00899173702862
2026-09-01 00:20:57.982815600+00:00,47.2319,21.4549,0.0,1,-18.8,0.102,35.76377535164724
2026-09-01 00:20:57.983402300+00:00,47.2315,21.4544,0.0,1,-16.7,0.089,35.818906411709605
2026-09-01 00:20:58.391302600+00:00,47.2342,21.4578,0.0,1,-5.1,0.061,35.4462929980196
2026-09-01 00:20:58.579513600+00:00,47.1894,21.3492,0.0,1,-4.6,0.653,43.43545651378235
2026-09-01 00:21:02.117193200+00:00,46.9378,20.8954,0.0,1,3.2,0.052,86.09917939250755
2026-09-01 00:21:02.120318400+00:00,46.9373,20.8914,0.0,1,3.3,0.141,86.33602365796743
2026-09-01 00:21:02.124010400+00:00,46.9294,20.896,0.0,1,3.8,0.091,86.79148023726177
2026-09-01 00:21:02.128185900+00:00,46.9233,20.9073,0.0,1,3.3,0.104,86.78077559848872
2026-09-01 00:21:02.133865100+00:00,47.197,20.8309,0.0,1,-2.3,0.112,70.58335812019183
2026-09-01 00:21:02.134439400+00:00,47.1966,20.8287,0.0,1,2.9,0.089,70.74781765067034
2026-09-01 00:21:02.247677200+00:00,47.1348,20.7748,5.3,2,5.7,0.039,77.93619905644964
2026-09-01 00:21:02.305992200+00:00,46.9427,20.8989,0.0,1,2.9,0.117,85.51025417296832
2026-09-01 00:21:02.317916200+00:00,46.9427,20.8991,0.0,1,2.9,0.108,85.50054486041407
2026-09-01 00:21:02.388188700+00:00,47.1971,20.8279,0.0,1,8.8,0.103,70.76957056862283
2026-09-01 00:21:02.395701+00:00,47.1963,20.8281,0.0,1,6.3,0.094,70.803944617299
2026-09-01 00:21:02.417628+00:00,47.1964,20.8268,0.0,1,3.3,0.107,70.88130301534453
2026-09-01 00:21:02.423444800+00:00,47.1965,20.8284,0.0,1,2.4,0.031,70.77292960497196
2026-09-01 00:21:02.442992100+00:00,46.9033,20.9882,0.0,1,-3.8,0.126,84.91564324331883
2026-09-01 00:21:02.522318300+00:00,47.2005,20.9334,0.0,1,4.0,0.099,63.92601639307447
2026-09-01 00:21:02.531400+00:00,47.1961,20.8275,0.0,1,5.0,0.104,70.85416851544208
2026-09-01 00:21:02.532880200+00:00,47.1881,20.8336,0.0,1,2.6,0.102,70.94277730792999
2026-09-01 00:21:04.283865500+00:00,47.1423,20.457,0.0,1,-5.6,0.09,98.23818922822144
2026-09-01 00:21:04.288991900+00:00,47.1386,20.4803,0.0,1,-2.3,0.038,96.85284406855273
2026-09-01 00:21:04.422138+00:00,46.4686,21.5045,0.0,1,-9.4,0.282,118.56643849693559
2026-09-01 00:21:06.910812100+00:00,46.8382,20.7206,0.0,1,-16.9,0.096,103.14858736616515
2026-09-01 00:21:08.915537100+00:00,46.9989,20.8377,0.0,1,6.3,0.131,84.01420808533112
2026-09-01 00:21:09.278852100+00:00,46.9996,20.8343,0.0,1,-11.1,0.108,84.14131671995551
2026-09-01 00:21:09.280386900+00:00,46.9923,20.8088,0.0,1,4.9,0.183,86.08682750891897
2026-09-01 00:21:09.313587900+00:00,46.9994,20.8346,0.0,1,-7.3,0.076,84.14094003026987
2026-09-01 00:21:10.900981100+00:00,47.0593,20.5838,0.0,1,4.1,0.092,94.60821627616659
2026-09-01 00:21:11.030938600+00:00,47.0559,20.5398,0.0,1,-8.9,0.051,97.59218203347179
2026-09-01 00:21:11.338309600+00:00,47.0558,20.5401,0.0,1,-5.1,0.06,97.57926318357633
2026-09-01 00:21:13.283523900+00:00,47.0461,20.9552,0.0,1,-8.9,0.112,74.05419378517014
2026-09-01 00:21:16.486084100+00:00,46.804,20.7205,0.0,1,-23.2,0.1,106.04032081521551
2026-09-01 00:21:16.486877800+00:00,46.8056,20.7104,0.0,1,-5.2,0.096,106.39973661997081
2026-09-01 00:21:16.578936100+00:00,46.8528,20.8272,0.0,1,-16.8,0.082,96.70519766613174
2026-09-01 00:21:16.598433100+00:00,46.8076,20.7215,0.0,1,-2.6,0.094,105.68473839054019
2026-09-01 00:21:16.695098800+00:00,46.7511,20.683,0.0,1,-7.5,0.113,112.39506805485124
2026-09-01 00:21:20.441923900+00:00,46.8361,20.7591,0.0,1,-5.8,0.142,101.4181010840638
2026-09-01 00:21:20.450269400+00:00,46.8321,20.7745,3.9,2,5.7,0.063,101.0127510002119
2026-09-01 00:21:20.606256100+00:00,46.7955,20.7824,4.6,2,2.5,0.075,103.82398800982352
2026-09-01 00:21:20.994622500+00:00,46.8348,20.7598,0.0,1,3.4,0.082,101.49471010370516
2026-09-01 00:21:21.018217500+00:00,46.8359,20.7715,0.0,1,4.7,0.1,100.83155030280568
2026-09-01 00:21:21.027177500+00:00,46.8721,20.6225,0.0,1,-8.1,0.119,105.54507613303264
2026-09-01 00:21:21.317587400+00:00,46.8632,20.6506,0.0,1,2.9,0.102,104.73311798225724
2026-09-01 00:21:21.450361500+00:00,46.7325,20.7248,0.0,1,5.0,0.061,112.05345644852868
2026-09-01 00:21:21.450917800+00:00,46.7433,20.7254,0.0,1,4.7,0.155,111.07147840840173
2026-09-01 00:21:21.452144800+00:00,46.7326,20.7221,0.0,1,5.9,0.099,112.1691581614335
2026-09-01 00:21:21.454768800+00:00,46.7367,20.7237,0.0,1,2.7,0.125,111.73272981716993
2026-09-01 00:21:21.457938600+00:00,46.7475,20.7352,0.0,1,3.3,0.145,110.24646801626307
2026-09-01 00:21:21.495018500+00:00,46.753,20.7389,0.0,1,-6.1,0.311,109.58953794566142
2026-09-01 00:21:21.503152700+00:00,46.7256,20.7352,0.0,1,6.5,0.208,112.19048912026409
2026-09-01 00:21:22.505178200+00:00,46.5324,21.5341,0.0,1,6.0,0.237,111.3302521192395
2026-09-01 00:21:23.069068200+00:00,46.9476,20.9061,0.0,1,-10.2,0.124,84.7418669200495
2026-09-01 00:21:23.122585900+00:00,46.942,20.901,0.0,1,-3.0,0.097,85.46830707727464
2026-09-01 00:21:23.125535800+00:00,46.9477,20.9086,0.0,1,-3.8,0.071,84.61217011677758
2026-09-01 00:21:23.181736800+00:00,46.9415,20.9126,0.0,1,-6.9,0.131,84.95221569828847
2026-09-01 00:21:23.182528+00:00,46.9451,20.8788,0.0,1,2.8,0.103,86.2912288811827
2026-09-01 00:21:23.247609800+00:00,46.9473,20.9073,0.0,1,-10.1,0.088,84.7093739437411
2026-09-01 00:21:23.269679+00:00,46.9473,20.9077,0.0,1,-5.7,0.133,84.69000105205363
2026-09-01 00:21:23.311012700+00:00,46.9474,20.9073,0.0,1,-19.5,0.106,84.70081302523155
2026-09-01 00:21:23.338163400+00:00,46.9474,20.9077,0.0,1,-4.8,0.118,84.68143821134595
2026-09-01 00:21:24.221271800+00:00,47.1393,20.3002,0.0,1,2.6,0.09,109.10446827564621
2026-09-01 00:21:24.326496300+00:00,47.0366,20.9675,0.0,1,4.3,0.093,74.20542215464543
2026-09-01 00:21:24.843383300+00:00,46.8389,20.8808,0.0,1,4.2,0.107,95.47333245744045
2026-09-01 00:21:26.711120+00:00,47.1309,20.8425,0.0,1,-4.1,0.124,74.04913093165293
2026-09-01 00:21:26.796841300+00:00,47.1431,20.8606,0.0,1,-9.2,0.121,72.13854029703074
2026-09-01 00:21:32.866119100+00:00,47.0661,20.517,0.0,1,2.5,0.086,98.4336413947195
2026-09-01 00:21:34.556088600+00:00,47.196,20.8289,0.0,1,3.4,0.121,70.77045855370504
2026-09-01 00:21:34.689959100+00:00,46.86,20.7566,0.0,1,-3.0,0.157,99.52154073798604
2026-09-01 00:21:34.973062600+00:00,47.1788,20.9089,0.0,1,3.6,0.094,66.8392686376059
2026-09-01 00:21:34.991890400+00:00,47.2048,20.8403,0.0,1,-3.6,0.103,69.52179133371959
2026-09-01 00:21:35.007200300+00:00,47.176,20.9157,0.0,1,3.3,0.07,66.61071548957904
2026-09-01 00:21:35.317641100+00:00,46.9352,20.9703,0.0,1,3.3,0.089,82.81592314667725
2026-09-01 00:21:35.318852900+00:00,46.9327,20.9734,0.0,1,5.0,0.216,82.89978157472002
2026-09-01 00:21:35.328242700+00:00,46.9227,20.9908,0.0,1,3.4,0.126,83.03099471567015
2026-09-01 00:21:35.395135+00:00,47.1887,21.0126,0.0,1,-4.4,0.251,59.979126088035414
2026-09-01 00:21:35.568980900+00:00,47.1723,20.8426,3.0,2,2.4,0.014,71.34860154085722
2026-09-01 00:21:35.576675300+00:00,47.1621,20.8438,0.0,1,-4.8,0.088,71.92028355450137
2026-09-01 00:21:38.699267100+00:00,46.3903,21.4012,0.0,1,-50.9,0.299,128.061344860835
2026-09-01 00:21:38.735529900+00:00,46.3849,21.4087,0.0,1,3.4,0.281,128.5818535840999
2026-09-01 00:21:38.805225800+00:00,46.3701,21.3852,0.0,1,5.0,0.164,130.4535042978821
2026-09-01 00:21:40.842963900+00:00,46.8577,20.9455,0.0,1,-2.3,0.123,90.9331244736419
2026-09-01 00:21:41.176371200+00:00,46.8662,20.9372,0.0,1,5.1,0.087,90.51324920944793
2026-09-01 00:21:46.627068300+00:00,47.0769,21.0243,0.0,1,-6.0,0.103,67.99680019985281
2026-09-01 00:21:46.989471300+00:00,47.0768,21.024,0.0,1,-10.0,0.12,68.02022271939292
2026-09-01 00:21:46.996393200+00:00,47.0497,21.0121,0.0,1,-11.2,0.111,70.88122017035428
2026-09-01 00:21:47.325708300+00:00,47.1522,20.3684,0.0,1,2.4,0.086,103.81254496605465
2026-09-01 00:21:47.566211700+00:00,47.1562,20.3388,0.0,1,-2.8,0.22,105.6743389486899
2026-09-01 00:21:47.758139+00:00,47.1481,20.5353,0.0,1,2.5,0.062,92.67563136192834
2026-09-01 00:21:47.764970400+00:00,47.2475,21.4455,0.0,1,18.9,0.182,34.42761948195195
2026-09-01 00:21:48.223025600+00:00,47.2726,21.4488,0.0,1,-3.9,0.087,31.778755171021004
2026-09-01 00:21:48.224470+00:00,47.2752,21.4516,0.0,1,-5.9,0.152,31.42760463777474
2026-09-01 00:21:48.233944600+00:00,47.2818,21.4087,0.0,1,7.7,0.148,32.282544692076364
2026-09-01 00:21:48.558115200+00:00,47.3102,21.4044,0.0,1,-19.5,0.617,29.787628455412992
2026-09-01 00:21:48.706334600+00:00,47.2565,21.3066,0.0,1,-5.0,0.647,38.96765084034448
2026-09-01 00:21:48.719932100+00:00,47.2567,21.3272,0.0,1,-4.1,0.077,38.00862395529205
2026-09-01 00:21:52.289505800+00:00,46.8346,20.7084,0.0,1,-4.0,0.107,104.06264512356908
2026-09-01 00:21:52.482989900+00:00,46.8087,20.6943,0.0,1,2.7,0.092,106.93580967441801
2026-09-01 00:21:53.366707600+00:00,46.8895,20.884,0.0,1,3.3,0.075,90.82869984305553
2026-09-01 00:21:59.815638+00:00,46.9208,20.8462,0.0,1,-11.2,0.116,89.95380456498083
2026-09-01 00:21:59.816852200+00:00,46.937,20.864,0.0,1,10.8,0.1,87.70683157521133
2026-09-01 00:22:00.839962300+00:00,47.1231,21.0948,0.0,1,3.3,0.156,60.61316960320918
2026-09-01 00:22:00.862807500+00:00,47.1419,21.1893,0.0,1,-5.2,0.135,54.47085587820618
2026-09-01 00:22:01.418171300+00:00,47.1382,21.1188,0.0,1,3.9,0.15,58.154155139664034
2026-09-01 00:22:01.456887900+00:00,47.1707,21.048,0.0,1,16.2,0.123,59.287286312149156
2026-09-01 00:22:06.052154200+00:00,47.1797,20.7564,0.0,1,10.5,0.103,76.38614486965658
2026-09-01 00:22:06.075283300+00:00,47.1581,20.7434,0.0,1,-14.4,0.097,78.48454345717151
2026-09-01 00:22:06.100288400+00:00,47.1556,20.7538,0.0,1,-14.0,0.109,77.97080420699108
2026-09-01 00:22:06.186462+00:00,47.1561,20.7537,0.0,1,-14.2,0.122,77.94710615478418
2026-09-01 00:22:06.329228700+00:00,47.1554,20.753,0.0,1,-18.9,0.099,78.03371220196853
2026-09-01 00:22:06.452803500+00:00,47.1485,20.7717,0.0,1,-8.9,0.088,77.2718610270502
2026-09-01 00:22:10.033634400+00:00,46.9024,20.8516,0.0,1,-3.0,0.103,91.25261071538634
2026-09-01 00:22:10.085653200+00:00,46.905,20.8484,0.0,1,-3.2,0.131,91.18593743725602
2026-09-01 00:22:10.109313200+00:00,46.9096,20.846,0.0,1,-2.7,0.023,90.9115898412627
2026-09-01 00:22:10.476836900+00:00,46.8808,20.7465,0.0,1,-9.2,0.102,98.30414465263601
2026-09-01 00:22:10.754257600+00:00,46.915,20.7977,0.0,1,2.7,0.11,92.87388769154823
2026-09-01 00:22:10.878650200+00:00,46.8807,20.7463,0.0,1,-4.3,0.091,98.32259768997739
2026-09-01 00:22:10.897512+00:00,46.8729,20.7623,0.0,1,3.3,0.1,98.15726714745833
2026-09-01 00:22:10.925887100+00:00,46.8816,20.7449,0.0,1,-8.7,0.086,98.3202383389678
2026-09-01 00:22:12.752784700+00:00,47.0494,20.4495,0.0,1,3.7,0.166,103.75725325006822
2026-09-01 00:22:12.848734900+00:00,47.0707,20.5218,0.0,1,-2.6,0.03,97.85403676251643
2026-09-01 00:22:12.866311500+00:00,47.07,20.5209,0.0,1,-3.6,0.087,97.95308643097019
2026-09-01 00:22:12.944605100+00:00,47.0406,20.6176,0.0,1,-9.3,0.088,93.70598342707042
2026-09-01 00:22:13.399312400+00:00,46.889,20.9079,0.0,1,2.5,0.155,89.76845539859617
2026-09-01 00:22:13.815014700+00:00,46.9669,20.7898,0.0,1,2.8,0.126,89.0995180748532
2026-09-01 00:22:14.886380700+00:00,47.0389,20.9745,0.0,1,-8.1,0.125,73.66121818298467
2026-09-01 00:22:14.953573+00:00,47.145,20.4677,0.0,1,-2.7,0.08,97.38016398102049
2026-09-01 00:22:15.069042400+00:00,47.047,20.9414,0.0,1,-15.1,0.115,74.6979815364187
2026-09-01 00:22:15.070106900+00:00,47.0562,20.9733,0.0,1,-3.8,0.069,72.2981778339969
2026-09-01 00:22:15.180509+00:00,47.0371,20.9259,0.0,1,4.6,0.187,76.30515488598955
2026-09-01 00:22:15.181159+00:00,47.0466,20.9418,0.0,1,-27.6,0.099,74.7093265498449
2026-09-01 00:22:17.953710800+00:00,47.1336,20.8769,0.0,1,3.2,0.107,71.80885459190607
2026-09-01 00:22:18.114937100+00:00,47.1341,20.873,0.0,1,4.0,0.09,72.00618287386169
2026-09-01 00:22:18.280030800+00:00,47.2024,20.9388,0.0,1,2.3,0.077,63.471142686797656
2026-09-01 00:22:18.336929400+00:00,47.2013,20.8908,0.0,1,-4.1,0.096,66.52495916243338
2026-09-01 00:22:21.225767400+00:00,46.8606,20.8382,0.0,1,5.1,0.074,95.50600691258938
2026-09-01 00:22:21.724107600+00:00,47.1726,20.377,0.0,1,-2.5,0.099,102.29798479196933
2026-09-01 00:22:21.925293100+00:00,47.2292,21.4991,0.0,1,2.6,1.221,34.98335691371045
2026-09-01 00:22:22.397819600+00:00,47.1929,21.3193,0.0,1,4.7,1.564,44.23299199855565
2026-09-01 00:22:22.405430400+00:00,47.2029,21.3546,0.0,1,3.9,0.085,41.924597469220814
2026-09-01 00:22:22.408080100+00:00,47.2252,21.4122,0.0,1,-18.4,0.147,37.72381916564487
2026-09-01 00:22:22.478335300+00:00,46.503,21.6374,0.0,1,-5.1,0.223,114.37766414005567
2026-09-01 00:22:25.092864100+00:00,47.0981,20.3119,0.0,1,-4.7,0.08,110.25662990116126
2026-09-01 00:22:25.118091400+00:00,47.0983,20.3122,0.0,1,-2.4,0.044,110.22640064840809
2026-09-01 00:22:25.141016100+00:00,47.0983,20.3115,0.0,1,-3.3,0.076,110.27386324267125
2026-09-01 00:22:25.155727700+00:00,47.0985,20.3116,0.0,1,-3.8,0.076,110.25719919171824
2026-09-01 00:22:25.156544200+00:00,47.0972,20.3103,0.0,1,-3.8,0.087,110.40962018597371
2026-09-01 00:22:25.212738200+00:00,47.0981,20.3115,0.0,1,-2.5,0.095,110.2837496441781
2026-09-01 00:22:25.221140+00:00,47.0981,20.3116,0.0,1,-2.3,0.093,110.27696956077654
2026-09-01 00:22:25.424749300+00:00,47.1051,20.3627,0.0,1,-11.2,0.069,106.4710577280508
2026-09-01 00:22:25.561462900+00:00,47.1053,20.3632,0.0,1,-11.1,0.06,106.4272474442007
2026-09-01 00:22:26.795911200+00:00,46.8328,20.8533,0.0,1,-6.8,0.161,97.25883184461185
2026-09-01 00:22:26.978765800+00:00,47.148,20.7999,0.0,1,-3.9,0.32,75.53977684403127
2026-09-01 00:22:26.979596400+00:00,47.1741,20.7482,0.0,1,-5.3,0.146,77.2389151097707
2026-09-01 00:22:26.983430100+00:00,47.1719,20.7391,0.0,1,2.0,0.087,77.95389025154097
2026-09-01 00:22:27.704807300+00:00,46.9359,20.9863,0.0,1,-3.2,0.141,82.03501208073082
2026-09-01 00:22:27.705350900+00:00,46.9298,20.9918,0.0,1,-2.8,0.088,82.34260164963595
2026-09-01 00:22:27.709676500+00:00,46.9377,20.9613,0.0,1,-3.4,0.12,83.00265075030019
2026-09-01 00:22:32.513710+00:00,46.9992,20.9275,0.0,1,-3.2,0.094,79.32791545128028
2026-09-01 00:22:32.710019300+00:00,47.0038,20.911,0.0,1,7.9,0.147,79.78345243428649
2026-09-01 00:22:32.711374500+00:00,46.9871,20.8699,0.0,1,-12.8,0.119,83.26258278501363
2026-09-01 00:22:32.824926400+00:00,46.9872,20.8698,0.0,1,-7.3,0.104,83.25964159354862
2026-09-01 00:22:32.826754100+00:00,46.9916,20.8297,0.0,1,7.7,0.115,85.01764016103952
2026-09-01 00:22:32.829505800+00:00,46.9952,20.8417,0.0,1,-4.5,0.171,84.09320083876193
2026-09-01 00:22:32.930626600+00:00,46.9872,20.8719,0.0,1,-6.5,0.116,83.15091708056967
2026-09-01 00:22:32.942589200+00:00,46.9881,20.8719,0.0,1,-15.3,0.146,83.07775943588092
2026-09-01 00:22:32.973452500+00:00,46.9875,20.8719,0.0,1,-9.3,0.12,83.1265249664908
2026-09-01 00:22:33.297311700+00:00,46.8348,20.7641,0.0,1,-7.9,0.082,101.28511489546652
2026-09-01 00:22:33.349861800+00:00,46.8346,20.764,0.0,1,-5.9,0.113,101.30707324261002
2026-09-01 00:22:33.697826100+00:00,46.8349,20.7635,0.0,1,-13.3,0.108,101.30578148120753
2026-09-01 00:22:33.924454200+00:00,46.8345,20.7639,0.0,1,-7.3,0.1,101.32048598751625
2026-09-01 00:22:34.417565700+00:00,47.1653,21.0506,0.0,1,9.3,0.115,59.55392798529142
2026-09-01 00:22:34.417997100+00:00,47.1638,21.0549,0.0,1,-2.6,0.139,59.43309752888242
2026-09-01 00:22:34.753630100+00:00,47.2162,21.056,0.0,1,-9.8,0.14,55.50389605723907
2026-09-01 00:22:34.758664100+00:00,47.221,21.0255,0.0,1,-6.2,0.236,56.975663311053445
2026-09-01 00:22:40.515795600+00:00,47.1451,20.4637,0.0,1,9.5,0.098,97.64573052878275
2026-09-01 00:22:40.516533200+00:00,47.1449,20.464,0.0,1,-3.5,0.12,97.63537359919066
2026-09-01 00:22:40.517192800+00:00,47.1453,20.4632,0.0,1,3.7,0.084,97.66963067472771
2026-09-01 00:22:40.517782600+00:00,47.1471,20.4656,0.0,1,3.1,0.101,97.41790963711588
2026-09-01 00:22:40.518321300+00:00,47.148,20.467,0.0,1,13.4,0.098,97.27854548458178
2026-09-01 00:22:40.776472700+00:00,47.1464,20.4611,0.0,1,2.8,0.174,97.75729425796114
2026-09-01 00:22:43.137372+00:00,46.9544,20.8863,0.0,1,-2.1,0.164,85.13607191476198
2026-09-01 00:22:47.061433700+00:00,46.6918,20.782,0.0,1,-7.8,0.117,113.18907844764281
2026-09-01 00:22:47.096086800+00:00,46.6936,20.8172,0.0,1,-11.6,0.138,111.5375670733262
2026-09-01 00:22:47.109601300+00:00,47.1694,20.369,0.0,1,-4.3,0.083,102.9943774785795
2026-09-01 00:22:47.110182400+00:00,47.1703,20.3693,0.0,1,-2.2,0.084,102.93373673541595
2026-09-01 00:22:47.134289100+00:00,46.6999,20.7838,0.0,1,-11.8,0.104,112.3670071236569
2026-09-01 00:22:47.199669400+00:00,46.6997,20.783,0.0,1,-4.8,0.112,112.41976713251051
2026-09-01 00:22:47.644675300+00:00,46.6994,20.784,0.0,1,-13.2,0.103,112.40434655455097
2026-09-01 00:22:47.660476+00:00,46.7852,20.7245,0.0,1,3.5,0.065,107.45906636399957
2026-09-01 00:22:49.526396900+00:00,46.9263,20.8327,0.0,1,-3.8,0.131,90.16599767467888
2026-09-01 00:22:52.636767100+00:00,47.3868,20.1959,0.0,1,-8.0,0.076,108.80966984455014
2026-09-01 00:22:52.637060600+00:00,47.3868,20.1933,0.0,1,-8.3,0.077,109.00298282793254
2026-09-01 00:22:52.835366+00:00,47.444,20.1329,0.0,1,60.6,0.06,112.70862636828357
2026-09-01 00:22:52.860481300+00:00,47.4201,20.157,0.0,1,-2.5,0.129,111.19461103188584
2026-09-01 00:22:52.865170700+00:00,47.4491,20.1285,4.1,2,-2.9,0.049,112.98509313537949
2026-09-01 00:22:52.987230500+00:00,47.1742,20.7379,0.0,1,-10.8,0.118,77.89946641572585
2026-09-01 00:22:53.044685600+00:00,47.3772,20.0708,0.0,1,-4.5,0.093,118.27976483541778
2026-09-01 00:22:53.093351500+00:00,47.2804,19.966,3.9,2,-4.0,0.045,128.10326802909816
2026-09-01 00:22:53.139261700+00:00,47.1713,20.7348,0.0,1,-8.4,0.122,78.26656503811544
2026-09-01 00:22:53.164356700+00:00,47.1715,20.7348,0.0,1,-3.9,0.099,78.25507457092883
2026-09-01 00:22:53.179422500+00:00,47.1706,20.7352,0.0,1,-6.3,0.089,78.28094668745011
2026-09-01 00:22:53.205026800+00:00,47.1711,20.7338,0.0,1,-8.6,0.117,78.34277520428527
2026-09-01 00:22:53.246526800+00:00,47.1706,20.7339,0.0,1,-8.3,0.125,78.36504001306437
2026-09-01 00:22:53.287017800+00:00,47.1707,20.7343,0.0,1,-11.6,0.124,78.33341012182422
2026-09-01 00:22:53.378932700+00:00,47.1711,20.7362,0.0,1,-3.5,0.047,78.18749098851826
2026-09-01 00:22:53.421129+00:00,47.1709,20.7337,0.0,1,-9.8,0.131,78.36073730377392
2026-09-01 00:22:58.129057900+00:00,46.8355,20.8356,0.0,1,3.0,0.08,97.8305123721256
2026-09-01 00:22:58.151405400+00:00,46.8114,20.8277,0.0,1,2.7,0.099,100.33083330261046
2026-09-01 00:22:58.786422500+00:00,47.0368,20.9141,0.0,1,3.3,0.091,76.9488987185503
2026-09-01 00:22:58.873606100+00:00,47.0154,20.9074,0.0,1,-5.3,0.068,79.02186291219485
2026-09-01 00:22:58.928469700+00:00,47.2412,21.4341,0.0,1,-2.9,0.088,35.41558311752141
2026-09-01 00:22:59.016051+00:00,47.0373,20.9167,0.0,1,2.9,0.104,76.77193077452173
2026-09-01 00:22:59.089271+00:00,47.1953,21.4181,0.0,1,-10.4,0.153,40.578758839974306
2026-09-01 00:22:59.375239700+00:00,47.0161,20.9067,0.0,1,-18.8,0.106,79.00142979498634
2026-09-01 00:22:59.375890700+00:00,47.0644,21.0432,0.0,1,-6.1,0.16,68.10982927132282
2026-09-01 00:22:59.642134200+00:00,47.1851,20.8622,0.0,1,-6.0,0.118,69.32340286473124
2026-09-01 00:22:59.675696200+00:00,47.1788,20.922,0.0,1,-9.1,0.093,66.0428579584318
2026-09-01 00:22:59.812530900+00:00,47.1851,20.8448,0.0,1,-8.1,0.116,70.41672455969767
2026-09-01 00:23:00.832135+00:00,47.2415,21.1161,0.0,1,9.2,0.124,50.21613773582218
2026-09-01 00:23:00.833054900+00:00,47.2422,21.1148,0.0,1,5.1,0.133,50.24109634605814
2026-09-01 00:23:00.903676400+00:00,47.1899,21.0823,0.0,1,-5.6,0.137,55.93497930539421
2026-09-01 00:23:00.931773200+00:00,47.2265,21.0807,0.0,1,-5.1,0.107,53.33629475127993
2026-09-01 00:23:03.654194700+00:00,46.9314,20.9983,0.0,1,2.8,0.168,81.91214659738769
2026-09-01 00:23:03.965847900+00:00,46.9363,20.9899,0.0,1,3.9,0.129,81.83887399769682
2026-09-01 00:23:04.023323900+00:00,46.9292,20.9628,0.0,1,2.7,0.195,83.69105075266985
2026-09-01 00:23:04.686765400+00:00,47.1744,21.0416,0.0,1,2.8,0.168,59.365892661645375
2026-09-01 00:23:06.971856600+00:00,47.0621,20.5878,0.0,1,-6.2,0.085,94.18280958722777
2026-09-01 00:23:06.972315600+00:00,47.062,20.5885,0.0,1,-2.2,0.074,94.14510714168621
2026-09-01 00:23:07.141061800+00:00,47.0388,20.6132,0.0,1,-6.0,0.069,94.09337728016526
2026-09-01 00:23:07.168815500+00:00,47.0718,20.4693,0.0,1,-3.7,0.112,101.18494773096359
2026-09-01 00:23:07.286682200+00:00,47.016,20.6126,0.0,1,9.4,0.158,95.64137628196134
2026-09-01 00:23:07.290005700+00:00,47.0573,20.6333,0.0,1,5.2,0.191,91.65567097961248
2026-09-01 00:23:07.304809900+00:00,47.0543,20.6187,0.0,1,6.5,0.107,92.75057638540174
2026-09-01 00:23:07.728412100+00:00,47.0077,20.351,0.0,1,-48.4,0.073,112.54564482197594
2026-09-01 00:23:07.769201700+00:00,47.0094,20.3509,0.0,1,-59.2,0.091,112.45306106722796
2026-09-01 00:23:07.830366900+00:00,47.0091,20.3509,0.0,1,-17.8,0.083,112.47052183011313
2026-09-01 00:23:08.050752900+00:00,47.0203,20.2492,0.0,1,-10.6,0.067,118.49424622310437
2026-09-01 00:23:11.388785900+00:00,46.9437,20.9259,7.8,2,2.3,0.042,84.12711309532807
2026-09-01 00:23:11.924378500+00:00,46.5203,21.5644,0.0,1,6.3,0.172,112.5524419225188
2026-09-01 00:23:13.708765600+00:00,46.8361,20.7044,0.0,1,6.3,0.08,104.14003234166753
2026-09-01 00:23:13.709449600+00:00,46.8368,20.6982,0.0,1,-3.5,0.108,104.39647291146953
2026-09-01 00:23:13.761468800+00:00,46.8269,20.7284,0.0,1,-22.8,0.105,103.70880259142345
2026-09-01 00:23:13.799551300+00:00,46.8274,20.7278,0.0,1,-10.7,0.07,103.69631570425246
2026-09-01 00:23:13.864319300+00:00,46.8357,20.7032,0.0,1,-4.1,0.117,104.2339766226634
2026-09-01 00:23:13.889062600+00:00,46.8342,20.7022,5.1,2,-3.5,0.045,104.40910058811114
2026-09-01 00:23:13.901291100+00:00,46.8557,20.7103,0.0,1,-4.5,0.099,102.22058505554322
2026-09-01 00:23:14.107623900+00:00,46.8353,20.7031,0.0,1,-3.0,0.111,104.2722365791312
2026-09-01 00:23:14.328314100+00:00,47.3007,21.6199,0.0,1,16.9,0.183,25.680945165327874
2026-09-01 00:23:14.328522100+00:00,47.3013,21.6258,4.4,2,-22.0,0.031,25.608440311922376
2026-09-01 00:23:14.435879700+00:00,46.9189,20.8116,0.0,1,-20.7,0.127,91.84546692922221
2026-09-01 00:23:14.436363100+00:00,46.9193,20.8129,0.0,1,3.9,0.102,91.74649581262747
2026-09-01 00:23:14.437093800+00:00,46.9206,20.8148,0.0,1,2.9,0.133,91.542554978801
2026-09-01 00:23:14.439578700+00:00,46.9218,20.8233,0.0,1,3.9,0.142,91.01372263401976
2026-09-01 00:23:14.523880600+00:00,46.936,20.8444,0.0,1,4.0,0.088,88.76945522937189
2026-09-01 00:23:14.627657100+00:00,47.3002,21.6074,0.0,1,-2.8,0.094,25.774035545046583
2026-09-01 00:23:14.662373600+00:00,46.9183,20.8128,0.0,1,3.1,0.115,91.8344860968789
2026-09-01 00:23:14.698946700+00:00,46.9183,20.8134,0.0,1,3.9,0.114,91.80414809783014
2026-09-01 00:23:14.755732300+00:00,46.9184,20.814,0.0,1,2.8,0.108,91.76552151579378
2026-09-01 00:23:18.489897900+00:00,47.0065,20.8921,0.0,1,6.7,0.104,80.5373998265523
2026-09-01 00:23:20.127088500+00:00,47.2425,21.4606,0.0,1,8.6,0.142,34.50927500118929
2026-09-01 00:23:20.221077700+00:00,47.256,21.5502,0.0,1,-8.6,0.153,31.19002315140049
2026-09-01 00:23:20.484498500+00:00,47.2559,21.5513,0.0,1,-11.4,0.181,31.18565403819136
2026-09-01 00:23:20.569161200+00:00,47.2562,21.5511,0.0,1,-10.4,0.168,31.155627369065837
2026-09-01 00:23:24.445453400+00:00,47.0025,21.0742,0.0,1,-3.6,0.125,72.13197532357502
2026-09-01 00:23:24.695085+00:00,46.9224,20.9133,0.0,1,-5.4,0.104,86.57622823582697
2026-09-01 00:23:24.809149700+00:00,47.1241,20.8638,0.0,1,4.4,0.125,73.24171239978953
2026-09-01 00:23:24.813937400+00:00,47.1246,20.8543,0.0,1,6.4,0.105,73.7712207674727
2026-09-01 00:23:24.823068500+00:00,47.1133,20.834,0.0,1,3.1,0.166,75.75530472185382
2026-09-01 00:23:24.960797900+00:00,47.1252,20.8649,0.0,1,4.0,0.175,73.10045328788046
2026-09-01 00:23:24.995966500+00:00,47.0522,21.0904,0.0,1,3.4,0.122,66.94198979392407
2026-09-01 00:23:25.000188+00:00,47.0582,21.0822,0.0,1,3.4,0.141,66.78937330940424
2026-09-01 00:23:25.014280500+00:00,47.1247,20.8636,0.0,1,3.4,0.171,73.21204982288806
2026-09-01 00:23:25.170920700+00:00,47.1112,20.8001,0.0,1,3.2,0.112,77.92880858020833
2026-09-01 00:23:26.915814500+00:00,47.1971,20.7251,0.0,1,-2.6,0.085,77.46328746425021
2026-09-01 00:23:27.612858800+00:00,47.1784,20.7457,0.0,1,-2.8,0.081,77.15364983538879
2026-09-01 00:23:28.563234300+00:00,47.2486,21.1195,0.0,1,7.2,0.119,49.51280332361367
2026-09-01 00:23:28.564221200+00:00,47.2494,21.1198,0.0,1,7.2,0.126,49.438637636160074
2026-09-01 00:23:28.567037700+00:00,47.2555,21.1207,0.0,1,4.8,0.132,48.95641768101926
2026-09-01 00:23:29.544970600+00:00,46.7912,20.7754,0.0,1,-3.9,0.135,104.52816384361878
2026-09-01 00:23:31.371162+00:00,47.1217,21.1076,0.0,1,-3.8,0.052,60.097087167298056
2026-09-01 00:23:31.601773900+00:00,47.0451,21.0017,6.8,2,4.1,0.079,71.78314688836869
2026-09-01 00:23:31.732903900+00:00,47.0273,20.9467,0.0,1,3.8,0.104,76.02919918107636
2026-09-01 00:23:33.910341100+00:00,46.721,20.7891,0.0,1,-24.9,0.136,110.20562317728277
2026-09-01 00:23:33.943993100+00:00,46.7111,20.7927,0.0,1,4.2,0.142,110.95587476150202
2026-09-01 00:23:33.944399700+00:00,46.7211,20.7892,0.0,1,-17.8,0.099,110.19214191151306
2026-09-01 00:23:33.967935500+00:00,46.721,20.789,0.0,1,-9.5,0.13,110.20997628360641
2026-09-01 00:23:33.994201600+00:00,46.7205,20.7904,0.0,1,-3.1,0.139,110.19473357923712
2026-09-01 00:23:34.392414200+00:00,46.7221,20.7889,0.0,1,-33.4,0.126,110.11394793740432
2026-09-01 00:23:37.283533900+00:00,46.9186,20.9356,0.0,1,-5.6,0.102,85.87391173695337
2026-09-01 00:23:37.299638700+00:00,46.9607,20.8829,0.0,1,3.8,0.136,84.77691264063377
2026-09-01 00:23:37.351367500+00:00,46.9233,20.811,0.0,1,3.6,0.139,91.5119346415318
2026-09-01 00:23:37.390009600+00:00,46.9313,20.8197,0.0,1,8.7,0.163,90.40894258969358
2026-09-01 00:23:37.391189100+00:00,46.9235,20.814,0.0,1,10.5,0.131,91.34296910736234
2026-09-01 00:23:37.447102700+00:00,46.9141,20.823,0.0,1,4.7,0.128,91.67129300925511
2026-09-01 00:23:37.469981700+00:00,46.9094,20.8266,0.0,1,-2.6,0.082,91.88601540456592
2026-09-01 00:23:40.084628500+00:00,46.7844,20.7654,0.0,1,2.9,0.089,105.59216242145575
2026-09-01 00:23:40.912957100+00:00,46.4629,21.5162,0.0,1,29.6,0.213,119.13230750719146
2026-09-01 00:23:40.962067700+00:00,46.443,21.5128,0.0,1,-6.2,0.185,121.3579363378017
2026-09-01 00:23:41.362199+00:00,47.2015,20.881,0.0,1,3.1,0.142,67.12932385568938
2026-09-01 00:23:41.455798700+00:00,47.1839,20.8501,0.0,1,-4.9,0.093,70.15691076557607
2026-09-01 00:23:41.851740400+00:00,47.195,20.8803,0.0,1,-10.5,0.131,67.57399502328852
2026-09-01 00:23:41.902860700+00:00,47.1953,20.8807,0.0,1,-6.7,0.095,67.53030346804744
2026-09-01 00:23:42.052515800+00:00,47.1956,20.8814,0.0,1,-2.7,0.049,67.46779869900713
2026-09-01 00:23:42.162612200+00:00,47.1954,20.8796,0.0,1,-5.7,0.13,67.59311009904411
2026-09-01 00:23:42.185411+00:00,47.1947,20.8798,0.0,1,-7.1,0.089,67.62395875616939
2026-09-01 00:23:44.167925+00:00,47.1086,21.1201,0.0,1,-2.8,0.108,60.61362406433986
2026-09-01 00:23:45.499980700+00:00,47.035,20.9746,0.0,1,-6.2,0.115,73.98050289803821
2026-09-01 00:23:45.595835500+00:00,47.1464,20.487,0.0,1,-3.5,0.085,96.00684608440338
2026-09-01 00:23:45.599526400+00:00,47.1537,20.4735,0.0,1,2.0,0.398,96.55690787958707
2026-09-01 00:23:46.520555+00:00,46.9458,20.9745,5.0,2,3.4,0.053,81.68044336329497
2026-09-01 00:23:50.351913600+00:00,46.8548,20.9135,0.0,1,-8.0,0.128,92.58707109823395
2026-09-01 00:23:50.570334300+00:00,47.067,20.5159,0.0,1,-4.2,0.11,98.4510503962125
2026-09-01 00:23:50.570921700+00:00,47.0681,20.5161,0.0,1,-7.6,0.101,98.37333784535181
2026-09-01 00:23:50.659533400+00:00,47.2276,21.4386,0.0,1,-4.4,0.173,36.6677826548731
2026-09-01 00:23:50.772965600+00:00,47.2468,21.4473,0.0,1,-17.8,0.148,34.445560714222225
2026-09-01 00:23:50.977673+00:00,47.0495,20.4753,0.0,1,5.2,0.08,102.0904501599325
2026-09-01 00:23:55.920465200+00:00,46.921,20.8179,0.0,1,4.0,0.091,91.352619779554
2026-09-01 00:23:55.921138+00:00,46.921,20.8152,0.0,1,-3.5,0.102,91.48914788305298
2026-09-01 00:23:55.921337300+00:00,46.9209,20.8159,0.0,1,-2.8,0.095,91.46202152932213
2026-09-01 00:23:55.934683800+00:00,46.9242,20.8149,0.0,1,-4.4,0.11,91.23939019365913
2026-09-01 00:23:55.935490300+00:00,46.9273,20.7973,0.0,1,-23.1,0.108,91.88451468053138
2026-09-01 00:23:55.966967900+00:00,46.9179,20.7841,0.0,1,-13.7,0.117,93.33250699534
2026-09-01 00:23:56.004317200+00:00,46.9317,20.8405,0.0,1,-14.8,0.111,89.32388888423394
2026-09-01 00:23:56.995309100+00:00,46.9449,20.8826,0.0,1,-4.2,0.144,86.12055750287371
2026-09-01 00:23:57.084930200+00:00,46.9194,20.9663,0.0,1,-5.1,0.086,84.41193120968481
2026-09-01 00:23:57.354384700+00:00,47.0152,20.8689,0.0,1,-3.0,0.032,81.06149848160749
2026-09-01 00:23:58.736708600+00:00,47.1818,20.7451,0.0,1,-8.8,0.082,76.99905316898423
2026-09-01 00:24:05.840275900+00:00,46.876,20.8448,0.0,1,-35.5,0.096,93.85405032564051
2026-09-01 00:24:05.934208+00:00,46.8757,20.845,0.0,1,-10.1,0.09,93.87055520931531
2026-09-01 00:24:06.018490100+00:00,46.876,20.8466,0.0,1,-10.8,0.07,93.76846779233625
2026-09-01 00:24:06.023399100+00:00,46.8214,20.8046,0.0,1,-3.4,0.084,100.51274268102644
2026-09-01 00:24:06.378592500+00:00,46.3925,21.4184,0.0,1,-28.2,0.264,127.65023602429429
2026-09-01 00:24:06.379071200+00:00,46.396,21.4121,0.0,1,-25.4,0.248,127.32443878523051
2026-09-01 00:24:06.379577100+00:00,46.3928,21.4152,0.0,1,-7.4,0.171,127.64752020066142
2026-09-01 00:24:06.688955600+00:00,47.0292,20.951,0.0,1,2.6,0.14,75.65377873129621
2026-09-01 00:24:07.090875700+00:00,47.0299,20.874,0.0,1,4.4,0.236,79.63132362044101
2026-09-01 00:24:07.527899500+00:00,47.1609,20.4098,10.0,2,15.0,0.085,100.56317622846252
2026-09-01 00:24:07.528389600+00:00,47.1667,20.3641,5.1,2,4.1,0.013,103.4538295995043
2026-09-01 00:24:09.163027700+00:00,46.9273,20.8169,0.0,1,2.9,0.125,90.88157332294813
2026-09-01 00:24:09.163767200+00:00,46.9261,20.8183,5.5,2,-3.4,0.066,90.90967351878935
2026-09-01 00:24:09.355251700+00:00,46.9254,20.8182,0.0,1,3.0,0.139,90.97267440882645
2026-09-01 00:24:09.486713100+00:00,46.9272,20.8196,0.0,1,3.4,0.136,90.7527082296598
2026-09-01 00:24:09.498328200+00:00,46.9275,20.8195,0.0,1,3.9,0.144,90.73296806669029
2026-09-01 00:24:09.847521100+00:00,46.8757,20.5788,0.0,1,3.6,0.127,107.67022209492892
2026-09-01 00:24:09.910327200+00:00,46.9296,20.4689,0.0,1,9.1,0.114,110.14044000011124
2026-09-01 00:24:10.204012300+00:00,46.7408,20.5864,0.0,1,-15.0,0.107,118.02907934131298
2026-09-01 00:24:14.896828700+00:00,47.3078,21.6238,0.0,1,-7.1,0.185,24.886817770705647
2026-09-01 00:24:16.354650600+00:00,47.245,21.4426,0.0,1,8.8,0.189,34.76972982537064
2026-09-01 00:24:16.511372200+00:00,47.2488,21.4732,0.0,1,-6.5,0.15,33.51741345924187
2026-09-01 00:24:16.660148300+00:00,47.2497,21.4747,0.0,1,-14.6,0.168,33.384484251493866
2026-09-01 00:24:16.742864200+00:00,47.2485,21.4745,0.0,1,-3.5,0.072,33.51501040585653
2026-09-01 00:24:16.860033100+00:00,46.8164,20.7318,7.7,2,-2.8,0.111,104.43134017843063
2026-09-01 00:24:16.890524500+00:00,46.8358,20.7508,0.0,1,-2.7,0.135,101.85046032739169
2026-09-01 00:24:19.600839800+00:00,47.1358,20.873,0.0,1,25.3,0.105,71.88958352409425
2026-09-01 00:24:19.601145+00:00,47.1381,20.8712,0.0,1,7.1,0.11,71.83985538171125
2026-09-01 00:24:19.621526300+00:00,47.1223,20.853,0.0,1,-14.9,0.138,74.00662083218805
2026-09-01 00:24:19.642873700+00:00,47.1295,20.8607,0.0,1,-14.8,0.105,73.05406774643355
2026-09-01 00:24:19.699364400+00:00,47.1116,20.8385,0.0,1,-16.6,0.123,75.60523825787467
2026-09-01 00:24:19.828369400+00:00,47.1226,20.8614,0.0,1,-33.7,0.111,73.48765315546329
2026-09-01 00:24:19.932757500+00:00,47.1357,20.8728,0.0,1,-2.9,0.073,71.9083504433898
2026-09-01 00:24:19.933429200+00:00,47.1094,20.8023,0.0,1,2.9,0.061,77.91746624542179
2026-09-01 00:24:19.938691900+00:00,47.1514,20.8946,0.0,1,-6.8,0.138,69.53514336738148
2026-09-01 00:24:20.133409900+00:00,47.1516,20.8954,0.0,1,-43.2,0.119,69.47368498651322
2026-09-01 00:24:20.212715100+00:00,47.1507,20.8965,0.0,1,-3.6,0.068,69.46925270453876
2026-09-01 00:24:20.229469900+00:00,47.1506,20.8964,0.0,1,-3.5,0.057,69.4820457463669
2026-09-01 00:24:20.406223900+00:00,47.1509,20.8959,0.0,1,-5.2,0.092,69.49146075157779
2026-09-01 00:24:20.407115200+00:00,47.2099,21.0604,0.0,1,3.0,0.123,55.69675771759732
2026-09-01 00:24:20.537457400+00:00,47.1507,20.8958,0.0,1,-8.8,0.104,69.51106701433706
2026-09-01 00:24:20.557771800+00:00,47.1512,20.8963,0.0,1,-14.1,0.089,69.44711526852846
2026-09-01 00:24:20.647406900+00:00,47.1508,20.8957,0.0,1,-14.9,0.104,69.51022635476345
2026-09-01 00:24:21.109231500+00:00,46.9471,20.8928,0.0,1,-2.3,0.163,85.43286683292848
2026-09-01 00:24:22.698211500+00:00,46.7081,20.8211,0.0,1,6.1,0.114,110.02568810275592
2026-09-01 00:24:22.700007200+00:00,46.7066,20.8187,0.0,1,3.9,0.154,110.26566131989387
2026-09-01 00:24:22.700478200+00:00,46.7074,20.8184,0.0,1,4.5,0.065,110.20401647673027
2026-09-01 00:24:23.200900400+00:00,46.7086,20.6624,0.0,1,-5.4,0.114,117.06597706241921
2026-09-01 00:24:23.627704700+00:00,46.9973,21.0702,0.0,1,3.1,0.133,72.77944377010655
2026-09-01 00:24:24.766263300+00:00,47.0676,20.5841,0.0,1,-5.1,0.079,94.07497989183588
2026-09-01 00:24:24.766733100+00:00,47.069,20.5839,0.0,1,-3.7,0.045,94.00144835492767
2026-09-01 00:24:24.986966100+00:00,47.1734,20.3663,0.0,1,3.6,0.085,103.0055088709174
2026-09-01 00:24:28.348358700+00:00,47.0289,20.9444,0.0,1,4.2,0.16,76.0150234315925
2026-09-01 00:24:28.350183+00:00,47.0292,20.9352,0.0,1,-4.2,0.12,76.46256149819166
2026-09-01 00:24:30.039331600+00:00,46.9492,21.0157,0.0,1,-3.8,0.115,79.53336769424638
2026-09-01 00:24:30.042533800+00:00,46.9496,21.0154,7.4,2,2.8,0.089,79.51021039740961
2026-09-01 00:24:30.788295200+00:00,47.1553,20.454,0.0,1,2.5,0.128,97.80433647939935
2026-09-01 00:24:30.802798400+00:00,47.1468,20.4459,0.0,1,-16.4,0.078,98.76851356382177
2026-09-01 00:24:30.864261100+00:00,47.1544,20.4536,4.6,2,-3.1,0.038,97.87509947128402
2026-09-01 00:24:30.907608300+00:00,47.1545,20.4553,0.0,1,-4.6,0.063,97.75454181163492
2026-09-01 00:24:30.951598+00:00,47.1337,20.4291,0.0,1,3.8,0.078,100.55338521735113
2026-09-01 00:24:30.999574500+00:00,47.1363,20.3848,0.0,1,-9.6,0.091,103.4363793779581
2026-09-01 00:24:33.317433900+00:00,47.3922,20.2008,0.0,1,6.9,0.073,108.35240561399097
2026-09-01 00:24:33.546067400+00:00,47.1705,20.7532,0.0,1,-11.0,0.122,77.12577607338025
2026-09-01 00:24:33.599672100+00:00,47.1672,20.7575,0.0,1,-14.3,0.093,77.04348028469504
2026-09-01 00:24:37.587787300+00:00,46.8502,20.7847,0.0,1,-12.7,0.116,98.96666610613859
2026-09-01 00:24:37.648281700+00:00,46.8279,20.7916,0.0,1,-12.9,0.112,100.55770243410838
2026-09-01 00:24:37.648952+00:00,46.8149,20.8099,0.0,1,-6.6,0.122,100.83796810073811
2026-09-01 00:24:37.696189100+00:00,46.7672,20.7717,0.0,1,4.9,0.126,106.8206916852998
2026-09-01 00:24:40.295569+00:00,47.2421,21.4931,0.0,1,-8.8,0.174,33.739114036590024
2026-09-01 00:24:40.424475300+00:00,47.2239,21.4437,0.0,1,3.6,0.088,36.90202502202639
2026-09-01 00:24:40.926462700+00:00,47.1533,20.464,0.0,1,-4.7,0.099,97.22137800883338
2026-09-01 00:24:41.092999100+00:00,47.1711,20.355,5.8,2,5.3,0.05,103.89137696189017
2026-09-01 00:24:41.239040+00:00,47.1249,20.3434,0.0,1,2.3,0.102,106.80867075461386
2026-09-01 00:24:41.319014300+00:00,47.1616,20.3624,0.0,1,3.5,0.087,103.79933288101502
2026-09-01 00:24:41.336252700+00:00,47.1767,20.3765,7.0,2,-4.3,0.052,102.1523241648641
2026-09-01 00:24:41.841748800+00:00,46.9304,20.8217,0.0,1,-2.7,0.122,90.3815051853673
2026-09-01 00:24:41.842953500+00:00,46.9307,20.8215,0.0,1,3.7,0.118,90.36688557778064
2026-09-01 00:24:42.211524500+00:00,47.1267,20.4129,0.0,1,5.1,0.076,101.99769257744208
2026-09-01 00:24:42.405838200+00:00,47.1779,20.4289,0.0,1,2.6,0.079,98.46907535429237
2026-09-01 00:24:42.522310100+00:00,47.1019,20.4151,0.0,1,-2.5,0.077,103.11655849444112
2026-09-01 00:24:42.528726600+00:00,47.0862,20.429,0.0,1,-2.7,0.092,103.02871507970967
2026-09-01 00:24:42.719487800+00:00,47.1035,20.4664,6.0,2,6.8,0.11,99.61951285829728
2026-09-01 00:24:42.720124800+00:00,47.0494,20.4157,0.0,1,3.2,0.096,105.94782725352212
2026-09-01 00:24:42.806124900+00:00,47.1128,20.4121,0.0,1,-7.5,0.078,102.7537330785849
2026-09-01 00:24:42.883792200+00:00,47.1128,20.4123,0.0,1,-5.9,0.066,102.74029567188082
2026-09-01 00:24:42.945132500+00:00,47.1128,20.4128,0.0,1,-7.5,0.077,102.70670414299754
2026-09-01 00:24:42.995069100+00:00,47.1046,21.0588,0.0,1,-7.9,0.11,63.95977725150855
2026-09-01 00:24:43.281727900+00:00,47.0755,21.0257,0.0,1,-5.7,0.106,68.04261299482859
2026-09-01 00:24:43.600676400+00:00,47.2144,21.1061,0.0,1,-6.8,0.127,52.76790339262143
2026-09-01 00:24:44.766485700+00:00,47.1541,22.2961,0.0,1,7.3,0.219,65.58414896805859
2026-09-01 00:24:44.789618600+00:00,47.1507,22.2929,0.0,1,-13.7,0.285,65.64360454790632
2026-09-01 00:24:45.182527600+00:00,46.9453,20.9387,0.0,1,-2.9,0.12,83.38258903689076
2026-09-01 00:24:52.064772300+00:00,46.7553,20.8007,0.0,1,4.5,0.095,106.57982747280192
2026-09-01 00:24:52.249513100+00:00,46.7512,20.7998,0.0,1,3.3,0.1,106.99059926640554
2026-09-01 00:24:53.178990100+00:00,47.1987,20.9008,0.0,1,15.6,0.109,66.06101116860552
2026-09-01 00:24:53.195736300+00:00,47.1859,20.8828,0.0,1,-19.4,0.092,67.98825241853781
2026-09-01 00:24:53.225636800+00:00,47.1748,20.9288,0.0,1,-8.1,0.119,65.89989935495092
2026-09-01 00:24:53.613318500+00:00,47.1834,20.8424,0.0,1,-3.3,0.058,70.6722873857344
2026-09-01 00:24:55.966977+00:00,47.2481,21.1272,0.0,1,13.2,0.119,49.10248023597427
2026-09-01 00:25:00.422685800+00:00,46.4754,21.5072,0.0,1,7.6,0.177,117.79661343476529
2026-09-01 00:25:00.455485700+00:00,46.4769,21.4972,0.0,1,-6.1,0.242,117.69143882889533
2026-09-01 00:25:00.510253200+00:00,46.4857,21.4953,0.0,1,-7.4,0.26,116.72859029946909
2026-09-01 00:25:01.430319100+00:00,46.875,20.8271,0.0,1,-16.6,0.107,94.78787393474715
2026-09-01 00:25:04.735913300+00:00,47.2091,21.3966,0.0,1,3.7,0.137,39.847188678875
2026-09-01 00:25:04.943595700+00:00,47.2076,21.3484,0.0,1,-12.4,0.143,41.70251751243192
2026-09-01 00:25:04.946142300+00:00,47.1897,21.4057,0.0,1,4.5,0.133,41.520193835603415
2026-09-01 00:25:05.137185200+00:00,47.21,21.3958,0.0,1,-3.0,0.034,39.78344850075581
2026-09-01 00:25:05.180293400+00:00,47.2567,21.3153,0.0,1,3.8,0.14,38.54772206439529
2026-09-01 00:25:05.183591200+00:00,47.2651,21.3173,0.0,1,3.4,0.134,37.71686479737706
2026-09-01 00:25:05.185974+00:00,47.2673,21.3166,0.0,1,8.0,0.104,37.55744968536165
2026-09-01 00:25:05.188184+00:00,47.2667,21.3183,0.0,1,5.5,0.129,37.53033657325614
2026-09-01 00:25:05.189931500+00:00,47.2658,21.3249,0.0,1,5.0,0.139,37.30390115937133
2026-09-01 00:25:05.190713700+00:00,47.2388,21.3165,0.0,1,5.4,0.102,40.09390994403602
2026-09-01 00:25:05.204278100+00:00,47.2724,21.2763,0.0,1,3.3,0.123,39.09663653522189
2026-09-01 00:25:05.246790+00:00,47.2206,21.2635,0.0,1,-4.1,0.074,44.1169356126508
2026-09-01 00:25:05.249474200+00:00,47.2111,21.2594,0.0,1,4.5,0.113,45.14009164964543
2026-09-01 00:25:05.575914600+00:00,47.2572,21.3173,0.0,1,-5.3,0.148,38.411942352632096
2026-09-01 00:25:06.483859700+00:00,47.0393,21.0192,0.0,1,4.8,0.146,71.41726501456034
2026-09-01 00:25:06.553766700+00:00,47.0235,20.9607,0.0,1,-7.8,0.126,75.63635723445633
2026-09-01 00:25:06.607832300+00:00,47.0533,21.0036,0.0,1,-6.7,0.114,71.00110998357285
2026-09-01 00:25:06.908074400+00:00,47.0539,20.9814,0.0,1,-4.5,0.13,72.0718324683884
2026-09-01 00:25:08.042046600+00:00,46.8404,20.7834,0.0,1,-17.3,0.098,99.86982287509252
2026-09-01 00:25:08.086475200+00:00,46.8551,20.8087,0.0,1,-18.3,0.111,97.38662430168878
2026-09-01 00:25:08.133482700+00:00,46.8666,20.7502,0.0,1,-19.5,0.114,99.29136900152295
2026-09-01 00:25:08.189147900+00:00,46.8657,20.7512,0.0,1,-24.3,0.099,99.31592579884813
2026-09-01 00:25:08.259186700+00:00,46.8299,20.8022,0.0,1,5.4,0.111,99.88192783545519
2026-09-01 00:25:08.283554700+00:00,46.8689,20.7556,0.0,1,3.5,0.147,98.82779007961534
2026-09-01 00:25:08.395638700+00:00,46.8665,20.7502,0.0,1,-11.3,0.104,99.29969156571534
2026-09-01 00:25:08.396457900+00:00,46.8884,20.7029,0.0,1,6.9,0.086,99.95262292250582
2026-09-01 00:25:08.482448700+00:00,46.8661,20.7506,0.0,1,-8.9,0.114,99.31283046788454
2026-09-01 00:25:08.633998800+00:00,46.8668,20.751,0.0,1,-4.2,0.105,99.23439382669656
2026-09-01 00:25:10.847633800+00:00,47.1658,20.3596,0.0,1,-2.2,0.054,103.80567796940673
2026-09-01 00:25:10.858578600+00:00,46.936,20.8023,0.0,1,-9.2,0.088,90.91689454120478
2026-09-01 00:25:11.020881300+00:00,47.1534,20.3626,0.0,1,2.3,0.077,104.15705423901176
2026-09-01 00:25:12.051881300+00:00,47.1887,20.9973,0.0,1,7.7,0.119,60.873121998499606
2026-09-01 00:25:12.144133+00:00,47.197,20.9836,0.0,1,-4.1,0.077,61.111684506322526
2026-09-01 00:25:12.177980+00:00,47.1784,20.9959,0.0,1,-12.0,0.131,61.68180827368591
2026-09-01 00:25:12.237598500+00:00,47.2009,20.9805,0.0,1,-14.6,0.14,61.03338923185772
2026-09-01 00:25:12.248474100+00:00,47.1832,20.9908,5.8,2,-2.8,0.042,61.64000638419109
2026-09-01 00:25:12.516862+00:00,47.1721,20.9637,0.0,1,-5.3,0.086,64.00839197973542
2026-09-01 00:25:15.405168600+00:00,47.2495,21.4567,0.0,1,-3.3,0.162,33.895225155612714
2026-09-01 00:25:15.405644200+00:00,47.249,21.4596,0.0,1,-2.2,0.115,33.86472071962147
2026-09-01 00:25:16.338096200+00:00,47.1006,21.146,0.0,1,-3.3,0.611,60.11001955560194
2026-09-01 00:25:16.366384100+00:00,47.1654,20.9735,0.0,1,2.5,0.117,63.907985892651794
2026-09-01 00:25:16.377549800+00:00,47.1636,20.9585,0.0,1,-2.4,0.102,64.90961837825749
2026-09-01 00:25:16.396446600+00:00,47.1781,20.9506,0.0,1,-2.7,0.069,64.37023858839409
2026-09-01 00:25:16.527759600+00:00,47.126,21.1032,0.0,1,3.0,0.171,59.952189139742934
2026-09-01 00:25:16.658709600+00:00,47.1838,21.0482,0.0,1,2.3,0.065,58.29585918804706
2026-09-01 00:25:19.738964+00:00,46.8753,20.7879,0.0,1,-10.3,0.138,96.67800142476159
2026-09-01 00:25:19.982891200+00:00,46.9945,20.9309,0.0,1,-6.3,0.1,79.55051951662229
2026-09-01 00:25:20.207274200+00:00,46.9953,20.9304,0.0,1,-10.5,0.092,79.50844549482586
2026-09-01 00:25:20.300159500+00:00,47.2332,21.4626,0.0,1,3.3,0.186,35.42197243552343
2026-09-01 00:25:22.392506900+00:00,47.2991,21.6051,0.0,1,10.6,0.175,25.90672776772834
2026-09-01 00:25:22.393514100+00:00,47.3018,21.6053,0.0,1,-4.2,0.199,25.606153523201048
2026-09-01 00:25:22.616495200+00:00,47.2868,21.6291,0.0,1,-5.6,0.217,27.22085505769908
2026-09-01 00:25:26.289828300+00:00,47.1365,20.8757,0.0,1,6.2,0.09,71.68078247586362
2026-09-01 00:25:26.290213600+00:00,47.1368,20.8767,0.0,1,-2.6,0.052,71.60066873142326
2026-09-01 00:25:26.480017500+00:00,47.1336,20.8519,0.0,1,-2.9,0.114,73.30172353402077
2026-09-01 00:25:26.666279200+00:00,47.1531,20.8476,0.0,1,-5.9,0.077,72.26778360612002
2026-09-01 00:25:26.668500200+00:00,47.1376,20.8754,0.0,1,-5.9,0.077,71.62330006602166
2026-09-01 00:25:27.391465900+00:00,46.9545,20.8928,0.0,1,-3.1,0.09,84.80605325242816
2026-09-01 00:25:27.547175+00:00,46.9522,20.8815,0.0,1,-10.9,0.109,85.5593915865535
2026-09-01 00:25:27.547881300+00:00,46.9457,20.8942,0.0,1,-5.4,0.095,85.4833620011582
2026-09-01 00:25:27.548876400+00:00,46.9674,20.9146,0.0,1,-3.0,0.164,82.64111669124358
2026-09-01 00:25:27.671480900+00:00,46.9435,20.8853,0.0,1,-5.3,0.099,86.10627717988132
2026-09-01 00:25:28.879041800+00:00,46.8303,20.7724,0.0,1,-2.7,0.143,101.26882000736546
2026-09-01 00:25:28.992611700+00:00,46.8243,20.8264,0.0,1,-15.3,0.108,99.24512960122453
2026-09-01 00:25:29.126350100+00:00,46.7868,20.7154,0.0,1,-7.3,0.121,107.75995047738094
2026-09-01 00:25:30.099826+00:00,46.9447,21.0221,0.0,1,3.3,0.146,79.66436786496804
2026-09-01 00:25:30.102735500+00:00,46.9331,20.9447,0.0,1,-3.5,0.112,84.17300451264946
2026-09-01 00:25:30.123970300+00:00,46.9482,20.9207,0.0,1,-3.0,0.154,83.9862485550285
2026-09-01 00:25:30.348229300+00:00,46.9465,21.0128,0.0,1,4.2,0.166,79.9055966730411
2026-09-01 00:25:31.383192200+00:00,47.1547,20.4791,0.0,1,3.9,0.086,96.12794054673027
2026-09-01 00:25:31.384077100+00:00,47.1543,20.481,0.0,1,3.5,0.087,96.01884763213711
2026-09-01 00:25:31.384659100+00:00,47.1567,20.4802,0.0,1,3.9,0.09,95.95506953977049
2026-09-01 00:25:31.386773600+00:00,47.1592,20.48,0.0,1,4.0,0.089,95.84637881093448
2026-09-01 00:25:31.389820600+00:00,47.1596,20.4807,5.7,2,4.4,0.066,95.77930801588745
2026-09-01 00:25:31.664653800+00:00,47.1482,20.556,0.0,1,2.6,0.052,91.28839886127305
2026-09-01 00:25:31.812767700+00:00,47.2435,21.4545,0.0,1,6.7,0.156,34.57582160093544
2026-09-01 00:25:31.813477100+00:00,47.2451,21.4557,0.0,1,21.7,0.153,34.376923766319436
2026-09-01 00:25:31.828003600+00:00,47.2397,21.4586,0.0,1,4.1,0.136,34.85419155476464
2026-09-01 00:25:31.845896800+00:00,47.2433,21.455,0.0,1,4.5,0.2,34.58230056505902
2026-09-01 00:25:31.990278700+00:00,47.2493,21.4595,0.0,1,-10.2,0.183,33.8365652519801
2026-09-01 00:25:41.080544200+00:00,47.065,20.5939,0.0,1,14.2,0.08,93.61943358819012
2026-09-01 00:25:41.101837400+00:00,47.0786,20.5306,0.0,1,2.3,0.042,96.82428170084464
2026-09-01 00:25:41.103819200+00:00,47.0643,20.5907,0.0,1,-2.3,0.105,93.86388276493498
2026-09-01 00:25:41.239899200+00:00,47.1753,20.9643,0.0,1,-14.8,0.083,63.75017906035404
2026-09-01 00:25:41.460441400+00:00,46.819,20.8176,0.0,1,-27.5,0.109,100.1197983784636
2026-09-01 00:25:41.499583400+00:00,46.522,21.5902,0.0,1,-5.6,0.074,112.29760794136018
2026-09-01 00:25:41.501251100+00:00,46.5239,21.5773,9.7,2,-4.8,0.141,112.11519024457387
2026-09-01 00:25:41.548335+00:00,46.8436,20.8819,0.0,1,4.4,0.206,95.00142801114535
2026-09-01 00:25:41.597852200+00:00,46.8379,20.7938,0.0,1,-13.5,0.096,99.58592489682881
2026-09-01 00:25:42.265681100+00:00,47.1362,21.1418,0.0,1,-2.8,0.12,57.198212798710955
2026-09-01 00:25:42.380345200+00:00,47.1467,21.1603,0.0,1,-8.4,0.184,55.40774354268607
2026-09-01 00:25:42.794490200+00:00,46.9281,20.7984,0.0,1,-35.1,0.096,91.76249224817713
2026-09-01 00:25:42.835802400+00:00,46.9206,20.8229,0.0,1,-18.5,0.081,91.13375959075792
2026-09-01 00:25:42.858718400+00:00,46.9235,20.7885,0.0,1,-12.6,0.099,92.6484635559379
2026-09-01 00:25:42.955102200+00:00,46.9275,20.7823,0.0,1,-6.3,0.054,92.64449689759923
2026-09-01 00:25:43.107075+00:00,46.927,20.7792,0.0,1,-52.7,0.121,92.84630710555528
2026-09-01 00:25:43.150704600+00:00,46.9274,20.7814,0.0,1,-8.1,0.109,92.69940942606357
2026-09-01 00:25:43.281793500+00:00,46.9269,20.7799,0.0,1,-16.1,0.096,92.81795701032767
2026-09-01 00:25:43.288937100+00:00,46.9351,20.7991,0.0,1,-5.4,0.096,91.15573988132891
2026-09-01 00:25:43.320671400+00:00,46.9272,20.7809,0.0,1,-9.7,0.093,92.74162255751853
2026-09-01 00:25:43.498005800+00:00,46.9273,20.7806,0.0,1,-8.7,0.111,92.74913601142835
2026-09-01 00:25:46.446618500+00:00,47.0952,21.1219,0.0,1,-3.4,0.131,61.69609623734207
2026-09-01 00:25:46.458636500+00:00,47.1268,21.1226,0.0,1,2.7,0.161,58.93098855837267
2026-09-01 00:25:47.637122+00:00,47.0376,20.9859,0.0,1,-6.5,0.11,73.19803808762545
2026-09-01 00:25:47.645753200+00:00,47.0094,20.9915,0.0,1,-4.4,0.13,75.31799744218755
2026-09-01 00:25:47.654786+00:00,47.0075,20.992,0.0,1,-3.3,0.099,75.45756912220138
2026-09-01 00:25:47.950380300+00:00,46.9497,20.9471,0.0,1,-4.2,0.127,82.60360224537587
2026-09-01 00:25:48.161592800+00:00,46.7109,20.8252,0.0,1,-3.5,0.148,109.59374893059669
2026-09-01 00:25:48.166100200+00:00,46.7159,20.8274,0.0,1,3.6,0.125,109.03719332434864
2026-09-01 00:25:48.167369300+00:00,46.7169,20.8186,0.0,1,4.6,0.135,109.315618800061
2026-09-01 00:25:48.168648400+00:00,46.7165,20.8179,0.0,1,3.4,0.14,109.38224701995068
2026-09-01 00:25:48.169983400+00:00,46.7175,20.8128,0.0,1,4.6,0.125,109.50645728524162
2026-09-01 00:25:48.384496800+00:00,46.7126,20.8211,0.0,1,4.2,0.127,109.60817816468636
2026-09-01 00:25:48.417899200+00:00,46.7067,20.8237,0.0,1,-3.2,0.129,110.04690883114746
2026-09-01 00:25:48.600212+00:00,46.7071,20.9122,0.0,1,3.1,0.035,106.45520487183686
2026-09-01 00:25:48.652697500+00:00,46.7028,20.646,0.0,1,3.9,0.086,118.347815247517
2026-09-01 00:25:48.662550300+00:00,46.7049,20.6222,0.0,1,-3.8,0.136,119.30488291292743
2026-09-01 00:25:48.709534400+00:00,46.6191,20.7273,0.0,1,3.1,0.078,122.22860298237421
2026-09-01 00:25:48.745889500+00:00,46.5935,20.7272,0.0,1,16.0,0.148,124.6147442059008
2026-09-01 00:25:49.878497800+00:00,47.1784,21.2661,0.0,1,16.0,0.135,47.778322954048214
2026-09-01 00:25:49.879568200+00:00,47.1704,21.2712,0.0,1,-4.0,0.125,48.2988916408753
2026-09-01 00:25:49.977017700+00:00,47.1855,21.2537,0.0,1,-10.0,0.156,47.67573235184886
2026-09-01 00:25:50.627247900+00:00,46.5286,21.7034,0.0,1,5.9,0.263,111.67753703193415
2026-09-01 00:25:50.645172200+00:00,47.2102,21.0645,0.0,1,-11.8,0.098,55.43885225134394
2026-09-01 00:25:50.882026400+00:00,47.1832,21.1513,0.0,1,2.9,0.161,52.786208461073365
2026-09-01 00:25:50.903986400+00:00,46.9319,20.8084,0.0,1,-3.6,0.122,90.93738780095765
2026-09-01 00:25:50.910352400+00:00,46.9363,20.8095,0.0,1,3.7,0.089,90.52082259181793
2026-09-01 00:25:52.447109500+00:00,47.1561,20.469,0.0,1,-3.6,0.091,96.74502527297659
2026-09-01 00:25:55.615505700+00:00,47.1552,22.3234,0.0,1,3.6,0.233,67.10069997097952
2026-09-01 00:25:55.616175300+00:00,47.1554,22.3241,0.0,1,3.9,0.404,67.1279939001123
2026-09-01 00:25:55.616695900+00:00,47.155,22.323,0.0,1,5.8,0.274,67.09110185223844
2026-09-01 00:25:55.617893200+00:00,47.1561,22.3253,0.0,1,5.6,0.274,67.15003149089482
2026-09-01 00:25:55.813194500+00:00,47.127,22.3648,0.0,1,-17.2,0.305,71.50794626781669
2026-09-01 00:25:55.997149400+00:00,47.1278,22.3688,0.0,1,-8.7,0.233,71.68643600529145
2026-09-01 00:26:04.661356600+00:00,47.0065,21.0573,0.0,1,3.3,0.113,72.51761496950465
2026-09-01 00:26:04.662068+00:00,47.0318,21.0497,0.0,1,-4.4,0.168,70.61831972327721
2026-09-01 00:26:05.176199200+00:00,47.0224,21.0529,0.0,1,3.6,0.096,71.29918146686086
2026-09-01 00:26:10.500817800+00:00,47.1543,21.1327,0.0,1,7.2,0.102,56.114933464366295
2026-09-01 00:26:10.641853400+00:00,47.1608,21.0433,0.0,1,-8.8,0.076,60.298740119897595
2026-09-01 00:26:10.643353200+00:00,47.1585,21.1344,0.0,1,-4.9,0.097,55.68013950013101
2026-09-01 00:26:11.439384100+00:00,47.0426,20.9475,0.0,1,-3.1,0.212,74.73676198219728
2026-09-01 00:26:12.074439300+00:00,47.2343,21.4794,0.0,1,3.6,0.174,34.883263600458164
2026-09-01 00:26:12.301670400+00:00,47.2311,21.4907,0.0,1,-5.1,0.106,34.961088190138305
2026-09-01 00:26:12.308515700+00:00,47.2346,21.4801,0.0,1,-6.6,0.128,34.8348391380388
2026-09-01 00:26:12.357201300+00:00,46.8347,20.7936,0.0,1,-10.7,0.091,99.8725092286572
2026-09-01 00:26:12.396239300+00:00,46.8785,20.7925,0.0,1,-7.5,0.086,96.18025320302903
2026-09-01 00:26:12.584003600+00:00,46.8275,20.7937,0.0,1,-9.9,0.115,100.49288979638422
2026-09-01 00:26:12.617590400+00:00,47.1873,21.4159,0.0,1,-13.5,0.103,41.46376916859653
2026-09-01 00:26:12.671924900+00:00,46.8487,20.7917,0.0,1,4.3,0.077,98.75598686934394
2026-09-01 00:26:12.797045300+00:00,47.1859,21.4161,0.0,1,-22.4,0.129,41.60186586114261
2026-09-01 00:26:19.649626500+00:00,47.31,21.6384,0.0,1,10.3,0.064,24.654943228469552
2026-09-01 00:26:19.863619+00:00,47.3253,21.613,0.0,1,-10.4,0.191,22.964721231558507
2026-09-01 00:26:22.709630400+00:00,47.4179,20.2084,0.0,1,4.4,0.072,107.3874150138692
2026-09-01 00:26:22.710150+00:00,47.4184,20.2064,0.0,1,-18.8,0.069,107.52965521787448
2026-09-01 00:26:22.729312100+00:00,47.4185,20.2089,0.0,1,-9.7,0.066,107.34165831848173
2026-09-01 00:26:22.858292100+00:00,47.4254,20.1674,0.0,1,50.2,0.064,110.34781041717152
2026-09-01 00:26:22.868902+00:00,47.3927,20.2672,0.0,1,2.2,0.094,103.40588581557182
2026-09-01 00:26:22.888957300+00:00,47.418,20.2075,0.0,1,3.8,0.091,107.45317611247859
2026-09-01 00:26:22.919963900+00:00,47.4397,20.4256,0.0,1,-2.8,0.055,90.8744593987036
2026-09-01 00:26:22.950900800+00:00,47.418,20.207,0.0,1,10.8,0.069,107.49049318257211
2026-09-01 00:26:23.129795100+00:00,46.8103,20.8438,0.0,1,-10.4,0.15,99.70118759424855
2026-09-01 00:26:23.140814100+00:00,47.2657,19.9527,5.6,2,-4.3,0.062,129.46083544952404
2026-09-01 00:26:23.524197+00:00,47.5294,20.1261,0.0,1,-13.5,0.079,112.70643369297431
2026-09-01 00:26:25.334187100+00:00,47.0095,21.0574,0.0,1,-2.8,0.131,72.24408419493798
2026-09-01 00:26:25.509886700+00:00,47.1762,20.3896,0.0,1,5.2,0.1,101.26494620552087
2026-09-01 00:26:25.926697500+00:00,47.1793,20.452,0.0,1,-2.3,0.084,96.81217002714939
2026-09-01 00:26:26.039633300+00:00,47.1065,20.3188,0.0,1,2.0,0.078,109.37515871259407
2026-09-01 00:26:26.128541100+00:00,47.1724,20.3672,0.0,1,3.4,0.095,102.98688807750838
2026-09-01 00:26:27.485059100+00:00,47.1095,21.1155,0.0,1,-11.1,0.114,60.755372088979016
2026-09-01 00:26:27.518327100+00:00,47.0909,21.1139,0.0,1,-9.6,0.101,62.445841575097546
2026-09-01 00:26:27.756752200+00:00,47.091,21.1131,0.0,1,-5.8,0.116,62.47449995783409
2026-09-01 00:26:27.812715800+00:00,47.097,21.1621,0.0,1,-3.5,0.15,59.70954507995304
2026-09-01 00:26:28.261685400+00:00,46.9423,20.9149,0.0,1,-8.3,0.125,84.77299881767117
2026-09-01 00:26:31.978246700+00:00,46.5203,21.5783,0.0,1,-6.5,0.229,112.51274097832813
2026-09-01 00:26:32.882222200+00:00,47.2535,21.4848,0.0,1,-3.9,0.119,32.730938050202866
2026-09-01 00:26:34.985525800+00:00,47.0102,21.0696,0.0,1,3.8,0.148,71.63688522670155
2026-09-01 00:26:34.986265100+00:00,47.0099,21.0704,0.0,1,-10.9,0.144,71.62853234074353
2026-09-01 00:26:35.658649300+00:00,47.1435,20.8835,0.0,1,-3.8,0.062,70.73680305055413
2026-09-01 00:26:35.659020300+00:00,47.143,20.8806,0.0,1,-4.3,0.1,70.94413360914558
2026-09-01 00:26:35.679945800+00:00,47.1277,20.6247,0.0,1,-20.5,0.152,87.9000514865153
2026-09-01 00:26:35.717928200+00:00,47.1188,20.8712,0.0,1,-2.4,0.056,73.174817679288
2026-09-01 00:26:35.718430800+00:00,47.1162,20.8659,0.0,1,-22.2,0.119,73.66836673366225
2026-09-01 00:26:35.852652400+00:00,47.1095,20.876,0.0,1,-20.2,0.114,73.55281185834858
2026-09-01 00:26:35.904535800+00:00,47.1176,20.8795,0.0,1,-10.3,0.106,72.77351236803321
2026-09-01 00:26:35.986234300+00:00,47.1259,20.8516,0.0,1,-16.8,0.099,73.84306061206247
2026-09-01 00:26:36.271760900+00:00,47.1174,20.88,0.0,1,-5.3,0.129,72.7584864404846
2026-09-01 00:26:36.319127+00:00,47.127,20.8524,0.0,1,-16.2,0.112,73.72014885201145
2026-09-01 00:26:38.333892100+00:00,47.0614,21.0317,0.0,1,-3.1,0.087,68.92735985971443
2026-09-01 00:26:38.461964900+00:00,46.9306,20.8099,0.0,1,2.8,0.046,90.96707513894586
2026-09-01 00:26:38.489005500+00:00,46.9218,20.8123,0.0,1,-8.2,0.095,91.56986766342624
2026-09-01 00:26:38.570695600+00:00,46.9137,20.8339,0.0,1,-4.5,0.136,91.16168259285737
2026-09-01 00:26:38.922296900+00:00,46.9283,20.8062,0.0,1,-3.6,0.153,91.34540582881515
2026-09-01 00:26:40.700423500+00:00,47.1638,21.1445,0.0,1,-6.2,0.135,54.73256847670569
2026-09-01 00:26:40.829046+00:00,47.2118,21.1611,0.0,1,-11.3,0.143,49.970385570091004
2026-09-01 00:26:43.180813500+00:00,47.0689,20.607,0.0,1,-8.4,0.09,92.55467742281655
2026-09-01 00:26:43.180963+00:00,47.0747,20.5619,0.0,1,-9.1,0.107,95.050355110136
2026-09-01 00:26:43.181458800+00:00,47.0743,20.6028,0.0,1,-5.0,0.122,92.48334164863013
2026-09-01 00:26:43.453427+00:00,47.0887,20.5323,0.0,1,-3.4,0.107,96.12796229064718
2026-09-01 00:26:43.598122700+00:00,47.0608,20.4919,0.0,1,3.9,0.078,100.35829284514253
2026-09-01 00:26:44.700719300+00:00,47.3163,20.2992,0.0,1,14.6,0.086,102.74090574570891
2026-09-01 00:26:44.701324800+00:00,47.3206,20.2982,0.0,1,-4.7,0.068,102.69981697688095
2026-09-01 00:26:44.828804400+00:00,47.3267,20.3107,0.0,1,-2.5,0.057,101.62481175053686
2026-09-01 00:26:48.055959400+00:00,47.1566,20.5169,0.0,1,4.9,0.114,93.47732763243592
2026-09-01 00:26:48.252604200+00:00,46.5179,21.629,0.0,1,8.8,0.204,112.71837078689741
2026-09-01 00:26:52.799225800+00:00,47.1717,21.2476,0.0,1,-5.0,0.119,49.19067704400504
2026-09-01 00:26:52.900017300+00:00,47.1877,21.2477,0.0,1,-3.8,0.065,47.74738618779675
2026-09-01 00:26:52.930486500+00:00,47.1839,21.2332,0.0,1,-14.6,0.146,48.74442159328818
2026-09-01 00:26:53.071101700+00:00,47.1869,21.2256,0.0,1,-25.0,0.118,48.83236039061695
2026-09-01 00:26:53.071755400+00:00,47.1997,21.2759,0.0,1,-12.7,0.116,45.41400057724482
2026-09-01 00:26:54.216034400+00:00,46.8616,20.7042,0.0,1,5.1,0.095,102.05100676409735
2026-09-01 00:26:54.216507100+00:00,46.861,20.7049,0.0,1,-2.7,0.124,102.06387074284135
2026-09-01 00:26:54.289241600+00:00,46.877,20.7278,0.0,1,-11.1,0.102,99.57576403343936
2026-09-01 00:26:54.444639700+00:00,46.8594,20.7059,0.0,1,-3.6,0.037,102.14312649229004
2026-09-01 00:26:55.164941600+00:00,46.8422,20.8454,0.0,1,-9.8,0.113,96.785976586137
2026-09-01 00:26:55.328944400+00:00,46.8247,20.8396,0.0,1,-7.3,0.114,98.60422513292554
2026-09-01 00:26:55.546347900+00:00,46.9379,20.8042,0.0,1,-9.4,0.116,90.66396884261732
2026-09-01 00:26:55.547508300+00:00,46.9402,20.8031,0.0,1,5.1,0.099,90.53405589634627
2026-09-01 00:26:55.556732900+00:00,46.9444,20.8158,5.2,2,3.5,0.109,89.53496894584426
2026-09-01 00:26:55.684800300+00:00,46.9426,20.7043,0.0,1,3.6,0.108,95.62994896041805
2026-09-01 00:26:55.693782700+00:00,46.9371,20.6923,0.0,1,2.6,0.122,96.71173475883792
2026-09-01 00:26:55.953218900+00:00,46.9517,20.8435,0.0,1,2.5,0.125,87.51477519016773
2026-09-01 00:26:56.087967200+00:00,46.9764,20.7523,0.0,1,2.4,0.125,90.40051673436238
2026-09-01 00:26:56.089873300+00:00,47.0277,20.7506,0.0,1,-2.3,0.152,86.67886544781409
2026-09-01 00:26:56.167853300+00:00,47.0683,20.8409,0.0,1,2.8,0.085,78.55211151594582
2026-09-01 00:26:56.477094900+00:00,47.0887,20.7243,0.0,1,4.3,0.107,84.0247334218496
2026-09-01 00:26:56.507091800+00:00,46.9039,20.7936,0.0,1,5.7,0.093,94.0002319960034
2026-09-01 00:26:57.646927600+00:00,47.0122,20.9912,0.0,1,3.8,0.088,75.09188671967145
2026-09-01 00:26:57.994998500+00:00,47.0198,20.8974,0.0,1,-4.0,0.117,79.18836841421344
2026-09-01 00:26:58.087263800+00:00,47.0915,20.5728,0.0,1,2.7,0.118,93.35349675656322
2026-09-01 00:26:58.090990900+00:00,47.0937,20.5789,0.0,1,6.4,0.107,92.83225029815358
2026-09-01 00:27:04.628252900+00:00,47.0845,20.4377,0.0,1,6.7,0.085,102.54680803136918
2026-09-01 00:27:07.232228700+00:00,47.2381,21.4499,0.0,1,18.8,0.151,35.2628321596701
2026-09-01 00:27:07.263490300+00:00,47.2163,21.4189,0.0,1,-6.4,0.176,38.41164638723489
2026-09-01 00:27:08.917644100+00:00,47.3225,21.5728,0.0,1,-4.4,0.132,23.6095552524007
2026-09-01 00:27:09.908343100+00:00,47.1884,20.9783,0.0,1,-3.2,0.155,62.01581839698551
2026-09-01 00:27:09.909447900+00:00,47.1887,20.9777,0.0,1,-4.6,0.117,62.0308281566506
2026-09-01 00:27:09.910771600+00:00,47.1873,20.9762,0.0,1,4.9,0.124,62.21616746592679
2026-09-01 00:27:10.011923300+00:00,46.8562,20.8384,0.0,1,3.3,0.12,95.88084365376436
2026-09-01 00:27:10.080762400+00:00,46.8876,20.7649,0.0,1,-4.9,0.105,96.80536159552607
2026-09-01 00:27:10.178056900+00:00,46.9006,20.8562,0.0,1,2.7,0.056,91.18451286204684
2026-09-01 00:27:10.179748200+00:00,46.8672,20.8004,0.0,1,-4.1,0.121,96.75036018953523
2026-09-01 00:27:10.303401500+00:00,46.8834,20.8633,0.0,1,-3.7,0.101,92.33395890577135
2026-09-01 00:27:10.404100700+00:00,47.1577,21.1056,0.0,1,3.7,0.152,57.21504319232284
2026-09-01 00:27:10.479868200+00:00,46.833,20.7582,0.0,1,-10.6,0.11,101.72632598228958
2026-09-01 00:27:10.737208700+00:00,46.8336,20.7619,0.0,1,-17.3,0.117,101.49474825880255
2026-09-01 00:27:14.998640300+00:00,46.9744,20.9629,0.0,1,-6.9,0.093,79.70722119740816
2026-09-01 00:27:15.127647600+00:00,47.0123,20.9583,0.0,1,-5.2,0.139,76.69361755548002
2026-09-01 00:27:19.270720400+00:00,46.524,21.5279,0.0,1,-5.8,0.254,112.29300433642385
2026-09-01 00:27:19.300303400+00:00,46.5349,21.5245,0.0,1,-9.4,0.191,111.10145872657009
2026-09-01 00:27:20.070654300+00:00,47.0987,20.57,0.0,1,2.2,0.064,93.11232124975975
2026-09-01 00:27:20.158661900+00:00,47.192,21.314,0.0,1,4.4,0.14,44.528588963042495
2026-09-01 00:27:20.377424200+00:00,47.0956,20.5692,0.0,1,2.8,0.121,93.34450794193478
2026-09-01 00:27:20.505357400+00:00,47.2658,21.3304,0.0,1,10.8,0.121,37.05277500077316
2026-09-01 00:27:20.516834+00:00,47.1915,21.3147,0.0,1,4.4,0.068,44.54791779631972
2026-09-01 00:27:20.652926300+00:00,47.0198,21.0557,0.0,1,5.0,0.127,71.40185463151548
2026-09-01 00:27:20.708005300+00:00,47.0496,21.0315,0.0,1,-9.1,0.088,69.9407523470729
2026-09-01 00:27:20.771675100+00:00,46.9759,20.3095,0.0,1,3.4,0.094,117.08854158250863
2026-09-01 00:27:20.828077200+00:00,47.0384,21.0064,0.0,1,-7.9,0.116,72.11746217287826
2026-09-01 00:27:20.989578200+00:00,47.0381,21.0022,0.0,1,-33.3,0.131,72.34897654149927
2026-09-01 00:27:20.990388500+00:00,46.9976,21.1018,0.0,1,-8.0,0.109,71.40091875817178
2026-09-01 00:27:21.045425900+00:00,47.0389,21.0039,0.0,1,-11.3,0.122,72.19771996396892
2026-09-01 00:27:21.171835500+00:00,47.0446,20.9581,0.0,1,2.9,0.139,74.02705461366479
2026-09-01 00:27:23.866900500+00:00,46.9364,20.8143,0.0,1,-12.4,0.086,90.26582865450793
2026-09-01 00:27:26.592223700+00:00,47.2898,21.5139,0.0,1,-4.2,0.171,28.20858945378852
2026-09-01 00:27:29.729332900+00:00,47.1605,21.1351,0.0,1,5.2,0.14,55.478902800247816
2026-09-01 00:27:29.743510600+00:00,47.1577,21.1366,0.0,1,-4.4,0.086,55.636354126115414
2026-09-01 00:27:29.901079900+00:00,47.1612,21.1004,0.0,1,-11.3,0.129,57.20315107246992
2026-09-01 00:27:29.902112500+00:00,47.1451,21.1263,0.0,1,-3.3,0.174,57.20305318626407
2026-09-01 00:27:30.013867900+00:00,47.1599,21.1372,0.0,1,-4.0,0.117,55.42314791731475
2026-09-01 00:27:30.034479800+00:00,47.1597,21.138,0.0,1,-2.6,0.061,55.39965441956536
2026-09-01 00:27:30.062645500+00:00,47.1606,21.1403,0.0,1,-3.7,0.156,55.20947057299445
2026-09-01 00:27:30.100562500+00:00,47.16,21.1364,0.0,1,-3.1,0.164,55.45501359968995
2026-09-01 00:27:34.533401100+00:00,47.1516,22.335,0.0,1,17.8,0.299,68.03534173570411
2026-09-01 00:27:34.534226+00:00,47.1481,22.3418,0.0,1,-7.4,0.309,68.68001023824958
2026-09-01 00:27:34.550016200+00:00,47.1437,22.319,0.0,1,-11.2,0.235,67.65429565460353
2026-09-01 00:27:34.553304400+00:00,47.1541,22.3356,0.0,1,7.6,0.28,67.89758412438259
2026-09-01 00:27:34.581060100+00:00,47.1773,22.3119,0.0,1,-7.7,0.34,64.8967871603042
2026-09-01 00:27:34.893478+00:00,47.177,22.3133,0.0,1,-4.6,0.237,65.00096961353134
2026-09-01 00:27:35.101798200+00:00,47.1777,22.3113,0.0,1,-5.9,0.244,64.83371593426033
2026-09-01 00:27:37.068106900+00:00,46.8865,20.7746,0.0,1,3.4,0.097,96.40528064681949
2026-09-01 00:27:37.763421200+00:00,47.286,21.5265,0.0,1,-6.6,0.124,28.343362499584778
2026-09-01 00:27:38.466855500+00:00,47.1734,20.3084,0.0,1,-9.3,0.085,107.04112646026527
2026-09-01 00:27:38.479379100+00:00,47.1743,20.3095,0.0,1,2.9,0.112,106.92621131146625
2026-09-01 00:27:38.654051400+00:00,47.1732,20.3069,0.0,1,-4.2,0.069,107.15445869760299
2026-09-01 00:27:38.895224500+00:00,47.1825,21.3189,0.0,1,3.4,0.101,45.23832018267421
2026-09-01 00:27:39.002883600+00:00,47.1877,20.9768,0.0,1,-14.2,0.097,62.15302892614506
2026-09-01 00:27:39.003354700+00:00,47.1884,20.9763,0.0,1,-5.7,0.12,62.1346306519977
2026-09-01 00:27:39.082186400+00:00,47.1797,20.9897,0.0,1,-4.9,0.098,61.95078908696781
2026-09-01 00:27:39.277627+00:00,47.1801,20.9882,0.0,1,-9.7,0.138,62.01024435086692
2026-09-01 00:27:39.437082600+00:00,47.1802,20.9886,0.0,1,-11.3,0.107,61.97980924103206
2026-09-01 00:27:39.479037200+00:00,47.1806,20.9862,0.0,1,-6.7,0.131,62.092138375127476
2026-09-01 00:27:42.290809600+00:00,47.0074,21.0525,0.0,1,-3.7,0.027,72.65244848385022
2026-09-01 00:27:42.931154+00:00,46.5416,21.7131,0.0,1,-3.6,0.144,110.27481737496839
2026-09-01 00:27:43.097225200+00:00,46.5314,21.6147,0.0,1,-7.2,0.294,111.22126489810425
2026-09-01 00:27:44.020868500+00:00,46.7161,20.8071,0.0,1,-5.0,0.134,109.87858736664137
2026-09-01 00:27:44.111150500+00:00,46.9096,20.8353,0.0,1,-13.6,0.118,91.43809207715842
2026-09-01 00:27:44.166938200+00:00,46.8683,20.8196,0.0,1,-9.1,0.11,95.72548582849865
2026-09-01 00:27:44.178985700+00:00,46.8818,20.8206,0.0,1,-11.0,0.092,94.52003249247005
2026-09-01 00:27:44.179873700+00:00,46.894,20.8742,0.0,1,-4.2,0.122,90.89578809357201
2026-09-01 00:27:46.732402600+00:00,47.0021,20.9985,0.0,1,3.1,0.116,75.6151064488506
2026-09-01 00:27:47.287599600+00:00,46.5106,21.5805,9.6,2,-7.3,0.107,113.58542999198875
2026-09-01 00:27:47.788119500+00:00,46.9151,21.0141,0.0,1,-2.5,0.191,82.72591933356276
2026-09-01 00:27:47.796926300+00:00,47.136,21.0906,0.0,1,-12.0,0.121,59.75628240565017
2026-09-01 00:27:48.011191700+00:00,46.9518,20.8819,0.0,1,-3.2,0.147,85.57316894378856
2026-09-01 00:27:49.875408500+00:00,47.1544,20.4679,0.0,1,-3.3,0.039,96.90272522908828
2026-09-01 00:27:50.138184+00:00,47.1555,20.4716,0.0,1,-7.6,0.101,96.59766398850442
2026-09-01 00:27:50.140783800+00:00,47.1574,20.5319,0.0,1,4.2,0.09,92.42659858706813
2026-09-01 00:27:55.741914100+00:00,47.0699,20.6117,0.0,1,4.1,0.094,92.19772582563579
2026-09-01 00:27:56.023297500+00:00,47.0698,20.6096,0.0,1,-4.2,0.09,92.33553990228349
2026-09-01 00:27:56.041427200+00:00,47.0696,20.6087,0.0,1,-4.4,0.092,92.40443135742495
2026-09-01 00:27:59.936601700+00:00,47.0657,21.0343,0.0,1,-8.3,0.12,68.43592216476486
2026-09-01 00:28:00.127044600+00:00,47.0476,20.9978,0.0,1,15.5,0.152,71.76740642912964
2026-09-01 00:28:02.291885500+00:00,47.0757,20.5355,0.0,1,2.2,0.074,96.67956340197709
2026-09-01 00:28:03.054367200+00:00,46.8767,20.8622,0.0,1,-20.0,0.124,92.97056467617257
2026-09-01 00:28:03.115451700+00:00,46.8921,20.8462,0.0,1,-26.8,0.114,92.39714573780327
2026-09-01 00:28:03.197350200+00:00,46.8557,20.8173,0.0,1,-13.2,0.117,96.92327440823689
2026-09-01 00:28:08.995958100+00:00,47.2191,21.4118,0.0,1,21.7,0.16,38.35064853154045
2026-09-01 00:28:08.996488+00:00,47.2184,21.4163,0.0,1,5.2,0.125,38.27935124685082
2026-09-01 00:28:09.075992300+00:00,47.2125,21.4082,0.0,1,-7.9,0.196,39.13079005382579
2026-09-01 00:28:10.935839600+00:00,46.8836,20.8666,0.0,1,4.5,0.126,92.16090849505227
2026-09-01 00:28:10.937536400+00:00,46.8815,20.8655,0.0,1,4.2,0.102,92.3960187060847
2026-09-01 00:28:11.259033400+00:00,46.8885,20.864,0.0,1,3.2,0.107,91.85704001102576
2026-09-01 00:28:11.402643600+00:00,46.8769,20.8662,0.0,1,3.4,0.133,92.7654968052052
2026-09-01 00:28:11.741123500+00:00,46.9714,20.936,0.0,1,3.3,0.105,81.25621490739175
2026-09-01 00:28:12.073288+00:00,46.815,20.7314,0.0,1,-9.6,0.11,104.57008598023575
2026-09-01 00:28:13.623321300+00:00,47.0429,21.0491,0.0,1,2.4,0.085,69.6766154316869
2026-09-01 00:28:13.624745600+00:00,47.0435,21.0521,0.0,1,4.0,0.123,69.4829356431698
2026-09-01 00:28:13.837077+00:00,47.037,21.0429,0.0,1,2.9,0.094,70.48250519640303
2026-09-01 00:28:14.218299+00:00,47.1391,21.1517,0.0,1,3.1,0.12,56.473707742814206
2026-09-01 00:28:14.575327700+00:00,47.1374,21.1138,0.0,1,4.6,0.162,58.469966866608026
2026-09-01 00:28:18.520895800+00:00,47.2719,21.4948,0.0,1,-4.4,0.129,30.550708764867984
2026-09-01 00:28:18.645241300+00:00,47.2855,21.5476,0.0,1,-18.7,0.174,28.01461789491036
2026-09-01 00:28:18.646403200+00:00,47.244,21.4675,0.0,1,-5.5,0.149,34.1675579832759
2026-09-01 00:28:18.770270700+00:00,47.2861,21.5467,0.0,1,-52.5,0.199,27.964055801325948
2026-09-01 00:28:18.831587800+00:00,47.2854,21.5487,0.0,1,-12.4,0.165,28.007882544157052
2026-09-01 00:28:18.945288300+00:00,47.2859,21.5468,0.0,1,-23.6,0.153,27.984138300284958
2026-09-01 00:28:18.979897100+00:00,47.286,21.5458,0.0,1,-12.7,0.153,27.989674172945268
2026-09-01 00:28:19.674884700+00:00,46.5197,21.6042,0.0,1,-4.1,0.148,112.5317674358996
2026-09-01 00:28:19.703883600+00:00,46.5456,21.5541,0.0,1,-11.9,0.217,109.77841880958655
2026-09-01 00:28:19.915313400+00:00,46.5468,21.5513,0.0,1,-13.2,0.229,109.65609039780853
2026-09-01 00:28:22.820006100+00:00,47.0324,20.9117,0.0,1,5.9,0.114,77.42713008942944
2026-09-01 00:28:22.821738100+00:00,47.0226,20.9222,0.0,1,-6.1,0.162,77.67088053975796
2026-09-01 00:28:22.914255400+00:00,47.0245,20.9251,0.0,1,-12.0,0.095,77.36645943718253
2026-09-01 00:28:23.010908400+00:00,47.0251,20.9236,0.0,1,-8.3,0.15,77.39521246569414
2026-09-01 00:28:23.068464200+00:00,47.0251,20.9252,0.0,1,-14.4,0.099,77.31247496957333
2026-09-01 00:28:23.094605100+00:00,47.1678,21.2438,0.0,1,17.0,0.103,49.71056555213541
2026-09-01 00:28:23.206355400+00:00,47.0229,20.9209,6.0,2,-4.4,0.085,77.7136892335117
2026-09-01 00:28:23.213978500+00:00,47.1092,20.8411,0.0,1,6.7,0.063,75.61774079297776
2026-09-01 00:28:23.297437700+00:00,47.179,21.2129,0.0,1,-15.9,0.141,50.11644926957323
2026-09-01 00:28:27.141004600+00:00,47.4192,20.2168,0.0,1,-41.7,0.078,106.7422055644432
2026-09-01 00:28:30.190043500+00:00,46.8994,20.8493,0.0,1,3.8,0.139,91.62098358676462
2026-09-01 00:28:30.417918800+00:00,46.9014,20.8494,0.0,1,-2.8,0.083,91.4449042045414
2026-09-01 00:28:30.440081+00:00,46.8962,20.8582,0.0,1,-2.8,0.064,91.46703446343703
2026-09-01 00:28:30.443309900+00:00,46.924,20.8265,0.0,1,-10.7,0.102,90.669461677441
2026-09-01 00:28:30.444376700+00:00,46.8719,20.8875,0.0,1,3.5,0.121,92.2201329426371
2026-09-01 00:28:31.920651200+00:00,47.0406,21.0617,0.0,1,-4.5,0.176,69.28767886451809
2026-09-01 00:28:38.366483200+00:00,46.9786,20.9625,0.0,1,4.8,0.145,79.3625763919833
2026-09-01 00:28:38.584252500+00:00,46.9517,20.9092,0.0,1,-6.3,0.135,84.24089059322739
2026-09-01 00:28:40.286473+00:00,47.7193,20.578,0.0,1,50.6,0.085,81.35907178291176
2026-09-01 00:28:40.286664400+00:00,47.7198,20.5788,0.0,1,13.6,0.129,81.31505350799102
2026-09-01 00:28:40.289491300+00:00,47.7198,20.5753,0.0,1,-2.7,0.048,81.56853765204944
2026-09-01 00:28:40.433763100+00:00,47.7244,20.5844,0.0,1,2.0,0.038,81.04007361008233
2026-09-01 00:28:40.494899500+00:00,47.7177,20.5839,0.0,1,-2.3,0.09,80.88725867783123
2026-09-01 00:28:40.694802600+00:00,47.7026,20.5411,0.0,1,8.2,0.085,83.60567712924288
2026-09-01 00:28:41.197097100+00:00,46.8911,20.8642,0.0,1,4.7,0.112,91.62176760903542
2026-09-01 00:28:41.200035500+00:00,46.8895,20.865,0.0,1,3.0,0.136,91.72272938107733
2026-09-01 00:28:41.213733600+00:00,46.8888,20.8652,0.0,1,4.9,0.136,91.7740916714125
2026-09-01 00:28:41.251067100+00:00,46.8894,20.8642,0.0,1,2.8,0.163,91.76936016363533
2026-09-01 00:28:41.283908+00:00,46.8897,20.8646,0.0,1,2.7,0.106,91.72432450555107
2026-09-01 00:28:41.293087900+00:00,46.8896,20.8659,0.0,1,2.7,0.08,91.67137738766029
2026-09-01 00:28:41.543950300+00:00,46.89,20.8609,0.0,1,3.2,0.105,91.8740999723137
2026-09-01 00:28:41.596198300+00:00,46.889,20.866,0.0,1,3.3,0.102,91.71880795943395
2026-09-01 00:28:41.602227400+00:00,46.8228,20.8742,0.0,1,5.7,0.611,97.21955431252667
2026-09-01 00:28:41.622634400+00:00,46.9229,20.8551,0.0,1,-5.1,0.118,89.33679974908652
2026-09-01 00:28:41.647637400+00:00,46.8752,20.886,0.0,1,-6.6,0.141,91.99640642089992
2026-09-01 00:28:41.822471400+00:00,46.8079,20.9178,0.0,1,3.8,0.144,96.70612716696273
2026-09-01 00:28:42.774054800+00:00,47.1074,20.5777,0.0,1,3.1,0.112,92.11128233387062
2026-09-01 00:28:42.982089900+00:00,47.1054,20.5409,0.0,1,2.6,0.078,94.6170802657616
2026-09-01 00:28:43.321773700+00:00,47.0419,20.6758,0.0,1,5.0,0.093,90.08643102680308
2026-09-01 00:28:43.325700400+00:00,47.1729,20.5429,0.0,1,-2.1,0.125,90.90740740309937
2026-09-01 00:28:43.659796200+00:00,47.0992,20.5663,0.0,1,-4.0,0.107,93.32220985525501
2026-09-01 00:28:43.660280+00:00,47.0982,20.5728,0.0,1,-8.8,0.073,92.9608349507544
2026-09-01 00:28:43.660804800+00:00,47.0954,20.5689,0.0,1,-8.4,0.029,93.37551319395504
2026-09-01 00:28:47.374794200+00:00,47.1931,21.312,0.0,1,-10.7,0.126,44.504976341072485
2026-09-01 00:28:47.375347+00:00,47.1913,21.3108,0.0,1,-4.7,0.193,44.722705296444126
2026-09-01 00:28:47.405691400+00:00,47.1877,21.3099,0.0,1,-10.4,0.167,45.098231883482924
2026-09-01 00:28:47.409707600+00:00,47.3573,21.6196,0.0,1,-13.1,1.275,19.389923908564672
2026-09-01 00:28:47.483420700+00:00,47.1856,21.3434,0.0,1,-14.8,0.158,44.01702927380555
2026-09-01 00:28:47.555228300+00:00,47.1911,21.3118,0.0,1,-7.6,0.139,44.70146150763156
2026-09-01 00:28:47.624479400+00:00,47.1905,21.3108,0.0,1,-12.9,0.192,44.79809130336298
2026-09-01 00:28:49.197454700+00:00,47.2012,20.3543,0.0,1,2.5,0.071,102.6702331540527
2026-09-01 00:28:49.584799200+00:00,47.1668,20.4363,0.0,1,-4.0,0.118,98.46890008811863
2026-09-01 00:28:50.278967500+00:00,47.1578,21.1334,0.0,1,-9.6,0.122,55.788549470544964
2026-09-01 00:28:51.026591500+00:00,47.239,21.4667,0.0,1,-5.1,0.123,34.70961503022413
2026-09-01 00:28:51.187893500+00:00,47.2463,21.4415,0.0,1,-15.3,0.14,34.670542511810524
2026-09-01 00:28:51.296697700+00:00,47.2464,21.4411,0.0,1,-26.4,0.178,34.67252567360554
2026-09-01 00:28:53.268372900+00:00,47.3769,20.3026,0.0,1,-5.0,0.082,101.07427558512758
2026-09-01 00:28:53.269277500+00:00,47.3761,20.3002,0.0,1,2.5,0.106,101.26798855471979
2026-09-01 00:28:53.348627200+00:00,47.3809,20.3036,0.0,1,1.5,0.084,100.92166152870884
2026-09-01 00:28:54.490366+00:00,46.3914,21.3796,0.0,1,-5.8,0.254,128.17021243700586
2026-09-01 00:28:54.761385600+00:00,46.51,21.7772,0.0,1,-5.3,0.181,114.16359225326778
2026-09-01 00:28:54.815731500+00:00,46.5178,21.7763,0.0,1,-10.0,0.215,113.29370867445432
2026-09-01 00:28:54.928460600+00:00,46.5264,21.772,0.0,1,6.9,0.213,112.30985473462054
2026-09-01 00:28:54.928864200+00:00,46.522,21.7815,0.0,1,3.4,0.157,112.86911046917345
2026-09-01 00:28:54.932747700+00:00,46.5322,21.7717,0.0,1,-5.9,0.28,111.66573573673918
2026-09-01 00:28:55.054578800+00:00,46.5333,21.7696,0.0,1,-21.6,0.188,111.52849878642651
2026-09-01 00:28:55.787799200+00:00,47.0517,20.9864,0.0,1,-9.0,0.127,71.99929962643192
2026-09-01 00:28:56.113278900+00:00,47.0295,20.9003,0.0,1,-2.5,0.079,78.25984180632959
2026-09-01 00:28:58.930630400+00:00,46.9638,21.0172,0.0,1,-3.7,0.104,78.14665484845699
2026-09-01 00:28:58.931334100+00:00,46.9662,21.0148,0.0,1,-3.7,0.121,78.03777198662
2026-09-01 00:28:58.932150400+00:00,46.9693,21.0127,0.0,1,-2.5,0.023,77.85387332645739
2026-09-01 00:28:59.046524900+00:00,46.9996,20.9669,0.0,1,-7.1,0.144,77.34667296262765
2026-09-01 00:29:08.684348500+00:00,46.551,21.7444,0.0,1,3.4,0.303,109.39816359417658
2026-09-01 00:29:09.782351600+00:00,46.8877,20.8643,0.0,1,5.6,0.133,91.91236798215687
2026-09-01 00:29:09.820107800+00:00,46.891,20.8651,0.0,1,-8.0,0.134,91.58769976790144
2026-09-01 00:29:10.177075900+00:00,46.8899,20.8669,0.0,1,2.6,0.084,91.59792072668276
2026-09-01 00:29:10.193495800+00:00,46.8317,20.8743,0.0,1,2.6,0.133,96.41175449481484
2026-09-01 00:29:10.219065500+00:00,46.8343,20.9563,0.0,1,-2.8,0.163,92.64596453845348
2026-09-01 00:29:10.238616800+00:00,46.89,20.8649,0.0,1,3.1,0.113,91.68403299803221
2026-09-01 00:29:10.254593100+00:00,46.8892,20.8656,0.0,1,3.0,0.108,91.7203651464676
2026-09-01 00:29:10.256336900+00:00,46.8791,20.8551,0.0,1,3.6,0.122,93.09599081269207
2026-09-01 00:29:10.266241400+00:00,46.8563,20.8421,0.0,1,3.0,0.135,95.69854030572027
2026-09-01 00:29:10.418851700+00:00,46.8244,20.8148,0.0,1,-3.3,0.058,99.7734724736544
2026-09-01 00:29:13.196459500+00:00,47.1778,21.2508,0.0,1,-10.1,0.131,48.49812682169841
2026-09-01 00:29:13.353101600+00:00,47.1816,21.3136,0.0,1,3.4,0.084,45.5302369275021
2026-09-01 00:29:13.358735600+00:00,47.1759,21.3227,0.0,1,6.9,0.168,45.72602117940768
2026-09-01 00:29:13.362557400+00:00,47.1856,21.2823,0.0,1,-22.3,0.17,46.42750880118603
2026-09-01 00:29:13.510510700+00:00,47.2085,21.2703,0.0,1,5.2,0.128,44.87254224838481
2026-09-01 00:29:13.598074+00:00,47.1947,21.3022,0.0,1,-3.8,0.177,44.753947386308226
2026-09-01 00:29:14.044637200+00:00,46.9907,20.9579,0.0,1,-6.1,0.119,78.54386930748277
2026-09-01 00:29:14.185238100+00:00,47.3207,20.42,0.0,1,-3.5,0.065,93.80018461114008
2026-09-01 00:29:14.186864800+00:00,47.3204,20.4038,0.0,1,-4.7,0.09,94.98911832962042
2026-09-01 00:29:14.187818+00:00,47.3184,20.3948,0.0,1,-3.6,0.091,95.70182634300764
2026-09-01 00:29:14.231087900+00:00,47.318,20.3423,0.0,1,-2.7,0.082,99.54390891345577
2026-09-01 00:29:14.235389600+00:00,47.3225,20.4207,0.0,1,-3.8,0.097,93.69783381656676
2026-09-01 00:29:14.360913300+00:00,47.3184,20.4068,0.0,1,-2.4,0.092,94.8275021562128
2026-09-01 00:29:14.398620500+00:00,47.3715,20.4522,0.0,1,42.6,0.093,90.1321481327319
2026-09-01 00:29:14.447760900+00:00,47.3117,20.3299,0.0,1,-1.7,0.082,100.62361937284932
2026-09-01 00:29:19.116760300+00:00,47.269,21.5386,0.0,1,-10.6,0.176,29.9532300751477
2026-09-01 00:29:19.458716800+00:00,47.1516,22.3507,0.0,1,30.8,0.215,68.96640703567034
2026-09-01 00:29:19.474604+00:00,47.1457,22.3256,0.0,1,-19.0,0.307,67.8966497616719
2026-09-01 00:29:19.490358100+00:00,47.149,22.344,0.0,1,-10.3,0.279,68.74769808415212
2026-09-01 00:29:19.591081500+00:00,47.2712,21.5358,0.0,1,-29.4,0.582,29.76282647382171
2026-09-01 00:29:19.649928900+00:00,47.2206,21.4232,0.0,1,-3.8,0.199,37.84282435809038
2026-09-01 00:29:21.773723700+00:00,47.2261,20.841,0.0,1,-7.2,0.109,68.25760267508645
2026-09-01 00:29:21.860936+00:00,47.2077,20.8168,0.0,1,7.8,0.101,70.87072310476374
2026-09-01 00:29:21.862253500+00:00,47.1979,20.7958,0.0,1,12.7,0.106,72.79162682615996
2026-09-01 00:29:21.939149400+00:00,47.19,20.8917,0.0,1,-7.6,0.095,67.17578454711162
2026-09-01 00:29:23.378126200+00:00,47.1497,21.1524,0.0,1,6.6,0.121,55.531534622178896
2026-09-01 00:29:23.379532700+00:00,47.1497,21.1521,0.0,1,11.3,0.108,55.546103279489614
2026-09-01 00:29:23.381227800+00:00,47.1503,21.1552,0.0,1,11.1,0.122,55.344563886461515
2026-09-01 00:29:23.381889500+00:00,47.1494,21.1548,0.0,1,4.3,0.118,55.4408112422117
2026-09-01 00:29:23.384491800+00:00,47.1454,21.1599,0.0,1,2.6,0.152,55.538859686757874
2026-09-01 00:29:23.404165800+00:00,47.1477,21.1542,0.0,1,2.9,0.079,55.61518121567882
2026-09-01 00:29:23.412393200+00:00,47.1488,21.1468,0.0,1,3.6,0.134,55.88075649808295
2026-09-01 00:29:23.416688100+00:00,47.1605,21.1412,0.0,1,4.1,0.113,55.17276927573433
2026-09-01 00:29:23.484640+00:00,47.1918,21.0973,0.0,1,4.3,0.163,54.96521652063226
2026-09-01 00:29:23.820860900+00:00,46.9056,20.8624,0.0,1,-6.7,0.181,90.45591500505063
2026-09-01 00:29:23.821289600+00:00,46.9056,20.8604,0.0,1,-2.6,0.086,90.5524481003018
2026-09-01 00:29:23.854672300+00:00,46.9031,20.8623,0.0,1,-2.9,0.081,90.6756798129904
2026-09-01 00:29:24.105963500+00:00,46.903,20.8346,0.0,1,-4.7,0.115,92.03123579488009
2026-09-01 00:29:24.107188300+00:00,46.9062,20.8437,0.0,1,-3.9,0.116,91.3132303232214
2026-09-01 00:29:24.165134200+00:00,46.9034,20.8616,0.0,1,-2.8,0.138,90.68357189312042
2026-09-01 00:29:24.452261300+00:00,46.9019,20.8362,0.0,1,-18.7,0.119,92.04608526715228
2026-09-01 00:29:24.453411+00:00,46.8714,20.735,0.0,1,-5.7,0.101,99.66556966484426
2026-09-01 00:29:29.267877100+00:00,47.0185,20.8937,0.0,1,-5.2,0.098,79.48688294817968
2026-09-01 00:29:30.714381700+00:00,46.9854,21.0836,0.0,1,-4.7,0.127,73.29540145632471
2026-09-01 00:29:31.060288500+00:00,46.9864,21.0819,0.0,1,7.2,0.111,73.27505630057908
2026-09-01 00:29:31.067169900+00:00,46.9856,21.0856,0.0,1,3.6,0.114,73.19252659896755
2026-09-01 00:29:31.420446800+00:00,47.1564,21.1338,0.0,1,14.3,0.111,55.88489898784044
2026-09-01 00:29:31.421138700+00:00,47.1573,21.1358,0.0,1,-3.3,0.113,55.70973969971021
2026-09-01 00:29:31.717732300+00:00,47.1723,21.104,0.0,1,4.0,0.088,56.1272477881571
2026-09-01 00:29:31.733589300+00:00,47.1561,21.1348,0.0,1,-4.3,0.1,55.85979776120824
2026-09-01 00:29:31.764117+00:00,47.1816,21.0694,0.0,1,-3.0,0.145,57.27737635365287
2026-09-01 00:29:35.545391800+00:00,47.1865,21.3087,0.0,1,3.7,0.048,45.25943368883628
2026-09-01 00:29:35.546061+00:00,47.1856,21.309,0.0,1,-4.0,0.109,45.33246665751179
2026-09-01 00:29:37.232698+00:00,46.8522,20.8908,0.0,1,-3.0,0.088,93.8299696910576
2026-09-01 00:29:37.261773200+00:00,46.8161,20.8559,0.0,1,-13.5,0.126,98.63783523974945
2026-09-01 00:29:37.619062100+00:00,46.8164,20.8549,0.0,1,-22.5,0.133,98.65554418057174
2026-09-01 00:29:38.993239900+00:00,47.0193,21.0374,0.0,1,-3.4,0.144,72.28794469138002
2026-09-01 00:29:41.117343100+00:00,47.2996,21.626,0.0,1,-8.2,0.217,25.797408424507392
2026-09-01 00:29:41.117411900+00:00,47.299,21.6276,0.0,1,-9.6,0.15,25.86394978785622
2026-09-01 00:29:41.117991900+00:00,47.2994,21.6238,0.0,1,-6.5,0.178,25.820804971275304
2026-09-01 00:29:41.526205400+00:00,46.5276,21.6846,0.0,1,-6.1,0.296,111.72413735832248
2026-09-01 00:29:43.065804100+00:00,47.262,21.5018,0.0,1,7.4,0.142,31.43123331726287
2026-09-01 00:29:43.214578900+00:00,47.2866,21.4733,0.0,1,-6.5,0.167,29.605200958934468
2026-09-01 00:29:43.437527500+00:00,47.2626,21.5006,0.0,1,-4.2,0.196,31.394909569450377
2026-09-01 00:29:44.096971600+00:00,47.0423,21.0337,0.0,1,-3.4,0.154,70.46111536391516
2026-09-01 00:29:44.185674200+00:00,47.036,20.8176,0.0,1,2.3,0.048,82.26246956620702
2026-09-01 00:29:46.922556500+00:00,47.1866,21.4,0.0,1,-4.0,0.777,42.009383933974284
2026-09-01 00:29:48.908806+00:00,46.7484,20.8048,0.0,1,-4.6,0.098,107.02398042812436
2026-09-01 00:29:48.959984700+00:00,46.6979,20.6617,0.0,1,-3.7,0.107,118.03567200794006
2026-09-01 00:29:48.971307300+00:00,46.8689,20.8006,0.0,1,-3.4,0.101,96.5956822895544
2026-09-01 00:29:49.024726300+00:00,46.6992,20.6706,0.0,1,8.8,0.089,117.5055589039499
2026-09-01 00:29:49.155125300+00:00,46.7496,20.4761,0.0,1,2.6,0.053,123.05187300295322
2026-09-01 00:29:49.163686200+00:00,46.9111,20.8818,0.0,1,4.2,0.131,89.05086406634999
2026-09-01 00:29:49.241723200+00:00,46.9667,20.772,0.0,1,4.8,0.169,90.07326304174823
2026-09-01 00:29:49.259738900+00:00,46.8435,20.9598,0.0,1,-4.8,0.361,91.64327889500882
2026-09-01 00:29:49.323747400+00:00,46.7102,20.8585,0.0,1,-6.1,0.113,108.28482701398971
2026-09-01 00:29:49.526762+00:00,46.911,20.7817,0.0,1,3.5,0.094,94.02073202285851
2026-09-01 00:29:49.540725400+00:00,47.0137,20.841,0.0,1,3.3,0.181,82.67737830255147
2026-09-01 00:29:49.880366500+00:00,47.072,20.8681,0.0,1,3.5,0.068,76.73942001737845
2026-09-01 00:29:49.881446100+00:00,47.0739,20.8674,0.0,1,8.4,0.129,76.63757496839438
2026-09-01 00:29:49.882538600+00:00,47.0786,20.8693,0.0,1,5.1,0.113,76.1820785030757
2026-09-01 00:29:49.892592200+00:00,47.1025,20.7991,0.0,1,-7.1,0.067,78.5768615904218
2026-09-01 00:29:50.354989900+00:00,47.1836,20.9324,0.0,1,2.8,0.127,65.0936969741327
2026-09-01 00:29:50.384072100+00:00,47.1177,20.896,0.0,1,-8.4,0.083,71.80746740599236
2026-09-01 00:29:50.580366+00:00,47.1041,20.571,0.0,1,2.4,0.087,92.73511757934013
2026-09-01 00:29:50.582941700+00:00,47.1082,20.5752,0.0,1,2.0,0.037,92.22723870057783
2026-09-01 00:29:50.584143+00:00,47.1081,20.577,0.0,1,2.3,0.125,92.11634386190124
2026-09-01 00:29:50.748179800+00:00,46.527,21.612,0.0,1,-3.1,0.243,111.71244160199898
2026-09-01 00:29:50.895136300+00:00,47.0988,20.6256,12.0,2,-3.1,0.092,89.54469958533394
2026-09-01 00:29:51.097014200+00:00,47.0,21.0656,0.0,1,-3.1,0.113,72.73565581200677
2026-09-01 00:29:51.108867600+00:00,47.0,21.0655,0.0,1,-3.1,0.124,72.74005284935946
2026-09-01 00:29:55.049223100+00:00,46.9581,20.9961,0.0,1,2.8,0.128,79.6040105594143
2026-09-01 00:29:55.090731500+00:00,47.2906,21.4894,0.0,1,-5.5,0.182,28.73691856735432
2026-09-01 00:29:55.204619600+00:00,46.9957,20.9892,0.0,1,-4.1,0.157,76.61141117605739
2026-09-01 00:29:55.280814100+00:00,47.3042,21.563,0.0,1,3.1,0.16,25.744380956039173
2026-09-01 00:29:55.349940300+00:00,47.2497,21.5407,0.0,1,-8.2,0.179,32.016571355615284
2026-09-01 00:29:59.356912800+00:00,47.0399,21.0372,0.0,1,-2.0,0.119,70.50106120890709
2026-09-01 00:30:03.146441+00:00,47.1909,21.2648,0.0,1,2.6,0.109,46.69781429526501
2026-09-01 00:30:06.487947700+00:00,47.0146,21.1086,0.0,1,2.5,0.048,69.54322730133663
2026-09-01 00:30:07.760651600+00:00,46.5106,21.6715,0.0,1,-8.3,0.148,113.57944565843859
2026-09-01 00:30:07.817336+00:00,46.5282,21.7122,0.0,1,-9.3,0.195,111.75837090840724
2026-09-01 00:30:09.959260900+00:00,47.1959,21.1606,0.0,1,-3.9,0.202,51.27301364307419
2026-09-01 00:30:10.106718800+00:00,47.2302,21.1663,0.0,1,-6.7,0.135,48.24887455867989
2026-09-01 00:30:10.161100500+00:00,47.1732,20.3514,0.0,1,4.2,0.113,104.05020599935283
2026-09-01 00:30:10.361795300+00:00,47.1735,20.3611,0.0,1,2.8,0.052,103.36249873390373
2026-09-01 00:30:10.612741700+00:00,47.0774,20.3544,0.0,1,3.0,0.092,108.45363194104328
2026-09-01 00:30:10.636367300+00:00,47.2738,20.2902,0.0,1,-3.1,0.081,104.63362927047162
2026-09-01 00:30:10.644198200+00:00,47.1998,20.378,0.0,1,4.0,0.027,101.06346799877468
2026-09-01 00:30:10.826867100+00:00,47.2753,20.2918,0.0,1,6.8,0.074,104.47083302325245
2026-09-01 00:30:11.883813800+00:00,46.8333,20.7958,0.0,1,8.9,0.124,99.88918944677505
2026-09-01 00:30:12.111141+00:00,46.8452,20.795,0.0,1,-3.8,0.113,98.89810065882823
2026-09-01 00:30:12.126972900+00:00,46.8315,20.7915,0.0,1,-3.7,0.137,100.24995113772114
2026-09-01 00:30:12.834731400+00:00,46.9723,21.0005,0.0,1,3.1,0.148,78.13945171437572
2026-09-01 00:30:16.234495100+00:00,47.3716,21.7097,9.3,2,-4.4,0.126,18.83915803817014
2026-09-01 00:30:16.390302600+00:00,47.4007,21.7159,0.0,1,-6.2,0.202,16.006786126998346
2026-09-01 00:30:16.408434100+00:00,47.2182,20.8266,0.0,1,-11.9,0.105,69.63945538099436
2026-09-01 00:30:16.457180700+00:00,47.2192,20.8484,0.0,1,-13.3,0.105,68.16597602382193
2026-09-01 00:30:16.467719400+00:00,47.4003,21.7163,0.0,1,-8.9,0.163,16.05975499643557
2026-09-01 00:30:16.504711100+00:00,47.2316,20.8773,0.0,1,-21.5,0.095,65.58530420339824
2026-09-01 00:30:16.547893200+00:00,47.2137,20.8254,0.0,1,3.5,0.099,69.97137348376002
2026-09-01 00:30:16.605476500+00:00,47.231,20.8773,0.0,1,-6.8,0.121,65.61953892379918
2026-09-01 00:30:16.610008500+00:00,47.2113,20.8427,0.0,1,-6.8,0.208,68.98878663002992
2026-09-01 00:30:16.647830300+00:00,47.4005,21.7156,0.0,1,-9.4,0.151,16.01765842817406
2026-09-01 00:30:20.005028+00:00,46.944,20.8067,0.0,1,5.2,0.089,90.0388650902798
2026-09-01 00:30:20.196849300+00:00,46.9444,20.8063,0.0,1,-2.8,0.123,90.02722171352632
2026-09-01 00:30:23.064711+00:00,47.183,21.2321,0.0,1,-10.7,0.121,48.87441273255197
2026-09-01 00:30:23.065455800+00:00,46.5249,21.6915,0.0,1,-3.8,0.194,112.04563322208807
2026-09-01 00:30:23.066812300+00:00,46.5261,21.6858,0.0,1,-22.0,0.241,111.8943730079018
2026-09-01 00:30:23.068220600+00:00,46.526,21.6829,0.0,1,3.4,0.274,111.89699139934064
2026-09-01 00:30:23.160561400+00:00,47.1719,21.3376,0.0,1,-13.0,0.125,45.563547250918475
2026-09-01 00:30:23.762053700+00:00,47.3171,20.3845,0.0,1,7.8,0.092,96.48945153993111
2026-09-01 00:30:23.762647+00:00,47.318,20.388,0.0,1,-5.8,0.09,96.20882245509839
2026-09-01 00:30:23.762786100+00:00,47.3187,20.391,0.0,1,-2.2,0.117,95.97031490264457
2026-09-01 00:30:25.515413100+00:00,47.1763,21.3548,0.0,1,4.0,0.165,44.522198631901425
2026-09-01 00:30:28.589612200+00:00,47.7274,20.5908,0.0,1,29.9,0.105,80.66490485646872
2026-09-01 00:30:28.623422400+00:00,47.725,20.5926,0.0,1,-2.9,0.085,80.46502060189819
2026-09-01 00:30:29.072439600+00:00,47.0268,20.9016,0.0,1,-3.7,0.097,78.40677690065324
2026-09-01 00:30:29.695533400+00:00,47.1572,20.4694,0.0,1,9.3,0.079,96.66428278705932
2026-09-01 00:30:29.770303+00:00,47.0282,21.0687,0.0,1,3.9,0.146,70.0634347507511
2026-09-01 00:30:29.995624+00:00,47.1564,20.47,0.0,1,3.2,0.091,96.6624412737936
2026-09-01 00:30:30.225318600+00:00,47.0777,20.4708,0.0,1,2.5,0.119,100.75294843776946
2026-09-01 00:30:30.285484700+00:00,47.0952,20.5775,0.0,1,2.7,0.079,92.83388044061057
2026-09-01 00:30:30.911662200+00:00,46.9077,20.8576,0.0,1,13.4,0.113,90.50800284672373
2026-09-01 00:30:32.145944600+00:00,47.0824,20.6248,0.0,1,6.4,0.088,90.59787658234943
2026-09-01 00:30:32.146854900+00:00,47.0851,20.622,0.0,1,-3.5,0.054,90.60761181842307
2026-09-01 00:30:32.173275100+00:00,47.1578,22.3466,0.0,1,6.7,0.232,68.29828214924537
2026-09-01 00:30:32.174476100+00:00,47.1564,22.3475,0.0,1,5.6,0.165,68.44744387794395
2026-09-01 00:30:32.180258400+00:00,47.1611,22.3554,0.0,1,5.0,0.274,68.6032220150589
2026-09-01 00:30:35.239764400+00:00,47.2824,21.5329,0.0,1,4.6,0.246,28.60593249246444
2026-09-01 00:30:35.240450800+00:00,47.2825,21.5354,0.0,1,-4.8,0.105,28.54900152376471
2026-09-01 00:30:35.476245900+00:00,47.2827,21.5346,0.0,1,-5.1,0.106,28.542077232879052
2026-09-01 00:30:37.327933400+00:00,47.155,21.1378,0.0,1,-9.6,0.101,55.80188625295344
2026-09-01 00:30:37.428508300+00:00,47.1567,21.1806,0.0,1,-8.3,0.123,53.577494215788924
2026-09-01 00:30:37.721788800+00:00,47.1076,21.1866,0.0,1,7.1,0.141,57.674479616481065
2026-09-01 00:30:37.743990600+00:00,47.1553,21.1359,0.0,1,-11.3,0.109,55.87155037790016
2026-09-01 00:30:37.810242+00:00,47.1549,21.1378,0.0,1,-3.2,0.066,55.810254236464296
2026-09-01 00:30:40.669125600+00:00,47.2826,20.4012,0.0,1,2.5,0.056,96.33354104766676
2026-09-01 00:30:42.481269400+00:00,46.3926,21.3861,0.0,1,-6.3,0.157,127.96671402597339
2026-09-01 00:30:42.492588+00:00,46.3957,21.3938,0.0,1,3.8,0.214,127.5430088025989
2026-09-01 00:30:44.888461500+00:00,46.9039,20.8689,0.0,1,-8.4,0.149,90.28984314271891
2026-09-01 00:30:44.911303400+00:00,47.1998,21.3349,0.0,1,-11.3,0.154,42.966940993004066
2026-09-01 00:30:45.239918200+00:00,47.1966,21.3001,0.0,1,-51.9,0.118,44.664082058148544
2026-09-01 00:30:45.307778800+00:00,47.2418,21.3478,0.0,1,-10.0,0.116,38.48587704393963
2026-09-01 00:30:45.320313900+00:00,46.9862,20.9737,0.0,1,-2.3,0.182,78.17130231167243
2026-09-01 00:30:45.341133200+00:00,46.872,20.8689,0.0,1,5.0,0.064,93.06961430227547
2026-09-01 00:30:45.345700200+00:00,46.9801,20.9623,0.0,1,-5.0,0.065,79.24252597828614
2026-09-01 00:30:45.500917500+00:00,46.9902,20.9818,0.0,1,-3.3,0.082,77.43964182266701
2026-09-01 00:30:45.510686800+00:00,47.0077,20.9665,0.0,1,-3.8,0.097,76.67717623342996
2026-09-01 00:30:45.525563900+00:00,46.9847,20.9777,0.0,1,2.9,0.067,78.11140692257986
2026-09-01 00:30:45.592434900+00:00,46.9727,20.9927,0.0,1,2.5,0.151,78.46192104113452
2026-09-01 00:30:45.595340+00:00,46.9752,20.9998,0.0,1,12.0,0.092,77.91436537262167
2026-09-01 00:30:45.609854800+00:00,46.9837,20.973,0.0,1,14.5,0.116,78.42114194412838
2026-09-01 00:30:45.622301400+00:00,46.9842,20.9735,0.0,1,3.6,0.086,78.354045238411
2026-09-01 00:30:46.070249900+00:00,46.5137,21.6649,0.0,1,-9.5,0.235,113.2211918403097
2026-09-01 00:30:46.072983700+00:00,46.5086,21.6096,0.0,1,-3.9,0.112,113.76032219193446
2026-09-01 00:30:50.946964+00:00,47.3096,21.6563,0.0,1,-4.4,0.121,24.78150765471074
2026-09-01 00:30:51.069663500+00:00,47.3013,21.6578,0.0,1,-11.1,0.18,25.710812467486345
2026-09-01 00:30:51.156718300+00:00,47.3095,21.6593,0.0,1,-6.7,0.163,24.81346573994911
2026-09-01 00:30:51.198245+00:00,47.3512,21.6769,0.0,1,-5.7,0.126,20.40344611850583
2026-09-01 00:30:54.109331400+00:00,47.206,20.3617,3.6,2,2.7,0.047,101.95525069111642
2026-09-01 00:30:55.092203700+00:00,46.8631,20.8585,6.4,2,-3.3,0.024,94.33613847737602
2026-09-01 00:30:55.248655500+00:00,47.3849,20.3054,0.0,1,-15.4,0.084,100.71149711742747
2026-09-01 00:30:55.257593200+00:00,47.3858,20.3058,0.0,1,5.1,0.092,100.66481931944936
2026-09-01 00:30:55.296362500+00:00,47.4305,20.308,0.0,1,-3.7,0.082,99.77855746739404
2026-09-01 00:30:55.363254300+00:00,47.3989,20.3157,0.0,1,26.0,0.064,99.69225129896721
2026-09-01 00:30:55.637226200+00:00,47.4219,20.1799,0.0,1,2.3,0.048,109.46016418219824
2026-09-01 00:30:58.104631900+00:00,47.2947,21.5533,0.0,1,-4.8,0.203,26.924154407398078
2026-09-01 00:30:59.053849800+00:00,47.0229,20.908,0.0,1,4.9,0.1,78.38420553263532
2026-09-01 00:31:01.286023800+00:00,47.1607,21.1416,0.0,1,-14.3,0.125,55.13608668512023
2026-09-01 00:31:01.287904800+00:00,47.1623,21.1361,0.0,1,3.6,0.113,55.279308088148994
2026-09-01 00:31:01.288605+00:00,47.1619,21.141,0.0,1,-23.2,0.206,55.06613915988339
2026-09-01 00:31:01.942523200+00:00,47.1629,21.1388,0.0,1,-5.8,0.136,55.093531548807334
2026-09-01 00:31:02.027752600+00:00,47.1669,21.1119,0.0,1,-2.7,0.091,56.144394888912515
2026-09-01 00:31:02.601218100+00:00,47.2006,20.988,0.0,1,3.3,0.102,60.6038924706001
2026-09-01 00:31:03.134853600+00:00,47.2141,21.3972,0.0,1,5.2,0.134,39.327297566875515
2026-09-01 00:31:05.289921600+00:00,47.153,20.4698,0.0,1,-9.1,0.091,96.84230460110989
2026-09-01 00:31:05.631350800+00:00,47.265,21.5583,0.0,1,-6.1,0.178,30.096050072591662
2026-09-01 00:31:07.875806200+00:00,47.3221,20.3848,0.0,1,-2.9,0.07,96.32733060191376
2026-09-01 00:31:13.873786900+00:00,47.1911,21.3113,0.0,1,-8.7,0.075,44.721492951210934
2026-09-01 00:31:13.937302800+00:00,47.1905,21.325,0.0,1,-5.0,0.161,44.23821202004732
2026-09-01 00:31:13.938395+00:00,47.1941,21.3116,0.0,1,-3.9,0.095,44.42697152680216
2026-09-01 00:31:13.941033800+00:00,47.1914,21.312,0.0,1,-5.6,0.078,44.66516357156849
2026-09-01 00:31:14.170776200+00:00,46.9116,20.851,0.0,1,7.0,0.113,90.49673963803754
2026-09-01 00:31:14.171402200+00:00,46.9067,20.8503,0.0,1,-6.9,0.17,90.94833117663723
2026-09-01 00:31:14.215435800+00:00,46.8659,20.8254,0.0,1,-9.3,0.083,95.65399753528224
2026-09-01 00:31:14.447849300+00:00,46.9094,20.854,0.0,1,-3.0,0.224,90.53771868818797
2026-09-01 00:31:15.753678400+00:00,47.0171,20.9802,0.0,1,-6.1,0.06,75.208238413801
2026-09-01 00:31:17.654426900+00:00,46.546,21.551,0.0,1,-3.9,0.19,109.74612117604583
2026-09-01 00:31:21.976264500+00:00,47.7473,20.6523,0.0,1,-2.6,0.066,76.88551112673834
2026-09-01 00:31:22.676086+00:00,47.029,21.086,0.0,1,3.6,0.099,69.21437230458739
2026-09-01 00:31:22.937000900+00:00,47.0132,21.0589,0.0,1,6.1,0.113,71.84538675728615
2026-09-01 00:31:24.115065400+00:00,46.9882,20.9817,0.0,1,-2.6,0.122,77.61796203284747
2026-09-01 00:31:24.194898700+00:00,46.9887,20.9756,0.0,1,-10.9,0.137,77.86446565355106
2026-09-01 00:31:24.240514+00:00,46.9797,20.9626,0.0,1,3.1,0.135,79.26273963079745
2026-09-01 00:31:24.341063200+00:00,46.9883,20.9823,0.0,1,-4.3,0.101,77.58086226573809
2026-09-01 00:31:24.343320200+00:00,46.9899,20.9764,0.0,1,-16.7,0.116,77.72254490674142
2026-09-01 00:31:24.343977300+00:00,46.9979,20.9744,0.0,1,-6.3,0.124,77.12915139884876
2026-09-01 00:31:24.473850800+00:00,46.9913,20.9771,0.0,1,-9.7,0.092,77.56813047896813
2026-09-01 00:31:24.475250700+00:00,46.9791,21.03,0.0,1,15.0,0.118,76.1993054021025
2026-09-01 00:31:25.118555300+00:00,46.8417,20.798,0.0,1,6.0,0.136,99.05648734272339
2026-09-01 00:31:25.186224600+00:00,46.8017,20.829,0.0,1,-6.3,0.137,101.13843383028643
2026-09-01 00:31:25.521905900+00:00,46.8415,20.8002,0.0,1,-4.3,0.118,98.96871203024077
2026-09-01 00:31:25.715711100+00:00,46.8655,20.7742,0.0,1,-3.7,0.082,98.18327804004656
2026-09-01 00:31:25.863638100+00:00,46.9049,20.8686,0.0,1,3.9,0.147,90.21796081663007
2026-09-01 00:31:25.895241+00:00,46.8307,20.7365,0.0,1,-3.1,0.101,102.98713564910192
2026-09-01 00:31:27.073598500+00:00,47.1538,21.1367,0.0,1,8.4,0.133,55.9570810958863
2026-09-01 00:31:27.203379200+00:00,47.1047,20.5785,0.0,1,6.1,0.099,92.21540347664421
2026-09-01 00:31:27.263955800+00:00,47.1362,21.0947,0.0,1,-4.8,0.147,59.531117781926056
2026-09-01 00:31:30.141732700+00:00,46.9486,20.9574,0.0,1,2.9,0.108,82.21923891494112
2026-09-01 00:31:31.231654900+00:00,47.2614,21.521,0.0,1,-5.1,0.196,31.092010666964164
2026-09-01 00:31:31.301241200+00:00,47.2089,21.4527,0.0,1,-9.7,0.175,38.21580593293034
2026-09-01 00:31:31.317787300+00:00,47.2745,21.4809,0.0,1,-7.1,0.171,30.63797447362337
2026-09-01 00:31:31.481121300+00:00,47.2659,21.5218,0.0,1,-4.8,0.137,30.592983393264184
2026-09-01 00:31:31.517517300+00:00,47.2659,21.5209,0.0,1,-5.6,0.131,30.610635698718504
2026-09-01 00:31:32.215341200+00:00,47.1866,21.3226,0.0,1,-7.6,0.125,44.70354680996837
2026-09-01 00:31:32.216822+00:00,47.1851,21.3235,0.0,1,3.7,0.089,44.812271586659705
2026-09-01 00:31:32.303899900+00:00,47.1866,21.3231,0.0,1,-3.0,0.172,44.684223000264296
2026-09-01 00:31:35.322069200+00:00,47.2107,20.7909,0.0,1,5.9,0.102,72.39074819361183
2026-09-01 00:31:35.323905900+00:00,47.2083,20.7902,0.0,1,4.6,0.121,72.56969007222385
2026-09-01 00:31:35.654013800+00:00,47.2455,20.7661,0.0,1,3.1,0.106,72.21650093953197
2026-09-01 00:31:35.679911+00:00,47.2218,20.7872,0.0,1,3.3,0.097,72.02914881578782
2026-09-01 00:31:35.684428100+00:00,47.1816,20.8583,0.0,1,-2.7,0.124,69.78568768028173
2026-09-01 00:31:35.706322100+00:00,47.1788,20.7889,0.0,1,-2.5,0.064,74.34741894180351
2026-09-01 00:31:35.725973900+00:00,47.2179,20.7835,5.9,2,6.8,0.078,72.48369456942416
2026-09-01 00:31:37.705630100+00:00,47.1917,21.2749,0.0,1,3.4,0.145,46.18420351962799
2026-09-01 00:31:38.106718200+00:00,47.1043,21.2506,0.0,1,-25.8,0.12,55.35237187138142
2026-09-01 00:31:38.997389400+00:00,47.3226,21.6703,0.0,1,23.7,0.185,23.46378002152035
2026-09-01 00:31:38.997668700+00:00,47.3241,21.6748,0.0,1,10.7,0.211,23.347989847903143
2026-09-01 00:31:38.998109500+00:00,47.3223,21.6623,0.0,1,6.2,0.181,23.421558443229696
2026-09-01 00:31:39.107731300+00:00,47.3059,21.6883,0.0,1,-11.0,0.191,25.512896007353586
2026-09-01 00:31:39.560615500+00:00,46.5352,21.6794,0.0,1,-6.4,0.206,110.86495374635994
2026-09-01 00:31:45.033328600+00:00,47.0551,21.0004,0.0,1,-10.5,0.127,71.0112256203459
2026-09-01 00:31:45.778402100+00:00,47.104,22.3378,0.0,1,26.9,0.284,71.61863702286884
2026-09-01 00:31:45.779642400+00:00,47.1068,22.3281,0.0,1,4.4,0.212,70.86454008342238
2026-09-01 00:31:45.800646300+00:00,47.1073,22.3319,0.0,1,9.4,0.398,71.04120074313458
2026-09-01 00:31:45.937295300+00:00,47.1587,22.3587,0.0,1,-6.1,0.241,68.96330940436053
2026-09-01 00:31:46.005608600+00:00,47.3368,20.3374,0.0,1,-2.6,0.054,99.40877978390283
2026-09-01 00:31:48.913753200+00:00,46.9699,20.9261,0.0,1,-6.7,0.101,81.86567748857999
2026-09-01 00:31:49.125883300+00:00,47.0184,20.9686,0.0,1,-7.5,0.099,75.66976101993538
2026-09-01 00:31:50.012046200+00:00,47.2366,20.6077,0.0,1,12.7,0.086,83.47754196613454
2026-09-01 00:31:50.012379400+00:00,47.2379,20.6,0.0,1,-7.2,0.106,83.95370921643854
2026-09-01 00:31:50.013074100+00:00,47.2404,20.6002,0.0,1,-3.9,0.051,83.83038933241968
2026-09-01 00:31:50.045999+00:00,47.2344,20.5603,0.0,1,-10.4,0.095,86.86468540380386
2026-09-01 00:31:50.119982200+00:00,47.2458,20.5478,0.0,1,-13.4,0.088,87.25801478146356
2026-09-01 00:31:50.485549700+00:00,46.9189,20.8174,0.0,1,-4.5,0.134,91.55232268057918
2026-09-01 00:31:50.680013100+00:00,46.9111,20.8615,0.0,1,-5.5,0.118,90.02787846705198
2026-09-01 00:31:51.517842800+00:00,47.1945,21.2988,0.0,1,-10.6,0.15,44.91314823231866
2026-09-01 00:31:51.581986200+00:00,47.1913,21.339,0.0,1,-8.7,0.168,43.627565998910896
2026-09-01 00:31:51.635911600+00:00,47.184,21.2859,0.0,1,-3.8,0.141,46.42451009552565
2026-09-01 00:31:51.721059200+00:00,47.2047,20.352,0.0,1,-3.4,0.081,102.69062772347498
2026-09-01 00:31:51.862138400+00:00,47.2058,20.3532,0.0,1,2.7,0.034,102.56191422084328
2026-09-01 00:31:51.975151800+00:00,47.2014,20.3397,0.0,1,-1.7,0.064,103.68965486660643
2026-09-01 00:31:52.723302200+00:00,47.2067,21.2758,0.0,1,2.5,0.092,44.787178465675616
2026-09-01 00:31:53.220001400+00:00,47.2065,21.2767,0.0,1,2.9,0.046,44.76513880615114
2026-09-01 00:31:53.278335400+00:00,47.2644,21.3708,0.0,1,2.8,0.097,35.43287029470063
2026-09-01 00:31:55.367606500+00:00,47.2815,21.5463,0.0,1,-10.5,0.194,28.470078422020713
2026-09-01 00:31:55.412482500+00:00,47.2714,21.4897,0.0,1,-11.3,0.163,30.730501509274816
2026-09-01 00:31:55.465418600+00:00,47.3094,21.5304,0.0,1,-10.9,0.129,25.760632379452083
2026-09-01 00:31:56.489874700+00:00,47.0012,21.0197,0.0,1,-12.4,0.146,74.70103637034715
2026-09-01 00:31:56.520201300+00:00,46.5071,21.6252,0.0,1,-10.0,0.257,113.91931356707735
2026-09-01 00:31:56.643967300+00:00,46.5055,21.6282,0.0,1,-21.1,0.239,114.09713462685302
2026-09-01 00:31:56.645620+00:00,46.5146,21.6476,0.0,1,-8.4,0.276,113.09570797456345
2026-09-01 00:31:56.652403300+00:00,47.0026,21.0346,0.0,1,-11.3,0.153,73.89202679461292
2026-09-01 00:31:56.706726+00:00,46.5061,21.6279,0.0,1,-11.7,0.177,114.030406344474
2026-09-01 00:31:56.751875800+00:00,46.5037,21.6308,0.0,1,-7.3,0.26,114.29757303883545
2026-09-01 00:31:58.479581900+00:00,46.9964,20.9074,0.0,1,-5.9,0.097,80.5760766090976
2026-09-01 00:31:58.480372800+00:00,47.0248,20.9145,0.0,1,-3.1,0.062,77.89190361578636
2026-09-01 00:31:58.525596800+00:00,47.0395,20.9186,0.0,1,-15.0,0.106,76.49599386001798
2026-09-01 00:31:58.681982400+00:00,47.0171,20.8311,0.0,1,7.1,1.172,82.95234999244163
2026-09-01 00:32:02.062418+00:00,46.9993,20.985,0.0,1,-6.9,0.11,76.49982017917469
2026-09-01 00:32:02.062924+00:00,46.9849,20.9927,0.0,1,-3.2,0.018,77.38846370523432
2026-09-01 00:32:02.111907+00:00,46.9995,20.985,0.0,1,-6.7,0.122,76.4825571947661
2026-09-01 00:32:02.733753200+00:00,46.8997,20.8659,0.0,1,2.6,0.097,90.7961030700865
2026-09-01 00:32:02.737335100+00:00,46.9025,20.8623,0.0,1,2.5,0.066,90.727316785417
2026-09-01 00:32:02.767798900+00:00,46.9047,20.8603,0.0,1,2.6,0.108,90.63453738292918
2026-09-01 00:32:02.945695900+00:00,46.9,20.8634,0.0,1,3.8,0.122,90.88992406289566
2026-09-01 00:32:02.954769200+00:00,46.9001,20.8619,0.0,1,4.9,0.145,90.95325867132551
2026-09-01 00:32:02.955754200+00:00,46.9045,20.8601,4.8,2,8.4,0.045,90.66136443130125
2026-09-01 00:32:03.407524200+00:00,47.0141,21.0509,0.0,1,-9.4,0.137,72.1271825843639
2026-09-01 00:32:03.477972200+00:00,47.0176,21.0262,5.7,2,-19.2,0.093,72.9596023306696
2026-09-01 00:32:03.521587500+00:00,47.0137,21.029,0.0,1,-11.0,0.106,73.17033330274917
2026-09-01 00:32:05.105848900+00:00,47.1969,21.3827,0.0,1,-11.3,0.168,41.526847736956164
2026-09-01 00:32:05.241395500+00:00,47.197,21.3817,0.0,1,-7.5,0.162,41.55034933101411
2026-09-01 00:32:05.263184600+00:00,47.1964,21.3855,0.0,1,-5.5,0.181,41.483710224806906
2026-09-01 00:32:05.291919300+00:00,47.1967,21.383,0.0,1,-6.0,0.146,41.53678142799991
2026-09-01 00:32:06.278635500+00:00,47.3191,20.3856,0.0,1,3.0,0.08,96.35277772476957
2026-09-01 00:32:06.595024700+00:00,47.3253,20.3742,0.0,1,-3.9,0.124,97.0137032230345
2026-09-01 00:32:06.619488300+00:00,47.3178,20.3448,0.0,1,-6.5,0.093,99.36677923626142
2026-09-01 00:32:06.716521600+00:00,47.3566,20.5227,0.0,1,66.1,0.103,85.31622726250437
2026-09-01 00:32:06.725258700+00:00,47.3505,20.5461,0.0,1,-2.7,0.065,83.7689265566521
2026-09-01 00:32:06.731471700+00:00,47.3581,20.471,0.0,1,-3.0,0.114,89.06852171644044
2026-09-01 00:32:06.818590200+00:00,47.5092,20.4561,0.0,1,-2.7,0.062,87.98336057487563
2026-09-01 00:32:06.866452500+00:00,47.5025,20.6719,0.0,1,15.6,0.091,71.82091482074904
2026-09-01 00:32:07.050842700+00:00,47.4009,20.6181,0.0,1,-4.7,0.103,77.24099744926349
2026-09-01 00:32:07.549813100+00:00,47.271,21.6218,0.0,1,-4.4,0.143,28.980354378542426
2026-09-01 00:32:07.601911100+00:00,47.3074,21.6709,0.0,1,3.5,0.253,25.14479377248913
2026-09-01 00:32:07.971343600+00:00,47.0966,20.6384,0.0,1,-4.2,0.092,88.86671324718809
2026-09-01 00:32:12.701757500+00:00,47.0447,21.0307,0.0,1,-9.7,0.104,70.39902206503429
2026-09-01 00:32:12.741204800+00:00,47.041,21.0373,0.0,1,-3.3,0.064,70.40118819649717
2026-09-01 00:32:12.804871800+00:00,47.0446,21.0307,0.0,1,-13.5,0.102,70.40760096514991
2026-09-01 00:32:14.467626100+00:00,46.9714,21.0157,0.0,1,-3.0,0.131,77.53089604105784
2026-09-01 00:32:14.493276500+00:00,46.9716,20.9804,0.0,1,-7.6,0.106,79.12855992808012
2026-09-01 00:32:14.720058900+00:00,46.9665,20.979,0.0,1,-11.9,0.111,79.64191031961995
2026-09-01 00:32:14.721795200+00:00,46.9435,21.0483,0.0,1,-8.6,0.14,78.65786023941473
2026-09-01 00:32:14.796767200+00:00,46.9664,20.9799,0.0,1,-12.8,0.127,79.60899701490007
2026-09-01 00:32:14.886851600+00:00,46.9664,20.9801,0.0,1,-7.8,0.093,79.59973194240447
2026-09-01 00:32:14.976929700+00:00,46.9667,20.9791,0.0,1,-2.9,0.129,79.61967059949704
2026-09-01 00:32:15.138615600+00:00,46.9665,20.9796,0.0,1,-18.5,0.126,79.6140933566765
2026-09-01 00:32:16.115841400+00:00,47.1501,21.1309,0.0,1,-8.7,0.177,56.55552768845972
2026-09-01 00:32:16.116278800+00:00,47.1508,21.1345,0.0,1,-4.3,0.207,56.31779267274619
2026-09-01 00:32:16.341562600+00:00,47.1507,21.1015,0.0,1,-4.0,0.13,57.99548303084656
2026-09-01 00:32:17.742964400+00:00,46.9936,20.9499,0.0,1,-9.8,0.092,78.68713932510195
2026-09-01 00:32:17.854122800+00:00,46.9938,20.9466,0.0,1,-5.4,0.107,78.83219695296881
2026-09-01 00:32:19.302503700+00:00,47.2321,20.8474,0.0,1,4.3,0.102,67.50555733134196
2026-09-01 00:32:19.303451800+00:00,47.2336,20.8469,0.0,1,3.5,0.13,67.4554907989451
2026-09-01 00:32:23.687749900+00:00,47.0184,21.1007,0.0,1,4.3,0.164,69.53234985010802
2026-09-01 00:32:24.211538500+00:00,47.0439,20.9794,0.0,1,-8.6,0.13,72.99918105987847
2026-09-01 00:32:24.791382800+00:00,46.8801,20.9441,0.0,1,4.0,0.131,88.94685491345828
2026-09-01 00:32:24.793998800+00:00,46.8916,20.9504,0.0,1,-2.8,0.142,87.62675330716817
2026-09-01 00:32:25.411734500+00:00,46.81,21.0039,0.0,1,-2.6,0.138,93.05219345889067
2026-09-01 00:32:25.619746800+00:00,47.1559,20.4736,0.0,1,2.1,0.069,96.44228336698139
2026-09-01 00:32:25.648242500+00:00,47.1558,20.4738,0.0,1,2.5,0.085,96.43359379338433
2026-09-01 00:32:25.833259600+00:00,47.1543,20.4713,0.0,1,4.3,0.075,96.67675787569488
2026-09-01 00:32:25.843959400+00:00,47.172,20.4464,0.0,1,12.6,0.103,97.53363786737262
2026-09-01 00:32:25.853671800+00:00,47.2329,20.5465,0.0,1,-4.2,0.097,87.89037751076849
2026-09-01 00:32:25.891386+00:00,47.2486,20.5599,0.0,1,-3.7,0.092,86.29433266783991
2026-09-01 00:32:25.894418300+00:00,47.156,20.4728,0.0,1,3.4,0.138,96.49172547532355
2026-09-01 00:32:25.940145500+00:00,47.1036,20.5716,0.0,1,5.3,0.091,92.72513130592748
2026-09-01 00:32:25.953823800+00:00,47.2118,20.7887,0.0,1,4.0,0.109,72.47427640275524
2026-09-01 00:32:26.191621+00:00,47.2434,20.8124,0.0,1,2.4,0.068,69.21339628594944
2026-09-01 00:32:26.286271500+00:00,47.1879,21.2519,0.0,1,-19.1,0.136,47.540709933621216
2026-09-01 00:32:29.155576600+00:00,47.0363,21.0469,0.0,1,-2.5,0.1,70.35529651830333
2026-09-01 00:32:32.558812500+00:00,47.2799,21.4669,0.0,1,-8.5,0.641,30.479961024958634
2026-09-01 00:32:32.559409600+00:00,47.2826,21.5189,0.0,1,-3.5,0.12,28.864275151593297
2026-09-01 00:32:32.703583500+00:00,47.2638,21.4849,0.0,1,-8.9,0.252,31.648203841786042
2026-09-01 00:32:36.808328400+00:00,46.5282,21.7037,0.0,1,3.6,0.32,111.72313281297241
2026-09-01 00:32:37.674384200+00:00,47.3029,21.6086,0.0,1,-9.3,0.843,25.469172696643977
2026-09-01 00:32:37.778825+00:00,47.3354,21.6356,0.0,1,-6.6,0.156,21.825375336989868
2026-09-01 00:32:38.010834600+00:00,47.3514,21.6941,0.0,1,-4.2,0.13,20.65750257689614
2026-09-01 00:32:38.173054700+00:00,46.9085,20.8527,0.0,1,2.8,0.159,90.6778358051972
2026-09-01 00:32:38.273336800+00:00,46.5351,21.7217,0.0,1,-3.8,0.256,111.03644308369572
2026-09-01 00:32:38.318931200+00:00,46.51,21.6125,0.0,1,-10.3,0.244,113.60227647717421
2026-09-01 00:32:38.476907500+00:00,46.8895,20.8249,0.0,1,-4.5,0.137,93.65378199189625
2026-09-01 00:32:38.481405700+00:00,46.5461,21.7411,0.0,1,-10.2,0.213,109.92136551354169
2026-09-01 00:32:38.482514400+00:00,46.5448,21.5958,0.0,1,-6.5,0.175,109.75311290992978
2026-09-01 00:32:40.524357800+00:00,47.1554,21.1362,0.0,1,-4.1,0.108,55.84822186676428
2026-09-01 00:32:40.525380600+00:00,47.1532,21.1361,0.0,1,-3.3,0.14,56.037171472416745
2026-09-01 00:32:40.549916700+00:00,47.1571,21.1292,0.0,1,-9.9,0.125,56.05808076823417
2026-09-01 00:32:40.674029300+00:00,47.1566,21.1646,0.0,1,-15.9,0.109,54.35141321735252
2026-09-01 00:32:40.714248600+00:00,47.1607,21.135,0.0,1,-11.5,0.146,55.467354694415526
2026-09-01 00:32:40.717991800+00:00,47.1555,21.1359,0.0,1,-5.8,0.091,55.8548510890339
2026-09-01 00:32:40.719578700+00:00,47.1299,21.1175,0.0,1,2.8,0.079,58.91731672022797
2026-09-01 00:32:40.925474300+00:00,47.1176,21.0722,0.0,1,5.6,0.114,62.206844719101454
2026-09-01 00:32:40.937218400+00:00,47.2192,21.1326,0.0,1,-2.5,0.054,50.93428203238433
2026-09-01 00:32:40.951829800+00:00,47.1552,21.1353,0.0,1,-4.8,0.124,55.909864778476816
2026-09-01 00:32:41.100786100+00:00,47.1607,21.1349,0.0,1,-10.6,0.127,55.47239297178448
2026-09-01 00:32:41.656993900+00:00,47.2367,20.6126,0.0,1,2.4,0.108,83.13398893721413
2026-09-01 00:32:41.657590100+00:00,47.2364,20.6127,0.0,1,3.0,0.072,83.14043446630508
2026-09-01 00:32:42.919850900+00:00,47.1959,21.2543,0.0,1,3.1,0.067,46.71838032720567
2026-09-01 00:32:43.011838400+00:00,47.1922,21.1827,0.0,1,-7.2,0.154,50.4543491880659
2026-09-01 00:32:45.986454100+00:00,47.0426,21.0605,0.0,1,5.8,0.202,69.16798788561867
2026-09-01 00:32:46.602206100+00:00,47.0106,21.0137,0.0,1,-10.8,0.143,74.15783405779587
2026-09-01 00:32:47.528256600+00:00,47.2596,21.5734,0.0,1,-4.9,0.113,30.515920659371062
2026-09-01 00:32:51.423416400+00:00,47.2082,21.4082,0.0,1,17.3,0.16,39.565140492369075
2026-09-01 00:32:51.434361200+00:00,47.2035,21.409,0.0,1,9.6,0.181,40.016246581562825
2026-09-01 00:32:51.629552100+00:00,47.2331,21.4453,0.0,1,-9.9,0.155,35.90896927422756
2026-09-01 00:32:51.760834700+00:00,47.2417,21.4914,0.0,1,-6.9,0.133,33.8200615007107
2026-09-01 00:32:51.798924700+00:00,46.9871,21.0094,0.0,1,5.1,0.092,76.42041460059741
2026-09-01 00:32:51.919176+00:00,47.0027,20.9541,0.0,1,-10.7,0.13,77.71024733575186
2026-09-01 00:32:52.009714900+00:00,46.9874,21.0109,0.0,1,-3.6,0.122,76.32486854849606
2026-09-01 00:32:52.010646500+00:00,47.0034,20.9552,0.0,1,-12.9,0.116,77.5968724143592
2026-09-01 00:32:52.142616200+00:00,47.0027,20.9545,0.0,1,-4.9,0.117,77.6905228450276
2026-09-01 00:32:52.260795500+00:00,47.0029,20.9549,0.0,1,-4.9,0.124,77.65390523056716
2026-09-01 00:32:52.343635600+00:00,47.1088,22.3581,0.0,1,3.9,0.315,72.42058014410179
2026-09-01 00:32:52.344359600+00:00,47.1108,22.3528,0.0,1,-5.8,0.202,71.9716076546114
2026-09-01 00:32:52.500071400+00:00,47.1528,22.3794,0.0,1,-4.9,0.274,70.60769686612927
2026-09-01 00:32:56.313782600+00:00,47.0163,21.0416,0.0,1,-11.2,0.118,72.35794499527111
2026-09-01 00:32:59.477170100+00:00,47.0302,20.9234,0.0,1,-8.6,0.12,76.9921729697484
2026-09-01 00:32:59.526324700+00:00,47.0249,20.94,0.0,1,-8.9,0.135,76.5683645097457
2026-09-01 00:32:59.561079800+00:00,47.0188,20.8926,0.0,1,-7.8,0.146,79.52065356044626
2026-09-01 00:32:59.983661700+00:00,46.9581,20.8859,0.0,1,3.6,0.109,84.84497742484491
2026-09-01 00:33:01.775595500+00:00,46.537,21.7077,0.0,1,10.6,0.295,110.76218039390126
2026-09-01 00:33:01.776633200+00:00,46.5394,21.7102,0.0,1,3.4,0.262,110.50631832056213
2026-09-01 00:33:02.457206400+00:00,47.1067,20.6138,0.0,1,15.9,0.107,89.82616550444408
2026-09-01 00:33:02.458210200+00:00,47.0986,20.6575,0.0,1,3.3,0.167,87.53866337252546
2026-09-01 00:33:03.312814+00:00,47.196,21.2746,0.0,1,4.5,0.07,45.806215540350514
2026-09-01 00:33:03.313722300+00:00,47.1952,21.2748,0.0,1,-4.5,0.131,45.870110386992124
2026-09-01 00:33:03.315283400+00:00,47.1946,21.2723,0.0,1,5.3,0.147,46.03372953215345
2026-09-01 00:33:03.384304400+00:00,47.1903,21.3108,0.0,1,-3.6,0.065,44.81694558002934
2026-09-01 00:33:03.460486600+00:00,47.1741,21.2696,0.0,1,4.8,0.153,48.02431483864646
2026-09-01 00:33:03.623517300+00:00,47.1964,21.2758,0.0,1,2.5,0.074,45.717534661465535
2026-09-01 00:33:03.703644+00:00,47.2044,20.3764,0.0,1,-10.8,0.069,100.98644433634728
2026-09-01 00:33:03.712592500+00:00,47.205,20.3733,0.0,1,6.3,0.071,101.17979155040182
2026-09-01 00:33:05.193802500+00:00,46.9027,20.861,0.0,1,3.1,0.126,90.77266773292703
2026-09-01 00:33:05.196429400+00:00,46.9041,20.861,0.0,1,-4.9,0.1,90.65230891188615
2026-09-01 00:33:05.197549200+00:00,46.9038,20.8607,0.0,1,6.0,0.136,90.69255294423382
2026-09-01 00:33:05.231711600+00:00,46.9029,20.8566,0.0,1,3.3,0.119,90.9677332572165
2026-09-01 00:33:05.552495200+00:00,46.9465,20.9498,0.0,1,2.2,0.094,82.75744417529754
2026-09-01 00:33:05.655030+00:00,47.241,21.5432,0.0,1,-6.5,0.117,32.92768852602778
2026-09-01 00:33:05.688834+00:00,47.2164,21.4884,0.0,1,-5.9,0.157,36.57604257019026
2026-09-01 00:33:05.713170800+00:00,46.9003,20.855,0.0,1,4.1,0.123,91.268182225932
2026-09-01 00:33:05.856819900+00:00,46.7992,20.7965,0.0,1,4.9,0.112,102.84420750242798
2026-09-01 00:33:05.882911900+00:00,46.9024,20.8663,0.0,1,2.6,0.063,90.54386614853615
2026-09-01 00:33:05.895206800+00:00,46.9031,20.8657,0.0,1,2.7,0.078,90.51228509631233
2026-09-01 00:33:05.906953900+00:00,46.9031,20.8666,0.0,1,3.8,0.154,90.46910614852364
2026-09-01 00:33:05.934379800+00:00,46.9016,20.8646,0.0,1,3.5,0.113,90.69438430540625
2026-09-01 00:33:06.160098100+00:00,46.742,20.782,0.0,1,7.8,0.202,108.61213559112619
2026-09-01 00:33:06.160768300+00:00,46.74,20.7867,0.0,1,4.9,0.116,108.58414363594487
2026-09-01 00:33:07.708361100+00:00,47.0021,20.9866,0.0,1,-4.0,0.154,76.18170624575282
2026-09-01 00:33:07.719357600+00:00,46.9926,20.995,0.0,1,-9.5,0.113,76.60735185642571
2026-09-01 00:33:07.760621700+00:00,47.0221,21.0588,0.0,1,-8.9,0.092,71.05622220707272
2026-09-01 00:33:08.074049100+00:00,47.0322,21.1216,0.0,1,3.2,0.087,67.37060274517769
2026-09-01 00:33:08.719410400+00:00,47.3849,20.317,0.0,1,29.6,0.085,99.85103432071777
2026-09-01 00:33:08.767238100+00:00,47.4241,20.3144,0.0,1,3.5,0.087,99.38973541089796
2026-09-01 00:33:08.767826700+00:00,47.4313,20.3135,0.0,1,-6.7,0.086,99.35712323362671
2026-09-01 00:33:08.785932600+00:00,47.4268,20.3118,0.0,1,-2.2,0.077,99.54560217884969
2026-09-01 00:33:08.834672100+00:00,47.3795,20.3303,0.0,1,-2.5,0.074,98.97048801889893
2026-09-01 00:33:08.870137+00:00,47.3887,20.3061,0.0,1,43.0,0.087,100.58841847490473
2026-09-01 00:33:08.903413100+00:00,47.385,20.3193,0.0,1,5.8,0.082,99.67853808833732
2026-09-01 00:33:08.903971+00:00,47.3868,20.3164,0.0,1,3.6,0.08,99.859500196495
2026-09-01 00:33:08.919631800+00:00,47.3848,20.3189,0.0,1,3.6,0.088,99.71202747182956
2026-09-01 00:33:08.931290100+00:00,47.3849,20.3189,0.0,1,3.1,0.093,99.71011563304705
2026-09-01 00:33:08.937380900+00:00,47.3535,20.1264,0.0,1,2.4,0.044,114.59643186846816
2026-09-01 00:33:09.257952300+00:00,47.1946,20.0565,4.6,2,-2.5,0.068,124.09930894637921
2026-09-01 00:33:09.259342400+00:00,47.0987,19.9884,5.2,2,-2.3,0.063,132.5932309280607
2026-09-01 00:33:09.265884300+00:00,47.2996,20.0361,4.5,2,-4.8,0.064,122.4717844538303
2026-09-01 00:33:09.387739700+00:00,47.1038,19.9882,0.0,1,-3.1,0.065,132.39694280086127
2026-09-01 00:33:09.401581600+00:00,47.1054,19.9804,0.0,1,-4.4,0.03,132.88049493265612
2026-09-01 00:33:09.420343900+00:00,47.1031,19.9893,0.0,1,-2.6,0.059,132.34832878056534
2026-09-01 00:33:09.429756500+00:00,47.1031,19.9882,0.0,1,-2.6,0.068,132.42568844885764
2026-09-01 00:33:09.438206100+00:00,47.1038,19.9895,0.0,1,-2.7,0.065,132.30549980287978
2026-09-01 00:33:10.464743800+00:00,46.8962,20.9956,0.0,1,5.1,0.153,85.254131077781
2026-09-01 00:33:10.805217600+00:00,46.8803,20.8924,0.0,1,4.7,0.344,91.2505789253754
2026-09-01 00:33:11.517933100+00:00,46.9882,21.0602,0.0,1,-6.8,0.139,74.04341397799925
2026-09-01 00:33:11.651573400+00:00,46.985,21.0939,0.0,1,3.7,0.167,72.90028256322574
2026-09-01 00:33:11.653837900+00:00,46.9846,21.094,0.0,1,-5.8,0.119,72.93328803432675
2026-09-01 00:33:11.891584300+00:00,47.0263,21.0591,0.0,1,-5.9,0.136,70.66967074430346
2026-09-01 00:33:11.964891600+00:00,47.0513,21.0595,0.0,1,2.9,0.127,68.45508138806572
2026-09-01 00:33:12.285275400+00:00,47.3591,21.741,0.0,1,-7.9,0.175,21.000538080703805
2026-09-01 00:33:14.102078100+00:00,47.2283,21.2396,8.2,2,-5.9,0.122,44.60416688302391
2026-09-01 00:33:14.151604500+00:00,47.2466,21.2467,0.0,1,-3.3,0.12,42.72248189134591
2026-09-01 00:33:14.332954400+00:00,47.2357,21.21,0.0,1,-10.1,0.114,45.493427679707246
2026-09-01 00:33:14.452156100+00:00,47.2506,21.2302,0.0,1,-8.1,0.14,43.24200221613728
2026-09-01 00:33:14.476233700+00:00,47.2365,21.2132,0.0,1,-2.9,0.073,45.262689678163156
2026-09-01 00:33:14.533140300+00:00,47.2358,21.2141,0.0,1,-8.8,0.139,45.2727044206362
2026-09-01 00:33:14.540970500+00:00,47.2498,21.2281,0.0,1,-18.5,0.133,43.415749715795926
2026-09-01 00:33:14.592978700+00:00,47.2504,21.231,0.0,1,-7.6,0.151,43.21652007020332
2026-09-01 00:33:14.701186500+00:00,47.2486,21.2308,0.0,1,-11.1,0.145,43.372262370785876
2026-09-01 00:33:14.760239+00:00,47.2503,21.2331,0.0,1,-3.2,0.076,43.115632313589096
2026-09-01 00:33:14.821421900+00:00,47.2505,21.2311,0.0,1,-4.7,0.139,43.20325905802289
2026-09-01 00:33:14.985247500+00:00,47.2501,21.2296,0.0,1,-6.9,0.088,43.313496981760714
2026-09-01 00:33:15.108315300+00:00,47.2528,21.0222,0.0,1,-2.0,0.09,55.098248806824756
2026-09-01 00:33:15.168975800+00:00,47.2504,21.2309,0.0,1,-6.3,0.091,43.221716841545955
2026-09-01 00:33:15.172205400+00:00,47.2505,21.2322,0.0,1,-2.6,0.145,43.14613692946394
2026-09-01 00:33:16.155616600+00:00,46.75,20.9558,0.0,1,4.1,0.125,100.66099572526463
2026-09-01 00:33:16.156031200+00:00,46.7495,20.9581,0.0,1,4.4,0.086,100.62151007442098
2026-09-01 00:33:16.543735400+00:00,46.7473,20.9678,0.0,1,-4.9,0.074,100.4672813160733
2026-09-01 00:33:17.373251600+00:00,47.1539,21.1359,0.0,1,9.5,0.097,55.98855327245809
2026-09-01 00:33:17.757822800+00:00,47.1425,21.1697,0.0,1,-2.3,0.032,55.32593367716845
2026-09-01 00:33:20.712490700+00:00,47.2147,21.4046,0.0,1,-5.6,0.093,39.02468660803933
2026-09-01 00:33:20.743046700+00:00,47.2122,21.3795,0.0,1,-17.3,0.165,40.119543061587265
2026-09-01 00:33:20.819952600+00:00,47.2165,21.4344,0.0,1,-9.1,0.157,37.92920104831085
2026-09-01 00:33:20.909961500+00:00,47.1912,21.4096,0.0,1,-3.5,0.136,41.24978621276261
2026-09-01 00:33:21.168099200+00:00,47.243,21.3982,0.0,1,-14.5,0.143,36.43203282925429
2026-09-01 00:33:25.158364500+00:00,47.2233,20.866,0.0,1,-13.2,0.1,66.79207336012989
2026-09-01 00:33:25.159167700+00:00,47.2622,20.9193,0.0,1,-4.4,0.078,61.13289691826436
2026-09-01 00:33:25.222495400+00:00,47.2222,20.8583,0.0,1,2.0,0.055,67.3532323023586
2026-09-01 00:33:25.499826700+00:00,46.9947,20.9835,0.0,1,3.6,0.104,76.96896494947546
2026-09-01 00:33:25.621023200+00:00,47.0027,20.9689,0.0,1,-7.6,0.109,76.98495567578593
2026-09-01 00:33:26.732987300+00:00,46.8916,20.9071,0.0,1,4.5,0.138,89.57438417199215
2026-09-01 00:33:27.956426200+00:00,47.3371,20.4652,0.0,1,-4.8,0.115,90.0435222456979
2026-09-01 00:33:27.957050200+00:00,47.3394,20.4646,0.0,1,8.8,0.128,90.02442231532007
2026-09-01 00:33:27.986522+00:00,47.3363,20.4684,0.0,1,-2.6,0.055,89.83200698283639
2026-09-01 00:33:31.346665500+00:00,47.2772,21.5595,0.0,1,-14.2,0.153,28.744498388915108
2026-09-01 00:33:31.418777400+00:00,47.2877,21.5364,0.0,1,-10.6,0.155,27.969778038578863
2026-09-01 00:33:31.598220100+00:00,47.2885,21.5358,0.0,1,-11.1,0.154,27.894629572251166
2026-09-01 00:33:33.318870600+00:00,47.1383,22.3582,0.0,1,5.8,0.315,70.3293276926501
2026-09-01 00:33:33.319179100+00:00,47.138,22.3551,0.0,1,-3.8,0.159,70.16745320731246
2026-09-01 00:33:35.828728800+00:00,46.9858,21.0518,0.0,1,-10.7,0.089,74.6290195325929
2026-09-01 00:33:36.513518100+00:00,47.3166,21.6634,0.0,1,-5.0,0.133,24.060673310259794
2026-09-01 00:33:36.528924900+00:00,47.3177,21.6661,0.0,1,-3.5,0.147,23.963034274729505
2026-09-01 00:33:36.664520+00:00,47.2914,21.6465,0.0,1,-8.1,0.173,26.748068836945986
2026-09-01 00:33:38.514527200+00:00,47.473,20.5558,0.0,1,4.1,0.092,80.75258330943504
2026-09-01 00:33:38.688149100+00:00,47.4683,20.5805,0.0,1,-7.6,0.084,78.95176199658692
2026-09-01 00:33:41.444656900+00:00,46.551,21.7134,0.0,1,4.3,0.275,109.23274240085891
2026-09-01 00:33:43.680821400+00:00,47.1062,20.6172,0.0,1,3.9,0.104,89.63792752120104
2026-09-01 00:33:43.826285400+00:00,47.7265,20.6049,0.0,1,14.2,0.092,79.6213853225422
2026-09-01 00:33:43.994393200+00:00,47.7261,20.6055,0.0,1,-2.7,0.077,79.56630372586984
2026-09-01 00:33:44.061719800+00:00,47.0889,20.593,0.0,1,-8.9,0.088,92.21573157164744
2026-09-01 00:33:44.121399300+00:00,47.0888,20.5933,0.0,1,-7.3,0.087,92.20260664059697
2026-09-01 00:33:44.301755500+00:00,47.0891,20.5931,0.0,1,-4.8,0.096,92.19736212999074
2026-09-01 00:33:44.322177900+00:00,47.1745,21.2593,0.0,1,4.0,0.13,48.427398235918
2026-09-01 00:33:44.975142600+00:00,46.5363,21.712,0.0,1,-4.3,0.126,110.85829154903537
2026-09-01 00:33:45.073887800+00:00,46.5229,21.6016,0.0,1,-9.4,0.211,112.1792346989608
2026-09-01 00:33:45.373550500+00:00,46.5285,21.6599,0.0,1,6.8,0.275,111.56699123367153
2026-09-01 00:33:45.374218+00:00,46.5243,21.6637,0.0,1,6.3,0.275,112.04061958612743
2026-09-01 00:33:45.376160900+00:00,46.5275,21.6396,0.0,1,10.2,0.211,111.65471734476172
2026-09-01 00:33:45.377719300+00:00,46.5302,21.6416,0.0,1,6.1,0.237,111.35587334543663
2026-09-01 00:33:45.658552500+00:00,46.5245,21.6854,0.0,1,-3.2,0.274,112.070952726199
2026-09-01 00:33:47.843538300+00:00,46.9927,20.9832,0.0,1,-2.4,0.112,77.15642090372013
2026-09-01 00:33:48.058513+00:00,46.9726,20.9859,0.0,1,-9.7,0.141,78.78506205140746
2026-09-01 00:33:48.098816300+00:00,47.1752,20.5359,0.0,1,-6.8,0.096,91.26860772900035
2026-09-01 00:33:48.176589500+00:00,46.9726,20.9872,0.0,1,-16.5,0.113,78.72481249140426
2026-09-01 00:33:48.229230300+00:00,46.9727,20.9856,0.0,1,-11.4,0.106,78.79017773776363
2026-09-01 00:33:48.271515100+00:00,47.175,20.5391,0.0,1,2.6,0.092,91.0613448205648
2026-09-01 00:33:48.373881600+00:00,46.9723,20.9871,0.0,1,-7.5,0.131,78.75586740037468
2026-09-01 00:33:48.401290500+00:00,46.9722,20.9875,0.0,1,-6.6,0.133,78.74615959390937
2026-09-01 00:33:48.436277800+00:00,46.9721,20.9871,0.0,1,-6.1,0.145,78.77348567871839
2026-09-01 00:33:48.452281500+00:00,46.9723,20.9875,0.0,1,-5.7,0.111,78.73734871016049
2026-09-01 00:33:48.650979700+00:00,47.0597,20.5858,0.0,1,6.0,0.088,94.45784018770075
2026-09-01 00:33:48.772046+00:00,47.0969,20.566,0.0,1,2.9,0.114,93.47506974844976
2026-09-01 00:33:50.855085800+00:00,47.1585,21.1504,0.0,1,4.6,0.084,54.88347891209403
2026-09-01 00:33:53.319542200+00:00,47.047,21.0532,0.0,1,3.8,0.18,69.12647351740478
2026-09-01 00:33:53.463865200+00:00,47.215,21.3892,0.0,1,-19.1,0.138,39.50714515684068
2026-09-01 00:33:53.509892200+00:00,46.9164,20.8299,0.0,1,-12.9,0.087,91.13391671919699
2026-09-01 00:33:53.535538+00:00,47.2002,21.3275,0.0,1,-3.6,0.07,43.21725414684044
2026-09-01 00:33:53.557238900+00:00,46.8686,20.8574,0.0,1,-3.8,0.11,93.90459761223333
2026-09-01 00:33:53.797218+00:00,46.9169,20.8565,0.0,1,-3.3,0.081,89.77687161604504
2026-09-01 00:33:53.986339300+00:00,46.939,20.8795,0.0,1,3.3,0.133,86.7726997979387
2026-09-01 00:33:56.056210500+00:00,47.0001,21.0397,0.0,1,3.2,0.154,73.88257171434803
2026-09-01 00:34:01.679125600+00:00,47.3043,21.6061,0.0,1,-13.3,0.177,25.324889117049683
2026-09-01 00:34:01.929966900+00:00,47.2484,21.5035,0.0,1,-5.5,0.129,32.84051705032124
2026-09-01 00:34:01.978541200+00:00,47.2981,21.5978,0.0,1,-5.4,0.145,26.05872438782821
2026-09-01 00:34:02.913315400+00:00,47.3937,20.5989,0.0,1,-3.2,0.108,78.81596369061539
2026-09-01 00:34:02.989837600+00:00,47.032,21.1065,0.0,1,7.7,0.135,68.04021477052976
2026-09-01 00:34:03.189069600+00:00,47.0176,21.0832,0.0,1,-5.7,0.104,70.36744149837524
2026-09-01 00:34:03.189542700+00:00,47.0159,21.1345,0.0,1,-6.4,0.118,68.34113907205602
2026-09-01 00:34:03.422517400+00:00,47.0156,21.0815,0.0,1,-21.6,0.14,70.62334283737
2026-09-01 00:34:05.413422600+00:00,47.0291,21.086,0.0,1,4.3,0.126,69.20537164295922
2026-09-01 00:34:05.554050600+00:00,47.0812,21.0796,0.0,1,5.2,0.099,64.91172554912217
2026-09-01 00:34:05.556056300+00:00,47.083,21.0776,0.0,1,4.1,0.106,64.85324201765624
2026-09-01 00:34:09.713327400+00:00,46.8756,20.8728,0.0,1,-6.4,0.113,92.57160109877047
2026-09-01 00:34:11.277884300+00:00,47.1911,20.4413,0.0,1,-5.9,0.113,97.02114322606609
2026-09-01 00:34:11.279007300+00:00,47.1935,20.4461,0.0,1,6.0,0.132,96.58233983106511
2026-09-01 00:34:12.525775200+00:00,47.0227,20.9672,0.0,1,-3.1,0.176,75.37824120556726
2026-09-01 00:34:12.684920700+00:00,47.1814,21.2796,0.0,1,3.1,0.172,46.929021533352724
2026-09-01 00:34:12.809727400+00:00,47.1773,21.2746,0.0,1,-6.1,0.141,47.51812364404489
2026-09-01 00:34:12.901656400+00:00,47.0225,20.9689,0.0,1,-6.4,0.114,75.31035602692559
2026-09-01 00:34:13.255460300+00:00,47.3573,21.701,0.0,1,-10.1,0.191,20.15816240760663
2026-09-01 00:34:13.328100500+00:00,47.3583,21.7245,0.0,1,5.9,0.18,20.609829341514175
2026-09-01 00:34:13.494407400+00:00,47.3301,21.6834,0.0,1,-15.7,0.179,22.799701188797695
2026-09-01 00:34:14.708746700+00:00,47.2818,21.5388,0.0,1,3.6,0.179,28.563795784766086
2026-09-01 00:34:14.709852300+00:00,47.2805,21.5362,0.0,1,7.1,0.117,28.75043337447342
2026-09-01 00:34:19.929279500+00:00,47.0572,21.0659,0.0,1,-3.7,0.115,67.63984077504038
2026-09-01 00:34:19.936005+00:00,47.0282,21.0159,0.0,1,-7.8,0.116,72.52874360211328
2026-09-01 00:34:19.936626200+00:00,47.0445,21.0685,0.0,1,-3.5,0.095,68.62935794140061
2026-09-01 00:34:22.199508200+00:00,47.2468,20.8726,0.0,1,-5.0,0.119,65.04373844481952
2026-09-01 00:34:22.200429+00:00,47.2499,20.8702,0.0,1,5.2,0.092,65.03341993150501
2026-09-01 00:34:22.202341400+00:00,47.2519,20.8676,6.1,2,4.3,0.042,65.09751913220731
2026-09-01 00:34:22.204792900+00:00,47.2579,20.8698,0.0,1,2.3,0.123,64.63242062528923
2026-09-01 00:34:22.837033300+00:00,47.223,21.1294,0.0,1,-3.5,0.728,50.82354487568448
2026-09-01 00:34:22.934279+00:00,47.2101,21.1246,0.0,1,4.3,0.084,52.06835080792483
2026-09-01 00:34:22.963536400+00:00,47.2137,21.166,0.0,1,2.3,0.665,49.560494773531225
2026-09-01 00:34:23.070211700+00:00,47.1652,21.1288,0.0,1,-3.4,0.05,55.410775731996296
2026-09-01 00:34:23.070862500+00:00,47.1477,21.0758,0.0,1,2.7,0.072,59.57456942518466
2026-09-01 00:34:23.294740200+00:00,47.3315,20.4605,0.0,1,-12.6,0.073,90.54224846317335
2026-09-01 00:34:23.295060400+00:00,47.33,20.4606,0.0,1,-8.9,0.066,90.5773017715699
2026-09-01 00:34:23.295457400+00:00,47.3323,20.457,0.0,1,-7.5,0.092,90.77505574861243
2026-09-01 00:34:23.674663300+00:00,47.0731,20.9518,0.0,1,12.7,0.11,72.06683342801506
2026-09-01 00:34:23.716956+00:00,47.0635,20.9122,0.0,1,-4.4,0.129,74.94820685126399
2026-09-01 00:34:27.489442200+00:00,47.1093,22.3538,0.0,1,10.1,0.324,72.13794577572433
2026-09-01 00:34:27.489955400+00:00,47.1117,22.3641,0.0,1,-4.4,0.262,72.5560985291139
2026-09-01 00:34:27.521540200+00:00,47.1035,22.3382,0.0,1,-7.6,0.305,71.67828833203332
2026-09-01 00:34:27.643699300+00:00,47.1423,22.3756,0.0,1,-7.2,0.254,71.0874595701358
2026-09-01 00:34:29.844972100+00:00,47.0083,21.0343,0.0,1,-16.7,0.133,73.4008176148944
2026-09-01 00:34:29.977225500+00:00,47.0311,21.0626,0.0,1,-11.2,0.108,70.08410286228194
2026-09-01 00:34:30.146142400+00:00,46.8853,20.7593,0.0,1,-5.9,0.103,97.2802306561117
2026-09-01 00:34:30.239195100+00:00,46.8343,20.7496,0.0,1,2.7,0.052,102.03675014477382
2026-09-01 00:34:30.372835800+00:00,46.8642,20.8762,0.0,1,-2.6,0.145,93.42115467929138
2026-09-01 00:34:30.410316900+00:00,46.8344,20.7515,0.0,1,2.4,0.07,101.93497246917421
2026-09-01 00:34:30.603249800+00:00,46.8168,20.4853,0.0,1,-2.7,0.095,117.33744967617442
2026-09-01 00:34:30.612150+00:00,47.1979,21.3997,0.0,1,6.9,0.161,40.87388143284233
2026-09-01 00:34:30.622615+00:00,46.8378,20.8187,0.0,1,7.1,0.09,98.41532910452823
2026-09-01 00:34:30.673744900+00:00,46.8901,20.7954,0.0,1,-3.7,0.128,95.06063044779516
2026-09-01 00:34:30.706925100+00:00,46.8898,20.796,0.0,1,-6.0,0.064,95.05583852556882
2026-09-01 00:34:30.725973200+00:00,46.8895,20.7986,0.0,1,-2.7,0.053,94.95142546055095
2026-09-01 00:34:31.295128+00:00,46.5342,21.7266,0.0,1,-7.1,0.222,111.16083595924867
2026-09-01 00:34:33.679885500+00:00,47.3082,21.6454,0.0,1,-7.7,0.191,24.87824504086266
2026-09-01 00:34:35.335934300+00:00,47.2427,20.613,0.0,1,-6.7,0.096,82.84134745042972
2026-09-01 00:34:35.337149100+00:00,47.2451,20.618,0.0,1,2.7,0.103,82.38937769736258
2026-09-01 00:34:35.337712100+00:00,47.2466,20.6146,0.0,1,3.4,0.058,82.5603165081636
2026-09-01 00:34:35.392787400+00:00,47.2411,20.6217,0.0,1,3.1,0.077,82.30875122585722
2026-09-01 00:34:37.596466600+00:00,47.1603,21.1506,0.0,1,-14.7,0.14,54.72204904363295
2026-09-01 00:34:37.846768200+00:00,47.1598,21.1499,0.0,1,-5.6,0.121,54.79872143686668
2026-09-01 00:34:37.910691400+00:00,47.1838,21.1656,0.0,1,2.3,0.108,52.01080097168317
2026-09-01 00:34:37.923459100+00:00,47.1858,21.172,0.0,1,3.6,0.076,51.5230886852221
2026-09-01 00:34:39.184501900+00:00,46.8867,20.8907,0.0,1,-3.5,0.136,90.76343728665518
2026-09-01 00:34:39.279090500+00:00,46.9264,20.8942,0.0,1,-8.7,0.104,87.1363676313849
2026-09-01 00:34:40.120472400+00:00,47.167,21.1807,0.0,1,-8.8,0.108,52.684378597754296
2026-09-01 00:34:42.190176600+00:00,47.0314,21.0406,0.0,1,-7.3,0.153,71.07879149561651
2026-09-01 00:34:42.226005300+00:00,47.0157,20.9633,0.0,1,-8.4,0.122,76.15966254601094
2026-09-01 00:34:42.368516600+00:00,47.0679,21.078,0.0,1,4.2,0.097,66.13817938202193
2026-09-01 00:34:44.502713+00:00,47.0041,21.0691,0.0,1,3.9,0.08,72.21033848956199
2026-09-01 00:34:44.507810600+00:00,47.0044,21.0693,0.0,1,3.9,0.047,72.17437146088308
2026-09-01 00:34:44.636649900+00:00,47.0473,21.0626,0.0,1,-4.6,0.12,68.65837092643233
2026-09-01 00:34:50.826774700+00:00,47.2834,21.6079,0.0,1,-6.9,1.023,27.637168111404126
2026-09-01 00:34:51.394496500+00:00,47.2952,21.5002,0.0,1,-12.2,0.133,27.97220328857269
2026-09-01 00:34:51.455170300+00:00,47.2808,21.5281,0.0,1,-5.5,0.197,28.869625931019254
2026-09-01 00:34:53.743335500+00:00,47.1984,21.2883,0.0,1,-5.4,0.15,44.995322149678096
2026-09-01 00:34:56.195172700+00:00,46.5364,21.716,0.0,1,5.7,0.251,110.86515647562545
2026-09-01 00:34:56.196331200+00:00,46.5362,21.7149,0.0,1,-5.5,0.484,110.88233328050812
2026-09-01 00:34:58.824178700+00:00,47.1171,20.6042,0.0,1,2.1,0.139,89.83722895154324
2026-09-01 00:34:58.824722100+00:00,47.1163,20.6091,0.0,1,-2.4,0.139,89.56674884848914
2026-09-01 00:34:58.828114600+00:00,47.1201,20.6021,0.0,1,2.9,0.098,89.80082004183727
2026-09-01 00:34:58.829181100+00:00,47.123,20.6011,0.0,1,4.3,0.087,89.70009798933282
2026-09-01 00:34:58.862408+00:00,47.0229,21.0716,0.0,1,3.4,0.162,70.4059305624747
2026-09-01 00:34:58.888485300+00:00,47.1188,20.6026,0.0,1,2.8,0.088,89.84297729662751
2026-09-01 00:34:59.223709500+00:00,47.0669,21.0425,0.0,1,3.6,0.126,67.93161701247362
2026-09-01 00:35:02.574982+00:00,46.7538,20.9482,0.0,1,-7.5,0.125,100.58775525675244
2026-09-01 00:35:02.575360300+00:00,46.7537,20.9507,0.0,1,-4.1,0.15,100.5009418112941
2026-09-01 00:35:02.739086300+00:00,46.7472,20.9305,0.0,1,-7.9,0.138,101.90689649075608
2026-09-01 00:35:02.825977200+00:00,46.7546,20.951,0.0,1,-3.0,0.099,100.40304385645422
2026-09-01 00:35:04.813585200+00:00,46.9861,20.9974,0.0,1,-11.3,0.094,77.0640745009008
2026-09-01 00:35:04.925764900+00:00,46.984,20.9301,0.0,1,-9.4,0.108,80.47359932393397
2026-09-01 00:35:05.265800+00:00,47.1643,20.4921,0.0,1,-4.0,0.091,94.7755844886835
2026-09-01 00:35:05.269453100+00:00,47.1918,20.4639,0.0,1,6.0,0.071,95.42485894433257
2026-09-01 00:35:06.273369500+00:00,47.0346,21.0974,0.0,1,-7.7,0.133,68.20380972324094
2026-09-01 00:35:09.500970+00:00,46.8827,20.8693,0.0,1,-11.4,0.12,92.11255691893459
2026-09-01 00:35:09.623547100+00:00,47.1915,21.3153,0.0,1,-24.4,0.153,44.52404920232006
2026-09-01 00:35:09.699354600+00:00,47.1966,21.3434,0.0,1,-17.9,0.172,42.9509355383395
2026-09-01 00:35:09.805233+00:00,47.1886,21.3045,0.0,1,-32.7,0.153,45.230633852805205
2026-09-01 00:35:09.836406+00:00,47.0245,21.0296,0.0,1,-9.5,0.117,72.19783756070836
2026-09-01 00:35:11.153721+00:00,47.2928,21.5818,0.0,1,-7.1,0.101,26.773166699354242
2026-09-01 00:35:11.262793400+00:00,47.2866,21.5668,0.0,1,-13.5,0.145,27.62055859614375
2026-09-01 00:35:11.615240400+00:00,47.3043,21.5678,0.0,1,-27.2,0.188,25.668013889842737
2026-09-01 00:35:11.649445100+00:00,47.3073,21.6576,0.0,1,3.1,0.09,25.044990505214493
2026-09-01 00:35:15.985929600+00:00,47.227,21.4579,0.0,1,-8.7,0.115,36.19201004455308
2026-09-01 00:35:16.068307100+00:00,47.2208,21.4877,0.0,1,-9.6,0.156,36.1226643979161
2026-09-01 00:35:16.651024100+00:00,47.2348,21.2319,0.0,1,4.2,0.318,44.445221998293604
2026-09-01 00:35:19.119194200+00:00,46.5274,21.7642,0.0,1,-4.2,0.23,112.14294463408018
2026-09-01 00:35:19.136366300+00:00,46.5126,21.8053,0.0,1,3.5,0.225,114.10810106208146
2026-09-01 00:35:23.170774600+00:00,47.422,20.6046,0.0,1,2.3,0.013,77.82099090630238
2026-09-01 00:35:24.463347400+00:00,47.0196,21.0752,0.0,1,-5.9,0.118,70.5411449496979
2026-09-01 00:35:27.297156100+00:00,47.3314,21.7294,0.0,1,-4.5,0.17,23.548755760992577
2026-09-01 00:35:27.347565400+00:00,47.3363,21.713,0.0,1,-7.1,0.118,22.652865014676873
2026-09-01 00:35:27.735580400+00:00,47.1852,21.2799,0.0,1,-5.1,0.153,46.56577511121011
2026-09-01 00:35:27.736710500+00:00,47.1857,21.2806,0.0,1,-10.4,0.172,46.49008917119279
2026-09-01 00:35:27.987800200+00:00,47.1852,21.2824,0.0,1,2.8,0.175,46.460215918011386
2026-09-01 00:35:28.002506500+00:00,47.184,21.2818,0.0,1,4.0,0.178,46.59629032797017
2026-09-01 00:35:28.269443300+00:00,47.1846,21.2808,0.0,1,3.6,0.079,46.58304299033266
2026-09-01 00:35:28.383663300+00:00,47.1847,21.2821,0.0,1,2.3,0.051,46.51901500539037
2026-09-01 00:35:28.543058600+00:00,47.2525,21.2296,0.0,1,2.7,0.156,43.12056243572256
2026-09-01 00:35:28.545327100+00:00,47.2528,21.2277,0.0,1,-5.3,0.145,43.19597594188012
2026-09-01 00:35:28.546936400+00:00,47.2514,21.2315,0.0,1,3.7,0.145,43.10991993401588
2026-09-01 00:35:28.994257200+00:00,47.2756,21.1174,0.0,1,-11.4,0.089,47.780107081039255
2026-09-01 00:35:28.995444500+00:00,47.2746,21.134,0.0,1,-5.2,0.125,46.85066167611765
2026-09-01 00:35:28.996252100+00:00,47.2211,21.1167,0.0,1,7.1,0.139,51.67442386163095
2026-09-01 00:35:29.173361300+00:00,47.2296,20.8975,0.0,1,-3.3,0.131,64.39709270334662
2026-09-01 00:35:29.253817100+00:00,47.2828,21.1695,0.0,1,-33.7,0.101,44.18456253204546
2026-09-01 00:35:32.146668900+00:00,46.5245,21.7109,0.0,1,-15.3,0.198,112.16351587906445
2026-09-01 00:35:32.206157900+00:00,46.5285,21.6947,0.0,1,-16.8,0.16,111.6565354685479
2026-09-01 00:35:32.241970100+00:00,46.5216,21.7231,0.0,1,-8.3,0.161,112.54135026658486
2026-09-01 00:35:32.365298100+00:00,46.5239,21.6501,0.0,1,-11.7,0.16,112.0644515301563
2026-09-01 00:35:35.801717500+00:00,47.069,21.0617,0.0,1,-8.6,0.081,66.82033881829948
2026-09-01 00:35:35.887061700+00:00,47.0688,21.0604,0.0,1,-15.1,0.111,66.90010687955407
2026-09-01 00:35:35.888385+00:00,47.0454,21.1136,0.0,1,-4.9,0.118,66.51293436805746
2026-09-01 00:35:35.889685100+00:00,47.0445,21.1167,0.0,1,-3.7,0.064,66.45873161734565
2026-09-01 00:35:37.582732700+00:00,46.894,20.8928,0.0,1,-21.6,0.09,90.02331472449067
2026-09-01 00:35:37.631689300+00:00,46.8663,20.8287,0.0,1,-6.5,0.092,95.46167261730092
2026-09-01 00:35:37.828419500+00:00,47.4827,20.5601,0.0,1,-3.3,0.079,80.34306338339081
2026-09-01 00:35:37.841194700+00:00,46.9345,20.8487,0.0,1,-7.0,0.118,88.67896875203662
2026-09-01 00:35:37.842605200+00:00,46.9336,20.8505,0.0,1,4.1,0.13,88.66429281542516
2026-09-01 00:35:37.844345300+00:00,46.9226,20.8597,0.0,1,8.3,0.1,89.13593039513194
2026-09-01 00:35:37.850966700+00:00,46.8858,20.9042,0.0,1,-5.4,0.114,90.22184530457886
2026-09-01 00:35:37.870223400+00:00,46.9089,20.8712,0.0,1,2.9,0.169,89.74843138737418
2026-09-01 00:35:37.908315800+00:00,46.8509,20.8653,0.0,1,2.9,0.106,95.10081387091357
2026-09-01 00:35:37.948968900+00:00,46.8728,20.8947,0.0,1,6.0,0.091,91.81136345434868
2026-09-01 00:35:38.041557200+00:00,46.9632,20.8072,0.0,1,-3.1,0.083,88.46758732749453
2026-09-01 00:35:38.180925600+00:00,47.4399,20.5088,0.0,1,3.3,0.079,84.6624918412089
2026-09-01 00:35:38.276930600+00:00,46.8911,20.9029,0.0,1,-5.0,0.09,89.81162928933253
2026-09-01 00:35:41.665282600+00:00,47.3364,20.4678,0.0,1,-2.9,0.092,89.87303143601127
2026-09-01 00:35:41.702169+00:00,47.1834,21.2641,0.0,1,-7.5,0.108,47.40840622725779
2026-09-01 00:35:41.714120800+00:00,47.1852,21.2595,0.0,1,-3.8,0.095,47.44629664162525
2026-09-01 00:35:41.715180100+00:00,47.194,21.2933,0.0,1,3.4,0.315,45.1889130549259
2026-09-01 00:35:41.759037+00:00,47.1749,21.2673,0.0,1,-8.7,0.091,48.04817194482285
2026-09-01 00:35:41.759746400+00:00,47.1781,21.2026,0.0,1,5.9,0.269,50.68111232144337
2026-09-01 00:35:41.810812600+00:00,47.3455,20.4398,0.0,1,-1.9,0.03,91.6769228043199
2026-09-01 00:35:41.856481900+00:00,47.1751,21.2679,0.0,1,-26.8,0.14,48.0042805014928
2026-09-01 00:35:41.937707700+00:00,47.1749,21.2679,0.0,1,-11.7,0.141,48.02267545538043
2026-09-01 00:35:41.944767300+00:00,47.1997,21.3371,0.0,1,4.7,0.176,42.89183427587532
2026-09-01 00:35:42.009552+00:00,47.1752,21.2686,0.0,1,-15.3,0.113,47.965358099539024
2026-09-01 00:35:42.016687+00:00,47.1831,21.2675,0.0,1,-9.9,0.136,47.28845373227282
2026-09-01 00:35:42.099563400+00:00,47.3379,20.3548,0.0,1,-3.6,0.081,98.10402378484301
2026-09-01 00:35:42.198317700+00:00,47.1748,21.2683,0.0,1,-5.6,0.153,48.01489583238762
2026-09-01 00:35:42.209403100+00:00,47.1752,21.2686,0.0,1,-5.0,0.071,47.965358099539024
2026-09-01 00:35:42.974055200+00:00,47.0986,20.654,0.0,1,33.9,0.092,87.75913456925338
2026-09-01 00:35:46.252320700+00:00,47.3873,20.3657,0.0,1,-10.7,0.072,96.19384621196184
2026-09-01 00:35:46.252911200+00:00,47.3883,20.3672,0.0,1,-2.7,0.046,96.06326796495908
2026-09-01 00:35:46.340457200+00:00,47.0639,21.0616,0.0,1,3.7,0.122,67.26394532000603
2026-09-01 00:35:46.343473500+00:00,47.4412,20.3251,0.0,1,-4.4,0.112,98.36325067100388
2026-09-01 00:35:46.343916900+00:00,47.3886,20.3665,0.0,1,5.7,0.079,96.10937235983177
2026-09-01 00:35:46.356812400+00:00,47.3933,20.3373,0.0,1,-2.5,0.059,98.18747123315647
2026-09-01 00:35:46.394006700+00:00,47.3881,20.3787,0.0,1,41.0,0.087,95.21471724929313
2026-09-01 00:35:46.426321100+00:00,47.3664,20.3509,0.0,1,-2.6,0.09,97.71992605477907
2026-09-01 00:35:46.688290200+00:00,47.367,20.3664,0.0,1,8.5,0.093,96.56226985776624
2026-09-01 00:35:46.909592500+00:00,47.4479,20.2854,0.0,1,-3.2,0.083,101.25351889398138
2026-09-01 00:35:46.921586+00:00,47.4402,20.2429,0.0,1,-4.3,0.088,104.52096981578528
2026-09-01 00:35:53.950481900+00:00,47.196,21.3383,0.0,1,-5.7,0.075,43.20112188370993
2026-09-01 00:35:53.985664+00:00,47.1965,21.3384,0.0,1,-8.6,0.121,43.149255781712505
2026-09-01 00:35:54.025495900+00:00,47.1957,21.3397,0.0,1,-5.6,0.131,43.17697621467068
2026-09-01 00:35:54.313529700+00:00,47.1965,21.3382,0.0,1,-11.8,0.097,43.156853621269356
2026-09-01 00:35:54.444059400+00:00,47.196,21.3392,0.0,1,-5.0,0.157,43.16700903493366
2026-09-01 00:35:55.082053500+00:00,46.5277,21.7123,0.0,1,-20.8,0.284,111.81431429446336
2026-09-01 00:35:55.134674700+00:00,46.5286,21.7143,0.0,1,-30.5,0.285,111.72324514269707
2026-09-01 00:35:55.162650600+00:00,46.5286,21.7151,0.0,1,-14.2,0.24,111.72683972458346
2026-09-01 00:35:56.228452900+00:00,47.3499,21.7619,0.0,1,-25.9,0.169,22.59818914519298
2026-09-01 00:35:58.587423900+00:00,47.0306,21.0716,0.0,1,-4.1,0.117,69.71809078833007
2026-09-01 00:35:58.930167800+00:00,47.0422,21.0005,0.0,1,-3.6,0.11,72.08664027979118
2026-09-01 00:35:58.939390700+00:00,47.0543,21.0073,0.0,1,-2.8,0.106,70.73279178163904
2026-09-01 00:36:00.549740700+00:00,47.214,20.8236,0.0,1,-8.4,0.103,70.07141693250612
2026-09-01 00:36:00.922528400+00:00,47.2193,20.7927,0.0,1,-9.6,0.076,71.801057081057
2026-09-01 00:36:00.923049200+00:00,47.2452,20.8308,0.0,1,-8.8,0.126,67.8936468401498
2026-09-01 00:36:01.033346900+00:00,47.2186,20.7942,0.0,1,-28.3,0.088,71.74031050365961
2026-09-01 00:36:01.157465800+00:00,47.219,20.7936,0.0,1,-7.2,0.068,71.75805743284765
2026-09-01 00:36:01.410602+00:00,47.2013,21.3101,0.0,1,-16.3,0.13,43.813400315840376
2026-09-01 00:36:01.413771200+00:00,47.1872,21.2829,0.0,1,-6.0,0.127,46.25460288931974
2026-09-01 00:36:01.482999500+00:00,47.1849,21.3479,0.0,1,-18.3,0.114,43.92172781324872
2026-09-01 00:36:01.511796100+00:00,47.1912,21.3026,0.0,1,-3.8,0.104,45.06429961252778
2026-09-01 00:36:03.220338100+00:00,47.2478,20.5522,0.0,1,-9.7,0.063,86.86715777549688
2026-09-01 00:36:03.259719300+00:00,47.2458,20.5745,0.0,1,1.9,0.052,85.38924152477871
2026-09-01 00:36:06.818620800+00:00,47.3146,21.6846,0.0,1,5.4,0.135,24.511344244243375
2026-09-01 00:36:06.911213300+00:00,47.3215,21.6593,0.0,1,-5.3,0.136,23.485750959203372
2026-09-01 00:36:08.035857+00:00,46.8966,20.9556,0.0,1,-2.4,0.123,86.94467663396631
2026-09-01 00:36:08.153784600+00:00,46.8897,20.9049,0.0,1,-17.7,0.112,89.8437361584646
2026-09-01 00:36:09.099651800+00:00,47.1338,22.3492,0.0,1,-8.0,0.258,70.11584793282445
2026-09-01 00:36:09.117231300+00:00,47.2661,20.9713,0.0,1,-8.9,0.056,57.52758391963222
2026-09-01 00:36:11.324392800+00:00,47.1717,21.2471,0.0,1,-4.3,0.137,49.21258961313637
2026-09-01 00:36:11.388187500+00:00,47.1589,21.1747,0.0,1,-9.4,0.101,53.66827577944846
2026-09-01 00:36:11.430014800+00:00,47.0401,21.0718,0.0,1,-20.2,0.095,68.86547886976082
2026-09-01 00:36:11.515558800+00:00,47.0355,21.0964,0.0,1,-31.5,0.093,68.16683332551413
2026-09-01 00:36:11.567259800+00:00,47.1598,21.1741,0.0,1,-18.7,0.099,53.61962693457864
2026-09-01 00:36:11.573244900+00:00,47.048,21.1111,0.0,1,-3.4,0.09,66.38800193972887
2026-09-01 00:36:11.634787200+00:00,47.0491,21.1154,0.0,1,-13.2,0.119,66.09878257575674
2026-09-01 00:36:11.668125600+00:00,47.1961,21.1886,0.0,1,-8.8,0.135,49.8342494238167
2026-09-01 00:36:11.728982800+00:00,47.0412,21.0728,0.0,1,-20.4,0.093,68.72225583451154
2026-09-01 00:36:11.777810700+00:00,47.0414,21.0735,0.0,1,-7.3,0.139,68.67243522239086
2026-09-01 00:36:11.957532800+00:00,47.0427,21.0784,0.0,1,-6.1,0.108,68.33289509296527
2026-09-01 00:36:12.493633200+00:00,46.543,21.7578,0.0,1,-7.8,0.166,110.37121060507786
2026-09-01 00:36:12.501079400+00:00,46.5484,21.7362,0.0,1,3.4,0.254,109.63782294148511
2026-09-01 00:36:14.511252800+00:00,47.2307,21.4281,0.0,1,-8.6,0.103,36.66630478916676
2026-09-01 00:36:14.620589500+00:00,47.2411,21.5024,0.0,1,-12.0,0.098,33.64288823427017
2026-09-01 00:36:16.957529600+00:00,46.9228,20.8593,0.0,1,-11.7,0.072,89.13861258139322
2026-09-01 00:36:16.998817900+00:00,46.907,20.844,0.0,1,-7.7,0.078,91.23052282961184
2026-09-01 00:36:17.282286400+00:00,47.0065,21.0275,0.0,1,2.6,0.131,73.87323568072522
2026-09-01 00:36:17.496115400+00:00,47.0302,21.0511,0.0,1,2.8,0.091,70.69384142577995
2026-09-01 00:36:17.498209400+00:00,47.0156,21.0288,0.0,1,4.3,0.102,73.01300426365047
2026-09-01 00:36:17.534357400+00:00,47.0153,21.0298,0.0,1,3.1,0.196,72.99268419994156
2026-09-01 00:36:17.616829900+00:00,47.0144,21.0282,0.0,1,2.6,0.069,73.14618580796999
2026-09-01 00:36:17.622985300+00:00,46.9814,21.0792,0.0,1,-3.2,0.176,73.85071233735896
2026-09-01 00:36:17.812643900+00:00,47.0356,20.9695,0.0,1,-11.4,0.086,74.18726897682386
2026-09-01 00:36:17.834083400+00:00,47.0766,21.0459,0.0,1,-3.9,0.088,66.94403675360779
2026-09-01 00:36:17.859672900+00:00,47.0373,20.976,0.0,1,3.1,0.122,73.7186829800369
2026-09-01 00:36:17.889602900+00:00,47.0355,20.9707,0.0,1,-2.9,0.038,74.13506575277565
2026-09-01 00:36:18.522752500+00:00,46.5339,21.7192,0.0,1,5.0,0.297,111.15757383647745
2026-09-01 00:36:21.820614300+00:00,47.1878,21.3134,0.0,1,-19.2,0.113,44.94956552336553
2026-09-01 00:36:21.886897900+00:00,47.178,21.2795,0.0,1,-17.9,0.09,47.24784167105008
2026-09-01 00:36:21.955921300+00:00,47.196,21.3595,0.0,1,-13.2,0.097,42.41906760459881
2026-09-01 00:36:24.556047500+00:00,47.3215,21.6981,0.0,1,-12.5,0.084,23.96148247326737
2026-09-01 00:36:24.630538200+00:00,47.3378,21.6742,0.0,1,-13.1,0.123,21.836397262151305
2026-09-01 00:36:27.508421300+00:00,46.5072,21.7786,0.0,1,-15.1,0.202,114.48400826038672
2026-09-01 00:36:27.569197900+00:00,46.5433,21.7698,0.0,1,-6.3,0.323,110.42319578848353
2026-09-01 00:36:27.571237300+00:00,46.505,21.7836,0.0,1,-3.8,0.222,114.76594238193516
2026-09-01 00:36:30.768862700+00:00,46.741,20.9998,0.0,1,9.0,0.083,99.90508429654257
2026-09-01 00:36:30.900895600+00:00,46.7553,20.9699,0.0,1,-8.4,0.109,99.6148601605174
2026-09-01 00:36:34.739209700+00:00,46.8805,20.8508,0.0,1,-7.8,0.074,93.17837160503254
2026-09-01 00:36:35.001286500+00:00,47.1798,20.5288,0.0,1,3.3,0.07,91.52767476292549
2026-09-01 00:36:35.173883100+00:00,47.1357,20.5447,0.0,1,-2.0,0.077,92.70258142023727
2026-09-01 00:36:35.241099600+00:00,47.1328,20.6167,0.0,1,3.0,0.092,88.1289971557843
2026-09-01 00:36:36.344850300+00:00,47.2068,21.4069,0.0,1,3.6,0.105,39.74755661343305
2026-09-01 00:36:36.378582900+00:00,47.2302,21.4091,0.0,1,-13.5,0.117,37.32427125700547
2026-09-01 00:36:36.451203300+00:00,47.2043,21.3975,0.0,1,-23.6,0.1,40.29937928652074
2026-09-01 00:36:36.485965500+00:00,47.2202,21.405,0.0,1,4.6,0.146,38.4598616672791
2026-09-01 00:36:36.486774600+00:00,47.2054,21.393,0.0,1,-3.7,0.164,40.335969021386056
2026-09-01 00:36:36.487256400+00:00,47.2035,21.4225,0.0,1,-3.0,0.065,39.60939055046129
2026-09-01 00:36:36.565548200+00:00,47.2039,21.3978,0.0,1,-22.9,0.134,40.32989187811166
2026-09-01 00:36:36.664907200+00:00,47.3569,21.7432,0.0,1,-10.5,0.197,21.291468163228405
2026-09-01 00:36:36.779573100+00:00,47.3638,21.8173,0.0,1,-11.7,0.123,23.500422677722046
2026-09-01 00:36:36.854524300+00:00,47.3431,21.8023,0.0,1,-3.8,0.154,24.75017152127185
2026-09-01 00:36:37.138056700+00:00,46.997,21.0199,0.0,1,-8.3,0.13,75.06219097960624
2026-09-01 00:36:38.869459200+00:00,47.2478,20.9034,0.0,1,2.9,0.138,62.97237371145893
2026-09-01 00:36:38.921935800+00:00,47.2254,20.8643,0.0,1,-6.8,0.137,66.78163006205588
2026-09-01 00:36:38.997449100+00:00,47.2256,20.8648,0.0,1,-4.0,0.086,66.73781160814133
2026-09-01 00:36:41.386392400+00:00,47.1867,21.3127,0.0,1,-15.5,0.108,45.0814590705779
2026-09-01 00:36:42.332887900+00:00,46.5243,21.6668,0.0,1,-7.2,0.159,112.04665099006075
2026-09-01 00:36:42.418451300+00:00,46.5256,21.6785,0.0,1,-8.9,0.263,111.92938117419894
2026-09-01 00:36:42.475034100+00:00,46.4922,21.6653,0.0,1,-15.1,0.172,115.6119065627339
2026-09-01 00:36:42.530063500+00:00,46.5271,21.6706,0.0,1,-4.2,0.148,111.74350157066281
2026-09-01 00:36:42.540728900+00:00,47.7509,20.6584,0.0,1,17.3,0.09,76.57558466013113
2026-09-01 00:36:42.542971500+00:00,47.7512,20.6751,0.0,1,-4.5,0.055,75.40123723356805
2026-09-01 00:36:42.554228600+00:00,46.5305,21.6308,0.0,1,-9.2,0.261,111.31755709170996
2026-09-01 00:36:43.018507100+00:00,47.7512,20.659,0.0,1,4.6,0.068,76.54341246988542
2026-09-01 00:36:45.423097500+00:00,47.3481,20.4572,0.0,1,6.6,0.085,90.33471036764503
2026-09-01 00:36:45.441891400+00:00,47.3462,20.4562,0.0,1,-5.9,0.08,90.45743533698327
2026-09-01 00:36:48.354961600+00:00,47.0052,21.0221,0.0,1,-2.3,0.165,74.23779441816859
2026-09-01 00:36:48.436247700+00:00,47.2477,21.5265,0.0,1,-4.6,0.215,32.467434330802256
2026-09-01 00:36:48.460292300+00:00,47.0254,21.0074,0.0,1,-11.5,0.059,73.17815697960108
2026-09-01 00:36:49.105564200+00:00,47.2413,21.4222,0.0,1,-10.1,0.109,35.78279924140416
2026-09-01 00:36:49.366853200+00:00,47.2405,21.4212,0.0,1,-10.6,0.087,35.895595953334585
2026-09-01 00:36:50.045919600+00:00,47.0989,20.6613,0.0,1,-11.5,0.073,87.28100207472623
2026-09-01 00:36:50.284717600+00:00,47.0911,20.7295,0.0,1,3.0,0.049,83.5494432754223
2026-09-01 00:36:53.301021400+00:00,47.1622,21.2529,0.0,1,-3.8,0.171,49.82818041452283
2026-09-01 00:36:53.310297700+00:00,47.1735,21.2275,0.0,1,2.5,0.128,49.926245748390656
2026-09-01 00:36:53.425913+00:00,47.1661,21.1761,0.0,1,5.9,0.141,52.983275726622225
2026-09-01 00:36:53.713456900+00:00,47.1862,21.3121,0.0,1,-4.0,0.595,45.15257168874552
2026-09-01 00:36:53.715779300+00:00,47.1899,21.2745,0.0,1,9.9,0.158,46.36565984835714
2026-09-01 00:36:53.740715600+00:00,47.1414,21.1276,0.0,1,4.3,0.05,57.44940461494827
2026-09-01 00:36:56.923708800+00:00,46.5452,21.7407,0.0,1,3.7,0.209,110.01876689767157
2026-09-01 00:36:57.063162600+00:00,46.9198,20.8666,0.0,1,4.8,0.121,89.03665134106342
2026-09-01 00:36:57.064050500+00:00,46.92,20.8679,0.0,1,-5.1,0.125,88.95628008836
2026-09-01 00:36:57.065131+00:00,46.9201,20.8666,0.0,1,-13.7,0.142,89.01106204702297
2026-09-01 00:36:57.074286500+00:00,46.9182,20.874,0.0,1,3.0,0.103,88.81428525205723
2026-09-01 00:36:57.210432+00:00,46.9467,20.8141,0.0,1,-2.0,0.034,89.43577424745871
2026-09-01 00:36:57.381565300+00:00,46.9208,20.8673,0.0,1,6.8,0.115,88.91724958741567
2026-09-01 00:36:57.400442600+00:00,46.9204,20.8674,0.0,1,4.2,0.114,88.94649505241836
2026-09-01 00:36:57.449840900+00:00,46.8842,20.8041,0.0,1,2.6,0.101,95.12530730211726
2026-09-01 00:36:57.496849900+00:00,46.9199,20.8681,0.0,1,4.8,0.098,88.95508215908758
2026-09-01 00:36:57.512325+00:00,46.9205,20.8674,0.0,1,3.2,0.032,88.93796448311697
2026-09-01 00:37:04.839039200+00:00,47.3247,21.7136,0.0,1,-14.3,0.176,23.904630482187468
2026-09-01 00:37:04.839601700+00:00,47.3242,21.7097,0.0,1,-5.8,0.157,23.880324936204914
2026-09-01 00:37:04.885863500+00:00,47.3042,21.6654,0.0,1,-6.0,0.195,25.447700611813943
2026-09-01 00:37:05.196060700+00:00,47.3065,21.6593,0.0,1,3.5,0.626,25.145504011766697
2026-09-01 00:37:05.197259700+00:00,47.304,21.6658,0.0,1,-5.4,0.162,25.47320361656848
2026-09-01 00:37:05.211055900+00:00,47.042,21.1214,0.0,1,3.3,0.182,66.48190573310724
2026-09-01 00:37:05.242613500+00:00,47.04,21.1199,0.0,1,-2.8,0.148,66.7293755230215
2026-09-01 00:37:05.269553100+00:00,47.0322,21.1207,0.0,1,4.6,0.109,67.4090657325642
2026-09-01 00:37:05.462280500+00:00,47.0423,21.1195,0.0,1,4.5,0.133,66.53691959674498
2026-09-01 00:37:05.502673600+00:00,47.0119,21.1756,0.0,1,3.8,0.193,67.08842800395661
2026-09-01 00:37:10.128783400+00:00,47.194,21.2984,0.0,1,-4.9,0.115,44.9762100516525
2026-09-01 00:37:12.737264500+00:00,47.1291,22.3838,0.0,1,11.1,0.305,72.4812375946051
2026-09-01 00:37:12.807175600+00:00,47.1144,22.367,0.0,1,-7.2,0.254,72.53007122738322
2026-09-01 00:37:13.545764700+00:00,46.9134,20.9514,0.0,1,4.1,0.112,85.61850953154982
2026-09-01 00:37:15.899452800+00:00,47.2017,20.4393,0.0,1,4.5,0.088,96.69835090256399
2026-09-01 00:37:16.575109400+00:00,47.1021,20.3553,0.0,1,-5.2,0.115,107.12148993624466
2026-09-01 00:37:16.613145400+00:00,47.1056,20.4275,0.0,1,8.4,0.088,102.09483045139409
2026-09-01 00:37:16.652838+00:00,47.0917,20.4307,0.0,1,4.6,0.054,102.61933656225581
2026-09-01 00:37:16.729145600+00:00,47.1081,20.4355,0.0,1,-4.3,0.066,101.42979339571599
2026-09-01 00:37:16.734079900+00:00,47.2866,20.4063,0.0,1,-2.7,0.109,95.83529625539744
2026-09-01 00:37:16.766291900+00:00,47.2963,20.463,0.0,1,5.7,0.104,91.43051686071773
2026-09-01 00:37:16.870329100+00:00,47.139,20.0516,4.7,2,-4.5,0.041,126.50865702591538
2026-09-01 00:37:17.003707300+00:00,47.1792,19.9857,0.0,1,-2.6,0.073,129.71680205362614
2026-09-01 00:37:17.130680900+00:00,47.1571,20.0521,0.0,1,-3.9,0.087,125.77366531920424
2026-09-01 00:37:17.534273500+00:00,47.1572,20.0538,0.0,1,6.9,0.098,125.649027786581
2026-09-01 00:37:19.940743100+00:00,47.2512,20.9274,0.0,1,-9.7,0.132,61.2207267402951
2026-09-01 00:37:20.013745500+00:00,47.2538,20.9134,0.0,1,-3.3,0.114,61.984274600790194
2026-09-01 00:37:20.029430500+00:00,47.2478,20.92,0.0,1,-3.4,0.109,61.89414680159805
2026-09-01 00:37:20.058982800+00:00,47.2258,20.8785,0.0,1,-13.6,0.109,65.84093594262606
2026-09-01 00:37:20.089420+00:00,47.1976,21.3457,0.0,1,-13.8,0.135,42.76826784249437
2026-09-01 00:37:20.148904+00:00,47.1924,21.2859,0.0,1,-12.4,0.118,45.648648368414634
2026-09-01 00:37:20.149703700+00:00,47.2133,21.3238,0.0,1,-3.7,0.177,42.13110010446712
2026-09-01 00:37:20.197244500+00:00,47.2251,20.8776,0.0,1,-36.8,0.109,65.93948993781912
2026-09-01 00:37:20.256672500+00:00,47.2254,20.8776,0.0,1,-11.4,0.11,65.92211757730632
2026-09-01 00:37:20.258475600+00:00,47.2469,20.9154,0.0,1,-5.2,0.118,62.24352188554926
2026-09-01 00:37:20.343684200+00:00,47.18,21.2746,0.0,1,-9.9,0.14,47.269129448606066
2026-09-01 00:37:20.377255800+00:00,47.2253,20.8782,0.0,1,-9.0,0.093,65.88922980542246
2026-09-01 00:37:20.479154900+00:00,47.2112,21.3973,0.0,1,18.8,0.108,39.61394609438233
2026-09-01 00:37:20.490112300+00:00,47.2038,21.3718,0.0,1,3.3,0.067,41.21688399205488
2026-09-01 00:37:21.454947400+00:00,47.0143,21.0434,0.0,1,-18.8,0.124,72.45203363408939
2026-09-01 00:37:21.455536+00:00,47.0148,21.0989,0.0,1,-12.8,0.157,69.93933207233947
2026-09-01 00:37:21.544375200+00:00,47.0145,21.0435,0.0,1,-20.6,0.116,72.42974054021451
2026-09-01 00:37:21.621203900+00:00,47.014,21.0439,0.0,1,-5.7,0.081,72.45567428322532
2026-09-01 00:37:21.623288400+00:00,47.0196,21.0661,0.0,1,-5.8,0.105,70.94866243675732
2026-09-01 00:37:21.721160800+00:00,47.0144,21.0439,0.0,1,-14.8,0.122,72.42024819266436
2026-09-01 00:37:21.721697200+00:00,47.0773,21.0263,0.0,1,-3.8,0.1,67.86282961541747
2026-09-01 00:37:21.725604500+00:00,47.0606,21.0258,0.0,1,-2.7,0.109,69.28555199633445
2026-09-01 00:37:21.790334+00:00,47.0144,21.0436,0.0,1,-7.7,0.123,72.43400627545671
2026-09-01 00:37:21.856885500+00:00,47.0144,21.0432,0.0,1,-13.5,0.131,72.4523573202353
2026-09-01 00:37:25.680197600+00:00,47.246,21.1728,0.0,1,3.8,0.054,46.68186136884279
2026-09-01 00:37:25.790550100+00:00,47.2211,21.1797,0.0,1,-10.0,0.138,48.24911937873268
2026-09-01 00:37:25.930488+00:00,46.5447,21.7526,0.0,1,3.3,0.303,110.14826146339033
2026-09-01 00:37:25.931410100+00:00,46.5477,21.7519,6.4,2,9.7,0.129,109.81132607580689
2026-09-01 00:37:28.155258800+00:00,46.7747,20.9972,0.0,1,-18.4,0.145,96.71348510294125
2026-09-01 00:37:28.209752200+00:00,46.7749,20.9971,0.0,1,-19.3,0.118,96.69781479560675
2026-09-01 00:37:28.283065+00:00,46.7693,21.0236,0.0,1,-2.7,0.071,96.2751688155405
2026-09-01 00:37:28.299217200+00:00,46.7626,20.9567,0.0,1,-8.9,0.114,99.41606666598415
2026-09-01 00:37:28.356293600+00:00,47.3919,20.3665,0.0,1,-23.1,0.085,96.04641437989339
2026-09-01 00:37:28.369952300+00:00,47.3915,20.3673,0.0,1,3.6,0.083,95.99463018821719
2026-09-01 00:37:36.111885800+00:00,47.3265,21.7137,0.0,1,-5.8,0.154,23.714094348614065
2026-09-01 00:37:36.136095200+00:00,47.3354,21.7538,0.0,1,-9.0,0.221,23.801089214900408
2026-09-01 00:37:36.136671800+00:00,47.3249,21.7203,0.0,1,-5.9,0.18,24.025118664852034
2026-09-01 00:37:36.521156600+00:00,47.2203,20.793,0.0,1,-8.4,0.102,71.72703866284925
2026-09-01 00:37:36.604377600+00:00,47.3256,21.7218,0.0,1,-26.9,0.201,23.98385398062274
2026-09-01 00:37:36.697288300+00:00,47.4581,20.6335,0.0,1,6.0,0.094,75.10921393461649
2026-09-01 00:37:36.710249600+00:00,47.3249,21.724,0.0,1,-11.2,0.188,24.10763658143414
2026-09-01 00:37:36.789963700+00:00,47.325,21.7261,0.0,1,-8.9,0.194,24.145190338884284
2026-09-01 00:37:39.278670700+00:00,47.0326,21.1021,0.0,1,-11.2,0.233,68.17795008570182
2026-09-01 00:37:39.336089300+00:00,47.0196,21.0578,0.0,1,-18.2,0.123,71.32408593384311
2026-09-01 00:37:39.401271600+00:00,47.0322,21.1032,0.0,1,-14.2,0.149,68.16608297678337
2026-09-01 00:37:39.438958700+00:00,47.042,21.0609,0.0,1,-4.8,0.147,69.20196733334798
2026-09-01 00:37:39.537764800+00:00,46.9043,20.8579,0.0,1,5.6,0.145,90.78479415876511
2026-09-01 00:37:39.544326400+00:00,46.9093,20.8664,0.0,1,8.7,0.14,89.94513309429364
2026-09-01 00:37:39.548787800+00:00,46.9105,20.8606,0.0,1,2.9,0.128,90.12287857443222
2026-09-01 00:37:40.281368100+00:00,47.2357,21.1953,0.0,1,2.7,0.169,46.26465991471665
2026-09-01 00:37:40.372989300+00:00,47.2425,21.1866,0.0,1,3.0,0.049,46.19662703019538
2026-09-01 00:37:40.440729100+00:00,47.2428,21.1955,0.0,1,7.7,0.124,45.69429763417803
2026-09-01 00:37:40.791568300+00:00,47.2388,21.2743,0.0,1,5.1,0.175,42.02730579234291
2026-09-01 00:37:41.090349200+00:00,47.2093,21.4193,0.0,1,6.1,0.195,39.111724012536996
2026-09-01 00:37:41.329851600+00:00,47.1869,21.4108,0.0,1,-5.5,0.18,41.65375072145095
2026-09-01 00:37:41.339962600+00:00,47.2224,21.4665,0.0,1,-5.6,0.375,36.451141070832485
2026-09-01 00:37:41.343923700+00:00,47.2103,21.4162,0.0,1,-6.9,0.145,39.10412376171988
2026-09-01 00:37:41.346749300+00:00,47.2315,21.4786,0.0,1,-4.3,0.237,35.19766688591673
2026-09-01 00:37:41.357679200+00:00,47.2092,21.4184,10.5,2,-7.3,0.121,39.149104883506354
2026-09-01 00:37:44.218322500+00:00,47.7522,20.6874,0.0,1,-5.5,0.094,74.56586900449626
2026-09-01 00:37:44.236298900+00:00,46.5221,21.671,10.8,2,-4.4,0.062,112.30013208555322
2026-09-01 00:37:44.598656400+00:00,47.7845,20.6844,0.0,1,2.6,0.107,76.01169439660289
2026-09-01 00:37:47.220738800+00:00,47.3424,20.48,0.0,1,17.0,0.082,88.81770306224267
2026-09-01 00:37:47.221189+00:00,47.3412,20.4751,0.0,1,-5.4,0.107,89.20831885167686
2026-09-01 00:37:47.263766600+00:00,47.3522,20.4698,0.0,1,2.6,0.06,89.30562575647937
2026-09-01 00:37:47.297897900+00:00,47.3412,20.4929,0.0,1,3.7,0.16,87.9083861141036
2026-09-01 00:37:51.197753600+00:00,46.5319,21.7709,0.0,1,9.6,0.261,111.69301306165741
2026-09-01 00:37:52.898889600+00:00,47.236,21.5673,0.0,1,-9.9,0.17,33.17817695411006
2026-09-01 00:37:53.253537100+00:00,47.2358,21.5679,0.0,1,-4.9,0.189,33.194094013160424
2026-09-01 00:37:55.206672900+00:00,47.1996,21.3685,0.0,1,-12.4,0.14,41.74627064569102
2026-09-01 00:37:56.638593200+00:00,47.3272,21.7292,0.0,1,4.6,0.237,23.98600944236737
2026-09-01 00:37:56.681152500+00:00,47.331,21.7389,0.0,1,-10.5,0.192,23.833030828791397
2026-09-01 00:37:56.730927+00:00,47.3173,21.6806,0.0,1,-7.0,0.168,24.164082702371132
2026-09-01 00:37:56.872039+00:00,47.3278,21.7378,0.0,1,-8.4,0.212,24.137846424462087
2026-09-01 00:37:57.124808700+00:00,46.9944,21.0492,0.0,1,-15.3,0.15,73.96692529478536
2026-09-01 00:37:57.184206+00:00,46.9942,21.0471,0.0,1,-33.7,0.135,74.0784786709146
2026-09-01 00:37:57.213563+00:00,46.9943,21.0475,0.0,1,-10.7,0.104,74.05164790793378
2026-09-01 00:37:57.241169900+00:00,46.9943,21.0496,0.0,1,-9.1,0.127,73.95813454720275
2026-09-01 00:37:57.340051500+00:00,47.0368,21.1225,0.0,1,-3.4,0.161,66.9100293840915
2026-09-01 00:37:57.425652400+00:00,46.9941,21.0507,0.0,1,-12.0,0.119,73.92726598143838
2026-09-01 00:37:57.918022100+00:00,46.8891,20.8708,0.0,1,-3.8,0.109,91.48321773310968
2026-09-01 00:38:08.811017600+00:00,47.0345,21.0491,0.0,1,-6.7,0.119,70.40963273149234
2026-09-01 00:38:09.004473100+00:00,47.0571,21.0144,0.0,1,-3.0,0.128,70.14468270945595
2026-09-01 00:38:09.254175800+00:00,46.9884,21.0007,0.0,1,-4.6,0.091,76.70854515023174
2026-09-01 00:38:10.918400800+00:00,46.7716,21.0316,0.0,1,6.3,0.135,95.76358296263379
2026-09-01 00:38:10.919916600+00:00,46.7721,21.0347,0.0,1,-5.0,0.109,95.60433202003821
2026-09-01 00:38:11.273416300+00:00,46.7441,20.9218,0.0,1,-14.1,0.141,102.54374298309668
2026-09-01 00:38:11.278851300+00:00,46.7413,20.9275,0.0,1,-4.0,0.151,102.58735023646726
2026-09-01 00:38:11.307676900+00:00,46.7699,21.0327,0.0,1,2.8,0.153,95.89174343018236
2026-09-01 00:38:11.338526100+00:00,46.6728,20.7202,0.0,1,-3.3,0.139,117.6121524704712
2026-09-01 00:38:11.348425200+00:00,46.7696,20.8829,0.0,1,2.8,0.049,101.72427527373937
2026-09-01 00:38:12.426727900+00:00,47.1309,22.3945,0.0,1,-5.0,0.229,72.99410208341806
2026-09-01 00:38:12.438420200+00:00,47.1323,22.4045,0.0,1,-4.2,0.393,73.49771144662057
2026-09-01 00:38:12.471759+00:00,47.1291,22.2753,0.0,1,-5.1,1.745,66.24212440365304
2026-09-01 00:38:12.994034800+00:00,47.3759,21.8483,0.0,1,-12.8,0.175,23.99693777548312
2026-09-01 00:38:13.207236600+00:00,47.3511,21.7293,0.0,1,2.7,0.058,21.486663118492718
2026-09-01 00:38:13.623314400+00:00,47.2359,21.1644,0.0,1,-11.7,0.137,47.91338700449012
2026-09-01 00:38:13.875603200+00:00,47.2387,21.151,0.0,1,-10.9,0.145,48.4415495948799
2026-09-01 00:38:13.971611100+00:00,47.2579,21.3256,0.0,1,2.8,0.168,37.97314621500495
2026-09-01 00:38:17.846473600+00:00,47.0417,21.071,9.0,2,6.0,0.059,68.76079186507663
2026-09-01 00:38:17.868899800+00:00,47.471,20.6712,0.0,1,-2.9,0.069,72.13750143574683
2026-09-01 00:38:18.145276+00:00,47.4758,20.6317,0.0,1,-2.7,0.095,75.0428167509737
2026-09-01 00:38:18.827619400+00:00,47.3048,21.608,0.0,1,-5.5,0.205,25.260781095256508
2026-09-01 00:38:18.828522100+00:00,47.3073,21.6044,0.0,1,8.4,0.165,25.00046144017225
2026-09-01 00:38:18.830234+00:00,47.3078,21.5998,0.0,1,5.9,0.187,24.971286877478494
2026-09-01 00:38:18.839377500+00:00,47.3084,21.6061,0.0,1,3.3,0.197,24.869907705281257
2026-09-01 00:38:18.854770700+00:00,47.3002,21.567,0.0,1,-2.8,0.154,26.127462011704072
2026-09-01 00:38:22.850818600+00:00,47.262,21.0738,0.0,1,-4.6,0.112,51.3261496580237
2026-09-01 00:38:24.566135200+00:00,47.1909,21.3219,0.0,1,-8.8,0.138,44.32077228746317
2026-09-01 00:38:24.568372200+00:00,47.1822,21.3098,0.0,1,-3.7,0.104,45.62255001420154
2026-09-01 00:38:24.932638+00:00,47.2338,21.4495,0.0,1,3.2,0.175,35.717286946684155
2026-09-01 00:38:24.933978+00:00,47.1824,21.3068,0.0,1,-5.2,0.151,45.72250432615048
2026-09-01 00:38:28.946675700+00:00,47.0368,21.0227,0.0,1,-17.1,0.09,71.46249129430963
2026-09-01 00:38:28.947565600+00:00,47.0684,21.0732,6.1,2,5.2,0.105,66.32215430838143
2026-09-01 00:38:29.110380300+00:00,47.0833,21.0802,0.0,1,-12.3,0.145,64.70236359915302
2026-09-01 00:38:29.587293500+00:00,46.9017,20.9787,0.0,1,4.3,0.15,85.47165899233663
2026-09-01 00:38:29.656419600+00:00,46.8898,20.9508,0.0,1,-5.6,0.089,87.77228939937798
2026-09-01 00:38:29.775165200+00:00,46.8784,20.944,0.0,1,-12.3,0.115,89.10573154665238
2026-09-01 00:38:30.908313100+00:00,46.5271,21.817,0.0,1,11.8,0.191,112.61679543265033
2026-09-01 00:38:30.947611400+00:00,46.5219,21.8153,0.0,1,-14.8,0.244,113.17409534326241
2026-09-01 00:38:31.001988700+00:00,46.5133,21.8099,6.7,2,-12.5,0.054,114.07258101406796
2026-09-01 00:38:31.205241900+00:00,46.5262,21.8163,0.0,1,5.8,0.224,112.70931328091328
2026-09-01 00:38:31.214697500+00:00,46.5159,21.8181,0.0,1,-16.5,0.249,113.86284719254127
2026-09-01 00:38:31.272014500+00:00,46.5151,21.819,0.0,1,-7.9,0.235,113.9597747361438
2026-09-01 00:38:31.452732800+00:00,46.5148,21.8218,0.0,1,-6.9,0.224,114.0201131715534
2026-09-01 00:38:31.507393500+00:00,46.5157,21.8195,0.0,1,-24.0,0.225,113.89843351713961
2026-09-01 00:38:31.544999500+00:00,46.515,21.8201,0.0,1,-5.4,0.276,113.9814650568001
2026-09-01 00:38:31.594040900+00:00,46.5155,21.8195,0.0,1,-19.2,0.24,113.92049332499478
2026-09-01 00:38:34.055633300+00:00,47.327,21.7381,0.0,1,4.0,0.188,24.229156288177702
2026-09-01 00:38:38.781822600+00:00,47.0468,21.0772,7.3,2,3.9,0.056,68.02495131640512
2026-09-01 00:38:38.844900200+00:00,47.041,21.0701,0.0,1,2.7,0.119,68.86404890195965
2026-09-01 00:38:39.087341500+00:00,47.0479,21.0877,0.0,1,3.2,0.13,67.4470216923883
2026-09-01 00:38:39.088980400+00:00,47.0494,21.0741,0.0,1,11.3,0.168,67.93878470685611
2026-09-01 00:38:39.090105500+00:00,47.0656,21.0253,0.0,1,6.5,0.141,68.88968922656439
2026-09-01 00:38:39.115259900+00:00,47.0025,21.1016,0.0,1,4.2,0.17,70.95586997121266
2026-09-01 00:38:39.286930600+00:00,46.9708,21.092,0.0,1,2.8,0.087,74.30262291559394
2026-09-01 00:38:39.329824200+00:00,47.118,21.1474,0.0,1,-6.0,0.114,58.510102829314924
2026-09-01 00:38:39.331400800+00:00,47.1205,21.1712,0.0,1,-4.3,0.164,57.195565246718324
2026-09-01 00:38:39.338904300+00:00,47.0417,21.0671,0.0,1,3.8,0.172,68.94068814747648
2026-09-01 00:38:39.343835800+00:00,47.1113,21.1373,0.0,1,4.6,0.045,59.567902704480495
2026-09-01 00:38:46.845773600+00:00,47.233,21.5384,0.0,1,-6.6,0.068,33.870730040471855
2026-09-01 00:38:48.306214400+00:00,47.1752,21.2539,0.0,1,-3.5,0.126,48.5978050012678
2026-09-01 00:38:48.404326300+00:00,47.1779,21.2514,0.0,1,-3.5,0.081,48.462669426206965
2026-09-01 00:38:51.387480900+00:00,46.5272,21.6764,0.0,1,5.5,0.266,111.74616119311216
2026-09-01 00:38:51.454500800+00:00,46.5346,21.6952,0.0,1,-13.9,0.238,110.98069807160935
2026-09-01 00:38:51.517139100+00:00,46.5125,21.6712,0.0,1,-13.4,0.199,113.36759592928985
2026-09-01 00:38:51.623346900+00:00,46.5274,21.6673,0.0,1,-11.0,0.267,111.70308985739734
2026-09-01 00:38:53.767674800+00:00,47.2435,20.9121,0.0,1,-2.2,0.061,62.65150094613648
2026-09-01 00:38:56.251316800+00:00,47.0039,21.0183,0.0,1,-11.5,0.114,74.52859658282284
2026-09-01 00:38:57.837304200+00:00,47.3403,20.475,0.0,1,-11.6,0.039,89.24014482126985
2026-09-01 00:38:58.100591600+00:00,47.3574,20.4143,0.0,1,-2.2,0.065,93.25237455288475
2026-09-01 00:38:58.136233+00:00,47.3819,20.3937,7.2,2,3.5,0.043,94.22791810688501
2026-09-01 00:38:58.185319600+00:00,47.388,20.4077,0.0,1,-4.9,0.085,93.06812112631305
2026-09-01 00:38:58.185944500+00:00,47.3721,20.4006,0.0,1,-2.7,0.097,93.92546686905746
2026-09-01 00:38:58.239809+00:00,46.5388,21.7517,0.0,1,-6.5,0.216,110.79610464284855
2026-09-01 00:38:58.241339900+00:00,46.5398,21.7469,0.0,1,3.8,0.322,110.65491959749373
2026-09-01 00:38:58.242141400+00:00,46.5423,21.7423,0.0,1,-3.0,0.29,110.34977663470173
2026-09-01 00:38:58.248198700+00:00,46.5575,21.7414,0.0,1,3.9,0.228,108.65942934965841
2026-09-01 00:38:58.249738100+00:00,46.5586,21.7378,0.0,1,5.2,0.247,108.51611147529307
2026-09-01 00:38:58.260620700+00:00,47.3899,20.3949,0.0,1,1.8,0.058,93.97896802062738
2026-09-01 00:38:58.540983300+00:00,47.2237,21.4583,0.0,1,2.4,0.813,36.52527434068004
2026-09-01 00:38:58.856373700+00:00,47.1367,22.4062,0.0,1,-6.5,0.36,73.30378477864622
2026-09-01 00:38:58.857300300+00:00,47.1359,22.4104,0.0,1,4.2,0.282,73.61095585715246
2026-09-01 00:38:58.993421800+00:00,47.1246,22.2757,0.0,1,-3.9,0.312,66.60485601261449
2026-09-01 00:38:58.994170400+00:00,47.1172,22.276,0.0,1,-7.0,0.306,67.185602000658
2026-09-01 00:39:00.666776900+00:00,47.1957,21.3244,0.0,1,-11.3,0.159,43.766437091065285
2026-09-01 00:39:00.667722300+00:00,47.2099,21.3258,0.0,1,-4.1,0.089,42.36869017934203
2026-09-01 00:39:00.898169100+00:00,47.1927,21.285,0.0,1,-13.0,0.104,45.659290211006486
2026-09-01 00:39:00.901899700+00:00,47.1947,21.3191,0.0,1,2.8,0.068,44.07042550181111
2026-09-01 00:39:01.322806200+00:00,47.3284,21.7277,0.0,1,-15.0,0.177,23.82357339081048
2026-09-01 00:39:01.378237200+00:00,47.3448,21.7175,0.0,1,-11.9,0.182,21.850987525338525
2026-09-01 00:39:01.410896200+00:00,47.3264,21.7431,0.0,1,-4.6,0.208,24.423433696405215
2026-09-01 00:39:01.427088+00:00,47.326,21.7423,0.0,1,-5.9,0.24,24.44364097618203
2026-09-01 00:39:04.407265600+00:00,47.0616,21.0867,0.0,1,-9.2,0.107,66.28173883655398
2026-09-01 00:39:04.593491700+00:00,47.1051,21.1169,0.0,1,-7.6,0.142,61.06859390247493
2026-09-01 00:39:07.591494800+00:00,47.1133,20.64,0.0,1,19.2,0.093,87.75755785251316
2026-09-01 00:39:07.623693700+00:00,47.0948,20.6673,0.0,1,-10.5,0.106,87.15953874975882
2026-09-01 00:39:07.624628300+00:00,47.1071,20.6171,0.0,1,-5.0,0.097,89.59101592659427
2026-09-01 00:39:07.663678700+00:00,47.1263,20.6693,0.0,1,-17.9,0.113,85.11118301038876
2026-09-01 00:39:07.664954900+00:00,47.1072,20.6476,0.0,1,-3.4,0.015,87.6392805201461
2026-09-01 00:39:07.674979400+00:00,47.1063,20.6332,0.0,1,-6.6,0.111,88.60975895215007
2026-09-01 00:39:10.565136500+00:00,47.005,21.0451,0.0,1,-15.8,0.116,73.2010015827956
2026-09-01 00:39:10.865757800+00:00,46.9911,21.0299,0.0,1,-3.9,0.128,75.12913341039211
2026-09-01 00:39:10.873589200+00:00,46.9542,20.9796,0.0,1,3.2,0.109,80.70134855208119
2026-09-01 00:39:10.879949200+00:00,46.9906,21.0339,0.0,1,-3.3,0.03,74.99311856460201
2026-09-01 00:39:11.302037900+00:00,46.9723,20.8461,0.0,1,4.0,0.133,85.69799065584003
2026-09-01 00:39:14.869562900+00:00,47.2403,21.1818,0.0,1,-2.5,0.115,46.62693701276281
2026-09-01 00:39:14.902900200+00:00,47.2366,21.2018,0.0,1,-8.6,0.136,45.85010663442892
2026-09-01 00:39:14.922381500+00:00,47.2431,21.1803,0.0,1,-5.6,0.119,46.49221800100798
2026-09-01 00:39:14.974497+00:00,47.2226,21.2216,0.0,1,-4.7,0.286,45.97549550533506
2026-09-01 00:39:15.316561300+00:00,47.2238,21.2205,0.0,1,-6.3,0.113,45.930824331998394
2026-09-01 00:39:15.574224200+00:00,47.4077,20.6338,0.0,1,1.8,0.142,75.93669767715274
2026-09-01 00:39:18.936648600+00:00,47.2563,21.3238,0.0,1,-6.4,0.152,38.19697182537526
2026-09-01 00:39:19.048891700+00:00,47.2635,21.3106,0.0,1,-18.3,0.182,38.16991385872278
2026-09-01 00:39:19.091927100+00:00,47.2926,21.3666,0.0,1,-8.8,0.177,33.03165913537243
2026-09-01 00:39:19.915933200+00:00,47.2514,20.8402,0.0,1,-4.6,0.113,66.9428112852225
2026-09-01 00:39:19.916823800+00:00,47.2528,20.8418,0.0,1,-4.4,0.12,66.76311272271916
2026-09-01 00:39:19.918100400+00:00,47.2551,20.844,0.0,1,6.5,0.064,66.49671958500984
2026-09-01 00:39:19.919802200+00:00,47.2581,20.8435,0.0,1,4.1,0.118,66.37510673143426
2026-09-01 00:39:20.458970100+00:00,47.5427,20.6399,0.0,1,2.9,0.038,74.13293784181488
2026-09-01 00:39:20.616240800+00:00,47.585,20.6852,0.0,1,-5.6,0.101,70.9424882796835
2026-09-01 00:39:20.686420900+00:00,47.5485,20.6804,0.0,1,2.9,0.122,71.10333024731068
2026-09-01 00:39:21.259322700+00:00,46.9033,20.9805,0.0,1,-3.5,0.099,85.24753456756217
2026-09-01 00:39:21.262603400+00:00,46.9036,20.9803,0.0,1,3.3,0.156,85.22877841416421
2026-09-01 00:39:21.263068400+00:00,46.9055,20.9793,0.0,1,-4.3,0.141,85.09867391819131
2026-09-01 00:39:21.263867400+00:00,46.9052,20.9763,0.0,1,2.6,0.161,85.25649838898782
2026-09-01 00:39:21.291063200+00:00,46.9001,20.9834,0.0,1,2.7,0.106,85.41533423931716
2026-09-01 00:39:21.370509100+00:00,46.904,20.9748,0.0,1,2.9,0.148,85.43115833628134
2026-09-01 00:39:21.793620300+00:00,46.7939,20.9569,0.0,1,-10.7,0.091,96.42314752254671
2026-09-01 00:39:22.142582100+00:00,47.2581,20.6108,0.0,1,5.4,0.092,82.33600361202586
2026-09-01 00:39:22.254456500+00:00,47.2653,20.6256,0.0,1,1.8,0.069,81.00096540398832
2026-09-01 00:39:22.579143400+00:00,46.5163,21.7489,0.0,1,-16.3,0.252,113.27181484002128
2026-09-01 00:39:22.888262800+00:00,46.517,21.7014,0.0,1,-15.7,0.194,112.95808934645437
2026-09-01 00:39:23.291461800+00:00,47.0487,21.1205,0.0,1,3.6,0.141,65.91116863157755
2026-09-01 00:39:23.292029300+00:00,47.049,21.1253,0.0,1,-2.7,0.103,65.67456680065331
2026-09-01 00:39:23.316215+00:00,47.0445,21.0967,0.0,1,-20.5,0.136,67.34407961055379
2026-09-01 00:39:23.408212900+00:00,47.0421,21.0758,0.0,1,-25.2,0.14,68.50502624522113
2026-09-01 00:39:23.470094400+00:00,47.0421,21.0761,0.0,1,-34.6,0.112,68.49128886141186
2026-09-01 00:39:23.647220600+00:00,47.0418,21.0768,0.0,1,-10.9,0.132,68.48584961932387
2026-09-01 00:39:23.815778+00:00,47.0419,21.0761,0.0,1,-10.2,0.139,68.50901089247795
2026-09-01 00:39:24.376222200+00:00,47.1319,22.3898,0.0,1,19.7,0.287,72.64535433676221
2026-09-01 00:39:26.812743+00:00,47.2321,20.8628,0.0,1,3.4,0.112,66.49947141640327
2026-09-01 00:39:26.813110300+00:00,47.2319,20.8652,0.0,1,-2.0,0.064,66.35438974872594
2026-09-01 00:39:27.269575600+00:00,47.0182,21.0117,0.0,1,-3.1,0.105,73.59258962605244
2026-09-01 00:39:29.003369400+00:00,47.1692,21.246,0.0,1,-6.9,0.112,49.48735723498032
2026-09-01 00:39:29.423638300+00:00,47.169,21.2458,0.0,1,-6.1,0.134,49.51424348083118
2026-09-01 00:39:31.659233900+00:00,47.0495,21.106,0.0,1,-9.5,0.192,66.47940575814035
2026-09-01 00:39:31.663960400+00:00,47.0424,21.1047,0.0,1,3.8,0.116,67.1766710486977
2026-09-01 00:39:32.065324900+00:00,47.0878,21.0178,0.0,1,3.2,0.254,67.43031090011424
2026-09-01 00:39:32.793758200+00:00,47.2401,21.5309,0.0,1,23.7,0.191,33.21587468623587
2026-09-01 00:39:32.793891300+00:00,47.2406,21.5308,0.0,1,11.4,0.181,33.16326369632276
2026-09-01 00:39:32.910391100+00:00,47.2482,21.5225,0.0,1,-7.6,0.192,32.48518311427448
2026-09-01 00:39:33.216477600+00:00,47.241,21.5306,0.0,1,-6.0,0.141,33.123167537592074
2026-09-01 00:39:33.351418500+00:00,47.2477,21.5238,0.0,1,-13.0,0.149,32.51553898823459
2026-09-01 00:39:35.010397200+00:00,47.1401,22.4234,0.0,1,4.9,0.334,74.12148127612204
2026-09-01 00:39:39.143414100+00:00,47.1169,21.2565,0.0,1,-4.2,0.141,53.92090192354607
2026-09-01 00:39:47.273942900+00:00,47.1833,21.2836,0.0,1,3.9,0.169,46.58548523557875
2026-09-01 00:39:47.275659600+00:00,47.1896,21.2866,0.0,1,4.7,0.138,45.877101532769345
2026-09-01 00:39:47.278014100+00:00,47.1926,21.291,0.0,1,3.9,0.131,45.41489203727247
2026-09-01 00:39:47.306338400+00:00,47.1729,21.2368,0.0,1,4.3,0.357,49.5605469807281
2026-09-01 00:39:47.411780600+00:00,47.173,21.2405,0.0,1,6.6,0.112,49.38661705571197
2026-09-01 00:39:47.421205800+00:00,47.1737,21.2395,0.0,1,5.8,0.091,49.36822059981539
2026-09-01 00:39:47.471937300+00:00,47.1761,21.2311,0.0,1,-3.4,0.192,49.53164596336567
2026-09-01 00:39:47.556191400+00:00,47.2066,21.3884,0.0,1,5.5,0.187,40.369127475238486
2026-09-01 00:39:50.646083400+00:00,47.3293,21.717,0.0,1,-6.1,0.167,23.48488880850521
2026-09-01 00:39:50.747410600+00:00,47.3136,21.6919,0.0,1,-6.1,0.183,24.722893204997824
2026-09-01 00:39:50.847846300+00:00,47.0446,21.0771,0.0,1,-11.8,0.131,68.22408311319754
2026-09-01 00:39:50.926758700+00:00,47.3579,21.7753,0.0,1,-6.3,0.211,22.29178627015116
2026-09-01 00:39:52.829404200+00:00,47.3376,20.4609,0.0,1,2.1,0.114,90.34381224374846
2026-09-01 00:39:53.337797800+00:00,46.9163,20.9334,0.0,1,-3.8,0.105,86.17864715204868
2026-09-01 00:39:53.566745+00:00,46.9334,20.933,0.0,1,3.9,0.134,84.69046844934998
2026-09-01 00:39:53.587326600+00:00,46.9501,20.9558,0.0,1,-14.6,0.126,82.16182173910222
2026-09-01 00:39:53.588093100+00:00,46.8954,20.9661,4.9,2,-4.4,0.035,86.5936299983827
2026-09-01 00:39:53.589223700+00:00,46.9123,20.8999,0.0,1,-6.6,0.127,88.08834238043157
2026-09-01 00:39:53.593829100+00:00,46.915,20.8999,0.0,1,4.7,0.114,87.85297199549788
2026-09-01 00:39:53.594972500+00:00,46.9232,20.8752,0.0,1,-2.6,0.038,88.32802963556547
2026-09-01 00:39:53.889634500+00:00,46.951,20.956,0.0,1,-10.7,0.124,82.07350031651563
2026-09-01 00:39:53.899332200+00:00,46.9373,20.9264,0.0,1,-4.0,0.089,84.65967245589526
2026-09-01 00:39:53.976501600+00:00,46.9505,20.9563,0.0,1,-3.2,0.121,82.10341347688325
2026-09-01 00:39:54.024295900+00:00,46.9511,20.956,0.0,1,-13.1,0.113,82.06472458064974
2026-09-01 00:39:54.538725100+00:00,46.9675,21.0538,0.0,1,-3.8,0.108,76.2114176366472
2026-09-01 00:39:54.540841900+00:00,46.9919,21.1216,0.0,1,2.9,0.106,71.11725692976555
2026-09-01 00:39:54.560031500+00:00,46.9759,21.1549,0.0,1,3.9,0.151,71.33917822145811
2026-09-01 00:39:54.696264500+00:00,46.9802,21.1598,0.0,1,3.3,0.113,70.73955024094452
2026-09-01 00:39:54.708575100+00:00,46.9875,21.1231,0.0,1,-3.4,0.083,71.4711103253929
2026-09-01 00:39:55.881460+00:00,47.7533,20.6984,0.0,1,22.9,0.121,73.82820229269927
2026-09-01 00:40:02.497548700+00:00,47.2649,21.6185,0.0,1,-6.5,0.154,29.663082761171573
2026-09-01 00:40:04.608364400+00:00,47.0477,21.1218,0.0,1,-3.7,0.137,65.94526191858917
2026-09-01 00:40:09.048116100+00:00,47.0845,20.9952,0.0,1,-9.2,0.131,68.86824175421737
2026-09-01 00:40:09.049416500+00:00,46.984,21.026,0.0,1,-3.5,0.08,75.93946686312553
2026-09-01 00:40:09.382931700+00:00,46.7809,20.9835,0.0,1,-5.8,0.06,96.63041957412293
2026-09-01 00:40:09.439138700+00:00,46.7681,20.988,0.0,1,-13.4,0.123,97.69661731139158
2026-09-01 00:40:10.058902500+00:00,47.2588,21.0196,0.0,1,6.5,0.094,54.88648687086876
2026-09-01 00:40:10.095694500+00:00,47.2574,21.0199,0.0,1,-7.1,0.11,54.954390529491455
2026-09-01 00:40:10.151662500+00:00,47.222,21.0113,0.0,1,-8.3,0.122,57.762999310419694
2026-09-01 00:40:13.664086100+00:00,46.9057,20.8662,0.0,1,-3.8,0.141,90.26430591872807
2026-09-01 00:40:13.780026300+00:00,46.8483,20.7583,0.0,1,3.9,0.087,100.42211192300394
2026-09-01 00:40:13.781549400+00:00,46.8501,20.7452,0.0,1,3.7,0.116,100.92101585863927
2026-09-01 00:40:13.874488600+00:00,46.8492,20.748,0.0,1,-2.9,0.092,100.85705052569071
2026-09-01 00:40:13.918248100+00:00,46.8886,20.8135,0.0,1,-4.0,0.111,94.2895111462693
2026-09-01 00:40:13.927041200+00:00,46.8637,20.8106,0.0,1,2.6,0.066,96.55490853869699
2026-09-01 00:40:13.931396800+00:00,46.8676,20.7987,0.0,1,2.7,0.135,96.79925710470512
2026-09-01 00:40:13.952166200+00:00,46.8302,20.7184,0.0,1,-2.6,0.126,103.9283998404446
2026-09-01 00:40:14.001954500+00:00,46.7866,20.8547,0.0,1,-4.5,0.125,101.36369583723328
2026-09-01 00:40:14.092382400+00:00,46.9036,20.9531,0.0,1,5.4,0.15,86.42290469019865
2026-09-01 00:40:14.195743100+00:00,46.7858,20.9422,0.0,1,4.2,0.153,97.77672512509335
2026-09-01 00:40:14.225611300+00:00,46.9143,20.826,0.0,1,-3.7,0.144,91.50459261699578
2026-09-01 00:40:14.302525400+00:00,46.9141,21.0016,0.0,1,-3.7,0.077,83.34979291293355
2026-09-01 00:40:17.195302300+00:00,47.0297,21.0572,0.0,1,-13.5,0.127,70.45601814055851
2026-09-01 00:40:17.796958200+00:00,46.9157,20.9879,0.0,1,6.3,0.128,83.7947212839259
2026-09-01 00:40:18.232141700+00:00,46.9191,20.9831,0.0,1,3.1,0.102,83.69527384090715
2026-09-01 00:40:18.283952300+00:00,46.9184,20.9846,0.0,1,6.0,0.16,83.69307699823
2026-09-01 00:40:18.295602800+00:00,46.9192,20.9843,0.0,1,3.0,0.093,83.63355933484956
2026-09-01 00:40:19.973595500+00:00,47.2415,21.3127,0.0,1,3.7,0.182,40.018791498358624
2026-09-01 00:40:20.043603700+00:00,47.2394,21.2626,0.0,1,-8.7,0.136,42.538692025669974
2026-09-01 00:40:20.371559500+00:00,47.1941,21.3602,0.0,1,2.8,0.056,42.58028224343009
2026-09-01 00:40:20.704153900+00:00,47.0759,21.0922,0.0,1,-5.7,0.089,64.77277695373104
2026-09-01 00:40:20.738938100+00:00,47.0525,21.076,0.0,1,-11.4,0.147,67.57806400137514
2026-09-01 00:40:20.814665+00:00,47.0654,21.0409,0.0,1,-10.1,0.109,68.13721720358679
2026-09-01 00:40:20.980046800+00:00,47.03,21.0702,0.0,1,-4.0,0.091,69.83505461562635
2026-09-01 00:40:21.793707500+00:00,47.2366,21.5541,0.0,1,-4.4,0.178,33.26222853556371
2026-09-01 00:40:22.073527700+00:00,47.2385,21.5517,0.0,1,-12.2,0.175,33.084485122354884
2026-09-01 00:40:22.074121100+00:00,47.2451,21.5967,0.0,1,-8.2,0.118,31.940525293980564
2026-09-01 00:40:22.108972800+00:00,47.2369,21.5525,0.0,1,-4.7,0.157,33.24951922289564
2026-09-01 00:40:22.136441800+00:00,47.237,21.554,0.0,1,-3.6,0.13,33.21961253328991
2026-09-01 00:40:22.161449800+00:00,47.2386,21.5515,0.0,1,-10.0,0.173,33.076125061903745
2026-09-01 00:40:22.178805100+00:00,47.2377,21.5516,0.0,1,-3.7,0.208,33.173418344759504
2026-09-01 00:40:22.182723300+00:00,47.2373,21.552,0.0,1,-4.6,0.192,33.212085907114734
2026-09-01 00:40:22.249805+00:00,47.2374,21.5536,0.0,1,-6.4,0.144,33.18077258727402
2026-09-01 00:40:22.287185100+00:00,47.2378,21.5511,0.0,1,-8.1,0.182,33.168953304241604
2026-09-01 00:40:22.490215900+00:00,47.2378,21.5514,0.0,1,-7.8,0.154,33.16505433197363
2026-09-01 00:40:22.664423100+00:00,47.3187,21.7165,0.0,1,-4.8,0.145,24.606091406131682
2026-09-01 00:40:22.757285+00:00,47.2371,21.5522,0.0,1,-8.2,0.132,33.23143534468652
2026-09-01 00:40:26.538342600+00:00,46.6871,20.8196,0.0,1,3.3,0.133,112.04493225419297
2026-09-01 00:40:26.578000600+00:00,46.6984,20.8098,0.0,1,18.7,0.109,111.40049510414437
2026-09-01 00:40:28.576054200+00:00,47.2713,20.68,0.0,1,-2.0,0.1,76.94725202764042
2026-09-01 00:40:34.940247300+00:00,47.2985,21.1281,0.0,1,3.5,0.106,45.63645013422895
2026-09-01 00:40:35.073338800+00:00,47.2317,20.8764,0.0,1,16.5,0.093,65.63795875617657
2026-09-01 00:40:35.075341600+00:00,47.233,20.8785,0.0,1,-4.1,0.084,65.42775268126363
2026-09-01 00:40:35.341193100+00:00,47.2311,20.872,0.0,1,-4.2,0.145,65.9575630203699
2026-09-01 00:40:35.365024600+00:00,47.2661,20.922,0.0,1,-4.7,0.144,60.742170223108005
2026-09-01 00:40:35.370744300+00:00,47.2318,20.8749,0.0,1,-4.3,0.098,65.7295716511501
2026-09-01 00:40:35.393480500+00:00,47.2166,21.2023,0.0,1,-4.9,0.244,47.44526836501361
2026-09-01 00:40:41.410168900+00:00,47.036,21.0761,0.0,1,-10.3,0.126,69.03298707177825
2026-09-01 00:40:41.494162200+00:00,47.0141,20.9794,0.0,1,-10.0,0.129,75.50225275945135
2026-09-01 00:40:43.611964300+00:00,47.1688,22.4134,0.0,1,-4.0,0.446,71.65600779130293
2026-09-01 00:40:47.428376700+00:00,47.1968,21.3035,0.0,1,-14.7,0.145,44.50467612317989
2026-09-01 00:40:47.563941900+00:00,47.1682,21.3119,0.0,1,-9.1,0.142,46.87654893883985
2026-09-01 00:40:47.616676400+00:00,47.1962,21.3037,0.0,1,-11.8,0.161,44.5523331942529
2026-09-01 00:40:47.662990300+00:00,47.1961,21.3028,0.0,1,-4.3,0.162,44.59876418187985
2026-09-01 00:40:48.827759200+00:00,47.3032,21.6304,0.0,1,5.0,0.153,25.397992275865743
2026-09-01 00:40:48.829285900+00:00,47.3033,21.6222,0.0,1,-4.8,0.21,25.3887017156973
2026-09-01 00:40:48.838105800+00:00,47.3073,21.6204,0.0,1,3.6,0.188,24.94642426003189
2026-09-01 00:40:49.043730800+00:00,47.3154,21.4424,0.0,1,3.6,0.16,27.774701162619635
2026-09-01 00:40:49.268063100+00:00,47.3077,21.5813,0.0,1,7.5,0.877,25.135944603295652
2026-09-01 00:40:49.275534200+00:00,47.2849,21.5149,0.0,1,-14.7,0.226,28.706243156751835
2026-09-01 00:40:53.696434200+00:00,46.5306,21.74,0.0,1,-14.2,0.245,111.63334342667747
2026-09-01 00:40:53.856903200+00:00,46.5249,21.7836,0.0,1,-15.6,0.283,112.56498914640466
2026-09-01 00:40:53.858651+00:00,46.5639,21.7668,0.0,1,4.1,0.173,108.12113109976221
2026-09-01 00:40:54.013320+00:00,46.5396,21.737,0.0,1,-4.0,0.329,110.61817700303425
2026-09-01 00:40:54.016384+00:00,46.525,21.7601,0.0,1,-32.6,0.211,112.3804354698198
2026-09-01 00:40:54.057161100+00:00,46.5282,21.7574,0.0,1,-4.0,0.175,112.00782066132778
2026-09-01 00:40:54.058397300+00:00,46.544,21.6909,0.0,1,3.2,0.251,109.92181148891143
2026-09-01 00:40:54.136543800+00:00,46.5268,21.7611,0.0,1,-6.4,0.209,112.18790043729453
2026-09-01 00:40:54.161217300+00:00,46.5258,21.7622,0.0,1,-5.6,0.223,112.30620805878209
2026-09-01 00:40:54.219223100+00:00,46.5266,21.7611,0.0,1,-7.4,0.179,112.21005010233506
2026-09-01 00:40:55.865505200+00:00,47.0385,21.0297,0.0,1,-13.6,0.097,70.9801242277698
2026-09-01 00:40:55.928805900+00:00,47.0299,21.0777,0.0,1,-11.4,0.117,69.50502079591148
2026-09-01 00:40:56.210290200+00:00,47.053,21.1038,0.0,1,-16.4,0.129,66.2639351176021
2026-09-01 00:40:56.939674100+00:00,47.1102,20.6552,0.0,1,-10.7,0.093,86.97518762521034
2026-09-01 00:40:56.941129300+00:00,47.1148,20.6682,0.0,1,11.0,0.114,85.87151617655861
2026-09-01 00:40:56.955954800+00:00,47.1118,20.6603,0.0,1,8.2,0.033,86.55457341167238
2026-09-01 00:40:57.345274+00:00,47.0812,20.8326,0.0,1,4.2,0.107,78.09255945643758
2026-09-01 00:40:57.347061400+00:00,47.0806,20.83,0.0,1,8.0,0.127,78.28605273496447
2026-09-01 00:40:57.347741300+00:00,47.0841,20.8309,0.0,1,3.8,0.038,77.98353700400376
2026-09-01 00:40:57.353496100+00:00,47.0888,20.8306,0.0,1,3.5,0.102,77.66654585346635
2026-09-01 00:40:57.659770100+00:00,47.085,20.8693,0.0,1,-13.4,0.108,75.71082470189712
2026-09-01 00:40:57.660665200+00:00,47.0849,20.8686,0.0,1,-6.5,0.079,75.75800059460943
2026-09-01 00:40:57.802853500+00:00,47.064,20.8688,0.0,1,-14.4,0.093,77.29879600496997
2026-09-01 00:41:03.165197300+00:00,47.253,21.2048,0.0,1,-6.1,0.105,44.39805368554537
2026-09-01 00:41:03.259301100+00:00,47.1904,21.3052,0.0,1,6.0,0.112,45.033340269107406
2026-09-01 00:41:03.260766400+00:00,47.1909,21.3054,0.0,1,6.0,0.117,44.978326724499844
2026-09-01 00:41:03.263177800+00:00,47.1928,21.3059,0.0,1,4.4,0.151,44.77991920147968
2026-09-01 00:41:03.265267+00:00,47.1925,21.3048,0.0,1,2.9,0.2,44.8528380632532
2026-09-01 00:41:03.570297300+00:00,47.1895,21.3058,0.0,1,3.4,0.079,45.09350993446253
2026-09-01 00:41:03.630226700+00:00,47.1897,21.3063,0.0,1,5.0,0.169,45.054505500629475
2026-09-01 00:41:03.726692+00:00,47.19,21.3053,0.0,1,4.9,0.143,45.066813853114574
2026-09-01 00:41:04.100384+00:00,47.0026,21.0717,0.0,1,-9.4,0.105,72.23219818546244
2026-09-01 00:41:10.338179300+00:00,47.2704,21.0825,0.0,1,-11.0,0.246,50.247815492344465
2026-09-01 00:41:10.411630+00:00,47.2849,21.1207,0.0,1,-14.2,0.149,46.96678301850178
2026-09-01 00:41:10.504351500+00:00,47.2964,21.1304,0.0,1,-13.6,0.132,45.62816955293453
2026-09-01 00:41:10.551421500+00:00,47.2965,21.1314,0.0,1,-5.1,0.139,45.560122147778266
2026-09-01 00:41:10.651970200+00:00,47.2978,21.1296,0.0,1,-21.7,0.123,45.58814781168922
2026-09-01 00:41:10.729150200+00:00,47.2967,21.1313,0.0,1,-4.2,0.072,45.55347186378517
2026-09-01 00:41:12.068713800+00:00,47.3473,21.7466,0.0,1,-5.7,0.208,22.37132260325408
2026-09-01 00:41:12.252580400+00:00,47.222,21.4344,0.0,1,4.6,0.164,37.36469521890436
2026-09-01 00:41:12.468421600+00:00,47.2127,21.447,0.0,1,-6.3,0.199,37.970538484579436
2026-09-01 00:41:12.469627900+00:00,47.2237,21.4353,0.0,1,-6.0,0.145,37.16409874065067
2026-09-01 00:41:13.524304700+00:00,47.2292,20.8122,0.0,1,-3.5,0.114,69.97889773014455
2026-09-01 00:41:16.392185800+00:00,47.0755,21.0684,0.0,1,-14.1,0.122,65.93987024508482
2026-09-01 00:41:16.393117800+00:00,47.0696,21.0924,0.0,1,2.8,0.133,65.31441758464906
2026-09-01 00:41:16.458006100+00:00,47.0453,21.0925,0.0,1,-14.8,0.125,67.46130358455531
2026-09-01 00:41:16.459672200+00:00,47.0693,21.0903,0.0,1,8.1,0.136,65.43859806498851
2026-09-01 00:41:19.256583500+00:00,47.1771,21.2551,0.0,1,-4.1,0.055,48.37293194351808
2026-09-01 00:41:19.334819500+00:00,47.1793,21.2343,0.0,1,-4.5,0.152,49.101887303312274
2026-09-01 00:41:19.597016600+00:00,47.1797,21.2224,0.0,1,6.4,0.122,49.61232983758911
2026-09-01 00:41:19.982039400+00:00,46.53,21.7002,0.0,1,-10.8,0.241,111.5097895026139
2026-09-01 00:41:19.996380200+00:00,46.5124,21.6755,0.0,1,-8.9,0.316,113.38874474557568
2026-09-01 00:41:20.046641800+00:00,46.5199,21.6627,0.0,1,-14.4,0.149,112.52789959384995
2026-09-01 00:41:20.075054400+00:00,46.5468,21.7457,0.0,1,6.6,0.271,109.87167798691678
2026-09-01 00:41:20.075513100+00:00,46.5463,21.744,0.0,1,10.1,0.265,109.91665466194046
2026-09-01 00:41:20.076455900+00:00,46.5505,21.7522,0.0,1,11.2,0.262,109.50307765302736
2026-09-01 00:41:20.087185500+00:00,46.5118,21.7064,0.0,1,-6.7,0.229,113.5549851612077
2026-09-01 00:41:23.171708700+00:00,47.1266,22.4418,0.0,1,6.0,0.14,76.13267148515851
2026-09-01 00:41:24.717825500+00:00,46.9934,21.1341,0.0,1,-3.0,0.156,70.47363261043175
2026-09-01 00:41:24.739017500+00:00,46.9847,21.1534,0.0,1,5.6,0.132,70.54915332542276
2026-09-01 00:41:24.908340200+00:00,47.0817,21.0528,0.0,1,-4.1,0.177,66.17339843959097
2026-09-01 00:41:24.913134100+00:00,46.9849,21.1536,0.0,1,3.0,0.165,70.52229843852135
2026-09-01 00:41:25.177066500+00:00,46.9348,20.9835,0.0,1,-3.5,0.139,82.25884332904653
2026-09-01 00:41:25.211870800+00:00,46.995,21.1125,0.0,1,-3.0,0.157,71.1983385959377
2026-09-01 00:41:25.212987+00:00,46.9961,21.114,0.0,1,-8.8,0.119,71.03386557679734
2026-09-01 00:41:25.218813900+00:00,47.0594,21.0664,0.0,1,-6.5,0.135,67.42502247443065
2026-09-01 00:41:25.239545400+00:00,46.9239,20.9899,0.0,1,-7.2,0.147,82.96131747538661
2026-09-01 00:41:25.250678400+00:00,47.2466,21.5378,0.0,1,3.4,0.183,32.39886417779105
2026-09-01 00:41:25.370237200+00:00,46.9174,20.936,0.0,1,4.1,0.075,85.96187353942074
2026-09-01 00:41:25.449040700+00:00,47.3381,20.4669,0.0,1,-1.9,0.07,89.89192390456934
2026-09-01 00:41:25.547554900+00:00,46.9858,20.9481,0.0,1,-8.9,0.076,79.43851859465974
2026-09-01 00:41:25.656798200+00:00,47.234,21.5324,0.0,1,-18.6,0.145,33.854174195058704
2026-09-01 00:41:25.991238600+00:00,47.4093,20.408,0.0,1,-7.3,0.1,92.6504935347673
2026-09-01 00:41:26.008927200+00:00,47.7501,20.68,0.0,1,12.7,0.083,75.01501968470292
2026-09-01 00:41:26.009078800+00:00,47.7483,20.6839,0.0,1,-17.0,0.077,74.67497589319208
2026-09-01 00:41:26.018229800+00:00,47.7815,20.7182,0.0,1,-3.4,0.108,73.54095464838589
2026-09-01 00:41:26.040578200+00:00,47.3921,20.4095,0.0,1,2.1,0.087,92.85405352857929
2026-09-01 00:41:26.115532400+00:00,47.3946,20.4129,0.0,1,4.7,0.061,92.55376492379332
2026-09-01 00:41:26.286493400+00:00,47.4051,20.6193,0.0,1,-4.6,0.096,77.06282873340785
2026-09-01 00:41:26.296151100+00:00,47.4404,20.423,0.0,1,-1.9,0.084,91.05928834547397
2026-09-01 00:41:26.308357800+00:00,47.4063,20.3983,0.0,1,-5.1,0.044,93.42350173960037
2026-09-01 00:41:26.312254200+00:00,47.4024,20.3924,0.0,1,-3.3,0.075,93.930783267126
2026-09-01 00:41:26.315082+00:00,47.4147,20.3977,0.0,1,-2.7,0.054,93.32613160003783
2026-09-01 00:41:26.361602700+00:00,47.4095,20.5928,0.0,1,-3.3,0.091,78.93327326217513
2026-09-01 00:41:26.500552500+00:00,47.4547,20.4393,0.0,1,4.3,0.088,89.66458195184573
2026-09-01 00:41:26.505747900+00:00,46.9134,21.0108,0.0,1,7.4,0.13,83.02252846315001
2026-09-01 00:41:26.513466200+00:00,47.4616,20.4497,0.0,1,3.2,0.093,88.81051377283946
2026-09-01 00:41:26.516103400+00:00,46.8999,21.0617,0.0,1,-11.5,0.123,82.21134908371381
2026-09-01 00:41:26.579237200+00:00,47.4726,20.5033,0.0,1,4.0,0.101,84.68771973662034
2026-09-01 00:41:26.668019300+00:00,46.9168,21.0895,0.0,1,-7.0,0.222,79.51570052736356
2026-09-01 00:41:26.671010100+00:00,46.8896,21.021,0.0,1,-2.6,0.105,84.81383477503708
2026-09-01 00:41:26.679806300+00:00,46.8999,21.0625,0.0,1,4.1,0.091,82.17997033850817
2026-09-01 00:41:26.719741900+00:00,47.4267,20.4261,0.0,1,-19.3,0.159,91.02214287217343
2026-09-01 00:41:26.722300400+00:00,47.4787,20.4951,0.0,1,-23.8,0.096,85.24743265270415
2026-09-01 00:41:26.727766400+00:00,47.4394,20.4363,0.0,1,-3.0,0.071,90.07964532177672
2026-09-01 00:41:26.768776100+00:00,46.9341,21.094,0.0,1,10.3,0.163,77.68797833392044
2026-09-01 00:41:26.774427800+00:00,47.4033,20.2622,0.0,1,72.9,0.096,103.5984581666122
2026-09-01 00:41:26.794385+00:00,47.3746,20.236,0.0,1,-4.2,0.107,106.05600058875169
2026-09-01 00:41:27.043611400+00:00,46.8509,21.0695,0.0,1,4.8,0.149,86.63411211899606
2026-09-01 00:41:27.046417300+00:00,46.8499,21.0737,0.0,1,4.7,0.147,86.57769013861346
2026-09-01 00:41:27.096558500+00:00,46.8668,21.0752,0.0,1,34.7,0.165,84.87824702005531
2026-09-01 00:41:27.113632400+00:00,46.867,21.0683,0.0,1,5.1,0.209,85.11628129560472
2026-09-01 00:41:27.259305100+00:00,46.8656,21.0767,0.0,1,4.1,0.092,84.93915542319316
2026-09-01 00:41:27.302138+00:00,47.218,20.0691,0.0,1,-3.3,0.097,122.4037777924967
2026-09-01 00:41:30.743185+00:00,47.2485,21.1878,0.0,1,-10.4,0.119,45.66802734513359
2026-09-01 00:41:38.292916900+00:00,47.0336,21.0766,0.0,1,-12.7,0.122,69.22413486697334
2026-09-01 00:41:38.565430300+00:00,47.0453,21.049,0.0,1,-4.3,0.138,69.47280295920284
2026-09-01 00:41:40.296047200+00:00,47.2282,21.456,0.0,1,-6.4,0.159,36.11795511006522
2026-09-01 00:41:45.925304200+00:00,47.1455,22.4258,0.0,1,11.9,0.319,73.9150786883039
2026-09-01 00:41:47.926976100+00:00,46.9161,20.8688,0.0,1,10.9,0.118,89.24596110504521
2026-09-01 00:41:47.927465600+00:00,46.9291,20.8117,0.0,1,-3.8,0.105,90.99823597262103
2026-09-01 00:41:47.988199100+00:00,46.9103,20.8328,0.0,1,-7.8,0.124,91.50265887160832
2026-09-01 00:41:50.224816500+00:00,46.9848,21.081,0.0,1,-13.6,0.13,73.4607600493743
2026-09-01 00:41:51.361088900+00:00,47.3089,21.7154,0.0,1,-5.3,0.128,25.634857113929762
2026-09-01 00:41:51.375124100+00:00,47.3065,21.7124,0.0,1,-17.7,0.162,25.8359199912166
2026-09-01 00:41:51.413626900+00:00,47.2997,21.6579,0.0,1,-4.7,0.149,25.888690282535894
2026-09-01 00:41:51.449481100+00:00,47.2567,21.1596,0.0,1,-8.2,0.114,46.623802256546035
2026-09-01 00:41:51.504036600+00:00,47.246,21.1882,0.0,1,-3.5,0.137,45.838932742789844
2026-09-01 00:41:51.523973700+00:00,47.2602,21.1992,0.0,1,-16.4,0.143,44.14832164999334
2026-09-01 00:41:51.577132600+00:00,47.2597,21.2004,0.0,1,-24.1,0.132,44.12062869776727
2026-09-01 00:41:51.577387600+00:00,47.2525,21.1939,0.0,1,-10.7,0.093,45.02786736584136
2026-09-01 00:41:51.655574+00:00,47.2779,21.212,0.0,1,-9.3,0.145,42.103042664196096
2026-09-01 00:41:51.790629300+00:00,47.2582,21.1971,0.0,1,-16.8,0.123,44.41619147479504
2026-09-01 00:41:51.859251600+00:00,47.2579,21.1967,0.0,1,-8.4,0.117,44.46104195132419
2026-09-01 00:41:51.860672800+00:00,47.2388,21.297,0.0,1,4.1,0.091,40.9680277216558
2026-09-01 00:41:51.967123100+00:00,47.2587,21.1985,0.0,1,-25.9,0.143,44.301209140984824
2026-09-01 00:41:51.969678500+00:00,47.1727,21.2552,11.6,2,4.1,0.021,48.76878608120719
2026-09-01 00:41:52.063007+00:00,47.2579,21.1979,0.0,1,-9.8,0.12,44.395236739053594
2026-09-01 00:41:52.195145700+00:00,47.276,21.3643,0.0,1,3.7,0.1,34.634508938657476
2026-09-01 00:41:52.322912+00:00,47.2584,21.1986,0.0,1,-4.7,0.096,44.31865117234266
2026-09-01 00:41:55.955791300+00:00,47.2439,20.9668,0.0,1,-10.9,0.11,59.12586684874985
2026-09-01 00:41:55.961509100+00:00,47.2594,20.963,0.0,1,3.1,0.104,58.44966165326266
2026-09-01 00:41:55.963456900+00:00,47.2587,20.9653,0.0,1,3.5,0.119,58.342356147462006
2026-09-01 00:41:55.980937300+00:00,47.2407,20.9686,0.0,1,6.0,0.154,59.20685926271291
2026-09-01 00:41:56.251752200+00:00,47.2446,20.965,0.0,1,9.9,0.119,59.197596224184856
2026-09-01 00:41:56.266210600+00:00,47.2387,20.969,0.0,1,3.7,0.091,59.30426521035069
2026-09-01 00:42:00.080951700+00:00,47.1001,21.163,0.0,1,7.1,0.137,59.39029382596367
2026-09-01 00:42:00.324678300+00:00,46.9938,21.1143,0.0,1,5.3,0.115,71.23653601165901
2026-09-01 00:42:00.355137400+00:00,47.0274,21.0381,0.0,1,-3.4,0.144,71.54540813913164
2026-09-01 00:42:01.316885800+00:00,46.5341,21.8271,0.0,1,6.2,0.256,111.94568223878674
2026-09-01 00:42:01.401691400+00:00,47.4237,20.6621,0.0,1,1.8,0.074,73.52383916698857
2026-09-01 00:42:01.445976700+00:00,46.5199,21.8202,0.0,1,-15.5,0.232,113.4420194229473
2026-09-01 00:42:01.637674400+00:00,47.4911,20.6051,0.0,1,3.4,0.092,76.90472170938853
2026-09-01 00:42:01.725851600+00:00,47.4641,20.6323,0.0,1,-2.5,0.083,75.1250045232435
2026-09-01 00:42:01.729398600+00:00,47.4151,20.649,0.0,1,-2.1,0.139,74.66121324171544
2026-09-01 00:42:01.749876200+00:00,47.4292,20.6406,0.0,1,2.5,0.058,75.01934260806975
2026-09-01 00:42:01.813721500+00:00,47.5613,20.6484,0.0,1,-3.9,0.129,73.54573492083411
2026-09-01 00:42:01.830740600+00:00,47.5231,20.5972,0.0,1,-2.4,0.079,77.34826933766861
2026-09-01 00:42:01.925008300+00:00,47.5541,20.668,0.0,1,-12.0,0.088,72.0488853021667
2026-09-01 00:42:02.472046+00:00,47.6657,20.5491,0.0,1,-3.5,0.073,82.20736621509687
2026-09-01 00:42:03.028806600+00:00,46.3863,21.8406,0.0,1,3.6,0.238,128.37612264411655
2026-09-01 00:42:03.557001200+00:00,47.1936,21.3152,0.0,1,3.5,0.105,44.32963119301495
2026-09-01 00:42:03.557744700+00:00,47.1933,21.311,0.0,1,9.8,0.116,44.52639797758667
2026-09-01 00:42:03.559064900+00:00,47.1917,21.3081,0.0,1,4.4,0.07,44.79385092620212
2026-09-01 00:42:04.996934700+00:00,47.2375,21.534,0.0,1,3.3,0.156,33.44830459665334
2026-09-01 00:42:04.998068500+00:00,47.2375,21.5342,0.0,1,6.4,0.102,33.44514573468979
2026-09-01 00:42:04.999741200+00:00,47.2414,21.5336,11.1,2,5.3,0.03,33.030803257113135
2026-09-01 00:42:05.001752600+00:00,47.2433,21.5364,0.0,1,9.3,0.138,32.77975794975999
2026-09-01 00:42:05.020684800+00:00,47.0943,22.2765,0.0,1,-6.3,0.269,68.99113737659296
2026-09-01 00:42:05.021104900+00:00,47.0953,22.2823,0.0,1,-4.8,0.346,69.22370104561402
2026-09-01 00:42:05.023140900+00:00,47.0967,22.261,0.0,1,-6.7,0.222,67.97630659385435
2026-09-01 00:42:08.347427600+00:00,47.2884,21.1332,0.0,1,2.7,0.084,45.97553341637411
2026-09-01 00:42:08.812247600+00:00,47.2441,20.8617,0.0,1,-2.2,0.082,65.90806291964397
2026-09-01 00:42:08.815217200+00:00,47.2393,20.8674,0.0,1,-3.3,0.037,65.79742267714953
2026-09-01 00:42:08.816178300+00:00,47.2335,20.8626,0.0,1,-4.1,0.072,66.43403642955619
2026-09-01 00:42:09.065507800+00:00,47.2426,20.8624,0.0,1,-7.6,0.098,65.94381815971245
2026-09-01 00:42:12.422272500+00:00,47.3421,20.4629,0.0,1,3.4,0.076,90.07575050890503
2026-09-01 00:42:14.311431500+00:00,47.3621,21.7909,0.0,1,-4.6,0.155,22.50730914008596
2026-09-01 00:42:17.076693800+00:00,47.1595,21.2251,0.0,1,10.2,0.15,51.28541204002196
2026-09-01 00:42:18.136247700+00:00,47.2664,21.607,0.0,1,-3.8,0.196,29.528450649324157
2026-09-01 00:42:18.156560600+00:00,47.2575,21.5544,0.0,1,4.8,0.188,30.968565277728718
2026-09-01 00:42:18.529445200+00:00,46.5487,21.7312,0.0,1,-9.9,0.208,109.57668500307707
2026-09-01 00:42:20.693604+00:00,47.0179,21.0634,0.0,1,-16.1,0.105,71.22232177804044
2026-09-01 00:42:20.791089800+00:00,47.0387,21.0225,0.0,1,-2.6,0.115,71.30908992276358
2026-09-01 00:42:33.590615600+00:00,46.5485,21.7377,0.0,1,4.2,0.134,109.6353483934857
2026-09-01 00:42:34.021444700+00:00,46.7935,21.0201,0.0,1,15.7,0.122,94.03853876489626
2026-09-01 00:42:34.021741600+00:00,46.7938,21.0242,0.0,1,-3.9,0.123,93.85839813612837
2026-09-01 00:42:34.429229900+00:00,46.8113,20.9821,0.0,1,-13.5,0.138,93.77362580879482
2026-09-01 00:42:34.510301700+00:00,46.8113,20.9826,0.0,1,-8.4,0.125,93.75397541683736
2026-09-01 00:42:35.315679200+00:00,47.2278,21.2015,0.0,1,-7.7,0.105,46.57256495834318
2026-09-01 00:42:40.445813100+00:00,47.1229,22.4538,0.0,1,5.0,0.328,77.10724667251009
2026-09-01 00:42:40.786793600+00:00,47.1167,22.456,0.0,1,-12.2,0.301,77.65181015512056
2026-09-01 00:42:40.864934300+00:00,47.1159,22.4607,0.0,1,-6.6,0.245,77.99011264236479
2026-09-01 00:42:41.586456800+00:00,46.922,20.9253,0.0,1,10.2,0.122,86.0500335267197
2026-09-01 00:42:41.586870600+00:00,46.9213,20.926,0.0,1,-2.4,0.118,86.07904722485446
2026-09-01 00:42:41.599823900+00:00,46.924,20.9281,0.0,1,-23.8,0.122,85.74400294016775
2026-09-01 00:42:41.667782200+00:00,46.9128,20.9236,0.0,1,-24.5,0.124,86.93936249538487
2026-09-01 00:42:41.706639500+00:00,46.9163,20.9475,0.0,1,-23.2,0.128,85.53542305445634
2026-09-01 00:42:41.745112500+00:00,46.9368,20.886,0.0,1,-13.4,0.098,86.6415538573885
2026-09-01 00:42:41.746629400+00:00,46.9254,20.9339,0.0,1,-3.4,0.191,85.35162100957929
2026-09-01 00:42:42.048575600+00:00,46.9364,20.8904,0.0,1,-9.5,0.119,86.4615114075439
2026-09-01 00:42:42.089830300+00:00,46.9371,20.8903,0.0,1,-8.8,0.104,86.40657169080042
2026-09-01 00:42:42.193885+00:00,46.9369,20.8903,0.0,1,-15.8,0.109,86.42365394405354
2026-09-01 00:42:42.688064400+00:00,47.0451,21.0967,0.0,1,-8.8,0.091,67.29029841686722
2026-09-01 00:42:42.689662400+00:00,47.074,21.1573,0.0,1,2.9,0.12,62.00812556953022
2026-09-01 00:42:42.739869600+00:00,47.0789,21.0971,0.0,1,-10.5,0.089,64.28102180708544
2026-09-01 00:42:42.925865+00:00,47.0783,21.1572,0.0,1,-3.6,0.312,61.61989206708521
2026-09-01 00:42:42.959866900+00:00,47.0611,21.097,0.0,1,-4.7,0.117,65.85112192488116
2026-09-01 00:42:42.972061400+00:00,47.0118,21.0814,0.0,1,3.0,0.069,70.97228609498181
2026-09-01 00:42:43.002011700+00:00,47.0635,21.018,0.0,1,-6.8,0.075,69.4291656466837
2026-09-01 00:42:43.624000300+00:00,47.3138,21.7133,0.0,1,-9.4,0.187,25.067603486757996
2026-09-01 00:42:43.670516200+00:00,47.3343,21.736,0.0,1,-11.6,0.191,23.41279964782623
2026-09-01 00:42:43.707739800+00:00,47.3005,21.6835,0.0,1,-11.6,0.218,26.04274289630741
2026-09-01 00:42:47.832462400+00:00,46.7103,20.964,0.0,1,5.3,0.123,104.20505232528741
2026-09-01 00:42:47.927290700+00:00,46.7973,20.9116,0.0,1,2.5,0.13,97.95015011657513
2026-09-01 00:42:47.928413200+00:00,46.7048,20.9653,0.0,1,23.1,0.131,104.69557859576588
2026-09-01 00:42:47.985600100+00:00,46.8645,20.9487,0.0,1,3.1,0.146,90.17150291823161
2026-09-01 00:42:48.267939+00:00,46.777,20.8904,0.0,1,-3.1,0.116,100.72294265147504
2026-09-01 00:42:50.484484300+00:00,47.1593,21.232,0.0,1,-3.8,0.062,50.9980548305991
2026-09-01 00:42:50.602802800+00:00,47.1637,21.2212,0.0,1,-6.2,0.149,51.084100228803045
2026-09-01 00:42:50.903127400+00:00,47.1425,21.2132,0.0,1,-8.7,0.159,53.34459145043313
2026-09-01 00:42:51.145750800+00:00,46.9566,21.3096,0.0,1,3.3,0.22,68.28677848854672
2026-09-01 00:42:51.386616700+00:00,47.1642,21.2224,0.0,1,-23.4,0.147,50.98535973469616
2026-09-01 00:42:51.484642900+00:00,47.1639,21.2231,0.0,1,-7.4,0.126,50.98062549274239
2026-09-01 00:42:55.889356500+00:00,47.3084,21.6264,0.0,1,-5.2,0.187,24.81879999704594
2026-09-01 00:42:55.910450400+00:00,47.3138,21.6283,0.0,1,3.7,0.11,24.218371875542726
2026-09-01 00:42:56.115013800+00:00,47.2751,21.638,0.0,1,3.0,0.052,28.532864701228583
2026-09-01 00:42:56.240601900+00:00,47.3204,21.7087,0.0,1,-4.6,0.213,24.26959761046922
2026-09-01 00:42:56.367791100+00:00,47.2381,21.5283,0.0,1,-5.4,0.205,33.47599381022952
2026-09-01 00:42:56.522810300+00:00,47.3126,21.625,0.0,1,-3.5,0.193,24.35230370471463
2026-09-01 00:42:57.810016600+00:00,47.1381,22.4419,0.0,1,3.5,0.23,75.38404279766303
2026-09-01 00:43:03.990053200+00:00,47.3439,20.469,0.0,1,2.4,0.109,89.58147293854937
2026-09-01 00:43:04.149335+00:00,46.5342,21.6973,0.0,1,-6.0,0.25,111.03261890831412
2026-09-01 00:43:04.339105100+00:00,47.3424,20.4815,0.0,1,-5.7,0.094,88.70810244616426
2026-09-01 00:43:04.358069900+00:00,47.2546,21.2237,0.0,1,-14.6,0.144,43.26310586279831
2026-09-01 00:43:04.385131900+00:00,47.3407,20.483,0.0,1,-2.2,0.081,88.64493310577566
2026-09-01 00:43:05.385591100+00:00,47.0157,21.0454,0.0,1,-11.0,0.107,72.23635123770693
2026-09-01 00:43:07.155349800+00:00,47.2741,20.9099,0.0,1,-8.1,0.211,61.114304741859755
2026-09-01 00:43:07.387457800+00:00,47.3956,21.8703,0.0,1,-13.1,0.213,23.714664716033294
2026-09-01 00:43:07.504661100+00:00,47.3959,21.8708,0.0,1,-11.6,0.209,23.722357401866244
2026-09-01 00:43:07.543509100+00:00,47.3955,21.8709,0.0,1,-7.7,0.187,23.756521253126156
2026-09-01 00:43:07.600126100+00:00,47.3538,21.7723,0.0,1,3.3,0.097,22.57832785933576
2026-09-01 00:43:07.600818600+00:00,47.3956,21.8712,0.0,1,-19.9,0.214,23.766819579215248
2026-09-01 00:43:07.657436300+00:00,47.3955,21.8712,0.0,1,-11.5,0.215,23.773909738671158
2026-09-01 00:43:08.231054+00:00,47.2579,21.0344,0.0,1,2.5,0.062,54.018212468860796
2026-09-01 00:43:08.318694600+00:00,47.2804,21.0412,0.0,1,4.8,0.102,52.20813016778228
2026-09-01 00:43:11.082910600+00:00,46.9482,20.9894,0.0,1,-4.2,0.099,80.79164876376458
2026-09-01 00:43:13.579025600+00:00,46.9514,20.8506,0.0,1,4.6,0.105,87.17809661143764
2026-09-01 00:43:13.787326700+00:00,46.9129,20.8464,0.0,1,-18.1,0.099,90.61189349415358
2026-09-01 00:43:13.789480300+00:00,46.9497,20.8471,0.0,1,-4.8,0.085,87.49634438223559
2026-09-01 00:43:16.715918500+00:00,47.2123,21.367,0.0,1,7.0,0.14,40.55618385965518
2026-09-01 00:43:16.753530800+00:00,47.2005,21.3657,0.0,1,-6.5,0.127,41.75680350554388
2026-09-01 00:43:16.811524100+00:00,47.1788,21.2856,0.0,1,-8.4,0.156,46.92008843024396
2026-09-01 00:43:16.898015400+00:00,47.1941,21.3273,0.0,1,5.3,0.166,43.80548199724329
2026-09-01 00:43:17.347478800+00:00,47.1796,21.2867,0.0,1,-5.4,0.148,46.80015463755761
2026-09-01 00:43:17.355611300+00:00,47.1714,21.2124,0.0,1,3.6,0.177,50.80484596081694
2026-09-01 00:43:24.879729400+00:00,47.1501,22.4303,0.0,1,4.2,0.34,73.89440052003833
2026-09-01 00:43:24.939643200+00:00,47.1661,22.4349,0.0,1,-6.6,0.278,73.16795290453008
2026-09-01 00:43:24.960542900+00:00,47.125,22.428,0.0,1,-5.3,0.312,75.40388555022349
2026-09-01 00:43:25.274478400+00:00,46.9511,21.1705,0.0,1,-8.0,0.104,73.18239077725343
2026-09-01 00:43:26.206881+00:00,47.1086,21.1566,0.0,1,-7.6,0.109,58.916943525740045
2026-09-01 00:43:26.742625600+00:00,47.0727,21.1598,0.0,1,-7.1,0.045,62.01970577841811
2026-09-01 00:43:27.378983900+00:00,46.5359,21.7695,0.0,1,-11.8,0.226,111.23999063826764
2026-09-01 00:43:27.433752900+00:00,46.5559,21.7395,0.0,1,-16.0,0.226,108.82544782995765
2026-09-01 00:43:27.479668300+00:00,46.5358,21.7646,0.0,1,-7.5,0.166,111.21570369170513
2026-09-01 00:43:27.573830+00:00,46.5368,21.7653,0.0,1,-11.9,0.221,111.109968314357
2026-09-01 00:43:27.809770700+00:00,46.5366,21.7666,0.0,1,-16.6,0.225,111.14142446364127
2026-09-01 00:43:31.231078800+00:00,47.2473,21.2208,0.0,1,-3.9,0.074,43.9977261581219
2026-09-01 00:43:31.234072800+00:00,47.2477,21.2291,0.0,1,-3.0,0.131,43.53312248368301
2026-09-01 00:43:34.051563100+00:00,47.252,21.5875,0.0,1,5.1,0.117,31.234123422566494
2026-09-01 00:43:34.120700100+00:00,47.2652,21.6203,0.0,1,-5.2,0.145,29.627013608158176
2026-09-01 00:43:35.098699900+00:00,47.4816,20.576,3.8,2,-6.6,0.031,79.16091184074565
2026-09-01 00:43:36.097641700+00:00,47.2295,21.2485,0.0,1,-7.0,0.141,44.06650941299121
2026-09-01 00:43:46.538219100+00:00,47.2741,20.7627,0.0,1,2.3,0.115,71.09119192732842
2026-09-01 00:43:46.568649900+00:00,47.0476,21.0594,0.0,1,-5.5,0.151,68.78216700585217
2026-09-01 00:43:46.569286500+00:00,47.04,21.0455,0.0,1,-2.8,0.127,70.09880610061639
2026-09-01 00:43:46.588221+00:00,47.2394,20.7361,0.0,1,6.2,0.121,74.54724327204549
2026-09-01 00:43:47.177999400+00:00,47.0475,21.057,0.0,1,-8.4,0.143,68.90374313800974
2026-09-01 00:43:47.179280900+00:00,46.8959,20.9396,0.0,1,5.6,0.167,87.71821466276317
2026-09-01 00:43:47.905029+00:00,47.345,21.7654,0.0,1,3.2,0.198,23.203450287487758
2026-09-01 00:43:48.027614800+00:00,47.3353,21.8139,0.0,1,-7.6,0.186,25.9506953983903
2026-09-01 00:43:54.564180600+00:00,47.2248,21.4556,0.0,1,-8.1,0.137,36.4821492059025
2026-09-01 00:43:54.575403800+00:00,47.1794,21.3735,0.0,1,-7.3,0.176,43.58024636801741
2026-09-01 00:43:54.791071500+00:00,47.2067,21.4013,0.0,1,2.7,0.126,39.93556921804474
2026-09-01 00:43:54.883427300+00:00,47.2224,21.3289,0.0,1,3.4,0.15,41.07228050220776
2026-09-01 00:43:58.195489+00:00,47.4137,20.6304,0.0,1,4.5,0.109,76.0660072296438
2026-09-01 00:43:58.196308800+00:00,47.4135,20.6322,0.0,1,2.3,0.062,75.9367304694071
2026-09-01 00:43:58.250334400+00:00,47.4128,20.6216,0.0,1,2.9,0.105,76.73540151107883
2026-09-01 00:44:00.420740100+00:00,47.7517,20.6948,0.0,1,28.0,0.117,74.02447740063003
2026-09-01 00:44:02.114078+00:00,47.1204,21.2254,0.0,1,5.1,0.145,54.84689835664111
2026-09-01 00:44:02.115570800+00:00,47.119,21.2295,0.0,1,3.5,0.021,54.80730342282999
2026-09-01 00:44:02.357400500+00:00,47.1185,21.2217,0.0,1,5.1,0.123,55.17746468141952
2026-09-01 00:44:02.369804200+00:00,47.1186,21.2218,0.0,1,4.7,0.138,55.16401600139906
2026-09-01 00:44:02.371782600+00:00,47.1197,21.2191,0.0,1,2.9,0.155,55.17527068121352
2026-09-01 00:44:02.380935400+00:00,47.1185,21.2215,0.0,1,4.4,0.1,55.18581786558025
2026-09-01 00:44:02.423520900+00:00,47.119,21.2257,0.0,1,2.8,0.156,54.9645077674739
2026-09-01 00:44:03.441920300+00:00,47.2381,20.8486,0.0,1,-11.9,0.091,67.09706525035716
2026-09-01 00:44:03.744831900+00:00,47.2432,20.9345,0.0,1,-9.5,0.074,61.22596991377485
2026-09-01 00:44:06.568518500+00:00,46.7951,21.166,0.0,1,-20.8,0.13,89.01135724298284
2026-09-01 00:44:06.569322100+00:00,46.795,21.1705,0.0,1,4.0,0.149,88.88887769752834
2026-09-01 00:44:06.581303100+00:00,46.7954,21.1614,0.0,1,3.8,0.134,89.11750007592963
2026-09-01 00:44:06.877382200+00:00,46.7668,21.0723,0.0,1,-3.7,0.151,94.83422008083286
2026-09-01 00:44:06.896114200+00:00,46.786,21.0846,0.0,1,3.1,0.112,92.5049056042351
2026-09-01 00:44:07.241139300+00:00,46.8343,21.0546,0.0,1,6.6,0.076,88.7978213692616
2026-09-01 00:44:08.467514200+00:00,47.2709,21.183,0.0,1,-8.6,0.091,44.25521493840155
2026-09-01 00:44:08.563368100+00:00,47.2638,21.2043,0.0,1,-11.1,0.121,43.59371829701621
2026-09-01 00:44:10.059140800+00:00,46.5158,21.7042,0.0,1,-8.9,0.224,113.10210029662805
2026-09-01 00:44:10.071412900+00:00,46.5528,21.7487,0.0,1,-27.3,0.277,109.22561752392188
2026-09-01 00:44:10.089957700+00:00,46.5511,21.7549,0.0,1,-18.9,0.199,109.4544878331687
2026-09-01 00:44:10.098910300+00:00,46.5503,21.7555,0.0,1,-6.2,0.195,109.54712473570554
2026-09-01 00:44:10.109553100+00:00,46.5384,21.6969,0.0,1,-11.4,0.196,110.56467574934297
2026-09-01 00:44:10.155788300+00:00,46.5449,21.7364,0.0,1,-3.3,0.183,110.0270629819456
2026-09-01 00:44:10.367750300+00:00,46.5507,21.7551,0.0,1,-18.7,0.227,109.5001343188113
2026-09-01 00:44:10.415471400+00:00,46.5524,21.7521,0.0,1,-10.9,0.201,109.29192906964865
2026-09-01 00:44:10.925720100+00:00,46.4499,21.2168,0.0,1,4.4,0.185,124.24356438781717
2026-09-01 00:44:10.931907600+00:00,46.4577,21.2241,0.0,1,3.6,0.192,123.26504517775895
2026-09-01 00:44:11.048615100+00:00,46.5315,21.1668,0.0,1,-25.7,0.169,116.55360402169336
2026-09-01 00:44:11.467574300+00:00,47.1818,21.3971,0.0,1,-9.6,0.116,42.586129671434634
2026-09-01 00:44:11.557273800+00:00,47.1866,21.4069,0.0,1,-15.4,0.129,41.800262977018036
2026-09-01 00:44:11.625728500+00:00,47.1816,21.3979,0.0,1,-4.3,0.114,42.58196606964824
2026-09-01 00:44:11.628505500+00:00,47.1924,21.3814,0.0,1,6.0,0.141,42.01928908582879
2026-09-01 00:44:11.832046100+00:00,47.2749,21.3966,0.0,1,-4.3,0.2,33.40961657541721
2026-09-01 00:44:11.833398800+00:00,47.2338,21.3613,0.0,1,6.0,0.114,38.69893561781802
2026-09-01 00:44:11.834411800+00:00,47.2352,21.3619,0.0,1,15.1,0.125,38.54223768070813
2026-09-01 00:44:11.835551100+00:00,47.2436,21.3518,0.0,1,6.6,0.172,38.1537226850801
2026-09-01 00:44:11.836093400+00:00,47.2328,21.3661,8.1,2,15.6,0.09,38.608897960955
2026-09-01 00:44:11.838667500+00:00,47.2517,21.3657,0.0,1,3.2,0.175,36.83015125750437
2026-09-01 00:44:11.840153500+00:00,47.2284,21.3654,0.0,1,7.4,0.087,39.05772134889645
2026-09-01 00:44:11.850140500+00:00,47.2512,21.3477,0.0,1,-2.9,0.097,37.61820890909083
2026-09-01 00:44:11.870569400+00:00,47.2839,21.403,0.0,1,-3.5,0.559,32.30373147220348
2026-09-01 00:44:12.262962200+00:00,47.2507,21.542,0.0,1,16.5,0.133,31.88785139182844
2026-09-01 00:44:12.368616100+00:00,47.2638,21.5705,0.0,1,-4.9,0.07,30.083333629960006
2026-09-01 00:44:12.371402400+00:00,47.2645,21.564,0.0,1,-3.5,0.104,30.07988869402111
2026-09-01 00:44:12.418039900+00:00,47.2975,21.5884,0.0,1,-4.2,0.16,26.194776936952127
2026-09-01 00:44:13.792876100+00:00,46.6745,20.6724,0.0,1,49.6,0.119,119.60863398160588
2026-09-01 00:44:13.803699600+00:00,46.6758,20.6732,0.0,1,4.7,0.113,119.45634703628345
2026-09-01 00:44:13.839096100+00:00,46.6693,20.6904,0.0,1,-2.8,0.134,119.25687939842365
2026-09-01 00:44:16.448402+00:00,46.9676,21.2579,0.0,1,-3.7,0.139,68.63254983502186
2026-09-01 00:44:18.518762900+00:00,47.3539,21.8569,0.0,1,-10.3,0.205,26.240703298889144
2026-09-01 00:44:22.299535800+00:00,47.3712,20.6612,0.0,1,-7.4,0.548,74.7996770266854
2026-09-01 00:44:22.302533700+00:00,47.4147,20.6122,0.0,1,-1.8,0.091,77.39433566036564
2026-09-01 00:44:22.309052600+00:00,47.4155,20.6115,0.0,1,-2.6,0.021,77.43074704756769
2026-09-01 00:44:22.604550200+00:00,47.0865,22.2609,0.0,1,-18.2,0.329,68.78574077199166
2026-09-01 00:44:22.814362300+00:00,47.0857,22.2666,0.0,1,5.4,0.268,69.1488855862916
2026-09-01 00:44:22.900400400+00:00,47.0857,22.2671,0.0,1,4.2,0.288,69.17516730370711
2026-09-01 00:44:23.055255800+00:00,47.4517,20.6347,0.0,1,-4.2,0.069,75.10496502593087
2026-09-01 00:44:24.840758600+00:00,46.7915,21.102,0.0,1,-9.8,0.126,91.3768843771517
2026-09-01 00:44:25.977007+00:00,46.9406,21.0418,0.0,1,4.8,0.126,79.19965007276667
2026-09-01 00:44:25.977628600+00:00,46.9606,21.0261,0.0,1,-7.1,0.131,78.04268199267555
2026-09-01 00:44:30.042371100+00:00,47.1434,22.4247,0.0,1,-3.6,0.185,73.9845868052246
2026-09-01 00:44:30.314554600+00:00,47.1425,22.4215,0.0,1,-5.8,0.344,73.84788656611485
2026-09-01 00:44:31.310524300+00:00,46.5395,21.6935,0.0,1,-26.3,0.224,110.430493618293
2026-09-01 00:44:31.471282200+00:00,46.5565,21.7738,0.0,1,-11.3,0.263,108.99286972312142
2026-09-01 00:44:33.880699400+00:00,47.023,21.0418,0.0,1,3.2,0.124,71.75843277974927
2026-09-01 00:44:33.881274200+00:00,47.0232,21.0388,0.0,1,-4.5,0.149,71.88041542136449
2026-09-01 00:44:34.223076900+00:00,46.984,21.0088,0.0,1,-7.3,0.118,76.72216529268344
2026-09-01 00:44:38.971554900+00:00,47.1193,21.2042,0.0,1,5.8,0.144,55.84583832883894
2026-09-01 00:44:38.971679600+00:00,47.1188,21.2061,0.0,1,-3.5,0.072,55.809991701136504
2026-09-01 00:44:39.294873100+00:00,47.119,21.1343,0.0,1,-4.7,0.158,59.03891403466581
2026-09-01 00:44:39.428576900+00:00,47.0545,21.1992,0.0,1,-4.3,0.109,62.10313275402858
2026-09-01 00:44:40.510540700+00:00,46.5313,21.8303,0.0,1,-13.4,0.248,112.28719766627222
2026-09-01 00:44:40.511467+00:00,46.5333,21.8264,0.0,1,-4.4,0.324,112.02667909427211
2026-09-01 00:44:41.918780100+00:00,47.2398,20.7333,0.0,1,-4.1,0.084,74.71746572401736
2026-09-01 00:44:50.443508200+00:00,47.0417,21.0774,0.0,1,-9.9,0.117,68.46729182849073
2026-09-01 00:44:50.449030800+00:00,47.1388,21.4528,13.3,2,-4.1,0.145,45.61391898705277
2026-09-01 00:44:50.483635100+00:00,47.2018,21.3458,0.0,1,3.7,0.15,42.35916042961442
2026-09-01 00:44:50.542983100+00:00,47.0235,21.0553,0.0,1,-12.9,0.141,71.09177560307707
2026-09-01 00:44:50.606761400+00:00,47.2063,21.3693,0.0,1,-16.0,0.165,41.05979704269797
2026-09-01 00:44:50.612818200+00:00,47.2111,21.3892,0.0,1,-3.4,0.186,39.8943565253243
2026-09-01 00:44:50.737640100+00:00,46.8038,21.0223,0.0,1,-12.2,0.139,92.95653006234953
2026-09-01 00:44:50.931785600+00:00,47.2244,21.4594,0.0,1,-4.8,0.162,36.423464388091254
2026-09-01 00:44:50.965760400+00:00,47.2226,21.4897,0.0,1,-4.1,0.091,35.887403360680764
2026-09-01 00:44:51.092041+00:00,47.2446,21.4543,0.0,1,-13.5,0.167,34.46816047411531
2026-09-01 00:44:51.484685800+00:00,47.2447,21.4549,0.0,1,-22.9,0.169,34.4408141480223
2026-09-01 00:44:51.555454100+00:00,47.2447,21.4546,0.0,1,-22.1,0.147,34.44933117632535
2026-09-01 00:44:51.634285200+00:00,47.3172,21.6497,0.0,1,-4.0,0.076,23.899676005448473
2026-09-01 00:44:51.635152200+00:00,47.2447,21.4548,0.0,1,-12.0,0.141,34.443651746070486
2026-09-01 00:44:51.938823600+00:00,47.2445,21.4547,0.0,1,-16.0,0.146,34.46709716199105
2026-09-01 00:44:52.056932900+00:00,47.2447,21.4545,0.0,1,-9.6,0.131,34.452173007834034
2026-09-01 00:44:52.627484700+00:00,47.4195,20.6569,0.0,1,-5.8,0.097,73.98953910243878
2026-09-01 00:44:52.635811500+00:00,47.4361,20.6651,0.0,1,-3.8,0.133,73.07995457849461
2026-09-01 00:44:52.712444800+00:00,47.4266,20.6804,0.0,1,5.1,0.07,72.11248380589669
2026-09-01 00:44:55.449894+00:00,46.9471,20.9942,0.0,1,-4.2,0.154,80.6749866213172
2026-09-01 00:44:55.493349+00:00,46.9131,20.9956,0.0,1,-4.5,0.116,83.69907928637139
2026-09-01 00:44:55.740445300+00:00,46.9452,20.9962,0.0,1,-2.9,0.133,80.75661989459056
2026-09-01 00:44:55.866261700+00:00,46.9474,20.9932,0.0,1,-3.2,0.063,80.69279676677635
2026-09-01 00:44:57.049933700+00:00,47.541,20.95,0.0,1,19.4,0.141,50.85566053293093
2026-09-01 00:44:57.098520500+00:00,47.5413,20.9548,0.0,1,-5.2,0.112,50.49596051420438
2026-09-01 00:45:00.149848100+00:00,47.2523,21.5871,0.0,1,-8.9,0.133,31.20382380010466
2026-09-01 00:45:00.150248800+00:00,47.242,21.5599,0.0,1,-3.9,0.116,32.59936739917994
2026-09-01 00:45:00.162158800+00:00,47.2533,21.5839,0.0,1,-2.6,0.126,31.117518969029554
2026-09-01 00:45:00.288960500+00:00,47.251,21.5887,0.0,1,-3.1,0.075,31.336304875401943
2026-09-01 00:45:00.876183700+00:00,47.2612,21.207,0.0,1,15.0,0.121,43.644745669959676
2026-09-01 00:45:00.876551900+00:00,47.2612,21.2034,0.0,1,-8.8,0.099,43.84155671949593
2026-09-01 00:45:00.991271200+00:00,47.2749,21.1638,0.0,1,-14.0,0.102,45.072981469565704
2026-09-01 00:45:00.995591600+00:00,47.2582,21.1953,0.0,1,-4.4,0.155,44.5150678015586
2026-09-01 00:45:01.053221+00:00,47.2626,21.2051,0.0,1,-2.6,0.147,43.64136991132191
2026-09-01 00:45:01.059736600+00:00,47.24,21.2485,0.0,1,-3.3,0.05,43.18122935717883
2026-09-01 00:45:01.070650100+00:00,47.2564,21.2156,0.0,1,-14.3,0.136,43.552193385076485
2026-09-01 00:45:01.167068900+00:00,47.2565,21.2154,0.0,1,-21.2,0.12,43.55507589191947
2026-09-01 00:45:01.168070300+00:00,47.3008,21.1761,0.0,1,-14.6,0.115,42.557821115835836
2026-09-01 00:45:01.276657600+00:00,47.2561,21.2168,0.0,1,-32.7,0.139,43.51150780867621
2026-09-01 00:45:01.348376400+00:00,47.2561,21.2171,0.0,1,-10.5,0.131,43.49547405214009
2026-09-01 00:45:01.401560400+00:00,47.2557,21.2185,0.0,1,-4.2,0.145,43.45220082688669
2026-09-01 00:45:01.488734200+00:00,47.2563,21.2169,0.0,1,-21.6,0.141,43.49046469961656
2026-09-01 00:45:01.489204700+00:00,47.2051,21.2747,0.0,1,-8.5,0.114,44.979904300919586
2026-09-01 00:45:01.538065300+00:00,47.256,21.219,0.0,1,-4.7,0.122,43.40193338947203
2026-09-01 00:45:05.667778+00:00,47.3436,20.4781,0.0,1,4.3,0.07,88.92412384322122
2026-09-01 00:45:05.673435600+00:00,47.3437,20.4781,0.0,1,-10.6,0.083,88.92143083121574
2026-09-01 00:45:05.982080300+00:00,47.3559,20.462,0.0,1,-6.1,0.163,89.7840635547058
2026-09-01 00:45:06.006700+00:00,47.3329,20.4591,0.0,1,8.3,0.083,90.60511040949686
2026-09-01 00:45:06.008256+00:00,47.396,20.4304,0.0,1,-5.0,0.139,91.22940466837748
2026-09-01 00:45:06.042993500+00:00,47.4052,20.4397,0.0,1,37.0,0.104,90.3675567071339
2026-09-01 00:45:06.084775800+00:00,47.3979,20.4304,0.0,1,-11.3,0.107,91.19312313373926
2026-09-01 00:45:06.209937+00:00,47.3012,20.3982,0.0,1,-3.2,0.11,95.96145049306311
2026-09-01 00:45:06.375514+00:00,47.2984,20.3626,0.0,1,-4.4,0.098,98.62917061927831
2026-09-01 00:45:11.958221400+00:00,47.1324,22.4635,0.0,1,-5.3,0.175,77.08133671606463
2026-09-01 00:45:11.966575200+00:00,47.1453,22.436,0.0,1,-8.5,0.178,74.55496372273326
2026-09-01 00:45:11.995014+00:00,47.1199,22.4618,0.0,1,-24.8,0.353,77.7924263319227
2026-09-01 00:45:12.038117900+00:00,47.1192,22.4314,0.0,1,-10.2,0.284,75.99916067682231
2026-09-01 00:45:12.065130100+00:00,47.118,22.4233,0.0,1,-14.4,0.275,75.5948614940371
2026-09-01 00:45:13.480551700+00:00,46.9522,21.1794,0.0,1,14.2,0.134,72.75972878416637
2026-09-01 00:45:14.046022+00:00,47.0225,21.1048,0.0,1,3.4,0.129,68.98059802341393
2026-09-01 00:45:14.071945100+00:00,47.0162,21.1153,0.0,1,-17.3,0.137,69.1121197974236
2026-09-01 00:45:14.147244500+00:00,47.0538,21.1335,0.0,1,-5.0,0.116,64.88125571489607
2026-09-01 00:45:14.269771+00:00,47.0538,21.1064,0.0,1,-8.2,0.126,66.07556867417001
2026-09-01 00:45:14.285546200+00:00,47.0537,21.1391,0.0,1,-3.0,0.151,64.6489253146523
2026-09-01 00:45:14.385092300+00:00,47.0027,21.2808,10.1,2,5.2,0.371,64.36050897350358
2026-09-01 00:45:14.565075600+00:00,47.2588,20.719,0.0,1,49.6,0.101,74.79610365152136
2026-09-01 00:45:14.590465300+00:00,47.2661,20.7275,0.0,1,4.9,0.079,73.87937263138633
2026-09-01 00:45:14.591062100+00:00,47.2733,20.7197,0.0,1,2.3,0.116,74.09965065439775
2026-09-01 00:45:14.644641+00:00,47.1746,20.6837,0.0,1,-2.6,0.057,81.41581584561601
2026-09-01 00:45:14.655307900+00:00,47.1253,20.6426,4.8,2,-3.7,0.039,86.88306851808179
2026-09-01 00:45:14.657806900+00:00,47.1125,20.6455,0.0,1,-2.7,0.091,87.45413797584158
2026-09-01 00:45:14.663218+00:00,47.1067,20.668,0.0,1,2.8,0.106,86.37818941970245
2026-09-01 00:45:14.722490200+00:00,47.0931,20.8815,0.0,1,2.6,0.106,74.4225524951285
2026-09-01 00:45:23.193986100+00:00,47.1616,21.3544,0.0,1,-15.4,0.343,45.993570660866446
2026-09-01 00:45:23.579871200+00:00,47.1758,21.3741,0.0,1,-4.0,0.161,43.92095870416602
2026-09-01 00:45:27.484456100+00:00,47.2461,20.8399,0.0,1,-2.8,0.124,67.2416498679819
2026-09-01 00:45:27.866420+00:00,47.4526,20.6414,0.0,1,-2.3,0.126,74.5926536902329
2026-09-01 00:45:27.939876400+00:00,47.4539,20.6397,0.0,1,5.4,0.059,74.70172289929215
2026-09-01 00:45:31.408493100+00:00,47.0158,21.0393,0.0,1,-2.6,0.14,72.50813737393032
2026-09-01 00:45:31.426234200+00:00,47.0163,21.0364,0.0,1,-2.7,0.112,72.59818199697025
2026-09-01 00:45:31.441865900+00:00,47.0253,21.0283,0.0,1,-5.9,0.139,72.18951713605426
2026-09-01 00:45:31.479227900+00:00,47.0552,21.0069,0.0,1,-3.9,0.109,70.67743714705774
2026-09-01 00:45:31.506157+00:00,46.9922,21.2231,0.0,1,5.1,0.138,67.28859209641155
2026-09-01 00:45:31.763299200+00:00,47.0176,21.041,0.0,1,-3.9,0.129,72.27089525733791
2026-09-01 00:45:34.693840200+00:00,47.3241,21.6467,0.0,1,6.0,0.146,23.119053899584674
2026-09-01 00:45:34.694674800+00:00,47.3235,21.6444,0.0,1,4.9,0.11,23.175391648416465
2026-09-01 00:45:34.695724500+00:00,47.3233,21.6418,0.0,1,3.0,0.128,23.187573131440246
2026-09-01 00:45:34.696408300+00:00,47.3259,21.6357,0.0,1,4.2,0.105,22.881522874198502
2026-09-01 00:45:34.696985+00:00,47.3241,21.6336,0.0,1,4.3,0.143,23.077813914517083
2026-09-01 00:45:42.976610100+00:00,46.947,21.04,0.0,1,-3.6,0.085,78.68515896705019
2026-09-01 00:45:42.977072+00:00,46.9459,21.042,0.0,1,-2.7,0.151,78.70162532448532
2026-09-01 00:45:43.122912400+00:00,46.9483,21.0029,0.0,1,-10.0,0.104,80.17934202550862
2026-09-01 00:45:46.684362200+00:00,47.2877,21.1453,0.0,1,-3.1,0.108,45.28910282267239
2026-09-01 00:45:46.794690700+00:00,47.2816,21.1398,0.0,1,-11.5,0.084,46.0293843080032
2026-09-01 00:45:47.362936200+00:00,47.282,21.1402,0.0,1,-15.0,0.081,45.97842279190128
2026-09-01 00:45:47.363765400+00:00,47.1934,21.3019,0.0,1,-5.5,0.144,44.88751343471117
2026-09-01 00:45:47.454525800+00:00,47.2823,21.1405,0.0,1,-15.0,0.09,45.94020599769993
2026-09-01 00:45:47.991950600+00:00,46.5323,21.7101,0.0,1,4.7,0.228,111.29413034693168
2026-09-01 00:45:48.150017400+00:00,47.2015,21.4099,0.0,1,4.1,0.149,40.19157165433941
2026-09-01 00:45:48.385327400+00:00,47.2146,21.4483,0.0,1,-9.8,0.096,37.738148202006485
2026-09-01 00:45:51.016160300+00:00,47.252,21.5681,0.0,1,-10.3,0.05,31.407859807854596
2026-09-01 00:45:51.018321900+00:00,47.2503,21.5751,0.0,1,-8.5,0.21,31.52499189839877
2026-09-01 00:45:51.019580900+00:00,47.2488,21.5736,0.0,1,8.0,0.131,31.704696840645376
2026-09-01 00:45:51.201773600+00:00,47.2514,21.5721,0.0,1,2.6,0.165,31.432686198324618
2026-09-01 00:45:51.502711100+00:00,47.2413,21.6321,0.0,1,4.0,0.192,32.28190982405838
2026-09-01 00:45:58.227695100+00:00,46.9607,21.1623,0.0,1,-6.3,0.125,72.5385942071739
2026-09-01 00:46:02.270345100+00:00,47.2603,21.01,0.0,1,2.3,0.103,55.39858775458348
2026-09-01 00:46:02.462412+00:00,47.2526,21.0401,0.0,1,-4.0,0.102,54.00250113043997
2026-09-01 00:46:02.546252400+00:00,47.2364,20.9441,0.0,1,3.3,0.094,61.01772311468895
2026-09-01 00:46:04.666196900+00:00,47.1636,21.2382,0.0,1,7.6,0.128,50.336532285445884
2026-09-01 00:46:04.788213700+00:00,47.1831,21.241,0.0,1,-8.1,0.106,48.46009249593662
2026-09-01 00:46:11.318302+00:00,47.2036,21.3787,0.0,1,-9.4,0.075,40.996666845444906
2026-09-01 00:46:13.354978100+00:00,46.7989,21.1054,0.0,1,4.6,0.116,90.52300322222284
2026-09-01 00:46:13.356239700+00:00,46.8002,21.108,0.0,1,-4.9,0.291,90.30709994614013
2026-09-01 00:46:13.983845200+00:00,46.8689,20.9909,0.0,1,2.6,0.044,87.986445543171
2026-09-01 00:46:14.012109300+00:00,46.9015,21.0074,0.0,1,-6.3,0.093,84.26666191158574
2026-09-01 00:46:14.038581600+00:00,46.8676,20.9244,0.0,1,4.1,0.12,90.94687338549329
2026-09-01 00:46:14.219523500+00:00,46.9404,20.832,0.0,1,-4.9,0.062,89.0320498467833
2026-09-01 00:46:14.369687300+00:00,47.0353,21.1221,0.0,1,4.2,0.063,67.06469223982775
2026-09-01 00:46:14.372028600+00:00,47.0349,21.1226,0.0,1,-6.8,0.132,67.0799666226282
2026-09-01 00:46:14.373247700+00:00,47.0321,21.1303,0.0,1,7.3,0.225,67.01043780375346
2026-09-01 00:46:14.374251300+00:00,47.0327,21.1299,0.0,1,8.9,0.149,66.97193042293841
2026-09-01 00:46:14.374927200+00:00,47.0313,21.129,0.0,1,10.6,0.133,67.13919711117613
2026-09-01 00:46:14.378164600+00:00,47.0269,21.1328,0.0,1,2.5,0.2,67.38690479383739
2026-09-01 00:46:14.501997600+00:00,47.0239,21.0967,0.0,1,4.9,0.119,69.20422997702579
2026-09-01 00:46:14.506215800+00:00,47.0188,21.0904,0.0,1,3.6,0.117,69.94287798773097
2026-09-01 00:46:14.512084800+00:00,47.0253,21.0921,0.0,1,3.4,0.141,69.27864748733418
2026-09-01 00:46:14.514300200+00:00,47.0412,21.0914,0.0,1,5.2,0.125,67.87757950343509
2026-09-01 00:46:16.852931500+00:00,47.2709,21.6157,0.0,1,34.4,0.127,29.001661318789242
2026-09-01 00:46:17.240586500+00:00,47.3043,21.708,0.0,1,4.6,0.132,25.99370394496564
2026-09-01 00:46:17.256767500+00:00,47.2462,21.5739,0.0,1,10.4,0.124,31.988631787554578
2026-09-01 00:46:17.257081600+00:00,47.2458,21.5763,4.7,2,-4.0,0.037,32.010587381594355
2026-09-01 00:46:17.390625900+00:00,47.2743,21.6326,0.0,1,-5.6,0.09,28.61323505627001
2026-09-01 00:46:17.392167700+00:00,47.3296,21.7766,0.0,1,-6.6,0.214,25.11251226757281
2026-09-01 00:46:18.870266200+00:00,47.4255,20.6316,0.0,1,-4.0,0.087,75.75349938519345
2026-09-01 00:46:18.870663+00:00,47.4265,20.6302,0.0,1,-2.3,0.078,75.83951138573462
2026-09-01 00:46:19.058479100+00:00,47.4216,20.6649,0.0,1,-8.9,0.044,73.35623825691343
2026-09-01 00:46:19.146553600+00:00,47.4013,20.5742,0.0,1,-3.0,0.064,80.47604765640227
2026-09-01 00:46:20.856997800+00:00,47.1342,22.4708,0.0,1,-4.4,0.286,77.41643516803056
2026-09-01 00:46:20.858069200+00:00,47.1349,22.4616,0.0,1,10.0,0.98,76.80311625616706
2026-09-01 00:46:22.510726400+00:00,46.5592,21.7375,0.0,1,-3.4,0.234,108.4478375597144
2026-09-01 00:46:22.665298200+00:00,46.5455,21.7706,0.0,1,-4.3,0.268,110.18567805874437
2026-09-01 00:46:28.339158+00:00,47.2839,20.6786,0.0,1,3.9,0.071,76.52161796547283
2026-09-01 00:46:29.311752300+00:00,47.1998,21.4083,0.0,1,4.9,0.134,40.41341669422219
2026-09-01 00:46:29.344556300+00:00,47.1986,21.4176,0.0,1,-7.0,0.147,40.25542606672615
2026-09-01 00:46:29.444578500+00:00,47.1995,21.3658,0.0,1,-17.9,0.125,41.851418953607784
2026-09-01 00:46:29.448155200+00:00,47.1942,21.4117,0.0,1,-3.2,0.142,40.88063411898751
2026-09-01 00:46:29.613641800+00:00,47.1997,21.4018,0.0,1,-7.1,0.141,40.62577571012571
2026-09-01 00:46:29.714896800+00:00,47.1993,21.3659,0.0,1,-8.4,0.169,41.86751848250807
2026-09-01 00:46:30.000024100+00:00,47.2828,21.4047,0.0,1,7.2,0.135,32.341725794061546
2026-09-01 00:46:30.001540100+00:00,47.2755,21.4302,0.0,1,5.6,0.139,32.10887016283974
2026-09-01 00:46:30.008186300+00:00,47.2791,21.3766,0.0,1,3.6,0.15,33.826990466960915
2026-09-01 00:46:30.046007700+00:00,47.2338,21.3187,0.0,1,2.7,0.063,40.45195706985319
2026-09-01 00:46:30.089329700+00:00,47.2051,21.2315,0.0,1,-2.7,0.107,46.97401786791524
2026-09-01 00:46:30.091613100+00:00,47.2067,21.2213,0.0,1,-3.7,0.187,47.328929525215315
2026-09-01 00:46:32.393018800+00:00,47.786,20.7579,0.0,1,23.9,0.099,70.99221830828908
2026-09-01 00:46:32.555568900+00:00,47.7655,20.7405,0.0,1,-8.1,0.083,71.33908062820005
2026-09-01 00:46:32.558802200+00:00,47.7825,20.7538,0.0,1,-2.6,0.038,71.12241305665358
2026-09-01 00:46:32.573960700+00:00,46.956,21.1581,0.0,1,3.2,0.163,73.15011673613523
2026-09-01 00:46:32.587041200+00:00,46.9574,21.1591,0.0,1,-3.9,0.151,72.97713498102024
2026-09-01 00:46:39.833065800+00:00,47.1398,22.4573,0.0,1,15.0,0.243,76.22299109558163
2026-09-01 00:46:39.996567300+00:00,47.1265,22.433,0.0,1,-8.2,0.282,75.60562023619005
2026-09-01 00:46:40.517859300+00:00,46.7971,21.1059,0.0,1,2.7,0.103,90.68703734900728
2026-09-01 00:46:41.080380+00:00,47.0998,22.2963,0.0,1,29.1,0.27,69.63296498075572
2026-09-01 00:46:47.260206800+00:00,46.9984,21.2244,0.0,1,3.2,0.105,66.62918468366284
2026-09-01 00:46:48.450708500+00:00,46.9271,20.9556,0.0,1,-3.2,0.104,84.20497514690932
2026-09-01 00:46:49.492510+00:00,47.364,21.8514,0.0,1,-7.7,0.197,25.125413852498628
2026-09-01 00:46:50.996708200+00:00,46.5185,21.8426,0.0,1,4.7,0.318,113.82739428929783
2026-09-01 00:46:55.560603300+00:00,47.1261,21.1999,0.0,1,12.8,0.145,55.41337042820483
2026-09-01 00:46:55.573853300+00:00,47.1278,21.2011,0.0,1,-4.5,0.069,55.20669780244828
2026-09-01 00:46:55.786507100+00:00,47.1274,21.1718,0.0,1,-15.8,0.13,56.55542519429859
2026-09-01 00:46:55.822434800+00:00,47.1253,21.1998,0.0,1,-4.0,0.19,55.49029402459462
2026-09-01 00:46:57.373954500+00:00,47.1501,21.3213,0.0,1,-3.5,0.141,48.28193075830716
2026-09-01 00:46:57.682730600+00:00,46.848,21.1924,0.0,1,4.0,0.251,82.81233563401693
2026-09-01 00:46:57.683787+00:00,46.8473,21.192,0.0,1,4.7,0.225,82.89586073226792
2026-09-01 00:46:58.712943200+00:00,47.2556,20.8329,0.0,1,10.6,0.114,67.21303581245246
2026-09-01 00:46:58.713690800+00:00,47.2533,20.8287,0.0,1,-14.8,0.094,67.6122913662843
2026-09-01 00:46:59.262817700+00:00,47.0576,21.1646,0.0,1,-11.1,0.132,63.21057333723541
2026-09-01 00:47:04.001772800+00:00,47.3085,21.7328,0.0,1,-3.2,0.2,26.046482026807624
2026-09-01 00:47:04.108062200+00:00,47.2967,21.6937,0.0,1,-4.7,0.093,26.59324388420751
2026-09-01 00:47:04.278886700+00:00,47.3254,21.6704,0.0,1,4.3,0.145,23.15648688359558
2026-09-01 00:47:05.509374700+00:00,47.2726,21.6194,0.0,1,6.1,0.166,28.805622820199147
2026-09-01 00:47:14.442888900+00:00,47.0103,21.1213,0.0,1,-3.6,0.167,69.40827049201435
2026-09-01 00:47:17.292492700+00:00,47.4613,20.63,0.0,1,5.6,0.097,75.33058401029948
2026-09-01 00:47:17.574279+00:00,47.4357,20.663,0.0,1,3.9,0.082,73.24282044385144
2026-09-01 00:47:17.574896+00:00,47.4348,20.7065,0.0,1,3.8,0.099,70.02639405870619
2026-09-01 00:47:17.577386600+00:00,47.433,20.6948,0.0,1,2.2,0.088,70.92711804075863
2026-09-01 00:47:17.580005200+00:00,47.4218,20.695,4.2,2,3.7,0.053,71.12281192921029
2026-09-01 00:47:17.836806200+00:00,47.4854,20.7004,0.0,1,-2.5,0.053,69.80835558388317
2026-09-01 00:47:17.844235400+00:00,47.4885,20.6948,0.0,1,2.3,0.112,70.20139455064671
2026-09-01 00:47:17.934742+00:00,47.4815,20.7026,0.0,1,-3.2,0.06,69.67946696297794
2026-09-01 00:47:17.964447500+00:00,47.4884,20.6984,0.0,1,3.7,0.089,69.93247368880044
2026-09-01 00:47:17.973545100+00:00,47.4947,20.703,0.0,1,-3.1,0.067,69.53880054319106
2026-09-01 00:47:18.036845900+00:00,47.4007,20.5409,0.0,1,-4.4,0.099,82.9516153894676
2026-09-01 00:47:18.037933700+00:00,47.3918,20.5942,0.0,1,4.0,0.112,79.205127836398
2026-09-01 00:47:18.072259600+00:00,47.3638,20.6139,0.0,1,-1.8,0.129,78.45499890228591
2026-09-01 00:47:18.073002700+00:00,47.3632,20.6164,0.0,1,-4.3,0.162,78.28876803372631
2026-09-01 00:47:18.074269800+00:00,47.3564,20.5865,0.0,1,-4.0,0.107,80.65784942957009
2026-09-01 00:47:18.207311100+00:00,47.1765,21.2363,0.0,1,7.7,0.164,49.260877719725485
2026-09-01 00:47:18.208649+00:00,47.1746,21.2334,0.0,1,3.0,0.153,49.56118500252882
2026-09-01 00:47:18.209388400+00:00,47.1735,21.2283,0.0,1,5.3,0.137,49.88991380541101
2026-09-01 00:47:18.219579400+00:00,47.1697,21.2306,0.0,1,3.0,0.062,50.12494901779644
2026-09-01 00:47:18.314995800+00:00,47.4279,20.4574,0.0,1,18.7,0.1,88.67141559977803
2026-09-01 00:47:18.567880400+00:00,47.1704,21.2295,0.0,1,3.6,0.102,50.11187665829142
2026-09-01 00:47:18.586025700+00:00,47.1702,21.2295,0.0,1,5.1,0.075,50.12973629514111
2026-09-01 00:47:18.589407300+00:00,47.2075,21.2316,0.0,1,4.4,0.082,46.762838567463476
2026-09-01 00:47:18.613434900+00:00,47.1706,21.2282,0.0,1,3.5,0.133,50.15266976072354
2026-09-01 00:47:18.690357500+00:00,47.171,21.239,0.0,1,3.4,0.139,49.63318538855233
2026-09-01 00:47:18.944557400+00:00,47.1491,21.1551,0.0,1,8.6,0.139,55.45194445937482
2026-09-01 00:47:20.977623+00:00,46.994,21.2376,0.0,1,-3.4,0.154,66.61985693180097
2026-09-01 00:47:28.400655700+00:00,47.5466,20.9382,0.0,1,-7.1,0.137,51.75485899798824
2026-09-01 00:47:30.812045+00:00,47.323,21.8678,0.0,1,-4.6,0.234,29.41657431499044
2026-09-01 00:47:31.028799200+00:00,47.3208,21.757,0.0,1,-5.4,0.126,25.389520272921114
2026-09-01 00:47:31.030155900+00:00,47.3421,21.7925,0.0,1,-3.5,0.175,24.46197303824449
2026-09-01 00:47:32.912361900+00:00,47.0611,21.0964,0.0,1,-8.6,0.138,65.87860998661087
2026-09-01 00:47:32.920214200+00:00,47.0695,21.0832,0.0,1,-3.4,0.11,65.75380655525687
2026-09-01 00:47:33.358563400+00:00,47.0685,21.0825,0.0,1,-3.6,0.154,65.87388221715484
2026-09-01 00:47:33.373560400+00:00,47.144,22.48,0.0,1,5.2,0.277,77.36953620482846
2026-09-01 00:47:33.374441400+00:00,47.1448,22.4721,0.0,1,26.0,0.314,76.82565009810142
2026-09-01 00:47:34.330441+00:00,47.2729,21.2027,0.0,1,4.6,0.14,42.996280964996664
2026-09-01 00:47:35.954511900+00:00,47.2969,21.8597,0.0,1,-5.0,0.202,31.414426286012844
2026-09-01 00:47:36.217328100+00:00,47.2969,21.8632,0.0,1,-6.9,0.195,31.561781473658623
2026-09-01 00:47:36.218446700+00:00,47.2719,21.6167,0.0,1,-4.7,0.121,28.88834032541707
2026-09-01 00:47:37.913132700+00:00,47.2,21.308,0.0,1,6.8,0.123,44.02100414202113
2026-09-01 00:47:37.913506300+00:00,47.1989,21.3114,0.0,1,2.8,0.172,43.98460623086475
2026-09-01 00:47:38.408870900+00:00,47.2009,21.3125,0.0,1,-3.9,0.102,43.75253324924003
2026-09-01 00:47:43.260427300+00:00,46.9777,20.9836,0.0,1,-11.9,0.125,78.44437507235682
2026-09-01 00:47:47.061002600+00:00,46.5438,21.7114,0.0,1,26.7,0.257,110.02307039082241
2026-09-01 00:47:47.166704700+00:00,46.5295,21.6846,0.0,1,-5.7,0.23,111.51302398497343
2026-09-01 00:47:47.995775400+00:00,46.8205,21.0083,0.0,1,25.6,0.129,91.8751673448694
2026-09-01 00:47:48.110807100+00:00,46.815,20.9749,0.0,1,-7.5,0.113,93.70683178993905
2026-09-01 00:47:48.123367600+00:00,46.8318,20.9632,0.0,1,-4.3,0.119,92.59571061812346
2026-09-01 00:47:48.212926400+00:00,47.223,21.4849,0.0,1,-6.3,0.175,35.95094512977477
2026-09-01 00:47:48.405147700+00:00,47.2409,20.8844,0.0,1,-3.8,0.256,64.59778090602151
2026-09-01 00:47:48.674869900+00:00,47.2367,20.8818,0.0,1,-3.7,0.097,65.00358920870892
2026-09-01 00:47:48.694631400+00:00,47.2365,20.8836,0.0,1,-6.0,0.126,64.89794863621744
2026-09-01 00:47:51.408024900+00:00,46.5147,21.8747,0.0,1,-3.8,0.271,114.61851931645735
2026-09-01 00:47:51.684944+00:00,46.9743,21.2658,0.0,1,4.1,0.139,67.70929737230911
2026-09-01 00:47:51.685961300+00:00,46.9793,21.2166,0.0,1,4.0,0.163,68.79153215312034
2026-09-01 00:47:54.351323100+00:00,47.2249,21.5747,0.0,1,-12.7,0.145,34.332690859616854
2026-09-01 00:47:54.352818200+00:00,47.2809,21.6334,0.0,1,-4.2,0.205,27.880347683880423
2026-09-01 00:47:55.335258300+00:00,47.1282,21.2025,0.0,1,3.9,0.1,55.10909742052464
2026-09-01 00:47:55.410863800+00:00,47.2051,21.397,0.0,1,-12.3,0.144,40.235222906282246
2026-09-01 00:47:55.451695300+00:00,47.1217,21.1532,0.0,1,-4.1,0.129,57.9157690111752
2026-09-01 00:47:55.484778300+00:00,47.1895,21.4107,0.0,1,-8.6,0.163,41.3906861881991
2026-09-01 00:47:55.489916700+00:00,47.2194,21.4445,0.0,1,-4.0,0.198,37.34440469579742
2026-09-01 00:47:55.787066100+00:00,47.1896,21.4105,0.0,1,-10.3,0.145,41.38640252833111
2026-09-01 00:47:56.047913+00:00,47.1301,22.4747,0.0,1,-11.2,0.24,77.92027549226124
2026-09-01 00:47:56.161893900+00:00,47.1177,22.455,0.0,1,-11.6,0.317,77.52465971315367
2026-09-01 00:47:56.260878600+00:00,47.1278,22.4826,0.0,1,-5.2,0.918,78.55601359261529
2026-09-01 00:47:56.261358600+00:00,47.1352,22.5184,0.0,1,-5.5,0.247,80.32625407570025
2026-09-01 00:47:56.280143+00:00,47.1187,22.4878,0.0,1,-11.1,0.416,79.46279070451325
2026-09-01 00:47:56.467713500+00:00,47.4307,20.6437,0.0,1,-2.8,0.078,74.76283525041337
2026-09-01 00:48:05.368467900+00:00,46.8138,21.1093,0.0,1,8.9,0.144,88.90212059344566
2026-09-01 00:48:10.090547200+00:00,47.35,21.9226,0.0,1,14.0,0.202,30.016264402422223
2026-09-01 00:48:10.151604800+00:00,47.3668,21.8854,0.0,1,-7.7,0.168,26.692016794871172
2026-09-01 00:48:10.218317200+00:00,47.3765,21.8763,0.0,1,-8.3,0.19,25.454671336729028
2026-09-01 00:48:10.648893600+00:00,47.1689,21.4528,0.0,1,8.7,0.147,42.418866602070096
2026-09-01 00:48:10.649482400+00:00,47.1673,21.4537,0.0,1,3.3,0.184,42.56723517438781
2026-09-01 00:48:10.652517100+00:00,47.1681,21.4523,0.0,1,3.2,0.089,42.51514816012643
2026-09-01 00:48:10.802507900+00:00,47.3658,21.9412,0.0,1,-24.7,0.201,29.950486342675006
2026-09-01 00:48:10.918619700+00:00,47.3655,21.9415,0.0,1,-10.7,0.185,29.988854124496942
2026-09-01 00:48:11.002007700+00:00,47.3549,21.7502,0.0,1,-3.4,0.184,21.71342696235087
2026-09-01 00:48:18.200505100+00:00,47.3203,21.6911,0.0,1,9.5,0.217,23.98069098272388
2026-09-01 00:48:18.327552100+00:00,47.2962,21.6948,0.0,1,-11.9,0.169,26.663500408883426
2026-09-01 00:48:18.552279500+00:00,47.32,21.693,0.0,1,-4.5,0.238,24.042354173853884
2026-09-01 00:48:19.390762100+00:00,47.166,21.3863,0.0,1,3.3,0.132,44.52313533694747
2026-09-01 00:48:19.540889200+00:00,47.1603,21.3729,0.0,1,-4.0,0.091,45.518798353179314
2026-09-01 00:48:20.022286800+00:00,47.1619,21.2611,0.0,1,-5.9,0.119,49.508813068306694
2026-09-01 00:48:20.093448300+00:00,47.1502,21.3054,0.0,1,6.5,0.147,48.85572605856794
2026-09-01 00:48:20.251144900+00:00,47.1337,21.2794,0.0,1,-3.9,0.165,51.429108021516114
2026-09-01 00:48:20.464449400+00:00,47.2657,21.2573,0.0,1,3.3,0.161,40.61700388541635
2026-09-01 00:48:20.469875500+00:00,47.1035,21.2,0.0,1,-2.7,0.166,57.47637255551053
2026-09-01 00:48:20.471005300+00:00,47.2684,21.258,0.0,1,3.1,0.054,40.36219177060881
2026-09-01 00:48:20.488929700+00:00,47.2293,21.2265,0.0,1,-3.9,0.137,45.1728293677516
2026-09-01 00:48:20.528329+00:00,47.2538,21.2439,0.0,1,-3.6,0.17,42.27431809872289
2026-09-01 00:48:23.218164100+00:00,46.9971,21.0876,0.0,1,-9.3,0.095,72.04744944469219
2026-09-01 00:48:28.084180200+00:00,47.3082,21.8382,0.0,1,-13.7,0.21,29.476199126154032
2026-09-01 00:48:28.220526500+00:00,47.308,21.8395,0.0,1,-10.5,0.274,29.547692126263847
2026-09-01 00:48:31.692685500+00:00,47.1469,22.4951,0.0,1,4.6,0.278,78.13854062983127
2026-09-01 00:48:33.968267200+00:00,47.044,21.0677,0.0,1,-11.5,0.13,68.7104145808518
2026-09-01 00:48:33.998712700+00:00,47.0335,21.0664,0.0,1,-7.3,0.122,69.6974143978741
2026-09-01 00:48:34.308563300+00:00,47.0597,21.0756,0.0,1,4.6,0.243,66.96572976043996
2026-09-01 00:48:34.408804300+00:00,47.0585,21.0078,0.0,1,6.2,0.121,70.35677767580539
2026-09-01 00:48:34.439367500+00:00,47.1021,21.0264,0.0,1,17.3,0.126,65.82338849830595
2026-09-01 00:48:34.761691400+00:00,47.1718,20.878,0.0,1,3.0,0.13,69.18761055335146
2026-09-01 00:48:34.762235400+00:00,47.1722,20.8781,0.0,1,-4.3,0.141,69.15557853414496
2026-09-01 00:48:34.785512600+00:00,47.0119,20.9889,0.0,1,-7.3,0.054,75.22861527415036
2026-09-01 00:48:34.795068100+00:00,47.0208,20.9902,0.0,1,-15.7,0.132,74.40511576780845
2026-09-01 00:48:34.891589900+00:00,47.015,20.9988,0.0,1,-9.5,0.088,74.4855671718036
2026-09-01 00:48:35.041477100+00:00,47.0146,21.0012,0.0,1,-10.2,0.156,74.40490544990838
2026-09-01 00:48:35.214569100+00:00,47.0141,21.004,0.0,1,-11.9,0.118,74.31415782726206
2026-09-01 00:48:36.307052400+00:00,47.2432,21.6573,0.0,1,-4.8,0.175,32.148047182620815
2026-09-01 00:48:45.932887600+00:00,47.2862,21.2365,0.0,1,4.3,0.139,40.118009610297435
2026-09-01 00:48:46.458031100+00:00,47.2804,21.2369,0.0,1,-32.2,0.128,40.53877896056231
2026-09-01 00:48:46.574568500+00:00,47.2808,21.2359,0.0,1,-11.5,0.141,40.5626798271209
2026-09-01 00:48:46.672285900+00:00,47.2812,21.2361,0.0,1,-7.8,0.104,40.52109565330242
2026-09-01 00:48:50.194992900+00:00,47.1882,21.4501,0.0,1,-4.7,0.174,40.449810983789135
2026-09-01 00:48:50.529993500+00:00,47.1949,21.4533,0.0,1,7.6,0.166,39.66672934549353
2026-09-01 00:48:50.552017900+00:00,47.194,21.4449,0.0,1,3.5,0.164,39.974226290875755
2026-09-01 00:48:50.554861200+00:00,47.1694,21.5085,0.0,1,5.9,0.316,41.25723205491705
2026-09-01 00:48:50.558991400+00:00,47.1957,21.4553,0.0,1,7.6,0.106,39.533130477248235
2026-09-01 00:48:50.682186500+00:00,47.2907,21.4482,0.0,1,-2.9,0.142,29.986125894616958
2026-09-01 00:48:50.685790100+00:00,47.226,21.4817,0.0,1,2.9,0.151,35.70583037658495
2026-09-01 00:48:50.854581900+00:00,47.1916,21.3832,0.0,1,-4.6,0.184,42.039749104260586
2026-09-01 00:48:51.816491500+00:00,47.1483,22.4926,0.0,1,-14.7,0.384,77.8949624677689
2026-09-01 00:48:51.988078200+00:00,47.1143,22.4557,0.0,1,-9.5,0.344,77.79364162933987
2026-09-01 00:48:52.109831800+00:00,47.3071,21.8667,0.0,1,4.3,0.158,30.782941682232302
2026-09-01 00:48:52.440767600+00:00,47.1016,22.2898,0.0,1,36.2,0.295,69.13972943561706
2026-09-01 00:48:52.441012600+00:00,47.1043,22.2818,0.0,1,26.9,0.167,68.49588916288057
2026-09-01 00:48:52.607484800+00:00,47.3676,21.7626,0.0,1,4.2,0.222,20.881956997025583
2026-09-01 00:48:53.314848800+00:00,46.944,21.0476,0.0,1,-3.8,0.118,78.64092755278384
2026-09-01 00:48:53.525385100+00:00,46.9913,21.0331,0.0,1,-4.1,0.086,74.96661228759467
2026-09-01 00:48:53.532963100+00:00,46.9114,21.0235,0.0,1,3.0,0.097,82.67443595809948
2026-09-01 00:48:57.370648100+00:00,47.3513,20.485,0.0,1,6.2,0.095,88.21519453314824
2026-09-01 00:48:57.425461900+00:00,47.3521,20.4814,0.0,1,-3.6,0.041,88.45811397119863
2026-09-01 00:48:57.461692900+00:00,47.1993,21.3733,0.0,1,-4.6,0.158,41.608359535335744
2026-09-01 00:48:57.512746200+00:00,47.3775,20.4973,0.0,1,1.9,0.061,86.67139667698889
2026-09-01 00:48:57.719827600+00:00,47.35,20.4846,0.0,1,-3.4,0.058,88.27847412029557
2026-09-01 00:49:00.894315800+00:00,47.0449,21.1012,0.0,1,5.7,0.12,67.10697676371151
2026-09-01 00:49:00.895380300+00:00,47.0397,21.1013,0.0,1,-3.4,0.093,67.57085295117322
2026-09-01 00:49:01.153975100+00:00,47.1051,21.1498,0.0,1,-5.7,0.113,59.53729245823937
2026-09-01 00:49:03.734617100+00:00,47.2427,21.583,0.0,1,2.8,0.201,32.29686772546056
2026-09-01 00:49:03.736759+00:00,47.236,21.5655,0.0,1,-5.8,0.182,33.19689952458043
2026-09-01 00:49:08.134896+00:00,47.3066,21.675,0.0,1,6.7,0.181,25.274948624425697
2026-09-01 00:49:08.148605+00:00,47.3057,21.676,0.0,1,-4.6,0.201,25.384769256367154
2026-09-01 00:49:08.330171200+00:00,47.2842,21.6431,0.0,1,-11.1,0.202,27.53530819971887
2026-09-01 00:49:08.331803600+00:00,47.3067,21.6725,0.0,1,-5.4,0.174,25.237908724078338
2026-09-01 00:49:09.963066400+00:00,47.2803,20.7849,0.0,1,-7.4,0.033,69.28087443720432
2026-09-01 00:49:11.584722300+00:00,47.3269,21.7942,0.0,1,3.3,0.24,25.994465308656068
2026-09-01 00:49:14.425598600+00:00,46.5438,21.7209,0.0,1,27.3,0.228,110.06711427520949
2026-09-01 00:49:14.444945300+00:00,46.545,21.7235,0.0,1,-4.0,0.165,109.94683982818091
2026-09-01 00:49:14.485324700+00:00,46.5353,21.7006,0.0,1,-16.0,0.214,110.92268444679833
2026-09-01 00:49:14.486396500+00:00,46.5614,21.7487,0.0,1,-11.6,0.187,108.27270601633715
2026-09-01 00:49:14.531594+00:00,46.5368,21.6989,0.0,1,-16.9,0.208,110.74971127123081
2026-09-01 00:49:14.532220100+00:00,46.5452,21.7216,0.0,1,-6.3,0.23,109.91519509725688
2026-09-01 00:49:14.587048900+00:00,46.5614,21.7241,0.0,1,-16.9,0.22,108.1303223645737
2026-09-01 00:49:14.588884600+00:00,46.5431,21.7187,0.0,1,-7.8,0.222,110.13418234286517
2026-09-01 00:49:15.869279200+00:00,46.5351,21.8393,0.0,1,10.4,0.228,111.96441439258336
2026-09-01 00:49:16.625584+00:00,46.8145,21.158,0.0,1,9.8,0.152,87.27224183555077
2026-09-01 00:49:16.917528600+00:00,46.826,21.1962,0.0,1,2.8,0.158,84.95535644562217
2026-09-01 00:49:16.918490900+00:00,46.8276,21.1954,0.0,1,3.5,0.135,84.81414029639419
2026-09-01 00:49:16.919414500+00:00,46.8274,21.2,0.0,1,3.1,0.219,84.70153068101123
2026-09-01 00:49:16.925671200+00:00,46.8382,21.2004,0.0,1,3.2,0.11,83.57966123214538
2026-09-01 00:49:17.003511300+00:00,47.133,21.2062,0.0,1,11.5,0.131,54.51189872495054
2026-09-01 00:49:17.130767500+00:00,47.1434,21.2185,0.0,1,-7.0,0.123,53.03031819568673
2026-09-01 00:49:17.176551+00:00,46.82,21.0936,8.6,2,4.0,0.128,88.81531376567428
2026-09-01 00:49:22.971931500+00:00,47.2679,20.8143,0.0,1,-2.9,0.122,67.85311312360218
2026-09-01 00:49:23.186144900+00:00,47.277,20.8268,0.0,1,6.6,0.107,66.56464765881648
2026-09-01 00:49:23.476496300+00:00,47.1737,21.3888,0.0,1,-14.5,0.155,43.66437800013162
2026-09-01 00:49:23.554783600+00:00,47.157,21.346,0.0,1,-5.1,0.119,46.735657586976195
2026-09-01 00:49:23.569398900+00:00,47.2003,21.3857,0.0,1,4.1,0.163,41.08754364181265
2026-09-01 00:49:23.643558200+00:00,47.1731,21.3922,0.0,1,-17.4,0.146,43.62061579465447
2026-09-01 00:49:23.748003900+00:00,47.1737,21.3923,0.0,1,-3.0,0.16,43.55655079384265
2026-09-01 00:49:23.800031100+00:00,47.1735,21.3915,0.0,1,-9.4,0.139,43.60140233268225
2026-09-01 00:49:23.847769300+00:00,47.4653,20.6451,0.0,1,-3.5,0.092,74.15407134527132
2026-09-01 00:49:24.684989500+00:00,47.2577,21.5648,0.0,1,-2.9,0.249,30.817498809003812
2026-09-01 00:49:24.712332+00:00,47.5057,20.7157,0.0,1,-2.3,0.138,68.51722787581348
2026-09-01 00:49:24.724310900+00:00,47.2601,21.6252,0.0,1,-12.1,0.168,30.189836396555073
2026-09-01 00:49:24.862588300+00:00,47.476,20.5146,0.0,1,-2.2,0.069,83.81003853311202
2026-09-01 00:49:28.151050500+00:00,47.147,22.4974,0.0,1,5.6,0.158,78.27749971356998
2026-09-01 00:49:28.177195100+00:00,47.1361,22.4876,0.0,1,-12.4,0.326,78.33953983380205
2026-09-01 00:49:28.238309600+00:00,47.1396,22.4453,0.0,1,-21.7,0.228,75.49569211244574
2026-09-01 00:49:28.782771200+00:00,47.3364,21.9033,0.0,1,-11.4,0.198,30.03471201011121
2026-09-01 00:49:29.358404400+00:00,46.9809,21.1311,0.0,1,-8.1,0.157,71.77783083901527
2026-09-01 00:49:29.369918600+00:00,46.9795,21.1319,0.0,1,-5.3,0.165,71.87951773966077
2026-09-01 00:49:29.872684300+00:00,47.2511,20.9232,0.0,1,3.0,0.112,61.49870587872852
2026-09-01 00:49:30.102087700+00:00,47.2962,21.1897,0.0,1,-9.0,0.106,42.063596403433785
2026-09-01 00:49:30.123143900+00:00,47.2953,21.1873,0.0,1,-6.0,0.086,42.26746898610363
2026-09-01 00:49:30.203289800+00:00,47.2774,20.9386,0.0,1,2.3,0.108,59.03673682964761
2026-09-01 00:49:30.204022400+00:00,47.2793,20.9341,0.0,1,3.3,0.129,59.233099066510135
2026-09-01 00:49:30.204668500+00:00,47.2795,20.9378,0.0,1,5.5,0.099,58.97735000687529
2026-09-01 00:49:30.205983500+00:00,47.279,20.9435,0.0,1,-7.3,0.098,58.62712605363214
2026-09-01 00:49:30.206942900+00:00,47.2778,20.9461,0.0,1,9.2,0.109,58.5201935365759
2026-09-01 00:49:30.269337300+00:00,47.2586,20.9887,0.0,1,16.6,0.106,56.85136273251685
2026-09-01 00:49:30.280189900+00:00,47.2845,21.1768,0.0,1,-8.3,0.101,43.63787999684163
2026-09-01 00:49:30.356698400+00:00,47.276,20.9373,0.0,1,2.9,0.12,59.19783453660883
2026-09-01 00:49:30.401927300+00:00,47.2671,20.9826,0.0,1,5.6,0.137,56.74118336707126
2026-09-01 00:49:36.324588100+00:00,47.3186,21.7442,0.0,1,-4.4,0.055,25.264517834918156
2026-09-01 00:49:36.406609500+00:00,47.3085,21.6841,0.0,1,-8.2,0.123,25.17297295559113
2026-09-01 00:49:36.497099100+00:00,47.2115,21.3911,0.0,1,4.4,0.206,39.7904333670547
2026-09-01 00:49:36.559802+00:00,47.1878,21.4191,0.0,1,-8.3,0.159,41.32033389169032
2026-09-01 00:49:42.301049200+00:00,47.5464,20.9568,0.0,1,72.4,0.122,50.35874998098186
2026-09-01 00:49:42.361254400+00:00,47.546,20.9685,0.0,1,-3.7,0.089,49.47968802388273
2026-09-01 00:49:42.439371900+00:00,47.0757,21.1158,0.0,1,3.0,0.179,63.697293904487466
2026-09-01 00:49:42.491358400+00:00,47.5089,20.9262,0.0,1,-7.4,0.107,52.70815249033843
2026-09-01 00:49:42.914367900+00:00,47.0735,21.1322,0.0,1,-2.9,0.137,63.15385380169533
2026-09-01 00:49:44.324412300+00:00,47.786,20.7784,0.0,1,19.2,0.12,69.58674545045923
2026-09-01 00:49:44.324610500+00:00,47.7864,20.7775,0.0,1,19.0,0.107,69.6661874604454
2026-09-01 00:49:44.358868400+00:00,47.7827,20.7841,0.0,1,-2.8,0.071,69.04957083626327
2026-09-01 00:49:44.439042300+00:00,47.7625,20.7706,0.0,1,-13.9,0.095,69.1215261687518
2026-09-01 00:49:44.530048300+00:00,47.7228,20.8173,0.0,1,4.6,0.135,64.31655903506228
2026-09-01 00:49:44.575112500+00:00,47.785,20.7739,0.0,1,-2.9,0.159,69.85042875633768
2026-09-01 00:49:44.589889+00:00,47.7247,20.8191,0.0,1,-9.5,0.105,64.25851263616909
2026-09-01 00:49:44.590557400+00:00,47.7248,20.8167,0.0,1,-3.0,0.017,64.43170473620042
2026-09-01 00:49:44.604273300+00:00,47.6981,20.8171,0.0,1,-10.0,0.104,63.48971902295252
2026-09-01 00:49:44.720800400+00:00,46.535,21.8428,0.0,1,-3.7,0.158,112.01378485157727
2026-09-01 00:49:50.957185700+00:00,47.1931,21.3662,0.0,1,-5.0,0.082,42.46725716611258
2026-09-01 00:49:56.223727+00:00,47.3206,21.6765,0.0,1,4.0,0.145,23.752271870270306
2026-09-01 00:49:56.638033300+00:00,47.3188,21.6725,0.0,1,4.1,0.245,23.905352732422447
2026-09-01 00:49:56.764970400+00:00,47.1359,22.4911,0.0,1,-17.8,0.318,78.57050463235656
2026-09-01 00:49:56.797103600+00:00,47.1197,22.4476,0.0,1,-13.0,0.353,76.94302474418082
2026-09-01 00:49:56.837219300+00:00,47.1341,22.509,0.0,1,-15.8,0.127,79.80326119130575
2026-09-01 00:49:56.869246700+00:00,47.1351,22.4969,0.0,1,-9.7,0.307,78.9830283525344
2026-09-01 00:49:56.994769400+00:00,47.1283,22.5125,0.0,1,-12.3,0.379,80.38404585469183
2026-09-01 00:50:02.115507100+00:00,46.546,21.7294,0.0,1,4.9,0.17,109.86646252961246
2026-09-01 00:50:02.142130800+00:00,46.5489,21.7335,0.0,1,-13.8,0.258,109.56716446933797
2026-09-01 00:50:02.156634+00:00,46.5458,21.717,0.0,1,-12.5,0.228,109.82649327353944
2026-09-01 00:50:02.196251+00:00,46.5345,21.6967,0.0,1,-12.4,0.229,110.99713402799478
2026-09-01 00:50:02.257117100+00:00,46.5529,21.7386,0.0,1,-10.8,0.176,109.15274483064411
2026-09-01 00:50:02.313204600+00:00,46.5528,21.7398,0.0,1,-14.0,0.238,109.17089358868539
2026-09-01 00:50:02.443071+00:00,46.5468,21.7305,0.0,1,3.8,0.316,109.78362933412454
2026-09-01 00:50:02.443565600+00:00,46.5538,21.7383,0.0,1,-23.4,0.225,109.05120790876376
2026-09-01 00:50:02.462978500+00:00,47.4689,20.6367,0.0,1,-3.4,0.114,74.74106412754777
2026-09-01 00:50:02.463448+00:00,47.4703,20.6382,0.0,1,1.9,0.052,74.61350773817423
2026-09-01 00:50:02.464299600+00:00,47.4703,20.6348,0.0,1,-2.6,0.04,74.8678490131727
2026-09-01 00:50:02.488113400+00:00,46.5524,21.74,0.0,1,-5.8,0.246,109.21642211662224
2026-09-01 00:50:02.635618400+00:00,46.554,21.7381,0.0,1,-9.9,0.214,109.02786604901291
2026-09-01 00:50:09.084907800+00:00,47.3009,21.8445,0.0,1,-11.5,0.685,30.41605955915558
2026-09-01 00:50:09.507252700+00:00,47.2018,21.4453,0.0,1,-12.1,0.176,39.14995645252962
2026-09-01 00:50:09.571609300+00:00,47.1945,21.4394,0.0,1,-3.8,0.138,40.06643503488676
2026-09-01 00:50:13.600467200+00:00,47.0511,21.0713,0.0,1,-8.4,0.121,67.91946069395931
2026-09-01 00:50:13.857771400+00:00,47.0545,21.0031,0.0,1,4.5,0.109,70.92588434206742
2026-09-01 00:50:14.114663800+00:00,46.9703,21.0338,0.0,1,8.8,0.116,76.82499652359178
2026-09-01 00:50:14.115152200+00:00,46.9705,21.0306,0.0,1,16.5,0.137,76.94799159127882
2026-09-01 00:50:14.116116300+00:00,46.973,21.0377,0.0,1,6.1,0.109,76.40882567559156
2026-09-01 00:50:14.116478900+00:00,46.9692,21.0376,0.0,1,5.1,0.136,76.75800339209061
2026-09-01 00:50:14.117622500+00:00,46.9735,21.0483,0.0,1,4.6,0.151,75.90010159997502
2026-09-01 00:50:14.118613400+00:00,46.9797,21.0513,0.0,1,-8.8,0.156,75.20489847126345
2026-09-01 00:50:14.119366200+00:00,46.9969,21.0471,0.0,1,7.5,0.142,73.83585355626192
2026-09-01 00:50:14.123241500+00:00,46.9744,21.0341,0.0,1,5.0,0.159,76.44080723774952
2026-09-01 00:50:14.139384500+00:00,46.9699,21.0351,0.0,1,3.9,0.12,76.80409013408486
2026-09-01 00:50:14.150742800+00:00,47.0321,21.0003,0.0,1,4.4,0.092,72.95086126169505
2026-09-01 00:50:14.526662900+00:00,46.8339,20.8375,0.0,1,-3.5,0.108,97.8842599723726
2026-09-01 00:50:14.528540300+00:00,46.8303,20.8589,0.0,1,4.2,0.127,97.22852014626146
2026-09-01 00:50:14.533777500+00:00,46.8366,21.0382,0.0,1,-4.4,0.085,89.18627490495814
2026-09-01 00:50:14.848538500+00:00,47.1061,22.3354,0.0,1,24.3,0.287,71.32755041502524
2026-09-01 00:50:14.878363300+00:00,47.1068,22.3392,0.0,1,-9.6,0.272,71.4904381950403
2026-09-01 00:50:16.928255100+00:00,46.8809,21.0937,0.0,1,-6.6,0.144,82.82455236594367
2026-09-01 00:50:17.106328200+00:00,47.4889,20.6297,0.0,1,9.6,0.1,75.0770432299587
2026-09-01 00:50:19.810363500+00:00,47.144,22.4748,0.0,1,-7.8,0.261,77.04443911338963
2026-09-01 00:50:19.843902100+00:00,47.1332,22.4718,0.0,1,-12.2,0.281,77.54228870532204
2026-09-01 00:50:19.900772700+00:00,47.1353,22.4986,0.0,1,-21.7,0.288,79.07685554927883
2026-09-01 00:50:20.355500+00:00,47.2557,20.9223,0.0,1,-10.2,0.111,61.297523668212186
2026-09-01 00:50:20.355773300+00:00,47.2557,20.9206,0.0,1,-3.4,0.109,61.40834135001972
2026-09-01 00:50:22.835614500+00:00,47.299,21.1904,0.0,1,27.5,0.139,41.828468563413544
2026-09-01 00:50:22.837833300+00:00,47.3022,21.195,0.0,1,-3.3,0.139,41.33570868741361
2026-09-01 00:50:23.029530700+00:00,47.3001,21.1913,0.0,1,-3.6,0.121,41.69938290613629
2026-09-01 00:50:23.648859300+00:00,47.2752,20.8531,0.0,1,3.7,0.089,64.86738242182471
2026-09-01 00:50:23.649873100+00:00,47.2754,20.8565,0.0,1,-2.1,0.066,64.62773470899717
2026-09-01 00:50:24.228284300+00:00,46.5276,21.8824,0.0,1,-12.7,0.234,113.30142418000686
2026-09-01 00:50:24.294843+00:00,46.5278,21.8807,0.0,1,-8.6,0.241,113.25758716909796
2026-09-01 00:50:25.613386100+00:00,47.365,20.5312,0.0,1,-2.4,0.095,84.47788017742658
2026-09-01 00:50:25.624910300+00:00,47.2883,21.6617,0.0,1,-30.0,0.182,27.177289166305286
2026-09-01 00:50:25.694527900+00:00,47.3682,20.5169,0.0,1,-2.9,0.146,85.44846732828007
2026-09-01 00:50:25.767598800+00:00,47.4228,20.5166,0.0,1,6.9,0.054,84.3458304572943
2026-09-01 00:50:25.814671400+00:00,47.3687,20.5185,0.0,1,-2.7,0.112,85.31870800533903
2026-09-01 00:50:35.854209100+00:00,47.0451,21.163,0.0,1,3.8,0.065,64.44182796676505
2026-09-01 00:50:36.085349700+00:00,47.1853,21.4383,0.0,1,-11.2,0.095,41.054161158308744
2026-09-01 00:50:36.963901300+00:00,47.3524,21.9185,0.0,1,-5.9,0.16,29.608225213015174
2026-09-01 00:50:37.208791400+00:00,47.3776,21.9119,0.0,1,-10.5,0.182,27.40649168447749
2026-09-01 00:50:37.210117700+00:00,47.3783,21.8588,0.0,1,4.2,0.195,24.362469561481298
2026-09-01 00:50:37.220879900+00:00,47.3497,21.9075,0.0,1,4.1,0.103,29.209171915040425
2026-09-01 00:50:37.476831900+00:00,47.3782,21.9128,0.0,1,-16.7,0.237,27.41770600934154
2026-09-01 00:50:37.509173900+00:00,47.3774,21.9108,0.0,1,-4.2,0.088,27.35593139464832
2026-09-01 00:50:39.182070200+00:00,47.1972,21.2947,0.0,1,-4.9,0.115,44.83433612161489
2026-09-01 00:50:40.458126700+00:00,47.0887,22.4573,0.0,1,-7.4,0.333,79.6309497738683
2026-09-01 00:50:45.161114400+00:00,46.8222,21.1525,0.0,1,-3.4,0.111,86.66092200777071
2026-09-01 00:50:47.189830500+00:00,46.5606,21.9066,0.0,1,-11.6,0.161,110.02444024221049
2026-09-01 00:50:47.269841+00:00,46.4843,21.8439,0.0,1,-9.5,0.293,117.60668109452034
2026-09-01 00:50:47.280659300+00:00,47.2807,20.8173,0.0,1,-3.7,0.102,67.03820486550573
2026-09-01 00:50:47.335596300+00:00,46.5378,21.8806,0.0,1,3.5,0.271,112.16029731772568
2026-09-01 00:50:47.356054900+00:00,47.2757,20.8022,0.0,1,2.5,0.093,68.3055328096451
2026-09-01 00:50:47.425619900+00:00,46.4934,21.8604,0.0,1,-9.6,0.177,116.78733817285425
2026-09-01 00:50:47.550059800+00:00,47.2647,20.7562,0.0,1,4.0,0.081,71.96924724537331
2026-09-01 00:50:48.588491900+00:00,47.1691,21.3868,0.0,1,-4.3,0.148,44.19294437567758
2026-09-01 00:50:48.590171400+00:00,47.1683,21.385,0.0,1,-5.1,0.086,44.3298178409579
2026-09-01 00:50:48.884567700+00:00,47.1435,21.3061,0.0,1,-9.7,0.12,49.47874498165294
2026-09-01 00:50:52.195923100+00:00,46.5474,21.813,0.0,1,3.6,0.23,110.33896990179724
2026-09-01 00:50:52.866661700+00:00,46.3904,21.5559,0.0,1,31.7,0.251,127.01126904102453
2026-09-01 00:50:54.275564400+00:00,47.1342,22.4955,0.0,1,-18.7,0.312,78.95194323837428
2026-09-01 00:50:54.327710100+00:00,47.1218,22.4904,0.0,1,-19.3,0.252,79.42299264615602
2026-09-01 00:50:54.408919+00:00,47.1609,22.4953,0.0,1,-7.4,0.333,77.30273913466242
2026-09-01 00:50:54.526802100+00:00,47.1612,22.4959,0.0,1,-9.5,0.265,77.32305388125096
2026-09-01 00:50:55.520645900+00:00,47.3131,21.8635,0.0,1,-11.1,0.241,30.101066736641613
2026-09-01 00:50:55.548769100+00:00,47.3299,21.8131,0.0,1,5.6,0.102,26.426245374299114
2026-09-01 00:50:55.974548500+00:00,47.3089,21.8459,0.0,1,-15.6,0.166,29.727124612623516
2026-09-01 00:50:56.078163+00:00,47.3087,21.8458,0.0,1,-5.8,0.196,29.741510564324848
2026-09-01 00:50:56.124272200+00:00,47.3214,21.7654,0.0,1,-3.5,0.201,25.577993031337133
2026-09-01 00:50:56.325745400+00:00,47.3087,21.8467,0.0,1,-8.2,0.144,29.778990913799255
2026-09-01 00:50:56.338177700+00:00,47.3092,21.8457,0.0,1,-3.9,0.315,29.690986399327073
2026-09-01 00:50:58.899538800+00:00,47.0753,21.1129,0.0,1,3.0,0.183,63.86534840719661
2026-09-01 00:50:59.226346500+00:00,47.0751,21.1126,0.0,1,-5.4,0.139,63.896798721741625
2026-09-01 00:50:59.549382700+00:00,47.2586,21.0881,0.0,1,9.9,0.122,50.682973351717514
2026-09-01 00:50:59.557728200+00:00,47.259,21.0886,0.0,1,3.1,0.151,50.62607405778026
2026-09-01 00:50:59.763326300+00:00,47.2379,21.082,0.0,1,-7.8,0.101,52.459003983646156
2026-09-01 00:51:02.713433+00:00,47.492,20.6583,0.0,1,1.9,0.136,72.9096637421856
2026-09-01 00:51:03.698035600+00:00,47.1703,21.3442,0.0,1,-9.8,0.09,45.484715442399896
2026-09-01 00:51:03.907852200+00:00,47.1715,21.3434,0.0,1,-21.1,0.128,45.39515129435949
2026-09-01 00:51:03.951441200+00:00,47.171,21.3452,0.0,1,-6.1,0.103,45.380586588383764
2026-09-01 00:51:04.070642+00:00,47.1382,21.298,0.0,1,-4.8,0.125,50.292530246095936
2026-09-01 00:51:04.076488100+00:00,47.1567,21.3549,0.0,1,3.0,0.149,46.465360240881466
2026-09-01 00:51:04.717593500+00:00,47.2701,21.6191,0.0,1,9.8,0.147,29.084022134258845
2026-09-01 00:51:04.763500700+00:00,47.2728,21.6488,0.0,1,-4.0,0.112,28.822704281331912
2026-09-01 00:51:04.885149600+00:00,47.3155,21.7332,0.0,1,-5.9,0.168,25.315541082523602
2026-09-01 00:51:05.060247400+00:00,47.2703,21.5548,0.0,1,2.4,0.234,29.56317270290481
2026-09-01 00:51:06.575598200+00:00,47.6983,20.8519,0.0,1,18.8,0.097,61.00598726703981
2026-09-01 00:51:06.575960400+00:00,47.6985,20.8512,0.0,1,5.6,0.11,61.06262735464514
2026-09-01 00:51:06.617268600+00:00,47.6944,20.8493,0.0,1,-9.1,0.099,61.063804417753374
2026-09-01 00:51:06.931601200+00:00,47.6951,20.8495,0.0,1,-10.1,0.129,61.07223884343907
2026-09-01 00:51:07.901763600+00:00,47.2798,20.834,0.0,1,-2.9,0.104,65.94041186970234
2026-09-01 00:51:10.700047900+00:00,47.0159,21.1657,0.0,1,-26.4,0.122,67.08968050939092
2026-09-01 00:51:11.553885+00:00,47.3628,21.8887,0.0,1,4.5,0.24,27.17876682547953
2026-09-01 00:51:11.666945200+00:00,47.3505,21.8943,0.0,1,-13.5,0.114,28.438090206572525
2026-09-01 00:51:13.595384800+00:00,47.2011,21.4194,0.0,1,-6.2,0.102,39.9463980781409
2026-09-01 00:51:13.893801700+00:00,46.3928,21.2221,0.0,1,14.7,0.256,130.3083622363713
2026-09-01 00:51:13.894425500+00:00,46.3887,21.2198,0.0,1,-18.6,0.194,130.79286130105842
2026-09-01 00:51:14.036720500+00:00,47.2171,21.5107,0.0,1,-11.2,0.126,36.05617868244641
2026-09-01 00:51:14.053878600+00:00,46.4115,21.2758,0.0,1,-4.9,0.153,127.3725054442104
2026-09-01 00:51:14.255959900+00:00,47.2282,21.459,0.0,1,-13.1,0.14,36.037910566643426
2026-09-01 00:51:15.657718100+00:00,47.1339,22.4855,0.0,1,-9.5,0.323,78.34755257705235
2026-09-01 00:51:15.730117300+00:00,47.1412,22.53,0.0,1,-12.1,0.261,80.69437551675829
2026-09-01 00:51:16.442526900+00:00,47.228,21.6182,0.0,1,-24.5,0.185,33.76573217734781
2026-09-01 00:51:16.443282800+00:00,47.2492,21.5908,0.0,1,-6.8,0.093,31.52143023200943
2026-09-01 00:51:17.794783800+00:00,47.1916,21.436,0.0,1,-2.9,0.106,40.45890180809331
2026-09-01 00:51:20.314860600+00:00,46.987,21.2519,0.0,1,6.8,0.152,66.85563642860359
2026-09-01 00:51:20.316134600+00:00,46.9857,21.2523,0.0,1,-4.5,0.134,66.97398408187746
2026-09-01 00:51:20.572444500+00:00,46.9868,21.254,0.0,1,-3.2,0.15,66.80882521438292
2026-09-01 00:51:20.738902100+00:00,46.9778,21.1648,0.0,1,3.5,0.151,70.7845345518171
2026-09-01 00:51:24.976601200+00:00,47.242,20.8432,0.0,1,-3.9,0.071,67.24190832344853
2026-09-01 00:51:25.459101200+00:00,47.2948,21.2002,0.0,1,-6.1,0.129,41.54686425139418
2026-09-01 00:51:30.330851900+00:00,47.145,22.4782,0.0,1,4.2,0.357,77.19445366151412
2026-09-01 00:51:30.331930200+00:00,47.1431,22.4835,0.0,1,4.6,0.284,77.64478820164945
2026-09-01 00:51:30.333006200+00:00,47.1445,22.4767,0.0,1,4.5,0.414,77.13186247158768
2026-09-01 00:51:30.445216700+00:00,47.1701,21.3245,0.0,1,-9.7,0.145,46.218548887644886
2026-09-01 00:51:30.536251200+00:00,47.1696,21.3659,0.0,1,-3.1,0.128,44.811463927290504
2026-09-01 00:51:30.538265100+00:00,47.1578,21.3598,0.0,1,3.0,0.132,46.19329485992986
2026-09-01 00:51:30.602837700+00:00,47.2012,21.3805,0.0,1,-10.0,0.157,41.17307786615524
2026-09-01 00:51:30.815063700+00:00,47.201,21.3809,0.0,1,-13.0,0.138,41.17935445105814
2026-09-01 00:51:31.106802600+00:00,47.2008,21.3804,0.0,1,-9.3,0.122,41.21619938617207
2026-09-01 00:51:34.669803600+00:00,47.1903,21.4425,0.0,1,-9.7,0.175,40.42288807736399
2026-09-01 00:51:34.829913300+00:00,47.1937,21.4495,0.0,1,-23.5,0.157,39.887919100804446
2026-09-01 00:51:37.284859600+00:00,47.2441,21.6218,0.0,1,-21.8,0.202,31.97122266833135
2026-09-01 00:51:37.285346500+00:00,47.2355,21.5764,0.0,1,-4.0,0.197,33.147084071752296
2026-09-01 00:51:37.352487+00:00,47.2444,21.6199,0.0,1,-10.7,0.215,31.940041550777057
2026-09-01 00:51:37.530007100+00:00,47.2444,21.6202,0.0,1,-19.5,0.194,31.93965562107527
2026-09-01 00:51:37.530897700+00:00,47.2549,21.52,0.0,1,-17.1,0.121,31.810133322804287
2026-09-01 00:51:37.625373100+00:00,47.2442,21.6224,0.0,1,-14.8,0.182,31.95955083793384
2026-09-01 00:51:37.693304500+00:00,47.2441,21.6222,0.0,1,-11.2,0.192,31.970846862575648
2026-09-01 00:51:37.948013300+00:00,47.2445,21.6208,0.0,1,-18.2,0.201,31.927813463421295
2026-09-01 00:51:38.005602200+00:00,47.2442,21.6224,0.0,1,-14.0,0.201,31.95955083793384
2026-09-01 00:51:41.274460900+00:00,47.282,20.8543,0.0,1,-2.7,0.097,64.45372511902181
2026-09-01 00:51:41.831050400+00:00,46.5002,21.8658,0.0,1,-15.1,0.263,116.1028495035155
2026-09-01 00:51:41.859378900+00:00,46.5015,21.8605,0.0,1,-13.8,0.292,115.89806462523912
2026-09-01 00:51:41.900041600+00:00,46.5371,21.837,0.0,1,-3.4,0.254,111.7193617015221
2026-09-01 00:51:41.922140500+00:00,46.5475,21.8725,0.0,1,-16.7,0.258,110.99308376341665
2026-09-01 00:51:43.837510200+00:00,47.053,21.0425,0.0,1,-12.7,0.121,69.11824785269306
2026-09-01 00:51:43.990626900+00:00,47.0812,21.0816,0.0,1,2.7,0.104,64.81589772365842
2026-09-01 00:51:43.992619500+00:00,47.0878,21.0763,0.0,1,-7.1,0.24,64.50549201341259
2026-09-01 00:51:43.994112100+00:00,47.0753,21.08,0.0,1,4.5,0.028,65.40163953689306
2026-09-01 00:51:43.999328300+00:00,47.0885,21.0732,0.0,1,4.5,0.117,64.59668714292388
2026-09-01 00:51:44.002443900+00:00,47.0621,21.0734,0.0,1,4.0,0.159,66.85976089044497
2026-09-01 00:51:44.050810600+00:00,47.0602,21.1785,0.0,1,3.9,0.17,62.39447821134164
2026-09-01 00:51:44.454554500+00:00,46.9857,20.9108,0.0,1,3.0,0.069,81.29152059548535
2026-09-01 00:51:44.463970100+00:00,46.9762,20.8994,0.0,1,3.7,0.12,82.65581180129081
2026-09-01 00:51:44.464956200+00:00,46.9761,20.8968,0.0,1,3.8,0.092,82.79469032524048
2026-09-01 00:51:44.466693+00:00,46.9704,20.8922,0.0,1,4.5,0.055,83.5008506216181
2026-09-01 00:51:44.551102700+00:00,46.9861,20.913,0.0,1,3.4,0.107,81.14779933336494
2026-09-01 00:51:44.764214800+00:00,47.1001,20.8851,0.0,1,3.8,0.011,73.70590105598859
2026-09-01 00:51:44.845506400+00:00,47.0913,20.8828,0.0,1,4.1,0.106,74.48067054631322
2026-09-01 00:51:48.372558200+00:00,46.8575,21.1909,0.0,1,-7.1,0.149,81.88818881998411
2026-09-01 00:51:48.381305900+00:00,46.8553,21.1944,0.0,1,8.7,0.139,82.00660522254452
2026-09-01 00:51:48.390899200+00:00,46.8637,21.2102,0.0,1,6.5,0.12,80.67618766931375
2026-09-01 00:51:48.391822300+00:00,46.8647,21.2124,0.0,1,7.7,0.136,80.50886274334265
2026-09-01 00:51:48.392930500+00:00,46.8644,21.2154,0.0,1,6.0,0.129,80.45168105873348
2026-09-01 00:51:48.395040800+00:00,46.8606,21.2309,0.0,1,6.2,0.162,80.39837003179458
2026-09-01 00:51:48.578981600+00:00,46.8724,21.1795,0.0,1,3.6,0.16,80.7295995630681
2026-09-01 00:51:48.695716700+00:00,46.7966,21.2227,0.0,1,-3.8,0.151,87.26453782290429
2026-09-01 00:51:51.945847300+00:00,46.5487,21.8939,0.0,1,-15.2,0.257,111.14475948091442
2026-09-01 00:51:52.133683300+00:00,46.5436,21.8961,0.0,1,-12.0,0.243,111.73289887282196
2026-09-01 00:51:54.317403600+00:00,47.3585,21.8957,0.0,1,-3.7,0.241,27.890269608301672
2026-09-01 00:51:54.334484900+00:00,47.3587,21.875,0.0,1,-9.2,0.219,26.769290940723486
2026-09-01 00:51:54.396389400+00:00,47.3589,21.876,0.0,1,-13.9,0.196,26.805711800704596
2026-09-01 00:51:54.471133300+00:00,47.3314,21.9581,0.0,1,-11.5,0.193,33.38732586362367
2026-09-01 00:51:55.453766+00:00,47.1745,21.3921,0.0,1,5.5,0.197,43.48137145351716
2026-09-01 00:51:55.454700100+00:00,47.1736,21.3946,0.0,1,2.3,0.127,43.496600687398534
2026-09-01 00:51:55.579758400+00:00,47.1699,21.3737,0.0,1,4.1,0.143,44.52620396694873
2026-09-01 00:51:55.821681400+00:00,47.1107,22.3088,0.0,1,8.2,0.317,69.49259994615
2026-09-01 00:52:03.473869200+00:00,47.494,20.641,0.0,1,23.6,0.096,74.19235686613567
2026-09-01 00:52:03.474073700+00:00,47.4922,20.6433,0.0,1,-13.5,0.11,74.03273613306747
2026-09-01 00:52:03.994019200+00:00,47.5047,20.6422,0.0,1,-14.3,0.101,74.03724396918508
2026-09-01 00:52:04.253977500+00:00,47.5053,20.6419,0.0,1,-15.2,0.078,74.05666677367937
2026-09-01 00:52:04.254614800+00:00,47.4755,20.6345,0.0,1,5.7,0.111,74.83620137142073
2026-09-01 00:52:04.502988300+00:00,47.5049,20.6422,0.0,1,-20.0,0.096,74.03620800214472
2026-09-01 00:52:04.575356900+00:00,47.5046,20.6428,0.0,1,-6.5,0.104,73.99274466032035
2026-09-01 00:52:04.672220300+00:00,47.5048,20.6426,0.0,1,-4.2,0.085,74.00671164596082
2026-09-01 00:52:04.753240800+00:00,47.5047,20.6425,0.0,1,-11.2,0.096,74.0147339523653
2026-09-01 00:52:05.292645900+00:00,47.2458,21.5184,0.0,1,-9.7,0.162,32.81990302495257
2026-09-01 00:52:06.723584200+00:00,46.4193,21.9042,0.0,1,52.4,0.313,125.45338686553045
2026-09-01 00:52:07.518498+00:00,47.3081,21.6983,0.0,1,15.0,0.179,25.41967734638754
2026-09-01 00:52:07.689591400+00:00,47.318,21.6846,0.0,1,-7.2,0.143,24.139240930412647
2026-09-01 00:52:08.547245+00:00,47.5501,20.9496,0.0,1,32.2,0.122,50.912106088374024
2026-09-01 00:52:08.577262700+00:00,47.552,20.9556,0.0,1,5.3,0.172,50.470240031018825
2026-09-01 00:52:08.740505100+00:00,47.6193,20.9259,0.0,1,-3.1,0.045,53.51082874129689
2026-09-01 00:52:08.925467200+00:00,47.5669,20.9752,0.0,1,-6.5,0.085,49.09822225963815
2026-09-01 00:52:08.930626500+00:00,47.5891,21.0256,0.0,1,-9.4,0.107,45.599396572296584
2026-09-01 00:52:08.933547800+00:00,47.5944,21.0256,0.0,1,-5.2,0.103,45.683497739280305
2026-09-01 00:52:09.171722700+00:00,47.5281,20.9241,0.0,1,-9.6,0.119,52.79714623653347
2026-09-01 00:52:09.179341300+00:00,47.62,20.9269,0.0,1,-4.2,0.074,53.45098695792791
2026-09-01 00:52:09.332129800+00:00,47.5281,20.9231,0.0,1,-5.4,0.101,52.87222291195337
2026-09-01 00:52:09.448414100+00:00,47.166,21.331,0.0,1,-10.3,0.11,46.37835309804763
2026-09-01 00:52:09.576820200+00:00,47.1486,21.3213,0.0,1,-15.9,0.141,48.428696518224676
2026-09-01 00:52:09.603164300+00:00,47.1687,21.3059,0.0,1,3.7,0.106,47.059539230186736
2026-09-01 00:52:09.857306800+00:00,47.2512,21.3245,0.0,1,6.3,0.128,38.62247205750814
2026-09-01 00:52:09.860687300+00:00,47.2502,21.3244,0.0,1,4.2,0.169,38.71685262729332
2026-09-01 00:52:09.861449500+00:00,47.2509,21.3234,0.0,1,4.4,0.15,38.69833769349391
2026-09-01 00:52:09.865770300+00:00,47.233,21.3331,0.0,1,3.0,0.175,39.913195350391995
2026-09-01 00:52:09.876410400+00:00,47.1846,21.277,0.0,1,5.2,0.191,46.74401674779066
2026-09-01 00:52:09.886190400+00:00,47.1937,21.3837,0.0,1,6.0,0.156,41.813180736294186
2026-09-01 00:52:10.012962800+00:00,47.3226,21.458,0.0,1,-2.0,0.982,26.500682865235127
2026-09-01 00:52:10.057845700+00:00,47.2623,21.3712,0.0,1,25.3,0.15,35.612802662488576
2026-09-01 00:52:10.183171500+00:00,46.544,21.8859,0.0,1,4.2,0.245,111.55078295102376
2026-09-01 00:52:10.183824+00:00,46.5435,21.8859,0.0,1,-25.2,0.307,111.60553220265338
2026-09-01 00:52:10.186240200+00:00,46.5489,21.8842,0.0,1,7.4,0.21,110.99162037379973
2026-09-01 00:52:10.202651900+00:00,46.5433,21.8872,0.0,1,4.8,0.243,111.6447676247473
2026-09-01 00:52:10.207450800+00:00,47.3384,21.4351,0.0,1,13.2,0.053,25.893984303675932
2026-09-01 00:52:11.042684700+00:00,47.2881,20.8575,0.0,1,-3.3,0.107,63.943296842625585
2026-09-01 00:52:17.367597500+00:00,47.0753,21.2214,0.0,1,3.7,0.752,59.25434024038879
2026-09-01 00:52:17.399268600+00:00,47.0954,21.1845,0.0,1,-6.6,0.134,58.880388280161945
2026-09-01 00:52:17.660993800+00:00,47.1323,21.1794,0.0,1,-5.2,0.125,55.77395173286914
2026-09-01 00:52:17.771465700+00:00,47.0958,21.1855,0.0,1,-3.6,0.038,58.800949456330535
2026-09-01 00:52:17.777704500+00:00,47.0957,21.1857,0.0,1,-2.6,0.174,58.80159371312734
2026-09-01 00:52:17.796610900+00:00,47.0956,21.1855,0.0,1,-6.0,0.16,58.819313788422626
2026-09-01 00:52:17.869342700+00:00,47.7063,20.8745,0.0,1,29.2,0.088,59.673803269857956
2026-09-01 00:52:17.869656+00:00,47.708,20.8726,0.0,1,11.5,0.078,59.8692645107558
2026-09-01 00:52:18.211271800+00:00,46.9916,21.2575,0.0,1,-7.4,0.167,66.21295869298724
2026-09-01 00:52:18.778386300+00:00,47.2829,20.9215,0.0,1,13.9,0.098,59.88239555484511
2026-09-01 00:52:18.801427400+00:00,47.283,20.9225,0.0,1,-2.2,0.098,59.810472566978916
2026-09-01 00:52:23.075072400+00:00,46.8888,21.099,0.0,1,4.5,0.2,81.860916501254
2026-09-01 00:52:27.056153800+00:00,47.7874,20.8022,0.0,1,30.5,0.092,68.02626083379772
2026-09-01 00:52:27.056300+00:00,47.7895,20.8036,0.0,1,-15.4,0.062,68.0280066075395
2026-09-01 00:52:27.073812400+00:00,47.7854,20.8044,0.0,1,-7.3,0.093,67.78481189625553
2026-09-01 00:52:27.188881800+00:00,47.793,20.7727,0.0,1,-9.2,0.095,70.2913255199329
2026-09-01 00:52:27.527313200+00:00,47.3196,21.9104,0.0,1,5.9,0.236,31.769012393215974
2026-09-01 00:52:27.661765800+00:00,47.3155,21.9349,0.0,1,-6.0,0.156,33.36039460573069
2026-09-01 00:52:27.720241800+00:00,47.3532,21.8566,0.0,1,-13.4,0.16,26.284632390670808
2026-09-01 00:52:30.088169600+00:00,47.3157,21.5082,0.0,1,2.8,0.157,25.62454870823746
2026-09-01 00:52:30.666697200+00:00,47.0125,21.1762,0.0,1,-3.6,0.111,67.0078676789389
2026-09-01 00:52:30.865526700+00:00,47.0129,21.1758,0.0,1,-3.0,0.092,66.98483439734133
2026-09-01 00:52:30.946280400+00:00,47.2932,21.1854,0.0,1,13.1,0.126,42.52523514232182
2026-09-01 00:52:30.962693600+00:00,47.2926,21.1873,0.0,1,4.5,0.084,42.455414472224035
2026-09-01 00:52:31.303738400+00:00,47.2962,21.178,0.0,1,4.7,0.175,42.756251163119316
2026-09-01 00:52:35.532013700+00:00,47.1623,22.366,0.0,1,-6.7,0.408,69.16364367847508
2026-09-01 00:52:35.573105600+00:00,47.1193,22.4834,0.0,1,-12.0,0.327,79.15339250504422
2026-09-01 00:52:35.655531100+00:00,47.0929,22.4669,0.0,1,-7.9,0.35,79.91303309957158
2026-09-01 00:52:35.759224800+00:00,47.1633,22.5465,0.0,1,-5.7,0.65,80.45473817369088
2026-09-01 00:52:38.028662+00:00,46.5415,21.8804,0.0,1,-11.3,0.21,111.75225319779955
2026-09-01 00:52:40.450658500+00:00,47.1626,21.3778,0.0,1,-13.7,0.14,45.131779306794144
2026-09-01 00:52:41.227262100+00:00,47.1511,21.2989,0.0,1,2.7,0.137,49.01419715244031
2026-09-01 00:52:41.564137600+00:00,47.1138,21.2493,0.0,1,-7.4,0.148,54.49815218163428
2026-09-01 00:52:45.108377100+00:00,47.1912,21.4006,0.0,1,-2.9,0.16,41.52390696232993
2026-09-01 00:52:45.127373200+00:00,47.2238,21.462,0.0,1,-13.4,0.177,36.418694844673375
2026-09-01 00:52:47.214375500+00:00,47.463,20.6218,0.0,1,-3.1,0.08,75.92287576124943
2026-09-01 00:52:47.421791500+00:00,47.4255,20.6131,0.0,1,2.1,0.093,77.12713771986171
2026-09-01 00:52:47.507434600+00:00,47.4335,20.5123,0.0,1,-2.3,0.111,84.49540324366801
2026-09-01 00:52:47.554115300+00:00,47.4397,20.5532,0.0,1,-3.9,0.088,81.35446541104804
2026-09-01 00:52:47.575391200+00:00,47.4367,20.5095,0.0,1,-2.3,0.104,84.65643020270308
2026-09-01 00:52:47.591719800+00:00,47.4345,20.5172,0.0,1,-2.1,0.037,84.11515485227417
2026-09-01 00:52:47.601906700+00:00,47.4048,20.5604,0.0,1,11.4,0.077,81.42572018277924
2026-09-01 00:52:47.615668500+00:00,47.4351,20.514,0.0,1,-2.0,0.079,84.34464672555453
2026-09-01 00:52:47.625644300+00:00,47.4345,20.5145,0.0,1,-2.6,0.102,84.3163706195262
2026-09-01 00:52:47.632603900+00:00,47.4347,20.5169,0.0,1,-2.2,0.084,84.1345034701139
2026-09-01 00:52:47.656125200+00:00,47.4345,20.5151,0.0,1,-2.1,0.072,84.27165531287505
2026-09-01 00:52:47.776274600+00:00,47.4347,20.5083,0.0,1,-1.7,0.105,84.7754637732167
2026-09-01 00:52:50.261685400+00:00,47.2859,20.8763,0.0,1,3.4,0.13,62.77169413266209
2026-09-01 00:52:50.339174+00:00,47.2853,20.8551,0.0,1,-2.9,0.072,64.24046419692502
2026-09-01 00:52:50.615574100+00:00,47.2684,20.7596,0.0,1,2.8,0.09,71.56487616152565
2026-09-01 00:52:52.225700800+00:00,47.3614,21.8954,0.0,1,-3.8,0.109,27.65185429179492
2026-09-01 00:52:52.318055200+00:00,47.3525,21.8992,0.0,1,-11.4,0.156,28.543600305088905
2026-09-01 00:52:52.449161700+00:00,47.3508,21.8995,0.0,1,4.1,0.029,28.692136180621294
2026-09-01 00:52:52.462218+00:00,47.3339,21.8699,0.0,1,-12.4,0.209,28.57008291875413
2026-09-01 00:52:52.818115100+00:00,47.3285,21.7706,0.0,1,3.7,0.069,25.024323288371768
2026-09-01 00:52:53.273094900+00:00,47.2523,21.6157,0.0,1,4.1,0.134,31.069016307311415
2026-09-01 00:52:53.548415700+00:00,47.2762,21.6228,0.0,1,-7.7,0.187,28.4012035345538
2026-09-01 00:52:57.073136900+00:00,46.5402,21.9019,0.0,1,-25.7,0.272,112.18545802352683
2026-09-01 00:52:57.166325500+00:00,46.5301,21.8786,0.0,1,-11.9,0.243,112.97854360675066
2026-09-01 00:52:57.289935900+00:00,46.5313,21.882,0.0,1,-12.3,0.23,112.89075819339715
2026-09-01 00:52:57.290502200+00:00,46.5359,21.8998,0.0,1,-14.3,0.27,112.62619822525134
2026-09-01 00:53:03.142442600+00:00,46.9854,21.2526,0.0,1,-9.1,0.159,66.9946945226494
2026-09-01 00:53:03.142809400+00:00,46.9848,21.2582,0.0,1,-5.8,0.091,66.87813398294828
2026-09-01 00:53:03.143427900+00:00,46.9846,21.2612,0.0,1,-4.5,0.159,66.80442581888137
2026-09-01 00:53:03.368601800+00:00,46.9897,21.1601,0.0,1,-10.1,0.141,69.81293020012201
2026-09-01 00:53:03.496289400+00:00,47.2139,21.5018,0.0,1,-14.1,0.154,36.56890271788575
2026-09-01 00:53:03.550399900+00:00,47.2035,21.4736,0.0,1,-4.4,0.281,38.27533224861446
2026-09-01 00:53:03.707318400+00:00,46.9564,21.3142,0.0,1,4.6,0.178,68.18648176871571
2026-09-01 00:53:03.708144600+00:00,46.9516,21.3203,0.0,1,3.9,0.145,68.53065212255608
2026-09-01 00:53:03.710723500+00:00,46.9684,21.1367,0.0,1,-5.5,0.038,72.75343343185322
2026-09-01 00:53:05.449132900+00:00,47.485,20.6516,0.0,1,3.9,0.065,73.46761543816986
2026-09-01 00:53:05.543592500+00:00,47.4574,20.7158,5.4,2,-4.1,0.117,68.97588327898073
2026-09-01 00:53:05.544876200+00:00,47.4561,20.7132,4.1,2,-3.8,0.05,69.1880539165983
2026-09-01 00:53:05.714430700+00:00,47.5103,20.6571,0.0,1,4.3,0.078,72.89248721483862
2026-09-01 00:53:06.523528100+00:00,47.5363,20.6641,0.0,1,4.8,0.063,72.31232927036899
2026-09-01 00:53:06.523790800+00:00,47.5355,20.6628,0.0,1,5.5,0.062,72.4098854858955
2026-09-01 00:53:07.658680200+00:00,46.4813,21.8728,0.0,1,-6.0,0.258,118.26210693729884
2026-09-01 00:53:11.304603500+00:00,47.3172,21.1667,0.0,1,32.7,0.118,42.05998438578149
2026-09-01 00:53:12.587709400+00:00,47.1503,22.5181,0.0,1,10.8,0.309,79.39012130749146
2026-09-01 00:53:12.603231700+00:00,47.1415,22.5121,0.0,1,-20.2,0.366,79.5423012466178
2026-09-01 00:53:12.642442400+00:00,47.161,22.508,0.0,1,-19.7,0.255,78.10792768574983
2026-09-01 00:53:12.701651400+00:00,47.1405,22.4874,0.0,1,-18.0,0.329,78.05118685206843
2026-09-01 00:53:12.726285300+00:00,47.1613,22.5089,0.0,1,-6.6,0.33,78.147795977006
2026-09-01 00:53:13.469498200+00:00,47.285,20.8545,0.0,1,4.9,0.093,64.29567840856234
2026-09-01 00:53:13.603853300+00:00,46.8263,21.1656,0.0,1,-4.0,0.051,85.83836163773805
2026-09-01 00:53:13.744915300+00:00,46.8382,21.1367,0.0,1,-10.4,0.115,85.55304945713469
2026-09-01 00:53:14.089156500+00:00,47.1499,21.3816,0.0,1,8.9,0.099,46.30505867688174
2026-09-01 00:53:14.098289900+00:00,47.1688,21.334,0.0,1,-24.5,0.148,45.99640539588479
2026-09-01 00:53:14.145756800+00:00,47.1549,21.3387,0.0,1,6.4,0.104,47.19496424925281
2026-09-01 00:53:14.299748600+00:00,47.1539,21.3444,0.0,1,5.1,0.12,47.097854733423276
2026-09-01 00:53:14.306014700+00:00,47.1716,21.3434,0.0,1,-11.5,0.119,45.38533401892736
2026-09-01 00:53:14.314773+00:00,47.1869,21.3152,0.0,1,4.0,0.124,44.96378057754222
2026-09-01 00:53:14.485811800+00:00,47.1721,21.3434,0.0,1,-40.7,0.124,45.336256662283255
2026-09-01 00:53:14.487894700+00:00,47.1612,21.2411,0.0,1,8.3,0.08,50.42771645472669
2026-09-01 00:53:14.930570500+00:00,47.7103,20.8816,0.0,1,2.9,0.078,59.31638143532605
2026-09-01 00:53:16.546499700+00:00,47.15,22.5028,0.0,1,-4.4,0.379,78.43608506568768
2026-09-01 00:53:16.881341400+00:00,47.098,21.1884,0.0,1,-8.7,0.169,58.47514130263096
2026-09-01 00:53:16.882700+00:00,47.0979,21.1303,0.0,1,6.5,0.136,61.06910410607674
2026-09-01 00:53:16.884051300+00:00,47.0799,21.1539,0.0,1,-4.9,0.144,61.61793673500369
2026-09-01 00:53:16.954268400+00:00,47.0991,21.1883,0.0,1,-7.4,0.111,58.37841021776483
2026-09-01 00:53:16.955825800+00:00,47.0785,21.1508,0.0,1,-5.0,0.282,61.88058385932577
2026-09-01 00:53:16.994851800+00:00,46.568,21.9258,0.0,1,-17.1,0.196,109.50790619882832
2026-09-01 00:53:17.035374200+00:00,46.5566,21.7697,0.0,1,-5.1,0.351,108.95060505612963
2026-09-01 00:53:17.035690200+00:00,46.5669,21.9347,0.0,1,-19.4,0.287,109.76870952938165
2026-09-01 00:53:17.159756100+00:00,47.0986,21.1878,0.0,1,-26.6,0.123,58.445666917975
2026-09-01 00:53:17.211838+00:00,47.0992,21.1887,0.0,1,-7.1,0.136,58.35214140976129
2026-09-01 00:53:22.582451800+00:00,47.3172,21.8661,0.0,1,-10.9,0.196,29.851196877656598
2026-09-01 00:53:22.619763+00:00,47.3239,21.8121,0.0,1,-3.9,0.16,26.95631994585438
2026-09-01 00:53:22.632736900+00:00,47.327,21.9194,0.0,1,-7.0,0.236,31.628820789846756
2026-09-01 00:53:23.570303600+00:00,47.2489,21.5502,0.0,1,-6.4,0.148,31.96612790066375
2026-09-01 00:53:23.620345700+00:00,47.221,21.5146,0.0,1,-6.6,0.154,35.564435996858805
2026-09-01 00:53:23.944603800+00:00,47.2223,21.5995,0.0,1,-8.1,0.161,34.456234632757685
2026-09-01 00:53:24.160857100+00:00,47.2298,21.613,0.0,1,-16.9,0.191,33.575896295214505
2026-09-01 00:53:24.268125600+00:00,47.2299,21.6121,0.0,1,-15.9,0.148,33.567024497608585
2026-09-01 00:53:28.045580300+00:00,47.1619,21.3915,0.0,1,-5.9,0.165,44.783219983224356
2026-09-01 00:53:28.113562800+00:00,47.1867,21.4016,0.0,1,3.6,0.15,41.95023939799637
2026-09-01 00:53:28.223721500+00:00,47.1667,21.3971,0.0,1,-9.0,0.164,44.12594923416572
2026-09-01 00:53:28.307592600+00:00,47.1673,21.3977,0.0,1,-5.7,0.068,44.04679974062159
2026-09-01 00:53:28.503972600+00:00,46.5405,21.9082,0.0,1,-17.5,0.2,112.24222757464585
2026-09-01 00:53:30.777754+00:00,47.0145,21.174,0.0,1,-3.0,0.122,66.90076366585043
2026-09-01 00:53:31.129938+00:00,47.1506,21.0542,0.0,1,15.5,0.135,60.4939607619932
2026-09-01 00:53:31.140394600+00:00,47.1722,21.006,0.0,1,3.0,0.077,61.544576779122416
2026-09-01 00:53:31.308646300+00:00,47.1013,21.0704,0.0,1,-3.6,0.115,63.65345299461642
2026-09-01 00:53:31.400004700+00:00,47.0372,21.0084,0.0,1,5.1,0.118,72.1215872284558
2026-09-01 00:53:31.401071+00:00,47.0369,21.0086,0.0,1,4.0,0.085,72.13734276650149
2026-09-01 00:53:31.402229300+00:00,47.0389,21.0055,0.0,1,4.3,0.119,72.11917807909008
2026-09-01 00:53:31.403075700+00:00,47.0397,21.0025,0.0,1,9.1,0.108,72.19889340024336
2026-09-01 00:53:31.403935+00:00,47.0316,21.0243,0.0,1,2.8,0.084,71.83353532829616
2026-09-01 00:53:31.404598500+00:00,47.049,21.0113,0.0,1,2.9,0.095,70.97975869050853
2026-09-01 00:53:31.422751600+00:00,47.0313,21.0617,0.0,1,2.8,0.117,70.10769012395542
2026-09-01 00:53:31.432193600+00:00,47.1135,21.0238,0.0,1,4.6,0.295,65.04303894880123
2026-09-01 00:53:31.464599200+00:00,46.9914,20.8346,0.0,1,3.1,0.081,84.77211154783154
2026-09-01 00:53:31.465206600+00:00,46.9678,20.9619,0.0,1,3.1,0.065,80.3281189945304
2026-09-01 00:53:31.480095200+00:00,47.0481,21.1733,0.0,1,-4.8,0.152,63.74085565699141
2026-09-01 00:53:31.485463100+00:00,47.0239,21.0972,0.0,1,-3.3,0.089,69.18242018899484
2026-09-01 00:53:31.534094200+00:00,47.0545,21.0566,0.0,1,-3.7,0.151,68.31461179564522
2026-09-01 00:53:31.625702900+00:00,47.0853,21.0976,0.0,1,-4.3,0.112,63.70012239686674
2026-09-01 00:53:31.671935700+00:00,47.1069,21.1286,0.0,1,-3.4,0.168,60.35970402653488
2026-09-01 00:53:31.859953500+00:00,46.9014,21.0587,0.0,1,3.7,0.106,82.18673469595608
2026-09-01 00:53:31.861358600+00:00,46.8985,21.0574,0.0,1,4.6,0.113,82.51363310150934
2026-09-01 00:53:32.896656200+00:00,47.2864,20.847,0.0,1,5.0,0.222,64.74019624084231
2026-09-01 00:53:35.357616700+00:00,47.2808,20.926,0.0,1,-2.9,0.124,59.691897649043334
2026-09-01 00:53:38.089770600+00:00,46.3737,21.874,0.0,1,-20.3,0.225,130.10690262462612
2026-09-01 00:53:38.090329300+00:00,46.373,21.8736,0.0,1,13.5,0.414,130.17958385124055
2026-09-01 00:53:38.326645300+00:00,46.4174,21.8644,0.0,1,-5.1,0.301,125.19237193197381
2026-09-01 00:53:38.364595700+00:00,46.5532,21.905,0.0,1,4.1,0.32,110.80922550963643
2026-09-01 00:53:38.394486400+00:00,46.5621,21.8991,10.4,2,4.6,0.137,109.75267601125651
2026-09-01 00:53:39.237797500+00:00,47.2957,21.2462,0.0,1,-5.7,0.126,38.86351089650914
2026-09-01 00:53:40.326692200+00:00,47.2088,21.3849,0.0,1,-4.2,0.135,40.26891188775259
2026-09-01 00:53:40.533082400+00:00,47.1937,21.3243,0.0,1,-8.5,0.184,43.96051100169125
2026-09-01 00:53:40.603890500+00:00,47.187,21.437,0.0,1,-19.9,0.155,40.91103695403829
2026-09-01 00:53:40.719767900+00:00,47.2437,21.3869,0.0,1,7.3,0.166,36.77454569424587
2026-09-01 00:53:40.724646900+00:00,47.2412,21.3908,0.0,1,4.1,0.173,36.87434027043909
2026-09-01 00:53:41.060114300+00:00,47.2309,21.3875,0.0,1,3.9,0.153,37.99956425315852
2026-09-01 00:53:41.589019700+00:00,47.3135,20.8593,0.0,1,3.3,0.136,62.66177133923011
2026-09-01 00:53:48.444558200+00:00,47.4703,20.6541,0.0,1,-4.3,0.078,73.42418585522795
2026-09-01 00:53:49.030214300+00:00,47.2556,21.6233,0.0,1,-11.5,0.19,30.691276736231313
2026-09-01 00:53:49.552972700+00:00,47.2897,20.823,0.0,1,-4.3,0.107,66.23101203060081
2026-09-01 00:53:49.553940600+00:00,47.2509,21.6102,0.0,1,-5.7,0.181,31.238948441848503
2026-09-01 00:53:49.568676300+00:00,47.2517,21.5497,0.0,1,-11.7,0.176,31.666900814445093
2026-09-01 00:53:49.596700600+00:00,47.3062,21.521,0.0,1,3.8,0.196,26.308468856043202
2026-09-01 00:53:49.597754900+00:00,47.3107,21.5197,0.0,1,4.7,0.198,25.8625630171112
2026-09-01 00:53:57.584799800+00:00,46.5385,21.8976,0.0,1,-10.5,0.291,112.31138813978541
2026-09-01 00:53:58.150979400+00:00,47.0302,21.1802,0.0,1,-15.7,0.194,65.16049895054374
2026-09-01 00:54:00.348744700+00:00,47.719,20.869,0.0,1,-9.8,0.108,60.528708271121225
2026-09-01 00:54:02.233705900+00:00,46.551,21.7432,0.0,1,-39.8,0.232,109.39082641753966
2026-09-01 00:54:02.234231100+00:00,46.5527,21.7378,9.9,2,8.7,0.207,109.17025291796983
2026-09-01 00:54:02.248032700+00:00,46.5489,21.7433,0.0,1,-6.4,0.207,109.62420464575914
2026-09-01 00:54:02.250737+00:00,46.5537,21.7344,0.0,1,-8.6,0.167,109.03990479848144
2026-09-01 00:54:02.419776200+00:00,46.5899,21.7526,0.0,1,-4.6,0.146,105.14149196599607
2026-09-01 00:54:07.299539+00:00,47.3619,21.9018,0.0,1,-6.0,0.12,27.96706694665059
2026-09-01 00:54:07.319370900+00:00,47.3542,21.9082,0.0,1,-8.4,0.236,28.902732266248623
2026-09-01 00:54:07.373787300+00:00,47.3836,21.9701,0.0,1,-7.8,0.277,30.578689054452347
2026-09-01 00:54:07.734912500+00:00,47.3826,21.9693,0.0,1,-17.3,0.181,30.588304131152476
2026-09-01 00:54:08.175255400+00:00,46.5182,21.8744,0.0,1,-8.7,0.26,114.23076873469446
2026-09-01 00:54:09.318666400+00:00,47.3208,21.1755,0.0,1,19.7,0.122,41.286754346035394
2026-09-01 00:54:09.454187600+00:00,47.2971,21.1629,0.0,1,-5.6,0.133,43.60002493547253
2026-09-01 00:54:09.549876400+00:00,47.2821,21.1791,0.0,1,-8.9,0.137,43.67318357596557
2026-09-01 00:54:13.020845500+00:00,47.059,21.1729,0.0,1,-8.9,0.145,62.73649964553221
2026-09-01 00:54:13.386081600+00:00,47.1238,21.2514,0.0,1,4.3,0.077,53.46796238726286
2026-09-01 00:54:13.386908500+00:00,47.1251,21.2548,0.0,1,3.7,0.042,53.209596754617245
2026-09-01 00:54:13.387459300+00:00,47.1263,21.2623,0.0,1,5.1,0.145,52.799441859959785
2026-09-01 00:54:14.647048200+00:00,47.1397,22.5063,0.0,1,-13.9,0.252,79.28708345323739
2026-09-01 00:54:16.450001900+00:00,47.3236,21.7238,0.0,1,8.8,0.194,24.24100885014384
2026-09-01 00:54:16.620979600+00:00,47.294,21.7663,0.0,1,-9.1,0.156,28.41493374658508
2026-09-01 00:54:20.777939400+00:00,47.0166,21.1469,0.0,1,-7.9,0.133,67.77083884086058
2026-09-01 00:54:20.817697400+00:00,47.0359,21.1437,0.0,1,-7.0,0.107,66.0967270196032
2026-09-01 00:54:21.077509800+00:00,47.0242,21.2218,0.0,1,-4.6,0.134,64.17952477154242
2026-09-01 00:54:22.865316700+00:00,47.5524,20.9656,0.0,1,21.8,0.132,49.722252915603946
2026-09-01 00:54:22.995384500+00:00,47.546,20.9951,0.0,1,-6.9,0.104,47.48402165255409
2026-09-01 00:54:23.275154600+00:00,47.0995,22.3437,0.0,1,15.1,0.254,72.28518040376606
2026-09-01 00:54:23.916685900+00:00,47.1813,21.3212,0.0,1,-8.9,0.129,45.2645053007195
2026-09-01 00:54:23.961112400+00:00,46.5456,21.8919,0.0,1,-4.4,0.345,111.45648220545084
2026-09-01 00:54:24.213705100+00:00,47.5039,20.6593,0.0,1,2.2,0.114,72.75845578985592
2026-09-01 00:54:30.029102200+00:00,47.3166,21.9038,0.0,1,5.5,0.116,31.68961335310145
2026-09-01 00:54:30.032276100+00:00,47.3156,21.9118,0.0,1,4.3,0.129,32.170944558212696
2026-09-01 00:54:30.039495400+00:00,47.301,21.8972,0.0,1,3.2,0.206,32.70920769768161
2026-09-01 00:54:30.044574100+00:00,47.302,21.9053,0.0,1,3.7,0.145,33.0048283706756
2026-09-01 00:54:30.085932300+00:00,47.3581,21.9508,0.0,1,4.2,0.181,31.04867703852504
2026-09-01 00:54:30.154675+00:00,47.3119,21.8985,0.0,1,3.4,0.264,31.829251570404097
2026-09-01 00:54:36.725781+00:00,47.1495,21.3703,0.0,1,5.6,0.141,46.69250297505832
2026-09-01 00:54:36.726477100+00:00,47.1503,21.3685,0.0,1,-4.4,0.122,46.66802126010508
2026-09-01 00:54:40.061592+00:00,46.5271,21.8594,0.0,1,13.0,0.29,113.07196331874864
2026-09-01 00:54:40.229665+00:00,47.3106,21.2993,0.0,1,-5.7,0.153,34.82584829678076
2026-09-01 00:54:40.237219100+00:00,46.55,21.8978,0.0,1,-9.7,0.192,111.05673224859036
2026-09-01 00:54:40.443996300+00:00,47.3084,21.2949,0.0,1,-4.1,0.124,35.23345045493511
2026-09-01 00:54:40.533169600+00:00,47.2612,21.2144,0.0,1,-5.3,0.152,43.24270901476365
2026-09-01 00:54:40.559432700+00:00,47.3057,21.2701,0.0,1,-12.2,0.113,36.78629897709303
2026-09-01 00:54:45.595900200+00:00,46.8313,21.1576,0.0,1,6.0,0.186,85.57903840552713
2026-09-01 00:54:48.400476800+00:00,47.2733,21.6235,0.0,1,-17.6,0.215,28.723073393154383
2026-09-01 00:54:48.476255300+00:00,47.2568,21.6159,0.0,1,-5.8,0.165,30.568412660383142
2026-09-01 00:54:52.745535+00:00,47.0175,21.1652,0.0,1,-20.4,0.151,66.95703874267824
2026-09-01 00:54:52.778281800+00:00,47.0176,21.165,0.0,1,-17.6,0.132,66.95538697512319
2026-09-01 00:54:52.822270700+00:00,47.0247,21.1671,0.0,1,-20.3,0.14,66.19830575087681
2026-09-01 00:54:52.842945900+00:00,47.0175,21.1666,0.0,1,-4.3,0.153,66.90210696438322
2026-09-01 00:54:53.243474900+00:00,47.0262,21.1665,0.0,1,-2.6,0.038,66.07988962469838
2026-09-01 00:54:57.171861300+00:00,47.2971,20.8194,0.0,1,-5.0,0.119,66.14608618522358
2026-09-01 00:54:57.260697400+00:00,47.3011,20.8598,0.0,1,-2.6,0.117,63.18000956196265
2026-09-01 00:54:58.305231500+00:00,47.1564,21.3892,0.0,1,-4.9,0.198,45.413797748219665
2026-09-01 00:54:58.497543300+00:00,47.1573,21.3899,0.0,1,-5.3,0.137,45.300968316810035
2026-09-01 00:54:58.711660100+00:00,47.4673,20.6926,0.0,1,7.5,0.086,70.58009565963633
2026-09-01 00:54:58.939325900+00:00,47.4448,20.681,0.0,1,-3.0,0.113,71.7557265161178
2026-09-01 00:55:00.181264300+00:00,47.1445,22.5233,0.0,1,-8.1,0.317,80.0696204744974
2026-09-01 00:55:00.182432100+00:00,47.1435,22.5288,0.0,1,-8.8,0.226,80.47949747322511
2026-09-01 00:55:00.183407500+00:00,47.1428,22.5249,0.0,1,5.9,0.273,80.2738685004527
2026-09-01 00:55:04.177935500+00:00,47.1553,21.3057,0.0,1,3.5,0.163,48.35235708698189
2026-09-01 00:55:04.240501400+00:00,47.151,21.2974,0.0,1,-11.8,0.124,49.08095183133085
2026-09-01 00:55:04.312967100+00:00,47.1557,21.3582,0.0,1,-7.4,0.163,46.45617831463445
2026-09-01 00:55:04.341827300+00:00,46.5581,21.9037,0.0,1,-6.0,0.238,110.25539900770023
2026-09-01 00:55:04.368253900+00:00,46.5529,21.9193,0.0,1,-18.4,0.261,111.05277172583233
2026-09-01 00:55:04.418774100+00:00,46.5522,21.9222,0.0,1,-7.1,0.239,111.17303413476226
2026-09-01 00:55:10.775103+00:00,47.3046,21.1933,0.0,1,3.9,0.109,41.272099566454195
2026-09-01 00:55:10.933757300+00:00,47.272,21.1655,0.0,1,3.0,0.166,45.18011751084518
2026-09-01 00:55:10.934233700+00:00,47.2723,21.1617,0.0,1,5.3,0.153,45.37921612724636
2026-09-01 00:55:10.999447400+00:00,47.2809,21.1813,0.0,1,6.6,0.121,43.630872457764255
2026-09-01 00:55:15.153629700+00:00,47.3528,21.9299,0.0,1,4.0,0.164,30.218509056255172
2026-09-01 00:55:15.154428800+00:00,47.3527,21.9326,0.0,1,5.4,0.174,30.37901399868009
2026-09-01 00:55:15.157772600+00:00,47.3555,21.9341,0.0,1,4.6,0.189,30.26150884472442
2026-09-01 00:55:15.164005100+00:00,47.3565,21.9481,0.0,1,3.3,0.058,31.001557130722922
2026-09-01 00:55:18.224296800+00:00,47.2437,21.5837,0.0,1,-10.2,0.151,32.18084836587607
2026-09-01 00:55:20.461762800+00:00,47.3914,21.978,0.0,1,-4.4,0.2,30.628850332542203
2026-09-01 00:55:20.466170700+00:00,47.3884,21.9906,0.0,1,10.6,0.222,31.615266345244518
2026-09-01 00:55:24.252832700+00:00,47.0102,21.2017,0.0,1,-23.6,0.144,66.27545121692083
2026-09-01 00:55:24.255501300+00:00,47.0076,21.1613,0.0,1,-4.7,0.122,68.05252779833928
2026-09-01 00:55:24.283404+00:00,46.9944,21.1654,0.0,1,-16.7,0.139,69.15914716991823
2026-09-01 00:55:24.348275+00:00,46.9848,21.1598,0.0,1,-12.5,0.099,70.2959138612815
2026-09-01 00:55:24.498211700+00:00,47.0112,21.1778,0.0,1,-2.7,0.15,67.0715196283626
2026-09-01 00:55:24.639495900+00:00,47.0106,21.1811,0.0,1,-2.8,0.099,67.0037452597525
2026-09-01 00:55:27.736572600+00:00,47.2619,20.8251,0.0,1,-3.4,0.09,67.41819231243892
2026-09-01 00:55:27.817050+00:00,47.2414,20.9071,0.0,1,2.5,0.129,63.095306663511245
2026-09-01 00:55:27.943545400+00:00,47.2104,20.9109,0.0,1,43.6,0.088,64.70029308806534
2026-09-01 00:55:27.950551700+00:00,47.2534,20.9331,0.0,1,-5.7,0.118,60.72594479772489
2026-09-01 00:55:27.951095700+00:00,47.2594,20.9352,0.0,1,-6.5,0.138,60.24951850700434
2026-09-01 00:55:27.970438100+00:00,47.2319,20.91,0.0,1,3.6,0.078,63.46026136627033
2026-09-01 00:55:27.974672700+00:00,47.094,20.7904,0.0,1,2.5,0.057,79.67663106207102
2026-09-01 00:55:27.985981100+00:00,47.2312,20.9121,0.0,1,2.6,0.041,63.367060419665954
2026-09-01 00:55:28.188061+00:00,47.1339,20.6106,0.0,1,2.4,0.094,88.46466529250137
2026-09-01 00:55:28.312666200+00:00,47.1327,20.5522,0.0,1,2.7,0.052,92.36732135155471
2026-09-01 00:55:28.339088900+00:00,47.1322,20.5534,0.0,1,2.5,0.02,92.31507773226872
2026-09-01 00:55:28.414269300+00:00,47.1407,20.455,0.0,1,-2.7,0.076,98.45310959303625
2026-09-01 00:55:28.423165400+00:00,47.132,20.5544,0.0,1,2.1,0.1,92.25986076231611
2026-09-01 00:55:28.512914100+00:00,47.1317,20.5509,0.0,1,4.6,0.105,92.507334701517
2026-09-01 00:55:31.002811600+00:00,46.3957,21.8915,0.0,1,11.8,0.322,127.88743534485849
2026-09-01 00:55:31.003220+00:00,46.3952,21.8946,0.0,1,-8.1,0.257,127.97943040922169
2026-09-01 00:55:31.720133500+00:00,47.2895,20.8566,0.0,1,3.2,0.103,63.93826100922454
2026-09-01 00:55:32.078346700+00:00,47.2921,20.8157,0.0,1,5.0,0.082,66.62496911203858
2026-09-01 00:55:35.749250100+00:00,47.0145,21.3385,0.0,1,3.8,0.105,61.48873356510034
2026-09-01 00:55:35.814724400+00:00,47.0138,21.3201,0.0,1,-4.5,0.133,62.06648718928534
2026-09-01 00:55:35.847935100+00:00,46.9929,21.3366,0.0,1,11.1,0.109,63.79105080607781
2026-09-01 00:55:35.893552300+00:00,47.0442,21.2975,0.0,1,-4.7,0.125,59.632284928978656
2026-09-01 00:55:36.348029900+00:00,47.0601,21.2491,0.0,1,2.6,0.163,59.68410373807983
2026-09-01 00:55:36.558774800+00:00,47.1016,21.2793,0.0,1,5.0,0.154,54.53763121439501
2026-09-01 00:55:37.007194200+00:00,47.2043,21.4459,0.0,1,-3.9,0.146,38.87366844706824
2026-09-01 00:55:37.100283+00:00,47.2189,21.4752,0.0,1,-8.3,0.113,36.608371166580106
2026-09-01 00:55:37.399556300+00:00,47.2186,21.4748,0.0,1,-11.3,0.147,36.64949299685683
2026-09-01 00:55:37.401670700+00:00,47.1835,21.4315,0.0,1,-7.7,0.141,41.42163640832714
2026-09-01 00:55:37.670971200+00:00,47.3144,21.7946,0.0,1,-7.5,0.764,27.234398572298915
2026-09-01 00:55:37.683688+00:00,47.3172,21.8406,0.0,1,-3.8,0.338,28.737561086208046
2026-09-01 00:55:37.964478500+00:00,47.3155,21.7635,0.0,1,-3.7,0.216,26.122680726110485
2026-09-01 00:55:38.065573300+00:00,47.3124,21.8233,0.0,1,-5.8,0.211,28.48729614976415
2026-09-01 00:55:38.088727700+00:00,47.3136,21.7722,0.0,1,-6.7,0.115,26.578901374412787
2026-09-01 00:55:38.240675200+00:00,47.3125,21.7749,0.0,1,-9.4,0.232,26.77415544647849
2026-09-01 00:55:39.734366500+00:00,47.4804,20.644,0.0,1,13.6,0.118,74.07781261667823
2026-09-01 00:55:39.734441300+00:00,47.4799,20.6436,0.0,1,13.2,0.116,74.11241116137754
2026-09-01 00:55:39.818905600+00:00,47.4575,20.6481,0.0,1,-8.1,0.08,74.0267673204619
2026-09-01 00:55:46.837348400+00:00,47.3505,21.9169,0.0,1,-6.5,0.081,29.662645306862615
2026-09-01 00:55:47.735575800+00:00,47.3054,21.3871,0.0,1,-6.1,0.09,30.971685501388315
2026-09-01 00:55:47.766570400+00:00,47.3022,21.3951,0.0,1,-14.6,0.124,30.917577279880426
2026-09-01 00:55:47.802400500+00:00,47.294,21.3642,0.0,1,-9.0,0.108,33.01436373650627
2026-09-01 00:55:49.370412800+00:00,47.1594,22.5352,0.0,1,-8.0,0.231,79.9489213247555
2026-09-01 00:55:50.789306700+00:00,46.8397,21.1597,0.0,1,8.4,0.118,84.66250383898854
2026-09-01 00:55:50.808674900+00:00,46.841,21.1592,0.0,1,-9.9,0.14,84.54678654565987
2026-09-01 00:55:50.812938700+00:00,46.8362,21.1521,0.0,1,-11.2,0.141,85.25712587349267
2026-09-01 00:55:50.831621300+00:00,46.8492,21.1657,0.0,1,-10.6,0.072,83.51203030253455
2026-09-01 00:55:50.875124+00:00,46.82,21.1357,0.0,1,-11.7,0.15,87.41607628926036
2026-09-01 00:55:51.082538600+00:00,46.819,21.1349,0.0,1,-24.8,0.12,87.5425756425402
2026-09-01 00:55:51.137239100+00:00,46.8863,21.1364,0.0,1,8.0,0.098,80.76888432434379
2026-09-01 00:55:51.138973900+00:00,46.8922,21.1291,0.0,1,5.5,0.135,80.44212410272152
2026-09-01 00:55:51.150606+00:00,46.8482,21.1423,0.0,1,3.7,0.121,84.3661158226797
2026-09-01 00:55:51.151215200+00:00,46.8445,21.1284,0.0,1,5.5,0.164,85.19697385610596
2026-09-01 00:55:51.309978800+00:00,46.7627,20.9639,0.0,1,-4.9,0.055,99.12981503280224
2026-09-01 00:55:51.415111800+00:00,46.9329,21.2206,0.0,1,-40.1,0.118,73.31306423365875
2026-09-01 00:55:51.442541600+00:00,46.9315,21.221,0.0,1,-14.7,0.16,73.44200080561004
2026-09-01 00:55:51.456863200+00:00,46.9323,21.2191,0.0,1,-4.2,0.176,73.42119410273723
2026-09-01 00:55:51.509419800+00:00,46.9833,20.9036,0.0,1,2.3,0.11,81.85333827523839
2026-09-01 00:55:51.510758300+00:00,46.9836,20.9076,0.0,1,3.6,0.119,81.62722528878226
2026-09-01 00:55:51.514723400+00:00,46.9768,20.9476,0.0,1,-3.5,0.101,80.23257071934982
2026-09-01 00:55:51.516762100+00:00,46.9889,20.8797,0.0,1,4.3,0.159,82.6096900090528
2026-09-01 00:55:51.519566+00:00,46.7866,20.9433,0.0,1,3.5,0.17,97.65701748081005
2026-09-01 00:55:51.536129300+00:00,46.9843,20.947,0.0,1,5.0,0.093,79.61998557750506
2026-09-01 00:55:51.641253+00:00,47.052,21.0628,0.0,1,2.9,0.152,68.23864498560361
2026-09-01 00:55:51.650656300+00:00,46.775,20.9511,0.0,1,-3.5,0.11,98.44887177574041
2026-09-01 00:55:51.847734700+00:00,47.5371,20.9223,0.0,1,12.4,0.094,52.92984504437039
2026-09-01 00:55:51.848317300+00:00,47.542,20.9244,0.0,1,-9.3,0.037,52.77886491874115
2026-09-01 00:55:52.527406200+00:00,47.5614,20.9633,0.0,1,-3.2,0.039,49.94683164753254
2026-09-01 00:55:52.534439200+00:00,47.5556,21.0022,0.0,1,-12.3,0.127,46.995583396988096
2026-09-01 00:55:52.579361200+00:00,47.6806,21.0704,0.0,1,-4.2,0.078,44.918025110303674
2026-09-01 00:55:52.582367300+00:00,47.5381,20.9208,0.0,1,2.5,0.129,53.043338818848234
2026-09-01 00:55:52.586823400+00:00,47.563,20.9627,0.0,1,-8.7,0.081,50.003113408821804
2026-09-01 00:55:52.600903400+00:00,47.6067,20.98,0.0,1,3.4,0.095,49.275126430117325
2026-09-01 00:55:58.359477800+00:00,46.561,21.7935,0.0,1,-5.9,0.271,108.65790031441865
2026-09-01 00:55:59.500360100+00:00,47.304,21.1959,0.0,1,-4.0,0.16,41.15863739969424
2026-09-01 00:56:00.186914400+00:00,47.1868,21.4411,0.0,1,2.7,0.089,40.82475420120701
2026-09-01 00:56:04.612422200+00:00,47.3219,20.875,0.0,1,2.2,0.184,61.20835281206375
2026-09-01 00:56:04.643649100+00:00,47.3116,20.8834,0.0,1,67.4,0.121,61.07924772580144
2026-09-01 00:56:04.935289900+00:00,47.3202,21.6759,0.0,1,3.9,0.161,23.789231015301453
2026-09-01 00:56:05.086932500+00:00,47.3069,21.6959,0.0,1,-8.3,0.193,25.513018529168797
2026-09-01 00:56:07.757442200+00:00,47.3488,21.975,0.0,1,-10.5,0.167,33.120511625709646
2026-09-01 00:56:08.000213600+00:00,47.3485,21.9789,0.0,1,-7.9,0.183,33.37297376916833
2026-09-01 00:56:09.552864300+00:00,47.319,21.4616,0.0,1,-5.1,0.095,26.72523362888175
2026-09-01 00:56:17.099168100+00:00,47.3129,21.0589,0.0,1,3.2,0.173,49.19357270725341
2026-09-01 00:56:17.142400800+00:00,47.1461,22.5312,0.0,1,7.9,0.24,80.47643026346746
2026-09-01 00:56:17.143716900+00:00,47.1432,22.5438,0.0,1,5.1,0.294,81.45365042041888
2026-09-01 00:56:23.806467900+00:00,47.3151,21.921,0.0,1,4.6,0.123,32.67651549262131
2026-09-01 00:56:23.985103900+00:00,47.3082,21.8957,0.0,1,3.9,0.147,32.01326258960367
2026-09-01 00:56:26.416087800+00:00,47.0146,21.1977,0.0,1,3.9,0.175,65.99491784361001
2026-09-01 00:56:28.495851700+00:00,46.5292,21.8748,0.0,1,4.4,0.216,113.02906561237184
2026-09-01 00:56:28.640245600+00:00,46.4959,21.906,0.0,1,-15.1,0.216,117.08668444987894
2026-09-01 00:56:28.707385100+00:00,46.533,21.8947,0.0,1,-5.7,0.215,112.8732826582374
2026-09-01 00:56:29.365610700+00:00,47.2058,21.4355,0.0,1,-8.6,0.14,39.000728248188246
2026-09-01 00:56:29.515410200+00:00,47.1774,21.4418,0.0,1,-9.8,0.181,41.790668090106436
2026-09-01 00:56:29.555153600+00:00,47.232,21.4377,0.0,1,3.6,0.134,36.243646164152324
2026-09-01 00:56:29.726659300+00:00,47.1774,21.4444,0.0,1,-21.2,0.157,41.725587282479104
2026-09-01 00:56:29.880337300+00:00,47.1775,21.4413,0.0,1,-6.5,0.179,41.79279664423364
2026-09-01 00:56:29.990294400+00:00,47.1778,21.4411,0.0,1,-6.9,0.16,41.76641403148961
2026-09-01 00:56:31.009148200+00:00,47.3026,21.7652,0.0,1,5.0,0.26,27.496387143447112
2026-09-01 00:56:31.026592900+00:00,47.3092,21.8644,0.0,1,-4.8,0.237,30.492118248154345
2026-09-01 00:56:31.161790200+00:00,47.3102,21.8647,0.0,1,-20.6,0.195,30.415155947232805
2026-09-01 00:56:31.245762400+00:00,47.3084,21.8711,0.0,1,-3.2,0.188,30.86130329775662
2026-09-01 00:56:31.412615200+00:00,47.3089,21.8676,0.0,1,-3.2,0.218,30.660551973174325
2026-09-01 00:56:34.270279+00:00,47.2931,20.8595,0.0,1,-15.5,0.077,63.5705719154066
2026-09-01 00:56:34.272672300+00:00,47.3079,20.8587,0.0,1,-3.3,0.082,62.94966862939102
2026-09-01 00:56:35.160552600+00:00,46.4106,21.5551,0.0,1,-7.7,0.259,124.76981921134669
2026-09-01 00:56:35.163533300+00:00,46.4105,21.5485,0.0,1,4.8,0.25,124.8039133922444
2026-09-01 00:56:35.164896500+00:00,46.4144,21.5518,0.0,1,6.0,0.224,124.35895915419978
2026-09-01 00:56:35.294196800+00:00,46.3982,21.5709,0.0,1,-4.7,0.064,126.1009703606518
2026-09-01 00:56:42.001073600+00:00,47.2672,20.875,0.0,1,8.4,0.117,63.79990877498379
2026-09-01 00:56:49.776316900+00:00,47.3571,21.9745,0.0,1,-15.2,0.208,32.53042031285036
2026-09-01 00:56:49.821897800+00:00,47.3608,21.9694,0.0,1,-14.5,0.11,31.97662133258454
2026-09-01 00:56:49.909581700+00:00,47.3403,21.7887,0.0,1,-5.6,1.527,24.49178411301198
2026-09-01 00:56:50.006714100+00:00,47.4831,20.6399,0.0,1,11.1,0.09,74.36058795107537
2026-09-01 00:56:50.105940900+00:00,47.4897,20.6002,0.0,1,-9.0,0.096,77.28235974853537
2026-09-01 00:56:50.330469300+00:00,47.4826,20.668,0.0,1,-7.4,0.117,72.26022426527811
2026-09-01 00:56:50.396592+00:00,47.4126,20.7195,0.0,1,2.5,0.079,69.50294432348578
2026-09-01 00:56:50.397489400+00:00,47.417,20.718,0.0,1,3.2,0.091,69.51947907931165
2026-09-01 00:56:50.439592400+00:00,47.5039,20.706,0.0,1,2.9,0.067,69.25480304425432
2026-09-01 00:56:50.451220900+00:00,47.5034,20.707,0.0,1,3.1,0.08,69.18260846508024
2026-09-01 00:56:50.464572500+00:00,47.5036,20.7071,0.0,1,3.1,0.048,69.17397055179953
2026-09-01 00:56:50.527244100+00:00,47.4779,20.6183,0.0,1,-2.5,0.06,76.0257549325895
2026-09-01 00:56:53.778922100+00:00,47.1838,21.4046,0.0,1,-9.5,0.16,42.154996539268964
2026-09-01 00:56:53.891906400+00:00,47.1752,21.2906,0.0,1,-3.7,0.181,47.05165741836851
2026-09-01 00:56:55.072684500+00:00,47.3104,21.9214,0.0,1,4.6,0.196,33.08420652822248
2026-09-01 00:56:58.132931600+00:00,47.3384,21.2065,0.0,1,4.6,0.129,38.25262273199215
2026-09-01 00:57:03.307784900+00:00,46.5401,21.8731,0.0,1,6.0,0.244,111.81217744600889
2026-09-01 00:57:03.308793600+00:00,46.5405,21.8721,0.0,1,3.9,0.283,111.75570584901574
2026-09-01 00:57:03.309474400+00:00,46.5412,21.8702,0.0,1,-7.6,0.257,111.65510424598999
2026-09-01 00:57:03.989778200+00:00,47.0143,21.203,0.0,1,6.1,0.129,65.82865369075942
2026-09-01 00:57:03.991461100+00:00,47.016,21.2088,0.0,1,3.4,0.149,65.45109044668727
2026-09-01 00:57:04.190313+00:00,46.9675,21.1584,0.0,1,2.7,0.177,72.02091613388417
2026-09-01 00:57:04.571425700+00:00,46.9683,21.0248,0.0,1,4.1,0.152,77.40339874777233
2026-09-01 00:57:04.586964500+00:00,46.9873,21.0745,0.0,1,2.7,0.154,73.5075612090268
2026-09-01 00:57:11.121089100+00:00,47.3278,21.1925,0.0,1,-5.0,0.124,39.79038298589514
2026-09-01 00:57:13.126772800+00:00,46.4015,21.8883,0.0,1,13.2,0.313,127.21232469698849
2026-09-01 00:57:15.049798+00:00,47.2374,21.603,0.0,1,5.2,0.089,32.76466320065002
2026-09-01 00:57:15.236830500+00:00,47.2424,21.6234,0.0,1,-7.4,0.199,32.158913095192695
2026-09-01 00:57:21.098463200+00:00,47.33,21.4935,0.0,1,5.4,0.102,24.57260232098363
2026-09-01 00:57:30.113883500+00:00,47.3235,21.8989,0.0,1,-4.9,0.184,30.868766967192485
2026-09-01 00:57:30.645857400+00:00,47.3093,21.9059,0.0,1,-17.7,0.206,32.4092625224192
2026-09-01 00:57:31.898901900+00:00,47.1314,21.3522,0.0,1,3.5,0.02,49.09267589372892
2026-09-01 00:57:31.985335100+00:00,47.1696,21.3898,0.0,1,-11.0,0.154,44.049923674337045
2026-09-01 00:57:31.987021200+00:00,47.1614,21.3358,0.0,1,4.4,0.167,46.65649915884816
2026-09-01 00:57:33.429247800+00:00,47.352,21.2772,0.0,1,-4.1,0.131,33.04633198877465
2026-09-01 00:57:34.944336500+00:00,47.5457,20.94,0.0,1,10.7,0.177,51.61711745822242
2026-09-01 00:57:34.944558700+00:00,47.5496,20.9366,0.0,1,-9.6,0.131,51.88521589781165
2026-09-01 00:57:34.988771400+00:00,47.5488,20.9825,0.0,1,-7.7,0.099,48.439328000397076
2026-09-01 00:57:35.034334+00:00,47.5632,20.9148,0.0,1,-10.6,0.109,53.59135305234201
2026-09-01 00:57:43.364988800+00:00,47.0138,21.1879,0.0,1,5.8,0.121,66.43835510809716
2026-09-01 00:57:43.430338400+00:00,46.965,21.1499,0.0,1,-5.0,0.13,72.57994118067352
2026-09-01 00:57:43.451002600+00:00,46.992,21.1518,0.0,1,-6.3,0.126,69.91130716507175
2026-09-01 00:57:43.819100200+00:00,47.3058,21.5522,0.0,1,10.0,0.143,25.735758509625732
2026-09-01 00:57:44.400173800+00:00,47.1503,21.4305,0.0,1,-6.7,0.39,44.91694954777159
2026-09-01 00:57:44.579498800+00:00,47.3189,21.8642,0.0,1,-4.6,0.169,29.61403531596643
2026-09-01 00:57:44.883173800+00:00,47.3377,21.8278,0.0,1,-10.2,0.198,26.311427672256137
2026-09-01 00:57:49.793376700+00:00,47.3161,20.8689,0.0,1,-7.0,0.104,61.88264340799941
2026-09-01 00:57:50.049696800+00:00,47.4217,20.8687,0.0,1,2.3,0.144,58.30774490679881
2026-09-01 00:57:50.092275800+00:00,47.297,20.8318,0.0,1,2.8,0.072,65.29415125466944
2026-09-01 00:57:50.180261700+00:00,47.3583,20.8101,0.0,1,4.0,0.127,64.40425101923609
2026-09-01 00:57:50.231253100+00:00,47.4199,20.8647,0.0,1,2.8,0.033,58.644743545201926
2026-09-01 00:57:50.262738700+00:00,47.3859,20.8131,0.0,1,-2.7,0.103,63.319879016179165
2026-09-01 00:57:50.473125900+00:00,47.4852,20.7552,0.0,1,-3.4,0.105,65.70612002922933
2026-09-01 00:57:50.625676100+00:00,47.4561,20.7505,0.0,1,-2.6,0.109,66.40729167514041
2026-09-01 00:57:56.230562300+00:00,47.1559,21.3507,0.0,1,-6.8,0.153,46.68565341937896
2026-09-01 00:57:56.791674700+00:00,47.2447,21.327,0.0,1,4.5,0.115,39.09996262759476
2026-09-01 00:57:56.793173900+00:00,47.2406,21.3208,0.0,1,4.9,0.162,39.742491268444766
2026-09-01 00:57:56.807788300+00:00,47.2401,21.3682,0.0,1,18.9,0.15,37.83015515537153
2026-09-01 00:57:56.872425200+00:00,47.247,21.3652,0.0,1,13.5,0.146,37.293200542263186
2026-09-01 00:58:00.298370+00:00,46.542,21.8874,0.0,1,-12.6,0.263,111.7897699424175
2026-09-01 00:58:00.349430100+00:00,46.5437,21.8987,0.0,1,-11.9,0.276,111.75805043211662
2026-09-01 00:58:00.405301500+00:00,46.5684,21.9517,0.0,1,-10.3,0.274,109.8865085496323
2026-09-01 00:58:00.510574800+00:00,46.5692,21.9533,0.0,1,-30.9,0.231,109.82696173693309
2026-09-01 00:58:04.103762100+00:00,47.4814,20.6806,0.0,1,4.9,0.09,71.32768853175716
2026-09-01 00:58:08.936854600+00:00,47.5548,21.0806,0.0,1,-5.5,0.101,41.1164261880368
2026-09-01 00:58:08.937231200+00:00,47.5559,21.0809,0.0,1,-5.0,0.088,41.101382830556076
2026-09-01 00:58:09.001236900+00:00,47.5436,21.084,0.0,1,-9.4,0.132,40.80639324872961
2026-09-01 00:58:09.172271400+00:00,47.1159,22.5218,0.0,1,14.2,0.381,81.74490284691036
2026-09-01 00:58:09.234795400+00:00,47.1426,22.5345,0.0,1,-11.1,0.368,80.89632036158282
2026-09-01 00:58:09.280017700+00:00,47.5432,21.0834,0.0,1,-9.8,0.118,40.85013702521236
2026-09-01 00:58:09.605808+00:00,47.1424,22.5328,0.0,1,-24.4,0.289,80.80011671384864
2026-09-01 00:58:09.670586900+00:00,47.1429,22.5347,0.0,1,-5.0,0.502,80.8910638143421
2026-09-01 00:58:09.751959700+00:00,47.1419,22.5379,0.0,1,-7.5,0.231,81.15485402105269
2026-09-01 00:58:11.959414900+00:00,47.1746,21.4588,0.0,1,-3.2,0.13,41.67662220229423
2026-09-01 00:58:12.267390800+00:00,47.171,21.4525,0.0,1,-4.8,0.117,42.20388111176644
2026-09-01 00:58:16.346173+00:00,47.305,21.7106,0.0,1,-4.4,0.149,25.964541995207142
2026-09-01 00:58:16.375833900+00:00,47.2903,21.6831,0.0,1,-4.4,0.208,27.15789797032198
2026-09-01 00:58:22.338935100+00:00,47.3636,21.9508,0.0,1,-20.3,0.241,30.671408949277396
2026-09-01 00:58:22.342145800+00:00,47.3671,21.9506,0.0,1,3.9,0.282,30.423274546557213
2026-09-01 00:58:22.412860+00:00,47.3698,21.9928,0.0,1,3.0,0.226,32.848081823057186
2026-09-01 00:58:29.028046+00:00,47.3109,21.1301,0.0,1,69.2,0.132,44.73811733106115
2026-09-01 00:58:29.232400300+00:00,47.3173,21.072,0.0,1,-4.2,0.094,48.09353423912091
2026-09-01 00:58:30.585088600+00:00,47.1431,21.3491,0.0,1,-3.2,0.097,48.01708260872845
2026-09-01 00:58:30.640692200+00:00,47.1501,21.3176,0.0,1,-9.3,0.118,48.41568543814909
2026-09-01 00:58:31.022886700+00:00,47.1504,21.3171,0.0,1,-9.7,0.165,48.404608831423175
2026-09-01 00:58:34.120624300+00:00,47.3471,21.9276,0.0,1,-5.5,0.243,30.51188175985951
2026-09-01 00:58:34.252791+00:00,47.3478,21.9264,0.0,1,-33.4,0.227,30.39263182847004
2026-09-01 00:58:34.295476300+00:00,47.3469,21.9299,0.0,1,-3.7,0.191,30.655070748473786
2026-09-01 00:58:34.406211700+00:00,47.3478,21.927,0.0,1,-12.0,0.226,30.426045675845263
2026-09-01 00:58:34.501358900+00:00,47.3601,21.7767,0.0,1,-4.6,0.243,22.133303269678276
2026-09-01 00:58:34.502242+00:00,47.3466,21.9291,0.0,1,-6.3,0.114,30.63286880874057
2026-09-01 00:58:35.828725600+00:00,47.3274,21.4206,0.0,1,2.8,0.062,27.5194517890207
2026-09-01 00:58:36.626943500+00:00,47.0174,21.1897,0.0,1,8.2,0.136,66.02317796271785
2026-09-01 00:58:36.648996900+00:00,47.0184,21.1908,0.0,1,-9.6,0.147,65.88523357311966
2026-09-01 00:58:37.171064600+00:00,47.0185,21.1893,0.0,1,-12.4,0.147,65.93222935014
2026-09-01 00:58:37.322988300+00:00,47.0187,21.1899,0.0,1,-6.0,0.111,65.89027399308202
2026-09-01 00:58:37.336342+00:00,46.9899,21.0225,0.0,1,9.0,0.088,75.57214793261421
2026-09-01 00:58:37.337258700+00:00,46.9949,21.0262,0.0,1,14.3,0.113,74.95918897026594
2026-09-01 00:58:37.339422800+00:00,46.9798,21.0196,0.0,1,7.7,0.127,76.60370313269229
2026-09-01 00:58:37.339915100+00:00,46.9831,21.0152,0.0,1,4.9,0.105,76.50927816860694
2026-09-01 00:58:37.350863700+00:00,46.9866,20.9795,0.0,1,3.7,0.122,77.86113086750552
2026-09-01 00:58:38.023737300+00:00,46.8557,21.0821,0.0,1,-3.1,0.094,85.70563926777812
2026-09-01 00:58:38.715145600+00:00,47.3545,21.2898,0.0,1,3.7,0.217,32.124803179484786
2026-09-01 00:58:38.889694500+00:00,47.3507,21.2714,0.0,1,8.4,0.12,33.48181146082098
2026-09-01 00:58:42.895362700+00:00,47.2068,21.4582,0.0,1,-7.5,0.172,38.29551055512919
2026-09-01 00:58:46.041301900+00:00,47.3013,21.9264,0.0,1,4.3,0.19,34.0916564977138
2026-09-01 00:58:46.180551200+00:00,47.4779,20.6411,0.0,1,-4.4,0.079,74.31857141210025
2026-09-01 00:58:47.598911+00:00,46.3912,21.8866,0.0,1,-7.9,0.216,128.32423921837707
2026-09-01 00:58:54.087725700+00:00,46.5776,21.7921,0.0,1,5.5,0.263,106.81203954927742
2026-09-01 00:58:54.088360300+00:00,46.5819,21.7854,0.0,1,3.6,0.111,106.2787478232994
2026-09-01 00:58:55.898177500+00:00,47.1365,22.5366,0.0,1,-6.2,0.244,81.3975013812427
2026-09-01 00:58:55.898887700+00:00,47.1374,22.5341,0.0,1,-7.9,0.341,81.18440503927214
2026-09-01 00:58:55.899723400+00:00,47.1403,22.5318,0.0,1,4.4,0.081,80.86303844119703
2026-09-01 00:58:59.964975100+00:00,47.2551,21.6914,0.0,1,-4.5,0.233,31.12171101574101
2026-09-01 00:58:59.997966800+00:00,47.267,21.6639,0.0,1,-8.4,0.163,29.550855756461672
2026-09-01 00:59:00.051102600+00:00,47.2984,21.6649,0.0,1,-6.9,0.17,26.08453736525427
2026-09-01 00:59:00.576027100+00:00,47.2555,21.6483,0.0,1,-18.8,0.156,30.741587947292963
2026-09-01 00:59:00.577251700+00:00,47.23,21.5536,0.0,1,10.5,0.172,33.99237027622907
2026-09-01 00:59:02.947287900+00:00,47.009,21.244,0.0,1,-3.8,0.142,64.90893697038058
2026-09-01 00:59:02.959467300+00:00,47.0094,21.2402,0.0,1,-3.5,0.146,64.99739554046808
2026-09-01 00:59:03.930898800+00:00,47.1749,21.4434,0.0,1,-8.4,0.164,42.01296921794731
2026-09-01 00:59:04.068926900+00:00,47.1746,21.4443,0.0,1,-9.0,0.153,42.02218582323193
2026-09-01 00:59:04.069609+00:00,47.1623,21.4389,0.0,1,-8.2,0.187,43.44822824670217
2026-09-01 00:59:04.157722500+00:00,47.1754,21.444,0.0,1,-21.2,0.17,41.94556293981772
2026-09-01 00:59:04.230850900+00:00,47.1751,21.4429,0.0,1,-14.1,0.176,42.00440721560561
2026-09-01 00:59:04.334386600+00:00,47.175,21.4439,0.0,1,-13.7,0.157,41.99005950013164
2026-09-01 00:59:11.591854500+00:00,47.3467,21.901,0.0,1,3.6,0.291,29.093670807316084
2026-09-01 00:59:11.673802200+00:00,47.3113,21.84,0.0,1,-6.1,0.152,29.25987997571593
2026-09-01 00:59:11.871485500+00:00,47.3485,21.8995,0.0,1,-5.0,0.136,28.87222743021396
2026-09-01 00:59:11.890985+00:00,47.3712,21.9938,0.0,1,4.0,0.25,32.82586889482665
2026-09-01 00:59:13.683790800+00:00,47.3108,21.225,0.0,1,3.8,0.124,38.97276654612263
2026-09-01 00:59:13.974354900+00:00,47.3098,21.2272,0.0,1,-2.1,0.194,38.914961764331345
2026-09-01 00:59:16.949508+00:00,47.3146,20.9311,7.4,2,-6.9,0.111,57.66716373154776
2026-09-01 00:59:22.689183800+00:00,47.2388,21.5475,0.0,1,6.7,0.15,33.10753794898658
2026-09-01 00:59:23.108418100+00:00,47.2348,21.4687,0.0,1,-15.3,0.673,35.09640840871754
2026-09-01 00:59:23.155592900+00:00,47.2362,21.5025,0.0,1,-8.0,0.156,34.16441728882197
2026-09-01 00:59:23.369604600+00:00,47.237,21.5006,0.0,1,-5.5,0.145,34.1185968419943
2026-09-01 00:59:23.417778900+00:00,47.2375,21.5003,0.0,1,-9.4,0.195,34.071538785160364
2026-09-01 00:59:23.447235200+00:00,47.2367,21.5018,0.0,1,-6.1,0.141,34.12550911374936
2026-09-01 00:59:23.461480500+00:00,47.2364,21.5026,0.0,1,-4.0,0.101,34.14096044580404
2026-09-01 00:59:24.733219500+00:00,47.3845,20.6576,0.0,1,3.6,0.055,74.71601085085533
2026-09-01 00:59:24.734664400+00:00,47.3792,20.6669,0.0,1,5.5,0.108,74.1699174515634
2026-09-01 00:59:24.766492900+00:00,47.4361,20.7065,0.0,1,2.0,0.071,70.00347538670478
2026-09-01 00:59:24.874202700+00:00,47.3901,20.6157,0.0,1,2.2,0.157,77.66022185137321
2026-09-01 00:59:25.276731200+00:00,47.4641,20.6538,0.0,1,-3.9,0.067,73.51810223399508
2026-09-01 00:59:25.288327200+00:00,47.5067,20.6014,0.0,1,-4.3,0.093,77.08892923204158
2026-09-01 00:59:25.704457200+00:00,47.507,20.5989,0.0,1,-3.0,0.108,77.27513268664772
2026-09-01 00:59:25.740993300+00:00,47.5066,20.6008,0.0,1,-3.6,0.091,77.13442940378941
2026-09-01 00:59:25.885651700+00:00,47.4598,20.3053,0.0,1,-3.6,0.065,99.6388347522954
2026-09-01 00:59:26.055538700+00:00,47.4204,20.3539,0.0,1,1.8,0.113,96.49866270251101
2026-09-01 00:59:26.512110500+00:00,47.1409,21.2716,0.0,1,5.9,0.176,51.04723332737724
2026-09-01 00:59:36.521230600+00:00,47.3728,21.9694,0.0,1,-9.5,0.248,31.200165228563737
2026-09-01 00:59:36.522288700+00:00,47.3646,21.9924,0.0,1,-4.4,0.101,33.14451018186993
2026-09-01 00:59:36.548034900+00:00,47.343,21.9825,0.0,1,-10.6,0.198,33.963198647684685
2026-09-01 00:59:36.574327+00:00,47.3612,21.9732,0.0,1,-10.1,0.184,32.18067433132469
2026-09-01 00:59:36.670777500+00:00,47.3731,21.9767,0.0,1,-17.9,0.213,31.635556675834085
2026-09-01 00:59:36.712116300+00:00,47.3601,21.9773,0.0,1,-4.1,0.225,32.50222544374022
2026-09-01 00:59:36.799134100+00:00,47.3747,21.9858,0.0,1,-4.8,0.447,32.108665933501875
2026-09-01 00:59:36.876158900+00:00,47.3683,21.9785,0.0,1,-14.0,0.223,32.04840031813112
2026-09-01 00:59:36.877913600+00:00,47.35,21.9404,0.0,1,-3.2,0.086,31.019804914330912
2026-09-01 00:59:37.045150+00:00,47.2741,21.6427,0.0,1,-9.5,0.197,28.656141798101906
2026-09-01 00:59:37.072520+00:00,47.3686,21.979,0.0,1,-17.2,0.218,32.0604547962726
2026-09-01 00:59:37.229717900+00:00,47.247,21.6054,0.0,1,-3.4,0.107,31.688990660995962
2026-09-01 00:59:37.328767500+00:00,47.2739,21.6432,0.0,1,-5.3,0.184,28.6799081488484
2026-09-01 00:59:37.330571700+00:00,47.2665,21.6451,0.0,1,-3.9,0.185,29.508204319972478
2026-09-01 00:59:37.597945700+00:00,47.2732,21.6435,0.0,1,-16.7,0.162,28.75862570370669
2026-09-01 00:59:37.679573100+00:00,47.2736,21.644,0.0,1,-4.5,0.193,28.71581003029795
2026-09-01 00:59:37.697541200+00:00,47.2734,21.6424,0.0,1,-7.8,0.212,28.73301316265223
2026-09-01 00:59:37.721964400+00:00,47.2735,21.6432,0.0,1,-9.6,0.185,28.72434763501911
2026-09-01 00:59:38.878773200+00:00,46.5573,21.9068,0.0,1,13.7,0.207,110.38758530412574
2026-09-01 00:59:40.796703+00:00,47.0091,21.2072,0.0,1,-21.6,0.192,66.1829027487026
2026-09-01 00:59:40.832109800+00:00,46.9995,21.2558,0.0,1,-8.8,0.133,65.47132866349733
2026-09-01 00:59:40.979637200+00:00,47.0099,21.2129,0.0,1,-3.8,0.102,65.89958972476632
2026-09-01 00:59:42.480071800+00:00,47.1138,22.5176,0.0,1,12.0,0.225,81.61778835041203
2026-09-01 00:59:42.480352700+00:00,47.1144,22.5159,0.0,1,-9.1,0.385,81.47415156507634
2026-09-01 00:59:42.557319700+00:00,47.1132,22.5346,0.0,1,-7.1,0.288,82.71235409174447
2026-09-01 00:59:42.613085+00:00,47.0907,22.5592,0.0,1,-13.1,0.341,85.6710264378913
2026-09-01 00:59:44.180656700+00:00,47.3371,21.5643,0.0,1,-12.2,0.154,22.14044630924345
2026-09-01 00:59:44.441507900+00:00,47.3382,21.5991,0.0,1,15.7,0.178,21.609447007468308
2026-09-01 00:59:49.303617200+00:00,46.3807,21.9772,0.0,1,16.0,0.282,130.7001902189824
2026-09-01 00:59:51.401042+00:00,47.0925,22.3996,0.0,1,11.2,0.288,75.98624635332665
2026-09-01 00:59:52.937144+00:00,47.3238,21.9311,0.0,1,-7.0,0.188,32.498956555569066
2026-09-01 00:59:53.316104400+00:00,47.3242,21.9312,0.0,1,-3.8,0.055,32.47258287825848
2026-09-01 00:59:58.835479300+00:00,47.182,21.4206,0.0,1,-10.8,0.153,41.87590559234511
2026-09-01 00:59:58.837034500+00:00,47.1756,21.4636,0.0,1,-3.5,0.281,41.46170925091583
2026-09-01 00:59:59.152974100+00:00,47.182,21.4208,0.0,1,-8.1,0.114,41.87030649122108
2026-09-01 01:00:00.265540200+00:00,47.3462,21.281,0.0,1,-15.9,0.14,33.21660447258927
2026-09-01 01:00:00.520068+00:00,47.3732,21.3071,0.0,1,4.1,0.126,29.830779183263076
2026-09-01 01:00:00.520654500+00:00,47.375,21.3114,0.0,1,4.7,0.087,29.451346272045853
2026-09-01 01:00:00.855588100+00:00,47.3286,21.2214,0.0,1,5.5,0.159,37.970497586254844
2026-09-01 01:00:10.110770400+00:00,47.4932,20.6829,0.0,1,3.4,0.082,71.0566161916645
2026-09-01 01:00:10.205243200+00:00,47.5216,20.7108,0.0,1,-4.9,0.093,68.82319339272213
2026-09-01 01:00:12.021350500+00:00,46.5477,21.7425,0.0,1,-5.7,0.225,109.75237926825722
2026-09-01 01:00:12.021647200+00:00,46.5485,21.7395,0.0,1,-10.4,0.235,109.64583979929631
2026-09-01 01:00:12.022920100+00:00,46.5455,21.7437,0.0,1,3.6,0.246,110.00350266031053
2026-09-01 01:00:18.080326200+00:00,47.2659,21.7166,6.6,2,7.3,0.125,30.299390082783237
2026-09-01 01:00:18.282236400+00:00,47.2697,21.7298,0.0,1,-3.6,0.424,30.12644006106521
2026-09-01 01:00:18.470247500+00:00,47.3194,21.7763,0.0,1,-7.0,0.177,26.122661430962104
2026-09-01 01:00:19.538634+00:00,46.4278,21.3263,0.0,1,-4.3,0.274,124.8427939737175
2026-09-01 01:00:21.773777500+00:00,47.0401,21.3538,0.0,1,4.2,0.122,58.41611158590998
2026-09-01 01:00:21.797347900+00:00,47.0398,21.3575,0.0,1,6.7,0.156,58.34942358349634
2026-09-01 01:00:22.364855500+00:00,47.1126,21.2756,0.0,1,-8.0,0.115,53.60456206102465
2026-09-01 01:00:22.800071400+00:00,46.9142,21.3901,0.0,1,3.0,0.229,70.95010588495012
2026-09-01 01:00:23.734853200+00:00,47.3517,21.947,0.0,1,-6.4,0.156,31.27672444301175
2026-09-01 01:00:23.739187600+00:00,47.3761,21.974,0.0,1,-5.1,0.239,31.280934870777376
2026-09-01 01:00:26.730470600+00:00,47.4811,20.825,0.0,1,-5.0,0.096,60.5240326256008
2026-09-01 01:00:38.925901800+00:00,46.5578,21.9273,0.0,1,5.3,0.282,110.64162402544403
2026-09-01 01:00:39.032925900+00:00,46.5905,21.9124,0.0,1,-12.1,0.376,106.85045745803023
2026-09-01 01:00:39.369710+00:00,47.1146,22.5265,0.0,1,9.4,0.349,82.1195421783832
2026-09-01 01:00:39.390549900+00:00,47.113,22.5268,0.0,1,-15.0,0.255,82.23961282675515
2026-09-01 01:00:39.421485900+00:00,47.0938,22.5042,0.0,1,-10.5,0.296,82.09843164500367
2026-09-01 01:00:39.427717200+00:00,47.1374,22.5388,0.0,1,-5.0,0.358,81.48274584441761
2026-09-01 01:00:41.048486800+00:00,47.0898,22.3734,0.0,1,-7.2,0.268,74.68182369083051
2026-09-01 01:00:41.251296300+00:00,47.0974,22.3838,0.0,1,5.0,1.56,74.72224838619093
2026-09-01 01:00:48.328795400+00:00,47.3662,21.9984,0.0,1,3.1,0.269,33.42059214070825
2026-09-01 01:00:48.329493200+00:00,47.3654,21.9954,0.0,1,-33.2,0.251,33.281956891749296
2026-09-01 01:00:48.331209100+00:00,47.3666,21.9992,0.0,1,5.4,0.239,33.446328457250196
2026-09-01 01:00:48.331677700+00:00,47.3701,21.9978,0.0,1,9.7,0.263,33.14512365217911
2026-09-01 01:00:48.344429400+00:00,47.3657,22.0024,0.0,1,3.2,0.21,33.70264983483262
2026-09-01 01:00:48.592740+00:00,47.3668,21.9945,0.0,1,5.3,0.131,33.139053721730946
2026-09-01 01:00:48.611519900+00:00,47.3666,21.9964,0.0,1,4.3,0.124,33.2704891842245
2026-09-01 01:00:53.898080500+00:00,47.4765,20.7574,0.0,1,-11.5,0.096,65.63002007791262
2026-09-01 01:00:54.188312500+00:00,47.4179,20.7517,0.0,1,6.2,0.103,67.01168136427253
2026-09-01 01:00:54.249224300+00:00,47.3467,20.8489,0.0,1,-2.9,0.102,62.04785166855392
2026-09-01 01:00:54.374838700+00:00,47.3584,20.8556,0.0,1,-3.4,0.105,61.144421252315794
2026-09-01 01:00:54.376874600+00:00,47.3441,20.8452,0.0,1,-3.5,0.134,62.40782641882607
2026-09-01 01:00:54.378936700+00:00,47.3419,20.8391,0.0,1,-4.8,0.091,62.923185715681385
2026-09-01 01:00:54.505720100+00:00,47.5206,20.8677,0.0,1,-2.7,0.132,57.04733907672406
2026-09-01 01:00:54.506786100+00:00,47.5234,20.8703,0.0,1,5.6,0.107,56.84480291857057
2026-09-01 01:00:54.970441700+00:00,47.4367,20.6238,0.0,1,3.5,0.027,76.14208808978331
2026-09-01 01:00:54.971727800+00:00,47.4394,20.6204,0.0,1,3.1,0.109,76.35230223944147
2026-09-01 01:01:00.334737200+00:00,47.1761,21.4716,0.0,1,4.7,0.131,41.23315827479009
2026-09-01 01:01:00.635165700+00:00,47.1735,21.4776,0.0,1,-7.4,0.12,41.3850400081719
2026-09-01 01:01:00.747221700+00:00,47.1524,21.3645,0.0,1,-8.0,0.168,46.58312645607677
2026-09-01 01:01:00.759869100+00:00,47.1998,21.4687,0.0,1,3.5,0.158,38.7798840995549
2026-09-01 01:01:01.127154+00:00,47.1522,21.3652,0.0,1,-5.8,0.101,46.580887446917224
2026-09-01 01:01:01.302867400+00:00,46.3869,21.9809,0.0,1,-12.4,0.297,130.08255553355252
2026-09-01 01:01:01.327361+00:00,46.401,21.9852,0.0,1,-5.0,0.342,128.6165999390743
2026-09-01 01:01:01.413466800+00:00,46.4009,21.9842,0.0,1,-7.6,0.286,128.61147594629648
2026-09-01 01:01:01.526251700+00:00,46.4409,21.9352,0.0,1,-6.4,0.264,123.50837859200774
2026-09-01 01:01:01.534451400+00:00,46.4031,21.9276,0.0,1,3.9,0.189,127.53540181644524
2026-09-01 01:01:03.834982500+00:00,46.52,22.1507,0.0,1,-12.0,0.251,119.27516863465841
2026-09-01 01:01:03.836750800+00:00,46.5201,22.1632,0.0,1,7.5,0.297,119.58314133746177
2026-09-01 01:01:05.099833900+00:00,47.016,21.2407,0.0,1,3.8,0.168,64.32468223402863
2026-09-01 01:01:05.110172400+00:00,47.0158,21.2469,0.0,1,-6.1,0.184,64.13385685699193
2026-09-01 01:01:05.318305900+00:00,47.0156,21.248,0.0,1,-4.6,0.085,64.11668808753832
2026-09-01 01:01:05.639428600+00:00,47.0184,21.1563,0.0,1,9.3,0.146,67.22394371885076
2026-09-01 01:01:05.640741200+00:00,47.0077,21.1663,0.0,1,6.1,0.203,67.84882488906308
2026-09-01 01:01:05.642347700+00:00,47.0042,21.1665,0.0,1,7.8,0.085,68.17615469803735
2026-09-01 01:01:05.644740+00:00,47.0008,21.1739,0.0,1,7.6,0.179,68.22048207518289
2026-09-01 01:01:05.645781600+00:00,47.0403,21.1556,0.0,1,5.5,0.104,65.1942984195469
2026-09-01 01:01:05.648782400+00:00,47.0191,21.1241,0.0,1,6.8,0.108,68.47408958257009
2026-09-01 01:01:05.649288500+00:00,47.0423,21.1947,0.0,1,4.5,0.183,63.44169488518635
2026-09-01 01:01:05.650943300+00:00,47.0425,21.1905,0.0,1,4.7,0.081,63.58614864861813
2026-09-01 01:01:05.817942800+00:00,47.0994,21.2221,0.0,1,-5.0,0.127,56.94445003148142
2026-09-01 01:01:05.818541300+00:00,47.0992,21.2229,0.0,1,5.3,0.132,56.930933970835675
2026-09-01 01:01:05.936955600+00:00,47.0862,21.1141,0.0,1,-6.1,0.105,62.848562688167796
2026-09-01 01:01:06.136696300+00:00,47.1995,20.9368,0.0,1,-4.3,0.162,63.78157072955765
2026-09-01 01:01:06.498161600+00:00,47.272,20.9752,0.0,1,3.7,0.114,56.93810548118801
2026-09-01 01:01:07.365305600+00:00,47.3522,21.9477,0.0,1,-4.9,0.116,31.28163926984115
2026-09-01 01:01:15.063596900+00:00,47.3183,21.4919,0.0,1,4.9,0.667,25.812658411779015
2026-09-01 01:01:15.064290200+00:00,47.3371,21.4928,0.0,1,6.0,0.173,23.87654492053881
2026-09-01 01:01:15.067635800+00:00,47.2974,21.4838,0.0,1,4.4,0.185,28.191576757781966
2026-09-01 01:01:15.570960200+00:00,47.3159,21.5588,0.0,1,-9.9,0.17,24.53211757195577
2026-09-01 01:01:18.347746200+00:00,47.3325,21.2678,0.0,1,16.4,0.136,34.94799208084508
2026-09-01 01:01:18.854746300+00:00,47.2802,21.3174,0.0,1,2.9,0.101,36.4055321764779
2026-09-01 01:01:19.429077+00:00,47.2163,21.7073,0.0,1,-3.9,0.109,35.57354702656023
2026-09-01 01:01:27.322274+00:00,47.2674,21.6714,0.0,1,3.9,0.126,29.56461406592294
2026-09-01 01:01:31.096010600+00:00,47.0976,22.3954,0.0,1,5.0,0.132,75.37745759144029
2026-09-01 01:01:31.101691500+00:00,47.3221,21.9182,0.0,1,-9.3,0.198,31.961795680498675
2026-09-01 01:01:31.151981700+00:00,47.318,21.925,0.0,1,-16.9,0.223,32.64496899157989
2026-09-01 01:01:31.210900700+00:00,47.3138,21.8906,0.0,1,-19.0,0.24,31.28752354168562
2026-09-01 01:01:31.286098800+00:00,47.328,21.9575,0.0,1,-3.3,0.269,33.60780447973267
2026-09-01 01:01:35.619253+00:00,47.1383,21.3147,0.0,1,-5.9,0.161,49.673840228293294
2026-09-01 01:01:38.993171400+00:00,47.4076,22.1209,0.0,1,3.9,0.245,39.580917467980726
2026-09-01 01:01:38.995288600+00:00,47.4091,22.1272,0.0,1,-3.6,0.226,39.967482690664816
2026-09-01 01:01:43.097772800+00:00,47.3259,21.083,0.0,1,-30.5,0.127,46.89989047416355
2026-09-01 01:01:43.333463600+00:00,47.1259,22.5251,0.0,1,4.3,0.221,81.32285645879197
2026-09-01 01:01:43.334570200+00:00,47.1265,22.5183,0.0,1,6.3,0.399,80.85945317985531
2026-09-01 01:01:43.371072600+00:00,47.1154,22.526,0.0,1,-5.5,0.333,82.03780500450421
2026-09-01 01:01:43.573274800+00:00,47.4454,21.1663,0.0,1,-2.4,0.174,35.9405419838651
2026-09-01 01:01:49.198946700+00:00,46.5703,21.8017,0.0,1,18.3,0.233,107.70513440660274
2026-09-01 01:01:49.233127+00:00,46.5829,21.8005,0.0,1,-13.1,0.245,106.30335012770882
2026-09-01 01:01:49.449145600+00:00,46.5755,21.8109,0.0,1,-4.2,0.183,107.21941190273755
2026-09-01 01:01:49.458161100+00:00,47.3732,21.9744,0.0,1,-8.2,0.207,31.4858478812697
2026-09-01 01:01:49.518133100+00:00,47.3482,21.9823,0.0,1,-15.3,0.223,33.59624315884785
2026-09-01 01:01:49.569471900+00:00,47.3736,21.9735,0.0,1,-7.9,0.201,31.404792686572925
2026-09-01 01:01:49.653302300+00:00,47.3737,21.9727,0.0,1,-9.9,0.19,31.34870277867392
2026-09-01 01:01:49.654057100+00:00,47.3551,21.9826,0.0,1,-7.9,0.261,33.152903070859466
2026-09-01 01:01:49.785339200+00:00,47.3735,21.974,0.0,1,-12.5,0.212,31.442197517709833
2026-09-01 01:01:53.078894300+00:00,47.1393,21.5011,0.0,1,-4.9,0.118,44.64637838504748
2026-09-01 01:01:53.530497400+00:00,47.1495,21.6504,0.0,1,4.9,0.174,42.52321917924603
2026-09-01 01:02:04.463479200+00:00,47.0474,21.3609,0.0,1,5.6,0.188,57.46748705486281
2026-09-01 01:02:06.809891400+00:00,46.3916,21.9813,0.0,1,4.8,0.269,129.577272713715
2026-09-01 01:02:06.810449100+00:00,46.3921,21.9824,0.0,1,-6.1,0.347,129.54019541477027
2026-09-01 01:02:06.918888700+00:00,46.3678,21.9783,0.0,1,-7.9,0.29,132.1224534268814
2026-09-01 01:02:07.073372500+00:00,46.3735,21.9703,0.0,1,-6.9,0.296,131.3797844470254
2026-09-01 01:02:11.791790500+00:00,47.5012,20.6519,0.0,1,-3.9,0.102,73.32877565356013
2026-09-01 01:02:11.967480500+00:00,47.4287,20.6854,0.0,1,-2.4,0.075,71.70268726656008
2026-09-01 01:02:12.073971200+00:00,47.5151,20.5896,0.0,1,2.5,0.113,77.94065129555764
2026-09-01 01:02:12.235058100+00:00,47.3376,21.2668,0.0,1,-6.4,0.117,34.64933854920147
2026-09-01 01:02:12.235412600+00:00,47.3382,21.2678,0.0,1,-5.4,0.141,34.548821743956296
2026-09-01 01:02:12.321633800+00:00,47.4983,20.6794,0.0,1,-9.0,0.096,71.28384600306488
2026-09-01 01:02:12.322537500+00:00,47.4978,20.6841,4.9,2,-4.7,0.07,70.93461855255906
2026-09-01 01:02:13.396869300+00:00,47.34,21.3562,0.0,1,-11.8,0.138,29.490200481145926
2026-09-01 01:02:17.630934200+00:00,47.3127,21.8483,0.0,1,-3.5,0.307,29.47720706286928
2026-09-01 01:02:17.883882900+00:00,47.3411,21.7775,0.0,1,4.4,0.22,24.006795124117048
2026-09-01 01:02:17.884314200+00:00,47.341,21.7788,0.0,1,4.9,0.15,24.062759511148393
2026-09-01 01:02:17.885207300+00:00,47.341,21.7793,0.0,1,3.1,0.224,24.08059067137908
2026-09-01 01:02:18.242410200+00:00,47.3239,21.7306,0.0,1,-6.1,0.125,24.36744952577236
2026-09-01 01:02:20.009351100+00:00,47.7331,20.8793,0.0,1,33.3,0.091,60.36172740707121
2026-09-01 01:02:20.022803900+00:00,47.7311,20.8847,0.0,1,-9.7,0.07,59.904473860746705
2026-09-01 01:02:20.033968300+00:00,47.7145,20.8375,0.0,1,-5.9,0.139,62.58836270682843
2026-09-01 01:02:20.104737200+00:00,47.7329,20.8775,0.0,1,-2.7,0.128,60.47885467556554
2026-09-01 01:02:29.675709+00:00,47.1645,21.7606,0.0,1,-5.1,0.145,42.036881489700185
2026-09-01 01:02:32.893555500+00:00,47.159,21.3767,0.0,1,5.5,0.137,45.53058251020909
2026-09-01 01:02:32.974749300+00:00,47.1778,21.3903,0.0,1,-12.4,0.155,43.202163247261915
2026-09-01 01:02:33.432326+00:00,47.1781,21.3883,0.0,1,-36.6,0.165,43.234287469228825
2026-09-01 01:02:33.433106500+00:00,47.2315,21.4063,0.0,1,16.6,0.147,37.28803453363429
2026-09-01 01:02:33.502514+00:00,47.1777,21.3904,0.0,1,-15.2,0.157,43.20918441767511
2026-09-01 01:02:34.325332400+00:00,47.3352,21.9198,0.0,1,8.1,0.232,30.999579324832165
2026-09-01 01:02:38.428173900+00:00,47.1205,22.5342,0.0,1,-10.2,0.313,82.22954478978055
2026-09-01 01:02:38.473614500+00:00,47.1165,22.5417,0.0,1,-5.6,0.359,82.94885079772804
2026-09-01 01:02:38.824446400+00:00,47.1166,22.5401,0.0,1,-14.0,0.268,82.84243016786955
2026-09-01 01:02:38.948175+00:00,47.1165,22.5407,0.0,1,-8.7,0.36,82.88623667746634
2026-09-01 01:02:38.949756400+00:00,47.2115,22.5821,0.0,1,5.8,0.231,80.22883834437596
2026-09-01 01:02:39.127632100+00:00,47.3294,21.5241,0.0,1,-11.2,0.073,23.786019774089798
2026-09-01 01:02:39.228989400+00:00,47.1159,22.5464,0.0,1,-5.0,0.11,83.28075789136082
2026-09-01 01:02:39.618265300+00:00,47.2414,21.5007,0.0,1,-3.6,0.145,33.64688190992499
2026-09-01 01:02:41.364839400+00:00,47.3098,21.105,0.0,1,13.2,0.108,46.393869933797745
2026-09-01 01:02:41.378371300+00:00,47.3388,21.0611,0.0,1,-2.6,0.105,47.67821497605475
2026-09-01 01:02:41.390823500+00:00,47.327,21.0876,0.0,1,3.6,0.176,46.53782315119323
2026-09-01 01:02:41.405137700+00:00,47.3396,20.9394,0.0,1,4.8,0.087,55.971316985179264
2026-09-01 01:02:41.406544600+00:00,47.3284,21.0797,0.0,1,10.3,0.091,46.981585114344384
2026-09-01 01:02:41.684243900+00:00,47.3159,20.9507,0.0,1,-2.3,0.156,56.26896147350266
2026-09-01 01:02:41.694053600+00:00,47.3137,20.9621,0.0,1,-2.5,0.112,55.60145859614357
2026-09-01 01:02:41.713926700+00:00,47.3229,20.9537,0.0,1,-5.2,0.117,55.733280933826634
2026-09-01 01:02:41.759603400+00:00,46.5392,21.9168,0.0,1,5.8,0.16,112.50946945785046
2026-09-01 01:02:41.760716700+00:00,46.5324,21.9255,10.2,2,-3.1,0.051,113.38101891713806
2026-09-01 01:02:41.821076800+00:00,46.5307,21.9079,0.0,1,-7.8,0.13,113.30844419717495
2026-09-01 01:02:41.970175400+00:00,47.1964,20.8573,0.0,1,3.1,0.13,68.93800725200848
2026-09-01 01:02:43.307073700+00:00,46.3138,22.0555,0.0,1,5.7,0.32,139.2625638993601
2026-09-01 01:02:47.330631200+00:00,47.0448,21.176,0.0,1,-2.7,0.201,63.94259026794918
2026-09-01 01:02:49.292776900+00:00,47.2645,21.8145,0.0,1,3.7,0.262,32.87294830358065
2026-09-01 01:02:52.204200600+00:00,47.4143,22.111,0.0,1,6.1,0.248,38.62418401853228
2026-09-01 01:02:52.204757900+00:00,47.4134,22.1085,0.0,1,-12.3,0.204,38.48172940553497
2026-09-01 01:02:52.205170800+00:00,47.4115,22.1174,0.0,1,-5.1,0.364,39.18323214662184
2026-09-01 01:02:53.419152+00:00,47.2963,21.8615,0.0,1,3.7,0.21,31.54538988791726
2026-09-01 01:02:53.430220200+00:00,47.3033,21.8548,0.0,1,4.7,0.076,30.617543244957677
2026-09-01 01:02:53.596931700+00:00,47.3031,21.8573,0.0,1,-16.1,0.171,30.74149508695788
2026-09-01 01:02:53.641441900+00:00,47.3112,21.8574,0.0,1,8.7,0.21,30.004937141945383
2026-09-01 01:02:53.970270500+00:00,47.3706,22.0141,0.0,1,-11.1,0.207,34.15243478114269
2026-09-01 01:02:54.019727900+00:00,47.3578,22.0288,0.0,1,-13.5,0.218,35.8484753343646
2026-09-01 01:02:54.071570700+00:00,47.3699,22.0144,0.0,1,-12.2,0.218,34.212653757131086
2026-09-01 01:02:54.117379800+00:00,47.3536,22.014,0.0,1,4.4,0.223,35.17783018207989
2026-09-01 01:02:54.164161400+00:00,47.3783,21.9682,0.0,1,-12.3,0.157,30.78187921851118
2026-09-01 01:02:54.164667300+00:00,47.3837,21.9777,0.0,1,5.5,0.186,31.055882636623267
2026-09-01 01:03:03.690638100+00:00,47.148,21.3681,0.0,1,-2.8,0.11,46.91321004742613
2026-09-01 01:03:04.004301200+00:00,47.1434,21.3731,0.0,1,-3.7,0.163,47.22502768281567
2026-09-01 01:03:04.634293100+00:00,46.4232,21.2602,0.0,1,15.4,0.194,126.35559091373682
2026-09-01 01:03:04.719848+00:00,46.4464,21.2912,0.0,1,-7.8,0.206,123.33192961719837
2026-09-01 01:03:04.921931500+00:00,47.4074,20.8469,0.0,1,-4.5,0.095,60.262920159531944
2026-09-01 01:03:05.184269+00:00,47.4068,20.844,0.0,1,4.1,0.088,60.49071493459239
2026-09-01 01:03:06.952143100+00:00,46.8625,21.1268,0.0,1,-19.9,0.153,83.45862009846161
2026-09-01 01:03:06.952522700+00:00,46.8619,21.132,0.0,1,-16.0,0.133,83.34105325059328
2026-09-01 01:03:06.955117100+00:00,46.8647,21.1316,0.0,1,4.1,0.123,83.07615357278296
2026-09-01 01:03:07.387423900+00:00,46.9655,21.0896,0.0,1,2.5,0.153,74.89699647919139
2026-09-01 01:03:07.388364400+00:00,46.9644,21.0885,0.0,1,5.8,0.138,75.04501461440738
2026-09-01 01:03:07.389018800+00:00,46.9672,21.0868,0.0,1,5.9,0.145,74.85281686273468
2026-09-01 01:03:07.398717500+00:00,46.9744,21.0651,0.0,1,6.1,0.111,75.09443120694708
2026-09-01 01:03:07.401909500+00:00,46.9654,21.0857,0.0,1,15.0,0.142,75.06626499463911
2026-09-01 01:03:09.702720300+00:00,47.189,21.7032,0.0,1,-5.1,0.192,38.5219542929499
2026-09-01 01:03:12.260705700+00:00,46.5646,21.8637,0.0,1,-7.7,1.262,109.00691915451253
2026-09-01 01:03:12.272022700+00:00,46.5753,21.8082,0.0,1,4.1,0.279,107.2151307553655
2026-09-01 01:03:12.547224400+00:00,46.5751,21.8106,0.0,1,3.5,0.137,107.26057637182802
2026-09-01 01:03:18.179497900+00:00,47.3718,21.3397,0.0,1,4.1,0.139,27.988834863069293
2026-09-01 01:03:21.217207200+00:00,47.1875,21.7832,0.0,1,-3.7,0.26,40.02357421551734
2026-09-01 01:03:24.625972+00:00,47.1604,21.5326,0.0,1,-6.7,0.117,41.88768044270758
2026-09-01 01:03:24.771775600+00:00,47.1786,21.4819,0.0,1,-4.1,0.196,40.75129843380089
2026-09-01 01:03:25.438691400+00:00,47.3306,21.5239,0.0,1,-5.9,0.157,23.664843363739944
2026-09-01 01:03:28.729874800+00:00,47.4812,20.7594,0.0,1,2.7,0.06,65.43071017693306
2026-09-01 01:03:28.945694500+00:00,47.4817,20.7614,0.0,1,2.3,0.048,65.2759818828405
2026-09-01 01:03:28.976340800+00:00,47.4814,20.7607,0.0,1,3.6,0.06,65.33139675938256
2026-09-01 01:03:28.987422300+00:00,47.4831,20.7564,9.4,2,2.1,0.074,65.63634512122398
2026-09-01 01:03:29.062731100+00:00,47.4443,20.6541,0.0,1,-2.3,0.484,73.76670235160651
2026-09-01 01:03:29.426827500+00:00,47.1298,22.5567,0.0,1,7.0,0.301,83.07866579311127
2026-09-01 01:03:30.700038900+00:00,47.7195,21.1245,0.0,1,-22.9,0.065,43.085827914322444
2026-09-01 01:03:30.735390700+00:00,47.7198,21.1279,0.0,1,-9.0,0.104,42.879344108114175
2026-09-01 01:03:30.764259700+00:00,47.7129,21.126,0.0,1,-4.5,0.088,42.637774643386194
2026-09-01 01:03:30.938285200+00:00,47.6644,21.1797,0.0,1,-11.5,0.136,36.666738727628655
2026-09-01 01:03:32.180222700+00:00,47.3188,21.8252,0.0,1,-30.7,0.18,27.956222462731546
2026-09-01 01:03:32.186803700+00:00,47.3555,21.7901,0.0,1,3.5,0.262,23.09380139794571
2026-09-01 01:03:32.203053800+00:00,47.3183,21.8273,0.0,1,-8.2,0.217,28.087642600167445
2026-09-01 01:03:32.302244500+00:00,47.3903,21.8835,0.0,1,-3.3,0.173,24.856232041761515
2026-09-01 01:03:32.305471100+00:00,47.3418,21.9104,0.0,1,-4.7,0.165,29.979829276933412
2026-09-01 01:03:32.553609600+00:00,47.3184,21.8265,0.0,1,-22.2,0.169,28.046042554485336
2026-09-01 01:03:32.581539800+00:00,47.3186,21.8278,0.0,1,-6.9,0.241,28.079643973530604
2026-09-01 01:03:33.308166700+00:00,47.099,22.401,0.0,1,-6.3,0.269,75.60250018147525
2026-09-01 01:03:33.318828+00:00,47.0839,22.364,0.0,1,-9.6,0.204,74.58808667742606
2026-09-01 01:03:34.128013300+00:00,46.3822,22.0716,0.0,1,4.9,0.343,132.18035892150183
2026-09-01 01:03:37.412968700+00:00,47.1514,21.3602,0.0,1,2.8,0.099,46.82222439278017
2026-09-01 01:03:37.437497500+00:00,47.1318,21.3686,0.0,1,2.7,0.203,48.542883620385076
2026-09-01 01:03:37.487380800+00:00,47.1656,21.3429,0.0,1,2.6,0.06,45.99295640998829
2026-09-01 01:03:37.532011900+00:00,47.205,21.3175,0.0,1,-3.1,0.128,43.16488567317492
2026-09-01 01:03:37.665492500+00:00,47.1619,21.3915,0.0,1,3.4,0.381,44.783219983224356
2026-09-01 01:03:46.051909800+00:00,47.0766,21.3502,0.0,1,8.3,0.136,54.73816202798118
2026-09-01 01:03:46.052214700+00:00,47.0771,21.3494,0.0,1,-7.9,0.106,54.709815074231905
2026-09-01 01:03:47.729776200+00:00,46.4246,21.5729,0.0,1,12.3,0.188,123.16194230895726
2026-09-01 01:03:50.657839700+00:00,46.3951,21.9864,0.0,1,-3.8,0.32,129.2774065014452
2026-09-01 01:03:50.701320800+00:00,46.4131,21.9887,0.0,1,-10.0,0.29,127.35804862047162
2026-09-01 01:03:50.750231400+00:00,46.4162,21.981,0.0,1,-13.0,0.238,126.89646619161422
2026-09-01 01:03:50.751122100+00:00,46.4204,21.9694,0.0,1,-3.5,0.198,126.25599970599485
2026-09-01 01:03:50.869775100+00:00,46.3824,21.9816,0.0,1,-12.0,0.307,130.5833684467226
2026-09-01 01:03:50.911938300+00:00,46.381,21.9823,0.0,1,-15.4,0.25,130.74671702429205
2026-09-01 01:03:50.993777200+00:00,46.4579,21.9561,0.0,1,-4.5,0.271,121.96613623500251
2026-09-01 01:03:52.268665800+00:00,47.3793,22.0086,0.0,1,7.5,0.175,33.29664717033028
2026-09-01 01:03:52.436621600+00:00,47.368,22.0015,0.0,1,-6.1,0.236,33.50597913489329
2026-09-01 01:03:52.972716900+00:00,46.5279,21.9474,0.0,1,-9.0,0.303,114.21258306353478
2026-09-01 01:03:54.060741600+00:00,47.1882,21.7944,0.0,1,-4.4,0.245,40.205203615798744
2026-09-01 01:03:57.750216400+00:00,47.1537,21.4585,0.0,1,-6.7,0.101,43.903158914863226
2026-09-01 01:03:58.531510700+00:00,47.4092,20.8506,0.0,1,23.6,0.113,59.945514506638624
2026-09-01 01:04:10.764726600+00:00,46.9541,21.3293,0.0,1,31.3,0.168,68.04129636223011
2026-09-01 01:04:10.789372400+00:00,46.9543,21.3265,0.0,1,-5.4,0.143,68.09048838689633
2026-09-01 01:04:12.095450900+00:00,47.3526,21.4325,0.0,1,7.8,0.133,24.714057418419948
2026-09-01 01:04:12.320817400+00:00,47.3459,21.4475,0.0,1,3.1,0.041,24.6827912537344
2026-09-01 01:04:12.330236500+00:00,47.3771,21.362,0.0,1,3.0,0.092,26.325467459417506
2026-09-01 01:04:12.494837900+00:00,47.2967,21.446,0.0,1,3.2,0.154,29.467585147565707
2026-09-01 01:04:12.500309600+00:00,47.2499,21.4719,0.0,1,5.7,0.142,33.43675545709333
2026-09-01 01:04:13.445388900+00:00,47.1628,21.3314,0.0,1,4.9,0.139,46.676485302481154
2026-09-01 01:04:13.445869600+00:00,47.1634,21.3297,0.0,1,4.4,0.138,46.679202998372006
2026-09-01 01:04:13.446978400+00:00,47.1537,21.3522,0.0,1,3.7,0.132,46.854767412698
2026-09-01 01:04:13.448466+00:00,47.1714,21.3195,0.0,1,2.6,0.132,46.280314337584784
2026-09-01 01:04:13.449100+00:00,47.1675,21.347,0.0,1,4.8,0.125,45.66227543160077
2026-09-01 01:04:13.455977400+00:00,47.1524,21.3545,0.0,1,4.4,0.179,46.90836633593155
2026-09-01 01:04:13.553778600+00:00,47.0938,21.1971,0.0,1,-3.2,0.097,58.495358260803414
2026-09-01 01:04:13.780649700+00:00,47.1337,21.2065,0.0,1,-11.2,0.14,54.435335038226555
2026-09-01 01:04:23.014988300+00:00,47.2148,21.596,0.0,1,-4.7,0.229,35.30531680504405
2026-09-01 01:04:23.016303500+00:00,47.2464,21.5926,0.0,1,4.9,0.15,31.820198205996736
2026-09-01 01:04:23.017434100+00:00,47.2498,21.6181,0.0,1,5.3,0.189,31.342382842258488
2026-09-01 01:04:23.019520500+00:00,47.2537,21.6196,0.0,1,4.6,0.191,30.90650568541117
2026-09-01 01:04:23.020372300+00:00,47.2966,21.6596,0.0,1,6.1,0.134,26.243589518330253
2026-09-01 01:04:23.024121600+00:00,47.2674,21.6214,0.0,1,4.1,0.19,29.38105563776503
2026-09-01 01:04:23.247978500+00:00,47.331,21.581,0.0,1,6.9,0.129,22.575950569448832
2026-09-01 01:04:23.250065200+00:00,47.3315,21.5811,0.0,1,3.2,0.106,22.519855738424464
2026-09-01 01:04:23.254935900+00:00,47.3288,21.5926,0.0,1,6.3,0.187,22.700893525272875
2026-09-01 01:04:23.255787500+00:00,47.3355,21.5645,0.0,1,-4.8,0.127,22.31109362520456
2026-09-01 01:04:27.093658800+00:00,47.1216,22.5587,0.0,1,6.9,0.246,83.70345914310379
2026-09-01 01:04:29.918906700+00:00,46.5474,22.1205,0.0,1,48.9,0.273,115.6431898629865
2026-09-01 01:04:30.043579100+00:00,46.5314,22.1679,0.0,1,-6.8,0.355,118.52330445893247
2026-09-01 01:04:31.454680700+00:00,47.2985,21.8894,0.0,1,-10.5,0.233,32.56918632086839
2026-09-01 01:04:37.374637700+00:00,46.4815,22.1025,0.0,1,30.0,0.31,122.19823320305657
2026-09-01 01:04:38.149537200+00:00,47.3905,22.0674,0.0,1,4.3,0.425,36.61732511152386
2026-09-01 01:04:38.288831100+00:00,47.3633,21.9996,0.0,1,-8.5,0.237,33.674745738824
2026-09-01 01:04:38.756192300+00:00,47.362,22.038,0.0,1,-7.7,0.223,36.18647970896146
2026-09-01 01:04:43.939200300+00:00,46.4053,21.9775,0.0,1,-4.2,0.327,128.02652537995093
2026-09-01 01:04:43.966605900+00:00,46.4075,21.9846,0.0,1,-10.8,0.283,127.90021617109812
2026-09-01 01:04:44.211965500+00:00,46.4414,21.976,0.0,1,-8.6,0.244,124.07639323027074
2026-09-01 01:04:45.832793600+00:00,47.162,21.526,0.0,1,-4.7,0.081,41.800284609396236
2026-09-01 01:04:45.833081800+00:00,47.1634,21.519,8.8,2,4.6,0.137,41.74708140883567
2026-09-01 01:04:45.919167600+00:00,47.1476,21.5194,0.0,1,-4.2,0.172,43.466015578782574
2026-09-01 01:04:46.193869400+00:00,47.1635,21.5267,0.0,1,2.7,0.143,41.62665278726103
2026-09-01 01:04:49.457476700+00:00,47.1546,21.7969,0.0,1,-4.4,0.186,43.82489080665142
2026-09-01 01:04:52.146857400+00:00,47.0905,21.352,0.0,1,-12.7,0.162,53.258740073912534
2026-09-01 01:04:52.147227500+00:00,47.0921,21.3507,0.0,1,-4.4,0.19,53.133204889718044
2026-09-01 01:04:52.270100700+00:00,46.9268,21.4868,13.0,2,-11.6,0.164,68.0823140564469
2026-09-01 01:04:58.264675300+00:00,47.1727,21.352,0.0,1,2.5,0.102,44.97498779277038
2026-09-01 01:04:58.432830900+00:00,47.1883,21.3223,0.0,1,-3.8,0.136,44.55289336374978
2026-09-01 01:05:02.117079800+00:00,46.8784,21.1418,6.6,2,-10.1,0.205,81.36684276252372
2026-09-01 01:05:02.118343100+00:00,46.8758,21.1354,0.0,1,7.6,0.098,81.84379636497353
2026-09-01 01:05:02.119698600+00:00,46.8787,21.1373,0.0,1,14.5,0.091,81.49086272282864
2026-09-01 01:05:02.120860400+00:00,46.8798,21.1276,0.0,1,-9.2,0.15,81.71761661828108
2026-09-01 01:05:02.125146700+00:00,46.8794,21.1438,0.0,1,10.2,0.091,81.19937577871357
2026-09-01 01:05:02.126501100+00:00,46.8784,21.1366,0.0,1,4.7,0.102,81.54465366698469
2026-09-01 01:05:02.247542300+00:00,46.8737,21.0957,0.0,1,26.6,0.13,83.45335643562241
2026-09-01 01:05:02.548266800+00:00,46.8424,21.2914,0.0,1,3.0,0.107,80.72978400910873
2026-09-01 01:05:03.958346500+00:00,47.2227,21.701,0.0,1,-4.0,0.054,34.79351799653119
2026-09-01 01:05:04.014287500+00:00,47.2679,21.7133,0.0,1,3.6,0.133,30.02803582874328
2026-09-01 01:05:05.401686700+00:00,47.0896,22.4194,0.0,1,5.4,0.306,77.34174671937708
2026-09-01 01:05:09.683735400+00:00,47.1419,22.6016,0.0,1,-8.1,0.174,85.25187696207244
2026-09-01 01:05:09.702019100+00:00,47.1405,22.5868,0.0,1,9.5,0.382,84.37431239320499
2026-09-01 01:05:09.771166100+00:00,47.1041,22.5751,0.0,1,-8.9,0.325,85.8150843204596
2026-09-01 01:05:10.698112500+00:00,47.2996,21.7971,0.0,1,-6.1,0.193,28.78763610122896
2026-09-01 01:05:13.993397600+00:00,47.2137,21.6925,0.0,1,-3.5,0.192,35.688214024050346
2026-09-01 01:05:14.380860300+00:00,47.3855,21.3678,0.0,1,4.6,0.095,25.38783021515858
2026-09-01 01:05:14.381552200+00:00,47.3829,21.3674,0.0,1,5.0,0.129,25.59711066949128
2026-09-01 01:05:14.447399700+00:00,47.3695,21.3744,0.0,1,33.9,0.158,26.201291494165005
2026-09-01 01:05:14.503633400+00:00,47.3215,21.5076,0.0,1,3.3,0.192,25.03736746345185
2026-09-01 01:05:14.956695200+00:00,47.3003,21.3191,0.0,1,-4.0,0.162,34.630119115716276
2026-09-01 01:05:14.973349400+00:00,47.3059,21.3295,0.0,1,-5.1,0.214,33.64326017264385
2026-09-01 01:05:16.544070800+00:00,47.1299,21.4865,0.0,1,-3.3,0.115,45.91010499661168
2026-09-01 01:05:23.875740800+00:00,47.4851,20.7826,0.0,1,-3.8,0.668,63.655654675588615
2026-09-01 01:05:24.611681500+00:00,47.4269,20.5796,0.0,1,2.6,0.062,79.59205039047077
2026-09-01 01:05:24.612411600+00:00,47.4502,20.4445,0.0,1,-9.7,0.087,89.32879469744252
2026-09-01 01:05:24.612970100+00:00,47.4297,20.5806,0.0,1,3.8,0.085,79.47065022222895
2026-09-01 01:05:24.613926400+00:00,47.4307,20.5782,0.0,1,19.0,0.082,79.63268303136881
2026-09-01 01:05:24.615321800+00:00,47.4312,20.5868,0.0,1,4.5,0.072,78.98466872710314
2026-09-01 01:05:27.766253300+00:00,47.3423,21.6908,0.0,1,-5.0,0.113,21.584224512768838
2026-09-01 01:05:27.875569900+00:00,47.3247,21.9113,0.0,1,6.2,0.185,31.395851549476994
2026-09-01 01:05:27.886007600+00:00,47.3106,21.8269,0.0,1,-6.6,1.039,28.79915926212528
2026-09-01 01:05:27.936308200+00:00,47.3267,21.7429,0.0,1,-5.9,0.195,24.38689449670326
2026-09-01 01:05:27.939146900+00:00,47.3306,21.6987,0.0,1,-3.3,0.258,22.9864196533562
2026-09-01 01:05:28.117771500+00:00,47.1607,21.3785,0.0,1,-4.4,0.099,45.302230392100924
2026-09-01 01:05:28.172477200+00:00,47.1452,21.3312,0.0,1,-2.5,0.095,48.41355189592077
2026-09-01 01:05:28.181962800+00:00,47.1322,21.3115,0.0,1,6.8,0.133,50.38612897917461
2026-09-01 01:05:36.123751200+00:00,46.5411,21.9188,0.0,1,-11.0,0.209,112.33189139705334
2026-09-01 01:05:36.190918900+00:00,46.5599,21.8571,0.0,1,-13.4,0.234,109.44192860093226
2026-09-01 01:05:36.238947600+00:00,46.5517,21.9507,0.0,1,-8.7,0.274,111.68138406233386
2026-09-01 01:05:36.239522700+00:00,46.5356,21.903,0.0,1,-8.7,0.129,112.70370594047188
2026-09-01 01:05:36.383626400+00:00,46.4182,21.9852,0.0,1,-5.7,0.245,126.74688536258182
2026-09-01 01:05:36.407349+00:00,46.4141,21.9867,0.0,1,-13.6,0.288,127.21680052848346
2026-09-01 01:05:36.434253+00:00,46.4052,22.004,0.0,1,-13.2,0.315,128.46972994798043
2026-09-01 01:05:36.563540900+00:00,46.3903,21.9731,0.0,1,-12.1,0.276,129.5913251062491
2026-09-01 01:05:36.594219+00:00,47.1773,21.4455,0.0,1,-4.6,0.181,41.708806534459846
2026-09-01 01:05:36.990106700+00:00,47.1893,21.3794,0.0,1,-6.1,0.145,42.39534300970189
2026-09-01 01:05:42.890713300+00:00,47.1012,22.4079,0.0,1,-18.1,0.284,75.84897089390104
2026-09-01 01:05:45.328289300+00:00,46.3149,22.0764,0.0,1,-8.9,0.329,139.52297419862182
2026-09-01 01:05:50.043049100+00:00,46.8442,21.2951,0.0,1,-4.2,0.066,80.45199668359994
2026-09-01 01:05:51.440183600+00:00,47.2395,21.6947,0.0,1,3.3,0.113,32.87401362730733
2026-09-01 01:05:51.589034+00:00,47.2654,21.6885,0.0,1,-7.7,0.217,29.956362805230786
2026-09-01 01:05:56.995389900+00:00,47.3438,21.0777,0.0,1,3.3,0.182,46.311300752191954
2026-09-01 01:06:00.725806900+00:00,47.1655,21.4915,0.0,1,-3.2,0.078,41.97440170016155
2026-09-01 01:06:02.300033400+00:00,47.3453,21.4426,0.0,1,4.0,0.12,24.942030015864074
2026-09-01 01:06:02.561060200+00:00,47.2978,21.428,0.0,1,-13.2,0.174,30.01244442195064
2026-09-01 01:06:02.576384500+00:00,47.2978,21.4316,0.0,1,-3.5,0.193,29.878018058489772
2026-09-01 01:06:02.591178+00:00,47.2981,21.43,0.0,1,-3.0,0.04,29.908550611842436
2026-09-01 01:06:02.638600600+00:00,47.2977,21.429,0.0,1,-17.3,0.121,29.984570218558535
2026-09-01 01:06:02.678974600+00:00,47.2978,21.4286,0.0,1,-13.8,0.099,29.98991196605108
2026-09-01 01:06:03.650183900+00:00,47.0837,21.3425,0.0,1,9.4,0.166,54.235970957928714
2026-09-01 01:06:03.650655600+00:00,47.0825,21.3472,0.0,1,-3.7,0.064,54.21961703673595
2026-09-01 01:06:03.751447500+00:00,46.9667,21.3348,0.0,1,3.1,0.066,66.58093533971415
2026-09-01 01:06:03.929363800+00:00,46.9969,21.3464,0.0,1,-8.2,0.181,63.121149672655385
2026-09-01 01:06:07.771176400+00:00,46.9289,21.4927,0.0,1,12.7,0.18,67.78341115940677
2026-09-01 01:06:07.771241+00:00,46.9292,21.4959,0.0,1,-15.5,0.155,67.71460265925086
2026-09-01 01:06:11.541334800+00:00,47.2242,21.6552,0.0,1,5.5,0.185,34.245815687837926
2026-09-01 01:06:16.307259800+00:00,47.2161,22.5237,0.0,1,4.8,0.224,76.07268603842178
2026-09-01 01:06:16.307958300+00:00,47.2186,22.5195,0.0,1,11.7,0.318,75.66252137275254
2026-09-01 01:06:16.308835600+00:00,47.2191,22.5164,0.0,1,4.9,0.24,75.42942316320547
2026-09-01 01:06:17.357402100+00:00,47.1867,21.634,0.0,1,-3.8,0.176,38.35445050337301
2026-09-01 01:06:20.578665100+00:00,47.1645,21.4291,0.0,1,-7.4,0.151,43.46508100005091
2026-09-01 01:06:23.283356500+00:00,46.8873,21.1315,0.0,1,3.7,0.125,80.8407519736728
2026-09-01 01:06:23.355633200+00:00,46.8985,21.1463,0.0,1,23.4,0.14,79.21851498744999
2026-09-01 01:06:23.376450200+00:00,46.9872,21.1288,0.0,1,3.6,0.163,71.27143194037079
2026-09-01 01:06:23.932707+00:00,47.1162,20.7703,0.0,1,-2.4,0.145,79.41024343935432
2026-09-01 01:06:23.946780+00:00,47.0767,20.7744,0.0,1,5.4,0.106,81.81857809910292
2026-09-01 01:06:23.957426600+00:00,47.075,20.7772,0.0,1,2.4,0.112,81.77078251164878
2026-09-01 01:06:24.004294800+00:00,47.195,20.8746,0.0,1,-2.8,0.082,67.93184553441226
2026-09-01 01:06:24.050972800+00:00,47.1701,20.8419,0.0,1,-3.1,0.114,71.5304990209564
2026-09-01 01:06:25.103077100+00:00,47.3376,21.9196,0.0,1,8.0,0.175,30.801060759449026
2026-09-01 01:06:25.133765+00:00,47.339,21.9225,0.0,1,-3.1,0.295,30.848645670230653
2026-09-01 01:06:25.151122900+00:00,47.2641,21.7132,0.0,1,-9.5,0.196,30.439229081063694
2026-09-01 01:06:25.258318500+00:00,47.3462,21.9773,0.0,1,-8.2,0.157,33.4352442285608
2026-09-01 01:06:25.441987+00:00,47.3581,21.917,0.0,1,3.2,0.038,29.100007357899322
2026-09-01 01:06:25.452001200+00:00,47.3729,21.9324,0.0,1,9.3,0.221,28.942592064735017
2026-09-01 01:06:25.631065500+00:00,47.3487,21.902,0.0,1,-3.0,0.068,28.99020991574257
2026-09-01 01:06:25.652501100+00:00,47.3995,21.8452,0.0,1,3.0,0.2,22.00140003126221
2026-09-01 01:06:25.789192100+00:00,47.3904,21.9353,0.0,1,-5.6,0.23,27.975998718367915
2026-09-01 01:06:25.826739+00:00,47.3887,21.9754,0.0,1,3.5,0.234,30.61607796530611
2026-09-01 01:06:26.693029900+00:00,46.5523,21.9149,0.0,1,-7.2,0.292,111.05227414676096
2026-09-01 01:06:26.693377800+00:00,46.5485,21.9255,0.0,1,5.6,0.301,111.62659102345263
2026-09-01 01:06:27.046245400+00:00,46.5462,21.9275,0.0,1,4.5,0.228,111.90786169956158
2026-09-01 01:06:28.682801200+00:00,47.201,21.7407,0.0,1,-4.2,0.132,37.74008427054721
2026-09-01 01:06:28.809053200+00:00,47.1894,21.7551,0.0,1,-3.6,0.09,39.24960875549906
2026-09-01 01:06:31.615763900+00:00,47.3947,22.1313,0.0,1,-11.1,0.232,40.83174511522692
2026-09-01 01:06:32.955016100+00:00,47.4179,20.9245,0.0,1,5.0,0.1,54.31303222741169
2026-09-01 01:06:33.200495600+00:00,47.4221,20.8489,0.0,1,-3.7,0.121,59.754275234125124
2026-09-01 01:06:33.225941800+00:00,47.4211,20.8515,0.0,1,-4.9,0.106,59.58635885667231
2026-09-01 01:06:33.309596+00:00,47.4125,20.8742,0.0,1,-3.8,0.104,58.13295699004489
2026-09-01 01:06:33.404481400+00:00,47.3814,20.9116,0.0,1,4.8,0.112,56.341572613922665
2026-09-01 01:06:33.407543800+00:00,47.4099,20.9355,0.0,1,3.4,0.111,53.73031395470823
2026-09-01 01:06:33.409294700+00:00,47.4036,20.9506,0.0,1,3.6,0.119,52.82009474750566
2026-09-01 01:06:33.421350400+00:00,47.4413,20.7639,0.0,1,-8.5,0.114,65.64929400861179
2026-09-01 01:06:34.144724600+00:00,47.3828,21.3781,0.0,1,-13.4,0.146,24.995784771663903
2026-09-01 01:06:34.208861500+00:00,47.395,21.388,0.0,1,35.8,0.155,23.54414541599475
2026-09-01 01:06:35.575956800+00:00,47.1727,21.4946,0.0,1,-3.0,0.106,41.14086590502715
2026-09-01 01:06:47.116006200+00:00,46.957,21.3347,0.0,1,3.5,0.176,67.60257090652257
2026-09-01 01:06:49.878561700+00:00,47.2997,21.8904,0.0,1,5.2,0.264,32.50872435713679
2026-09-01 01:06:52.887247600+00:00,46.4884,22.088,0.0,1,-4.6,0.24,121.14310373060066
2026-09-01 01:06:55.613146200+00:00,47.3698,22.0363,0.0,1,-8.5,0.203,35.629773325176075
2026-09-01 01:06:55.985797600+00:00,47.3872,22.0728,0.0,1,3.8,0.281,37.142637092505566
2026-09-01 01:06:57.275482800+00:00,47.3477,21.0819,0.0,1,-2.6,0.081,45.83310415725831
2026-09-01 01:06:57.543793400+00:00,47.2291,21.7004,0.0,1,-6.0,0.132,34.083790675692164
2026-09-01 01:06:57.554504100+00:00,47.2291,21.6991,0.0,1,-4.9,0.172,34.06812168498158
2026-09-01 01:06:57.604019500+00:00,47.3333,21.596,0.0,1,4.8,0.104,22.175288079239394
2026-09-01 01:06:57.608328600+00:00,47.3274,21.5505,0.0,1,9.3,0.169,23.429418759182848
2026-09-01 01:06:57.810484500+00:00,47.3167,21.0335,0.0,1,-3.5,0.098,50.66135965469589
2026-09-01 01:06:57.850650400+00:00,47.3366,21.0213,0.0,1,-2.7,0.072,50.47549966493931
2026-09-01 01:06:57.936531200+00:00,47.3447,21.6999,0.0,1,-3.6,0.055,21.487670878546208
2026-09-01 01:06:58.444735+00:00,46.5345,22.1261,0.0,1,4.3,0.32,117.1392410217008
2026-09-01 01:06:58.512042+00:00,46.5478,22.0238,0.0,1,-7.3,0.356,113.4443568986656
2026-09-01 01:07:03.636143200+00:00,47.1708,21.4264,0.0,1,-3.5,0.12,42.87892675439973
2026-09-01 01:07:05.039445300+00:00,47.3339,21.9592,0.0,1,4.2,0.247,33.26423194671481
2026-09-01 01:07:09.174892300+00:00,46.4141,21.9868,0.0,1,18.6,0.326,127.21842684963363
2026-09-01 01:07:09.190676300+00:00,46.4181,21.975,0.0,1,-16.4,0.287,126.59425221105626
2026-09-01 01:07:09.226881800+00:00,46.3928,21.9769,0.0,1,-11.7,0.316,129.37780435707768
2026-09-01 01:07:09.254450600+00:00,46.4429,21.9772,0.0,1,-6.4,0.484,123.93281981212085
2026-09-01 01:07:15.013038800+00:00,47.1947,21.5033,0.0,1,-4.0,0.195,38.608194140699204
2026-09-01 01:07:20.329897700+00:00,47.2709,21.9495,0.0,1,4.5,0.204,37.79397534151117
2026-09-01 01:07:22.863082500+00:00,46.4269,22.0899,0.0,1,7.1,0.361,127.75135126522524
2026-09-01 01:07:22.863486100+00:00,46.4246,22.0957,0.0,1,16.1,0.246,128.11881560655218
2026-09-01 01:07:24.535118300+00:00,47.0916,21.3688,0.0,1,-9.3,0.151,52.66431582855524
2026-09-01 01:07:24.535825400+00:00,47.0907,21.371,0.0,1,-6.5,0.148,52.69631752009741
2026-09-01 01:07:24.546719700+00:00,47.0931,21.3705,0.0,1,6.0,0.165,52.46186720841888
2026-09-01 01:07:24.650549400+00:00,46.8892,21.1378,0.0,1,3.3,0.097,80.43341818698221
2026-09-01 01:07:24.651030100+00:00,46.8877,21.1377,0.0,1,3.0,0.157,80.5852844563553
2026-09-01 01:07:24.787473800+00:00,47.0926,21.3697,0.0,1,-4.9,0.127,52.53584301424317
2026-09-01 01:07:27.086770900+00:00,47.1844,21.8077,0.0,1,3.6,0.214,40.92847466720186
2026-09-01 01:07:27.336637900+00:00,47.3318,21.9759,0.0,1,7.6,0.191,34.36792656969978
2026-09-01 01:07:29.435166300+00:00,47.1286,21.5362,0.0,1,-6.1,0.161,45.33445848222175
2026-09-01 01:07:29.442948500+00:00,47.1208,21.5578,0.0,1,5.7,0.13,45.978238926511416
2026-09-01 01:07:32.766088+00:00,47.4168,20.9129,0.0,1,-3.7,0.086,55.189991937844766
2026-09-01 01:07:47.657607900+00:00,47.1002,22.4278,0.0,1,15.3,0.237,77.08817966873974
2026-09-01 01:07:47.670370900+00:00,47.0949,22.4192,0.0,1,-17.5,0.266,76.95458163500835
2026-09-01 01:07:51.877141500+00:00,47.2732,21.6698,0.0,1,-8.8,0.137,28.91026002035305
2026-09-01 01:07:51.957024400+00:00,47.2683,21.6575,0.0,1,-7.0,0.159,29.365725137251303
2026-09-01 01:07:52.333424300+00:00,47.2691,21.6558,0.0,1,-10.2,0.171,29.26737992302421
2026-09-01 01:07:55.508931100+00:00,47.1354,22.6029,0.0,1,5.3,0.275,85.70938925631914
2026-09-01 01:07:55.509265700+00:00,47.1377,22.6009,0.0,1,-29.3,0.404,85.4474028971011
2026-09-01 01:07:55.510410+00:00,47.1402,22.5931,0.0,1,4.7,0.438,84.7987738616037
2026-09-01 01:07:55.511101100+00:00,47.1401,22.6058,0.0,1,10.3,0.318,85.62724116306742
2026-09-01 01:07:55.512381200+00:00,47.1389,22.613,0.0,1,4.3,0.349,86.16315751057274
2026-09-01 01:07:55.514928900+00:00,47.1372,22.5979,0.0,1,5.5,0.398,85.28224412353298
2026-09-01 01:07:55.526086200+00:00,47.139,22.6107,0.0,1,4.5,0.366,86.00808551470001
2026-09-01 01:07:55.547804400+00:00,47.1364,22.5864,0.0,1,7.9,0.26,84.5868245411006
2026-09-01 01:07:55.658437200+00:00,47.4504,20.8043,0.0,1,4.4,0.077,62.49157341042746
2026-09-01 01:07:55.713754700+00:00,47.4339,20.8267,0.0,1,62.3,0.095,61.13528155531468
2026-09-01 01:07:56.565295200+00:00,47.3707,21.0489,0.0,1,-3.6,0.135,47.0272079044715
2026-09-01 01:07:56.657263+00:00,47.3732,21.0235,0.0,1,2.7,0.121,48.696628219518146
2026-09-01 01:07:56.687031200+00:00,47.3986,21.0322,0.0,1,40.1,0.104,47.11594855451336
2026-09-01 01:07:56.714481200+00:00,47.3892,21.0368,0.0,1,-5.0,0.117,47.13230947002249
2026-09-01 01:07:56.982300200+00:00,47.422,21.3283,0.0,1,7.1,0.143,25.56339948107188
2026-09-01 01:07:58.238215900+00:00,47.1699,21.4343,0.0,1,-7.4,0.175,42.76664053629844
2026-09-01 01:08:03.076717100+00:00,47.3426,21.0716,0.0,1,-3.9,0.105,46.78147177959337
2026-09-01 01:08:06.434772700+00:00,46.5372,22.1433,0.0,1,19.8,0.299,117.28292829614699
2026-09-01 01:08:06.436745600+00:00,46.5375,22.1468,0.0,1,11.4,0.357,117.34016425822986
2026-09-01 01:08:06.705817400+00:00,47.309,21.8571,0.0,1,-4.3,0.196,30.192350516894603
2026-09-01 01:08:09.739556200+00:00,47.3229,21.9494,0.0,1,-16.2,0.234,33.5506067072913
2026-09-01 01:08:09.810242800+00:00,47.3652,21.9848,0.0,1,-7.0,0.258,32.6347055466835
2026-09-01 01:08:10.092041800+00:00,47.1194,21.535,0.0,1,-2.9,0.13,46.35948529588762
2026-09-01 01:08:10.263508600+00:00,47.15,21.482,0.0,1,-3.6,1.219,43.82164715550939
2026-09-01 01:08:10.702959700+00:00,47.2352,21.6962,0.0,1,-3.2,0.29,33.363906690345615
2026-09-01 01:08:10.828323900+00:00,47.2349,21.6944,0.0,1,-11.4,0.175,33.37608099076392
2026-09-01 01:08:13.498741500+00:00,46.5414,21.9358,0.0,1,-8.2,0.358,112.5596580317429
2026-09-01 01:08:13.516431200+00:00,46.539,21.9297,0.0,1,-6.6,0.385,112.72594755054226
2026-09-01 01:08:17.224384800+00:00,47.193,21.7674,0.0,1,5.5,0.159,39.10134445081575
2026-09-01 01:08:17.348028500+00:00,47.1681,21.6466,0.0,1,-3.3,0.241,40.44549925443119
2026-09-01 01:08:18.722560900+00:00,47.4148,22.1938,0.0,1,-7.1,0.195,44.515055602371085
2026-09-01 01:08:21.177143200+00:00,47.2475,21.9614,0.0,1,-3.8,0.199,40.37980178549064
2026-09-01 01:08:21.179245800+00:00,47.1797,21.5137,0.0,1,-9.0,0.112,40.05426315126352
2026-09-01 01:08:21.516588+00:00,47.1792,21.5134,0.0,1,-4.1,0.18,40.11341489532346
2026-09-01 01:08:22.377606300+00:00,46.9638,21.3404,0.0,1,-3.8,0.195,66.74710606921609
2026-09-01 01:08:23.062010+00:00,47.0377,21.346,0.0,1,5.2,0.159,58.87548973088365
2026-09-01 01:08:23.063607+00:00,47.0397,21.3383,0.0,1,7.3,0.136,58.8804911767358
2026-09-01 01:08:23.064691400+00:00,47.038,21.3403,0.0,1,-6.8,0.161,59.00074341243218
2026-09-01 01:08:23.065941+00:00,47.0348,21.34,0.0,1,4.5,0.083,59.340392341696415
2026-09-01 01:08:23.067617600+00:00,47.0338,21.335,0.0,1,3.4,0.152,59.58252984438589
2026-09-01 01:08:23.117241900+00:00,46.9872,21.3513,0.0,1,-4.8,0.146,64.01751059674773
2026-09-01 01:08:23.213442400+00:00,47.1435,21.2985,0.0,1,3.3,0.043,49.761393926348056
2026-09-01 01:08:23.320409500+00:00,47.0715,21.2671,0.0,1,5.2,0.129,57.92351841038546
2026-09-01 01:08:29.049359900+00:00,47.1875,21.7753,0.0,1,-3.0,0.76,39.853049859371815
2026-09-01 01:08:35.249110900+00:00,47.192,21.6324,0.0,1,-3.6,0.181,37.763750789868155
2026-09-01 01:08:36.919772300+00:00,47.2416,21.6265,0.0,1,-10.5,0.117,32.24658497030249
2026-09-01 01:08:38.232091300+00:00,47.1239,22.5698,0.0,1,-4.3,0.177,84.26713724652791
2026-09-01 01:08:38.492972400+00:00,47.3274,21.958,0.0,1,-4.7,0.234,33.6806572865307
2026-09-01 01:08:38.493793+00:00,47.3251,21.9586,0.0,1,3.9,0.151,33.88717664048064
2026-09-01 01:08:38.678597500+00:00,47.3368,21.9748,0.0,1,-8.0,0.173,33.94646457699856
2026-09-01 01:08:38.707999300+00:00,47.3246,21.958,0.0,1,-4.2,0.202,33.891817426460186
2026-09-01 01:08:38.991578100+00:00,47.3517,21.9748,0.0,1,4.4,0.193,32.911079264055275
2026-09-01 01:08:38.994630400+00:00,47.3614,21.9833,0.0,1,3.1,0.191,32.78473723111659
2026-09-01 01:08:39.004772600+00:00,47.3683,22.0003,0.0,1,4.1,0.021,33.41203226914786
2026-09-01 01:08:40.096870100+00:00,47.3239,21.4595,0.0,1,8.2,0.152,26.31963011471281
2026-09-01 01:08:40.142821500+00:00,47.325,21.4579,0.0,1,6.2,0.227,26.270474250472137
2026-09-01 01:08:44.178661100+00:00,46.537,22.1428,0.0,1,13.5,0.306,117.29129372916076
2026-09-01 01:08:44.178966500+00:00,46.5397,22.1401,0.0,1,4.1,0.331,116.93977506615042
2026-09-01 01:08:49.988563800+00:00,46.4341,22.0983,0.0,1,12.8,0.252,127.15864152664898
2026-09-01 01:08:50.183289800+00:00,46.4175,22.0797,0.0,1,-19.3,0.391,128.54876051617228
2026-09-01 01:08:50.275820800+00:00,46.4231,22.1379,0.0,1,-14.7,0.332,129.202610120952
2026-09-01 01:08:50.452454800+00:00,46.4152,22.0852,0.0,1,-19.1,0.292,128.9072606502202
2026-09-01 01:08:53.018221400+00:00,46.375,22.1208,0.0,1,12.9,0.284,133.95093564402146
2026-09-01 01:08:53.019164400+00:00,46.3694,22.1239,0.0,1,-3.5,0.375,134.61512993961315
2026-09-01 01:08:55.378214900+00:00,47.7137,21.0438,0.0,1,3.4,0.135,48.191454169546724
2026-09-01 01:08:55.378977200+00:00,47.7133,21.0445,0.0,1,-4.1,0.127,48.1253148584286
2026-09-01 01:08:55.379673700+00:00,47.7094,21.0424,0.0,1,-3.1,0.154,48.08979040881214
2026-09-01 01:08:55.533468700+00:00,47.7315,21.0687,0.0,1,-9.3,0.117,47.39361892917723
2026-09-01 01:08:55.559279800+00:00,47.7279,21.1806,0.0,1,-4.1,0.123,39.96183012529128
2026-09-01 01:08:55.932738+00:00,47.7398,21.2513,13.6,2,10.5,0.149,36.46455015273052
2026-09-01 01:08:55.968120700+00:00,46.5845,21.8366,0.0,1,4.4,0.239,106.49939931646718
2026-09-01 01:08:57.472855300+00:00,47.3128,21.8907,0.0,1,6.2,0.195,31.378542596154812
2026-09-01 01:08:57.694657700+00:00,47.3049,21.8919,0.0,1,-5.1,0.186,32.1212392825618
2026-09-01 01:08:58.706517200+00:00,47.4784,20.7436,0.0,1,-11.4,0.099,66.6418719068582
2026-09-01 01:08:58.706732300+00:00,47.4789,20.7449,0.0,1,-7.2,0.109,66.53937636165979
2026-09-01 01:08:58.736504600+00:00,47.48,20.7401,0.0,1,-8.9,0.093,66.88722922125616
2026-09-01 01:08:58.929080600+00:00,47.4867,20.6938,0.0,1,-2.4,0.104,70.29145756115854
2026-09-01 01:08:58.970968400+00:00,47.4942,20.6898,0.0,1,-6.9,0.096,70.53203541825009
2026-09-01 01:08:58.980034300+00:00,47.4907,20.6928,0.0,1,-13.7,0.093,70.33354923149254
2026-09-01 01:08:59.081806900+00:00,47.4912,20.6924,0.0,1,-3.2,0.077,70.35962309347244
2026-09-01 01:08:59.089429200+00:00,47.4907,20.692,0.0,1,-3.5,0.078,70.39350750379484
2026-09-01 01:08:59.660831+00:00,47.1894,21.4895,0.0,1,4.9,0.189,39.441094946413024
2026-09-01 01:08:59.966824900+00:00,47.1832,21.4482,0.0,1,-5.8,1.368,41.0221068519007
2026-09-01 01:09:01.620998100+00:00,47.3823,21.9901,0.0,1,-5.8,0.131,31.931494219899065
2026-09-01 01:09:05.032170800+00:00,46.5777,21.9966,0.0,1,-7.6,0.372,109.69610700982898
2026-09-01 01:09:05.033081400+00:00,46.5782,21.9942,0.0,1,-7.4,0.317,109.5960683875592
2026-09-01 01:09:05.033424900+00:00,46.5793,21.9919,0.0,1,5.9,0.286,109.43358262670189
2026-09-01 01:09:05.035567200+00:00,46.5819,21.981,0.0,1,4.2,0.159,108.94770329638914
2026-09-01 01:09:14.255897900+00:00,47.3406,21.0598,0.0,1,5.1,0.12,47.67542225038638
2026-09-01 01:09:14.267205900+00:00,47.3405,21.0594,0.0,1,-5.8,0.113,47.7073471685716
2026-09-01 01:09:14.349221+00:00,47.3641,21.0262,0.0,1,1.9,0.092,48.887533545625296
2026-09-01 01:09:14.490043900+00:00,47.3328,21.1099,0.0,1,4.0,0.156,44.758064497165726
2026-09-01 01:09:15.011735400+00:00,47.3254,20.9354,0.0,1,-4.3,0.092,56.87401239959076
2026-09-01 01:09:20.681996+00:00,47.1544,21.5469,0.0,1,-4.6,0.161,42.37793531141107
2026-09-01 01:09:28.544772600+00:00,46.8967,21.1432,0.0,1,2.6,0.167,79.50411768263916
2026-09-01 01:09:28.560631600+00:00,46.8973,21.1408,0.0,1,4.9,0.112,79.5283738159273
2026-09-01 01:09:28.697129100+00:00,46.8145,21.1477,0.0,1,14.0,0.125,87.59157528048583
2026-09-01 01:09:29.258518800+00:00,46.4889,22.0979,0.0,1,11.2,0.284,121.30845156545536
2026-09-01 01:09:29.422996700+00:00,46.4972,22.1045,0.0,1,-9.6,0.286,120.57502196849019
2026-09-01 01:09:29.656479200+00:00,47.173,21.3822,0.0,1,-5.3,0.191,43.94197041876273
2026-09-01 01:09:29.753984500+00:00,47.1767,21.3409,0.0,1,7.6,0.187,44.975492810200606
2026-09-01 01:09:29.755865100+00:00,47.1853,21.3394,0.0,1,8.4,0.113,44.19328302726912
2026-09-01 01:09:29.757351900+00:00,47.1855,21.3338,0.0,1,9.5,0.065,44.38248345845182
2026-09-01 01:09:30.136396500+00:00,47.0713,21.3374,0.0,1,-8.3,0.11,55.65569349263572
2026-09-01 01:09:30.156165800+00:00,47.0777,21.2948,0.0,1,7.8,0.156,56.355083546001055
2026-09-01 01:09:30.211837600+00:00,47.2492,21.4772,0.0,1,4.0,0.143,33.372522145357294
2026-09-01 01:09:32.667997800+00:00,47.1379,22.6273,0.0,1,4.3,0.213,87.1502405389827
2026-09-01 01:09:32.700029800+00:00,47.1379,22.6295,0.0,1,-9.6,0.39,87.29363004140015
2026-09-01 01:09:33.891604200+00:00,46.963,21.3662,0.0,1,3.1,0.093,66.2259070800826
2026-09-01 01:09:34.144163600+00:00,46.9955,21.3764,0.0,1,-3.4,0.126,62.545862511195125
2026-09-01 01:09:53.256973200+00:00,47.2638,21.9761,0.0,1,-4.3,0.235,39.698564803760334
2026-09-01 01:09:55.128601500+00:00,47.4262,22.2475,0.0,1,-11.3,0.22,48.06026834782566
2026-09-01 01:09:55.275497100+00:00,47.426,22.2471,0.0,1,-20.5,0.281,48.03663289540993
2026-09-01 01:09:57.983242900+00:00,47.3879,22.5829,0.0,1,27.0,1.039,73.59677542236363
2026-09-01 01:10:00.437511200+00:00,47.2165,21.7709,0.0,1,3.9,0.136,36.66819030022516
2026-09-01 01:10:00.573924100+00:00,47.2487,21.7354,0.0,1,5.2,0.201,32.49256807272703
2026-09-01 01:10:07.007332900+00:00,47.0995,21.4152,0.0,1,4.8,0.194,50.637912980965474
2026-09-01 01:10:15.220872600+00:00,46.4999,22.1047,0.0,1,-7.1,0.296,120.29294993224653
2026-09-01 01:10:15.273087800+00:00,46.5021,22.144,0.0,1,-9.6,0.291,120.99082606948433
2026-09-01 01:10:15.484784200+00:00,46.5038,22.1389,0.0,1,-7.0,0.257,120.68700346775333
2026-09-01 01:10:16.577184700+00:00,46.5469,22.1339,0.0,1,-11.3,0.224,116.0278284248258
2026-09-01 01:10:16.720345300+00:00,46.5352,22.172,0.0,1,-17.7,0.441,118.2345191471251
2026-09-01 01:10:20.175130800+00:00,47.1201,21.5604,0.0,1,-7.5,0.45,46.03369679885629
2026-09-01 01:10:20.541783300+00:00,47.1213,21.5652,0.0,1,-3.5,0.127,45.86273081434529
2026-09-01 01:10:22.292713200+00:00,46.4368,22.0185,0.0,1,-22.9,0.228,125.30047073899699
2026-09-01 01:10:22.293151300+00:00,46.4385,22.0187,0.0,1,-8.2,0.293,125.12031270137035
2026-09-01 01:10:22.293480100+00:00,46.4457,22.0068,0.0,1,-6.7,0.33,124.129859035405
2026-09-01 01:10:22.553780400+00:00,46.6647,21.5029,0.0,1,3.7,0.15,96.85368419817247
2026-09-01 01:10:22.554661300+00:00,46.6599,21.4831,0.0,1,-4.1,0.042,97.54127533609777
2026-09-01 01:10:22.564839200+00:00,46.6545,21.4942,0.0,1,-15.5,0.175,98.04813460318623
2026-09-01 01:10:22.600353900+00:00,46.6432,21.5328,0.0,1,-7.7,0.222,99.04430257877212
2026-09-01 01:10:28.691404300+00:00,47.2097,21.7438,0.0,1,-6.7,0.119,36.85314911265253
2026-09-01 01:10:28.891753400+00:00,47.237,21.7505,0.0,1,7.0,0.373,34.04586599458892
2026-09-01 01:10:29.719794800+00:00,47.2301,22.6663,0.0,1,-12.5,1.066,85.109077386395
2026-09-01 01:10:29.723616100+00:00,47.2236,22.6473,0.0,1,6.4,0.431,84.09219381837006
2026-09-01 01:10:29.726535600+00:00,46.9481,21.4617,0.0,1,34.0,0.233,66.07565850287386
2026-09-01 01:10:29.742953600+00:00,46.9457,21.4668,0.0,1,15.5,0.156,66.26629805193602
2026-09-01 01:10:29.746064900+00:00,46.9468,21.468,0.0,1,-6.5,0.125,66.1294920138866
2026-09-01 01:10:29.888628100+00:00,46.9453,21.4928,0.0,1,-7.1,0.158,65.97959225379161
2026-09-01 01:10:29.900772900+00:00,46.9422,21.508,0.0,1,3.4,0.106,66.15427688309165
2026-09-01 01:10:29.925442700+00:00,47.2412,22.8038,0.0,1,-23.1,0.316,94.27375820478518
2026-09-01 01:10:30.235541500+00:00,47.1651,22.6609,0.0,1,13.8,0.229,87.88859755727171
2026-09-01 01:10:30.236087+00:00,47.1501,22.6318,0.0,1,-5.0,0.45,86.76482397466884
2026-09-01 01:10:30.236991500+00:00,47.1682,22.6631,0.0,1,12.2,0.239,87.87441348397635
2026-09-01 01:10:30.239036700+00:00,47.1594,22.6486,0.0,1,3.8,0.37,87.3707515043077
2026-09-01 01:10:31.722292200+00:00,47.3892,22.1028,0.0,1,16.8,0.164,39.09731844023358
2026-09-01 01:10:31.800253200+00:00,47.391,22.0859,0.0,1,-3.8,0.113,37.855516939138944
2026-09-01 01:10:31.870008400+00:00,47.4099,22.1301,0.0,1,-22.5,0.243,40.1421319104607
2026-09-01 01:10:31.924881900+00:00,47.39,22.1015,0.0,1,-3.7,0.279,38.971708333172394
2026-09-01 01:10:31.937382100+00:00,47.3898,22.0884,0.0,1,-18.4,0.417,38.08217493072854
2026-09-01 01:10:31.990561400+00:00,47.4104,22.1303,0.0,1,-7.4,0.279,40.13741397092361
2026-09-01 01:10:34.252562300+00:00,47.1579,21.4973,0.0,1,4.4,0.135,42.692296391581486
2026-09-01 01:10:34.645414+00:00,47.1232,21.5155,0.0,1,3.8,0.39,46.18712519172177
2026-09-01 01:10:42.326661200+00:00,47.2319,21.7028,0.0,1,-14.5,0.169,33.80645892851478
2026-09-01 01:10:42.455962300+00:00,47.2331,21.7034,0.0,1,-37.3,0.118,33.682576344740056
2026-09-01 01:10:42.549764700+00:00,47.2328,21.7036,0.0,1,-24.9,0.166,33.71801411341611
2026-09-01 01:10:42.550671200+00:00,47.1661,21.6062,0.0,1,6.7,0.109,40.672821360003994
2026-09-01 01:10:49.223879200+00:00,47.2373,21.6197,0.0,1,83.0,0.119,32.72966874063589
2026-09-01 01:10:49.230625900+00:00,47.3411,21.7051,0.0,1,6.4,0.217,21.976007697546773
2026-09-01 01:10:49.259515100+00:00,47.234,21.6146,0.0,1,4.9,0.102,33.105421518484356
2026-09-01 01:10:49.403813900+00:00,47.3887,21.5235,0.0,1,12.4,0.084,17.702552271659485
2026-09-01 01:10:49.406511200+00:00,47.3733,21.5235,0.0,1,5.4,0.167,19.254863654176365
2026-09-01 01:10:49.549024200+00:00,47.3126,21.5689,0.0,1,-9.7,0.137,24.74487293797501
2026-09-01 01:10:49.562213400+00:00,47.3108,21.4828,0.0,1,-15.6,1.696,26.851077429421
2026-09-01 01:10:56.376518600+00:00,47.1951,21.7289,0.0,1,3.0,0.238,38.191558469730474
2026-09-01 01:10:57.994910500+00:00,47.1033,21.4207,0.0,1,3.3,0.065,50.10657335630472
2026-09-01 01:10:58.062903900+00:00,47.1193,21.4139,0.0,1,-4.9,0.172,48.5852326281625
2026-09-01 01:11:01.033575100+00:00,47.2218,22.6547,0.0,1,8.8,0.307,84.68380306471462
2026-09-01 01:11:01.046837700+00:00,47.2207,22.6568,0.0,1,-7.4,0.341,84.87875635103654
2026-09-01 01:11:01.167673600+00:00,47.2043,22.648,0.0,1,5.3,0.207,85.04911512998221
2026-09-01 01:11:01.343149700+00:00,47.2209,22.6548,0.0,1,-6.2,0.414,84.73203756190786
2026-09-01 01:11:10.775353100+00:00,47.0977,22.4352,0.0,1,-24.2,0.315,77.69907109472457
2026-09-01 01:11:10.943796100+00:00,47.1427,22.3754,0.0,1,-32.2,0.27,71.04825689038307
2026-09-01 01:11:10.944579400+00:00,47.1216,22.4183,0.0,1,-8.4,0.32,75.0506838456073
2026-09-01 01:11:12.899166600+00:00,47.2865,21.9108,0.0,1,-3.9,0.277,34.61083879099207
2026-09-01 01:11:13.508450600+00:00,47.3123,21.3107,0.0,1,3.8,0.085,34.08771829887548
2026-09-01 01:11:13.509007+00:00,47.3116,21.3137,0.0,1,-2.9,0.062,33.98648442743514
2026-09-01 01:11:13.608509600+00:00,47.3661,21.277,0.0,1,-2.8,0.148,32.13258593733727
2026-09-01 01:11:13.811327500+00:00,47.204,21.752,0.0,1,-4.8,0.224,37.61854774502911
2026-09-01 01:11:17.601021200+00:00,47.2103,21.8132,0.0,1,4.6,0.164,38.37183007365542
2026-09-01 01:11:18.561777500+00:00,46.5495,22.149,0.0,1,4.8,0.262,116.13918047465016
2026-09-01 01:11:18.562534700+00:00,46.5489,22.1507,0.0,1,3.6,0.144,116.24587534319022
2026-09-01 01:11:18.563362100+00:00,46.5502,22.1537,0.0,1,4.4,0.319,116.187682533098
2026-09-01 01:11:27.785199600+00:00,47.4589,20.8165,0.0,1,138.6,0.08,61.44835792713212
2026-09-01 01:11:27.790916100+00:00,47.4506,20.8243,0.0,1,3.4,0.064,61.00164566860386
2026-09-01 01:11:27.792388300+00:00,47.4539,20.8308,0.0,1,6.9,0.111,60.46328948676789
2026-09-01 01:11:27.799831300+00:00,47.4506,20.8336,0.0,1,2.9,0.104,60.310646775063354
2026-09-01 01:11:27.831507100+00:00,47.3645,21.0027,0.0,1,-4.6,0.088,50.509313281822045
2026-09-01 01:11:27.890701500+00:00,47.4481,20.8344,0.0,1,3.3,0.091,60.29479605311131
2026-09-01 01:11:27.979618+00:00,47.3924,20.9555,0.0,1,5.9,0.101,52.822079686557096
2026-09-01 01:11:28.059973900+00:00,47.3325,21.9586,0.0,1,17.6,0.218,33.333810066738764
2026-09-01 01:11:28.095193900+00:00,47.3366,21.9837,0.0,1,-6.8,0.196,34.478564009573105
2026-09-01 01:11:28.141814900+00:00,47.5195,20.9052,0.0,1,3.0,0.119,54.23583483952422
2026-09-01 01:11:28.524329700+00:00,47.3363,21.9857,0.0,1,-14.1,0.223,34.616631324740915
2026-09-01 01:11:28.664982900+00:00,47.337,21.9853,0.0,1,-30.6,0.254,34.544257653137876
2026-09-01 01:11:28.699705300+00:00,47.3361,21.9842,0.0,1,-5.4,0.171,34.5428730030254
2026-09-01 01:11:30.049715700+00:00,47.2243,21.6564,0.0,1,-4.0,0.193,34.24038033005589
2026-09-01 01:11:30.273271700+00:00,47.2193,21.7291,0.0,1,-3.0,1.118,35.56216355801136
2026-09-01 01:11:30.441265900+00:00,47.1641,21.6813,0.0,1,-2.9,0.131,41.066150432014794
2026-09-01 01:11:32.085153400+00:00,47.1392,21.4821,0.0,1,-8.9,0.125,44.98390772956497
2026-09-01 01:11:32.297547100+00:00,47.2289,21.5302,0.0,1,-6.4,0.162,34.443552976271654
2026-09-01 01:11:32.479461900+00:00,47.1869,21.4027,0.0,1,-5.8,0.156,41.8963714648774
2026-09-01 01:11:32.479977600+00:00,47.1884,21.3997,0.0,1,-8.4,0.122,41.835824470180334
2026-09-01 01:11:32.483005600+00:00,47.1889,21.4083,0.0,1,4.8,0.115,41.52352672613225
2026-09-01 01:11:32.484506800+00:00,47.1824,21.3646,0.0,1,4.3,0.185,43.58076112948389
2026-09-01 01:11:32.485499+00:00,47.1944,21.3891,0.0,1,7.1,0.132,41.566041464724094
2026-09-01 01:11:32.486675100+00:00,47.188,21.4105,0.0,1,4.6,0.134,41.550036375782966
2026-09-01 01:11:33.021645300+00:00,47.1851,21.2129,0.0,1,-11.9,0.14,49.58647586303951
2026-09-01 01:11:39.068389800+00:00,47.2239,21.8089,0.0,1,-4.4,0.113,36.845873596616734
2026-09-01 01:11:41.576838800+00:00,47.1195,22.6068,0.0,1,4.2,0.339,86.89038280025748
2026-09-01 01:11:41.577392800+00:00,47.1199,22.6054,0.0,1,4.2,0.317,86.77704139802147
2026-09-01 01:11:41.811408800+00:00,47.2278,21.7439,0.0,1,4.7,0.126,34.903187540837756
2026-09-01 01:11:41.882395100+00:00,47.2672,21.7677,0.0,1,6.0,0.206,31.24138857642582
2026-09-01 01:11:42.061234100+00:00,46.4898,22.103,0.0,1,12.5,0.298,121.32709146218816
2026-09-01 01:11:42.115964+00:00,46.4841,22.1049,7.8,2,-9.8,0.146,121.97564903818684
2026-09-01 01:11:42.436940600+00:00,47.2117,21.7634,0.0,1,-12.2,0.206,37.018335054220834
2026-09-01 01:11:42.559365600+00:00,46.4946,22.0911,0.0,1,6.4,0.341,120.55089324573983
2026-09-01 01:11:45.168991200+00:00,47.1099,21.5622,0.0,1,7.3,0.18,47.14696141208719
2026-09-01 01:11:45.169519400+00:00,47.1112,21.561,0.0,1,4.6,0.142,47.012718258638124
2026-09-01 01:11:45.353098900+00:00,47.1115,21.565,0.0,1,5.8,0.199,46.94843191750971
2026-09-01 01:11:54.509099600+00:00,47.3781,22.0755,0.0,1,-11.3,0.247,37.77470359012217
2026-09-01 01:11:54.541477900+00:00,47.4174,22.0554,0.0,1,3.6,0.302,34.59053556586938
2026-09-01 01:11:54.628388500+00:00,47.3768,22.08,0.0,1,-6.0,0.242,38.14223219805354
2026-09-01 01:11:58.553888700+00:00,46.5599,22.1362,0.0,1,-13.9,0.381,114.72160080398845
2026-09-01 01:11:58.676737500+00:00,47.1109,21.4321,0.0,1,-2.7,0.141,49.03906136435114
2026-09-01 01:11:58.689488100+00:00,47.1117,21.4278,0.0,1,-3.8,0.191,49.05256723612845
2026-09-01 01:11:58.845019800+00:00,47.1118,21.4294,0.0,1,-3.9,0.067,49.00513370263475
2026-09-01 01:11:58.879167800+00:00,47.11,21.4288,0.0,1,-3.5,0.159,49.209633391969156
2026-09-01 01:11:59.532028800+00:00,47.2067,21.7605,0.0,1,-5.2,0.183,37.49400473351833
2026-09-01 01:12:00.072177100+00:00,46.9578,22.9192,0.0,1,-7.4,0.416,116.53643490623551
2026-09-01 01:12:07.132268300+00:00,47.3775,22.592,0.0,1,25.8,0.261,74.52906892069565
2026-09-01 01:12:08.626521700+00:00,46.9548,21.4681,0.0,1,29.8,0.178,65.25340957615492
2026-09-01 01:12:10.652238600+00:00,47.1589,21.692,0.0,1,-7.2,0.226,41.7280573272647
2026-09-01 01:12:11.985835200+00:00,47.2223,22.6651,0.0,1,-44.5,0.327,85.37701193456121
2026-09-01 01:12:12.052567800+00:00,47.2381,22.6425,0.0,1,-31.2,0.299,83.10639610708759
2026-09-01 01:12:14.548986900+00:00,47.7354,21.2617,0.0,1,73.5,0.142,35.55296025545279
2026-09-01 01:12:14.552501800+00:00,47.735,21.2649,0.0,1,-3.5,0.157,35.34013243422643
2026-09-01 01:12:14.940829900+00:00,47.6632,21.2061,0.0,1,-7.0,0.136,34.80799043826393
2026-09-01 01:12:19.103078200+00:00,47.1925,22.6678,0.0,1,-4.1,0.467,86.96787450387363
2026-09-01 01:12:19.103602200+00:00,47.1919,22.6722,0.0,1,3.4,0.067,87.29587045044322
2026-09-01 01:12:20.596471800+00:00,47.2065,21.8295,0.0,1,4.7,0.169,39.225753453996774
2026-09-01 01:12:23.120313400+00:00,46.6361,21.6683,0.0,1,18.8,0.242,99.62343098981995
2026-09-01 01:12:23.121222200+00:00,46.6714,21.5058,0.0,1,-4.9,1.189,96.09092306676217
2026-09-01 01:12:30.572249200+00:00,47.1064,21.4219,0.0,1,4.2,0.174,49.750690161951034
2026-09-01 01:12:30.793124900+00:00,47.1071,21.4346,0.0,1,2.8,0.167,49.38669909770587
2026-09-01 01:12:30.832835600+00:00,47.109,21.4266,0.0,1,7.7,0.107,49.36618505462277
2026-09-01 01:12:30.862309800+00:00,47.1097,21.4239,0.0,1,5.1,0.166,49.35491137575265
2026-09-01 01:12:30.890510300+00:00,47.1652,21.4549,0.0,1,-3.5,0.144,42.76204319280447
2026-09-01 01:12:31.286251+00:00,47.0317,21.2414,0.0,1,3.2,0.083,62.74717867159943
2026-09-01 01:12:38.309310900+00:00,47.3412,21.9776,0.0,1,3.9,0.085,33.79944187419384
2026-09-01 01:12:38.404842800+00:00,47.3292,21.898,0.0,1,-8.0,0.218,30.35034455344809
2026-09-01 01:12:38.913377800+00:00,47.1317,21.6495,0.0,1,2.6,0.099,44.49831354605964
2026-09-01 01:12:38.930889800+00:00,47.3288,21.8983,0.0,1,-9.2,0.23,30.39852131780481
2026-09-01 01:12:43.834372500+00:00,46.4922,22.1108,10.2,2,-42.7,0.185,121.2495335677675
2026-09-01 01:12:43.835007400+00:00,46.4926,22.1183,0.0,1,9.7,0.327,121.38026111773323
2026-09-01 01:12:43.837169300+00:00,46.4931,22.1177,0.0,1,4.1,0.214,121.3133429687282
2026-09-01 01:12:45.521011100+00:00,46.5525,22.1494,0.0,1,4.2,0.349,115.8355420383058
2026-09-01 01:12:46.253759200+00:00,47.0511,21.5027,7.1,2,-4.9,0.061,54.24927148719971
2026-09-01 01:12:46.888387100+00:00,47.1488,22.6518,0.0,1,4.7,0.225,88.15299822184902
2026-09-01 01:12:47.624179600+00:00,47.2436,21.7217,0.0,1,3.8,0.084,32.80320455792078
2026-09-01 01:12:47.635266400+00:00,47.2676,21.7573,0.0,1,5.2,0.204,30.94316780956487
2026-09-01 01:12:47.886947800+00:00,47.2386,21.6785,0.0,1,-15.5,0.182,32.807348306805004
2026-09-01 01:12:48.009584+00:00,47.1994,21.6796,0.0,1,-14.4,0.192,37.14837093277638
2026-09-01 01:12:48.265747700+00:00,47.2925,21.6295,0.0,1,4.4,0.159,26.587222347379473
2026-09-01 01:12:48.267722+00:00,47.2879,21.6278,0.0,1,4.5,0.219,27.09822974451285
2026-09-01 01:12:48.267821400+00:00,47.2913,21.6248,0.0,1,9.4,0.151,26.720803092749435
2026-09-01 01:12:48.269858700+00:00,47.2896,21.6399,0.0,1,26.9,0.128,26.92587109310893
2026-09-01 01:12:48.270714500+00:00,47.292,21.6417,0.0,1,6.9,0.163,26.664330361285216
2026-09-01 01:12:48.271712300+00:00,47.2904,21.6449,0.0,1,7.1,0.142,26.85289558031221
2026-09-01 01:12:48.273309300+00:00,47.2792,21.6362,0.0,1,4.0,0.22,28.073590644214896
2026-09-01 01:12:48.769705400+00:00,46.4259,22.178,12.6,2,5.2,0.235,129.85179314985592
2026-09-01 01:12:48.770820600+00:00,46.3313,22.5284,0.0,1,-5.5,0.297,149.9810529616994
2026-09-01 01:12:49.062609500+00:00,46.426,22.1868,0.0,1,5.5,0.395,130.05757271492442
2026-09-01 01:12:49.390905800+00:00,46.4265,22.0877,0.0,1,22.7,0.283,127.74842709542273
2026-09-01 01:12:52.410889100+00:00,47.1132,21.5621,0.0,1,-4.4,0.167,46.78280186791987
2026-09-01 01:12:54.350869100+00:00,47.0812,22.4265,0.0,1,-8.9,0.287,78.35318732234091
2026-09-01 01:12:54.351505300+00:00,47.0822,22.4245,0.0,1,-7.4,0.32,78.1657106645745
2026-09-01 01:12:54.424197200+00:00,47.0822,22.3588,10.2,2,9.9,0.207,74.42403859746072
2026-09-01 01:13:02.528713500+00:00,47.3106,21.9754,0.0,1,-11.6,0.236,35.91323470713612
2026-09-01 01:13:02.564540700+00:00,47.3316,21.9785,0.0,1,-15.1,0.177,34.531728348385755
2026-09-01 01:13:04.132324400+00:00,46.956,21.4663,0.0,1,4.5,0.155,65.14744876923642
2026-09-01 01:13:14.119523800+00:00,47.2163,21.7613,0.0,1,-5.8,0.167,36.48292994079216
2026-09-01 01:13:14.228248900+00:00,47.2123,21.7642,0.0,1,-5.0,0.174,36.97096811831962
2026-09-01 01:13:14.269782300+00:00,47.3158,21.7414,0.0,1,45.3,0.188,25.48498276342092
2026-09-01 01:13:14.426854800+00:00,47.4379,21.4213,0.0,1,7.9,0.137,18.659436573948355
2026-09-01 01:13:14.459101800+00:00,47.3861,21.5231,0.0,1,15.5,0.16,17.97567466734904
2026-09-01 01:13:14.659263400+00:00,47.4126,21.4618,0.0,1,-4.5,0.173,18.161157414954815
2026-09-01 01:13:14.659917100+00:00,47.3802,21.4477,0.0,1,-5.4,0.164,21.58129217810735
2026-09-01 01:13:14.664094300+00:00,47.4176,21.4621,7.9,2,-4.0,0.094,17.743959472049976
2026-09-01 01:13:16.537564300+00:00,47.1216,22.601,0.0,1,6.8,0.274,86.39459880373865
2026-09-01 01:13:17.973153100+00:00,47.4081,22.1397,0.0,1,25.6,0.19,40.88959510509943
2026-09-01 01:13:18.130995400+00:00,47.3983,22.1717,0.0,1,-6.3,0.624,43.52526893434431
2026-09-01 01:13:18.372661+00:00,47.407,22.1472,0.0,1,-3.5,0.187,41.462117924626625
2026-09-01 01:13:23.805233800+00:00,47.1805,21.7255,0.0,1,3.6,0.105,39.73514186841323
2026-09-01 01:13:23.895759900+00:00,47.2074,21.697,0.0,1,4.8,0.169,36.4295313997528
2026-09-01 01:13:25.838507+00:00,46.5414,22.1443,0.0,1,-6.7,0.372,116.86760769399304
2026-09-01 01:13:27.348357300+00:00,47.1171,21.4325,0.0,1,-3.0,0.251,48.37243691205696
2026-09-01 01:13:31.605949500+00:00,46.427,22.1768,0.0,1,4.5,0.293,129.70656757885118
2026-09-01 01:13:31.608023100+00:00,46.4257,22.1812,0.0,1,5.8,0.288,129.95116289375196
2026-09-01 01:13:33.255916900+00:00,46.3828,22.1456,0.0,1,-5.4,0.397,133.65937749575076
2026-09-01 01:13:33.271809800+00:00,46.3789,22.1495,0.0,1,-11.2,0.234,134.16144360909487
2026-09-01 01:13:33.477354900+00:00,47.2171,22.6798,0.0,1,-28.3,0.362,86.62660845952097
2026-09-01 01:13:33.570995200+00:00,47.2356,22.6364,0.0,1,-8.2,0.285,82.79601039445204
2026-09-01 01:13:37.290480200+00:00,47.4506,20.8497,0.0,1,-14.7,0.099,59.114831419469574
2026-09-01 01:13:37.853746200+00:00,47.4751,20.7987,0.0,1,4.3,0.073,62.558244862806546
2026-09-01 01:13:37.861442200+00:00,47.4736,20.7975,0.0,1,3.5,0.079,62.66576074951078
2026-09-01 01:13:37.904925700+00:00,47.1601,21.6682,0.0,1,-3.7,0.182,41.423689118065255
2026-09-01 01:13:38.055953500+00:00,47.4406,20.8894,0.0,1,-6.2,0.109,56.36285353525846
2026-09-01 01:13:38.324962700+00:00,47.364,21.1078,0.0,1,7.7,0.158,43.282284807419316
2026-09-01 01:13:38.336496300+00:00,47.3001,20.9755,0.0,1,27.1,0.194,55.387959144774456
2026-09-01 01:13:38.360789900+00:00,47.2494,20.968,0.0,1,-3.9,0.12,58.718658942651665
2026-09-01 01:13:38.387854400+00:00,47.2532,20.9781,0.0,1,-2.4,0.104,57.84875673293274
2026-09-01 01:13:38.456478600+00:00,47.2199,20.9168,0.0,1,5.9,0.094,63.745832986139696
2026-09-01 01:13:38.462240100+00:00,47.2608,21.0322,0.0,1,5.7,0.116,53.97352750906417
2026-09-01 01:13:38.463580600+00:00,47.2589,21.0199,0.0,1,-4.9,0.094,54.86148621842845
2026-09-01 01:13:40.041632700+00:00,47.2093,21.5002,0.0,1,-9.8,0.751,37.09427158241559
2026-09-01 01:13:40.063160700+00:00,47.71,21.0655,0.0,1,-6.7,0.137,46.54516871738551
2026-09-01 01:13:40.429896900+00:00,47.7232,21.0873,0.0,1,-10.1,0.136,45.73294140775033
2026-09-01 01:13:40.748797200+00:00,47.7218,21.2743,0.0,1,-4.4,0.13,33.86895224644152
2026-09-01 01:13:40.754047500+00:00,47.7045,21.1117,0.0,1,-3.9,0.132,43.163800456347474
2026-09-01 01:13:40.771588500+00:00,47.7036,21.1141,0.0,1,-2.7,0.057,42.95846703126776
2026-09-01 01:13:44.651034900+00:00,47.1396,22.6461,0.0,1,5.5,0.414,88.28354213687801
2026-09-01 01:13:45.382791400+00:00,47.3047,22.0054,0.0,1,-3.8,0.146,38.0241932077982
2026-09-01 01:13:45.838563200+00:00,46.5938,22.1508,0.0,1,-3.5,0.331,111.56260786193059
2026-09-01 01:13:49.364162700+00:00,46.4453,22.1505,0.0,1,-4.0,0.334,127.14238692476091
2026-09-01 01:13:53.994196600+00:00,47.3416,21.9764,0.0,1,4.2,0.167,33.70115578606515
2026-09-01 01:13:54.148838900+00:00,47.3502,21.9911,0.0,1,-11.5,0.144,33.99170880871227
2026-09-01 01:13:54.465698200+00:00,47.3507,21.9881,0.0,1,-13.8,0.228,33.77712919439688
2026-09-01 01:13:54.466831100+00:00,47.355,21.9741,7.8,2,-12.3,0.143,32.646619545945484
2026-09-01 01:13:54.539424400+00:00,47.3512,21.9913,0.0,1,-12.3,0.231,33.9377656240613
2026-09-01 01:14:03.585385200+00:00,46.5488,22.1676,0.0,1,-12.4,0.25,116.69940199421342
2026-09-01 01:14:03.724501500+00:00,46.5671,22.1431,0.0,1,-8.7,0.364,114.1449195736398
2026-09-01 01:14:03.869844500+00:00,46.5676,22.1431,0.0,1,-9.7,0.289,114.09262126232122
2026-09-01 01:14:06.506558400+00:00,47.2154,21.9286,0.0,1,-6.9,0.128,41.84482231242669
2026-09-01 01:14:06.588503+00:00,47.2795,21.8955,0.0,1,4.5,0.144,34.54267968797066
2026-09-01 01:14:10.384803100+00:00,47.2969,21.3053,0.0,1,7.0,0.143,35.610511120395195
2026-09-01 01:14:10.394868600+00:00,47.2979,21.302,0.0,1,4.7,0.138,35.698734963801435
2026-09-01 01:14:10.437586200+00:00,47.2983,21.3076,0.0,1,-2.9,0.222,35.37846605503101
2026-09-01 01:14:10.455243200+00:00,47.2986,21.3033,0.0,1,-3.8,0.157,35.57490103902281
2026-09-01 01:14:10.532170300+00:00,47.3635,21.3026,0.0,1,2.5,0.099,30.749802896941574
2026-09-01 01:14:10.536136800+00:00,47.3696,21.3115,0.0,1,3.1,0.156,29.805276617943324
2026-09-01 01:14:10.589114400+00:00,47.3235,21.359,0.0,1,3.1,0.157,30.70502422721207
2026-09-01 01:14:10.595903400+00:00,47.3236,21.2947,0.0,1,3.4,0.046,34.07242147280206
2026-09-01 01:14:10.614683100+00:00,47.3198,21.3336,0.0,1,-3.9,0.098,32.29275007245195
2026-09-01 01:14:10.621172700+00:00,47.2962,21.3054,0.0,1,-4.7,0.136,35.66259165819912
2026-09-01 01:14:10.648517+00:00,47.2725,21.2998,0.0,1,-2.8,0.172,37.91554142479426
2026-09-01 01:14:11.754276100+00:00,46.4299,22.1782,0.0,1,-5.6,0.313,129.43513889282676
2026-09-01 01:14:15.571987600+00:00,47.1941,21.7537,0.0,1,-11.8,0.214,38.71699677087553
2026-09-01 01:14:15.825270400+00:00,47.1938,21.7565,0.0,1,-11.3,0.25,38.801689924976785
2026-09-01 01:14:16.732919300+00:00,47.1739,21.5399,0.0,1,-10.5,0.152,40.31568285416924
2026-09-01 01:14:16.896273+00:00,46.9764,21.3701,0.0,1,13.5,0.174,64.71527016687912
2026-09-01 01:14:16.896629100+00:00,46.9759,21.3721,0.0,1,-7.0,0.12,64.72325802601445
2026-09-01 01:14:16.908439300+00:00,46.9751,21.3674,9.9,2,-4.5,0.009,64.91453795817317
2026-09-01 01:14:17.123363800+00:00,46.8939,21.2332,0.0,1,2.6,0.123,76.90340746046914
2026-09-01 01:14:18.223723700+00:00,47.1972,22.6849,0.0,1,5.8,0.4,87.9046877894697
2026-09-01 01:14:18.224264500+00:00,47.1885,22.7124,0.0,1,5.2,0.49,90.19668825425454
2026-09-01 01:14:18.225079400+00:00,47.1958,22.6912,0.0,1,5.5,0.395,88.4014550289957
2026-09-01 01:14:20.068969+00:00,47.3078,21.9149,0.0,1,-16.8,0.182,32.97713551624029
2026-09-01 01:14:20.153436600+00:00,47.3078,21.9157,0.0,1,-6.9,0.252,33.01666026390108
2026-09-01 01:14:25.902022400+00:00,47.1593,21.5304,0.0,1,-4.5,0.161,42.03669508375848
2026-09-01 01:14:25.903664500+00:00,47.1588,21.53,0.0,1,3.3,0.037,42.09669243600729
2026-09-01 01:14:26.187913500+00:00,47.1601,21.5342,0.0,1,3.5,0.08,41.90020654412532
2026-09-01 01:14:26.204222200+00:00,47.1594,21.5353,0.0,1,3.2,0.074,41.96318514935869
2026-09-01 01:14:26.867903+00:00,46.5547,22.1752,0.0,1,-9.2,0.27,116.28881186349012
2026-09-01 01:14:26.869037700+00:00,46.5519,22.179,0.0,1,-14.6,0.226,116.682922936198
2026-09-01 01:14:32.888269400+00:00,47.09,22.4419,0.0,1,6.3,0.325,78.63092662144328
2026-09-01 01:14:32.889215600+00:00,47.0894,22.4431,0.0,1,-7.1,0.334,78.7435211592543
2026-09-01 01:14:32.892114900+00:00,47.0938,22.4561,0.0,1,4.1,0.258,79.20772703593124
2026-09-01 01:14:33.470014700+00:00,46.3813,22.1565,0.0,1,3.8,0.372,134.06442989769772
2026-09-01 01:14:41.312088200+00:00,46.3609,21.4232,0.0,1,-10.3,0.229,131.09452518442228
2026-09-01 01:14:41.312550+00:00,46.3605,21.4227,0.0,1,4.5,0.199,131.1431873515197
2026-09-01 01:14:41.314447100+00:00,46.364,21.4274,0.0,1,5.2,0.258,130.714802407889
2026-09-01 01:14:41.331010700+00:00,46.3719,21.4267,0.0,1,3.6,0.129,129.84843025021564
2026-09-01 01:14:41.695225800+00:00,46.3622,21.4174,9.0,2,4.3,0.126,131.0037760163987
2026-09-01 01:14:43.569351100+00:00,47.308,22.0063,0.0,1,4.2,0.246,37.83205404499848
2026-09-01 01:14:43.851583300+00:00,47.335,22.0038,0.0,1,2.8,0.297,35.77547326184543
2026-09-01 01:14:44.521440100+00:00,47.3235,22.019,0.0,1,-22.0,0.251,37.46571817182055
2026-09-01 01:14:44.562499900+00:00,47.3231,22.0216,0.0,1,-6.7,0.284,37.647198601805854
2026-09-01 01:14:44.676836700+00:00,47.3233,22.0206,0.0,1,-8.0,0.199,37.57420120615237
2026-09-01 01:14:44.787851600+00:00,47.3233,22.0222,0.0,1,-8.1,0.211,37.66904746734735
2026-09-01 01:14:48.593937600+00:00,47.1287,21.4422,0.0,1,4.8,0.11,46.92205290369309
2026-09-01 01:14:48.754186800+00:00,46.4317,22.1896,0.0,1,10.5,0.391,129.52768133761268
2026-09-01 01:14:48.788034300+00:00,46.4939,22.1187,0.0,1,3.4,0.472,121.25185743270134
2026-09-01 01:14:51.521322600+00:00,47.248,21.9395,0.0,1,-5.7,0.244,39.32941221416335
2026-09-01 01:14:52.488314300+00:00,47.3012,21.9385,0.0,1,-7.6,0.235,34.70760743888569
2026-09-01 01:14:55.737658+00:00,47.4277,21.0545,0.0,1,-8.3,0.124,44.56995391871423
2026-09-01 01:14:55.802151200+00:00,47.2392,22.6914,0.0,1,7.4,0.45,86.45732064438255
2026-09-01 01:14:55.802838500+00:00,47.239,22.6869,0.0,1,-4.2,0.114,86.15204136351998
2026-09-01 01:14:56.201875200+00:00,47.2422,22.6489,0.0,1,7.7,0.413,83.36995323258675
2026-09-01 01:15:00.000891300+00:00,47.1602,21.5366,0.0,1,4.7,0.179,41.85934426101897
2026-09-01 01:15:13.957497200+00:00,47.1693,21.6554,0.0,1,-3.2,0.096,40.34150308205586
2026-09-01 01:15:14.152481+00:00,47.1689,21.6566,0.0,1,-5.2,0.161,40.390759843956296
2026-09-01 01:15:14.306997500+00:00,47.1746,21.6337,0.0,1,-7.5,0.174,39.699516434603424
2026-09-01 01:15:16.250109100+00:00,47.3419,21.9753,0.0,1,4.5,0.265,33.61573727126343
2026-09-01 01:15:16.341492500+00:00,47.3414,21.9512,0.0,1,-14.6,0.191,32.26098230125625
2026-09-01 01:15:16.389670+00:00,47.3181,21.9842,0.0,1,-12.2,0.21,35.83967112661673
2026-09-01 01:15:17.691339800+00:00,46.4255,22.1784,0.0,1,-23.9,0.264,129.9037190683761
2026-09-01 01:15:17.766936600+00:00,46.4375,22.1844,0.0,1,5.4,0.333,128.7881872994796
2026-09-01 01:15:18.012065200+00:00,46.4306,22.1626,0.0,1,-38.4,0.325,128.98397503434884
2026-09-01 01:15:18.037549500+00:00,46.4282,22.1754,0.0,1,-9.0,0.33,129.54594654465973
2026-09-01 01:15:18.163621600+00:00,46.6398,21.6837,0.0,1,31.9,0.23,99.25552736497349
2026-09-01 01:15:18.203535300+00:00,46.6344,21.6698,0.0,1,-5.6,0.214,99.81596894958781
2026-09-01 01:15:19.800519+00:00,47.0827,21.5322,0.0,1,-9.7,0.184,50.42776761708799
2026-09-01 01:15:20.144367700+00:00,47.0829,21.5336,0.0,1,-3.3,0.161,50.39084582005478
2026-09-01 01:15:20.633969500+00:00,46.5867,22.1691,0.0,1,-12.2,0.332,112.79872295892108
2026-09-01 01:15:20.742252700+00:00,46.5905,22.1598,0.0,1,-4.7,0.171,112.14945776794073
2026-09-01 01:15:20.818183+00:00,46.5916,22.1691,0.0,1,-15.8,0.307,112.29070287475537
2026-09-01 01:15:20.872057700+00:00,46.5908,22.1698,0.0,1,-4.0,0.252,112.39299491093998
2026-09-01 01:15:20.894735500+00:00,46.5906,22.1695,0.0,1,-14.3,0.177,112.40541836888225
2026-09-01 01:15:20.911280300+00:00,46.5909,22.1709,0.0,1,-5.8,0.226,112.41312202986576
2026-09-01 01:15:23.654023200+00:00,47.222,21.7444,0.0,1,-4.5,0.102,35.537194876507044
2026-09-01 01:15:23.688068800+00:00,47.2093,21.7788,0.0,1,-20.8,0.192,37.61032331404855
2026-09-01 01:15:23.990261400+00:00,47.2081,21.7809,0.0,1,-16.3,0.201,37.78564341966472
2026-09-01 01:15:24.267589400+00:00,47.4023,21.523,0.0,1,-49.1,0.178,16.376228687970475
2026-09-01 01:15:24.543085+00:00,47.4704,21.345,0.0,1,-3.8,0.088,22.27170250620843
2026-09-01 01:15:24.997251800+00:00,47.4706,21.3447,0.0,1,-7.9,0.149,22.286344966604492
2026-09-01 01:15:27.190045800+00:00,47.1736,21.4973,0.0,1,-11.9,0.142,40.99471167324777
2026-09-01 01:15:27.536756900+00:00,47.1601,21.5225,0.0,1,-24.3,0.171,42.056754694769786
2026-09-01 01:15:31.320898500+00:00,46.4678,22.1915,0.0,1,-7.2,0.262,125.78848893544992
2026-09-01 01:15:32.582661+00:00,46.5782,21.8664,0.0,1,9.3,0.208,107.54938757055744
2026-09-01 01:15:32.755441400+00:00,46.574,21.8318,0.0,1,-18.0,0.179,107.60134883556648
2026-09-01 01:15:32.864882400+00:00,46.5216,21.9999,0.0,1,12.7,0.308,115.80306190214488
2026-09-01 01:15:32.865588700+00:00,46.5243,21.9933,0.0,1,-10.0,0.379,115.39047972486722
2026-09-01 01:15:34.758026900+00:00,47.7459,21.295,0.0,1,8.2,0.177,34.462794524216505
2026-09-01 01:15:35.114385300+00:00,47.7447,21.2628,0.0,1,3.0,0.156,36.15673218314582
2026-09-01 01:15:40.289177+00:00,47.2374,22.709,0.0,1,-6.4,1.157,87.76216671056234
2026-09-01 01:15:40.289805800+00:00,47.2387,22.7047,0.0,1,7.4,0.338,87.40696486985696
2026-09-01 01:15:40.291508900+00:00,47.238,22.704,0.0,1,4.9,0.321,87.38760959917036
2026-09-01 01:15:42.433366500+00:00,47.5952,20.9725,0.0,1,-5.6,0.12,49.63680480830983
2026-09-01 01:15:42.461028300+00:00,47.5953,20.9706,0.0,1,-7.5,0.109,49.779447452274304
2026-09-01 01:15:42.575340+00:00,47.6206,20.9768,0.0,1,-8.2,0.135,49.78938453409163
2026-09-01 01:15:42.802990800+00:00,47.5946,20.9739,0.0,1,-4.6,0.11,49.523632345451176
2026-09-01 01:15:44.116394400+00:00,46.4503,22.1835,0.0,1,-16.9,0.379,127.42027327079752
2026-09-01 01:15:44.209184100+00:00,46.4315,22.1636,0.0,1,-9.5,0.262,128.91280342418077
2026-09-01 01:15:45.989399600+00:00,47.187,21.6924,0.0,1,-4.8,0.24,38.63024811005557
2026-09-01 01:15:46.189565500+00:00,47.1739,21.6381,0.0,1,-9.0,0.118,39.782745354955956
2026-09-01 01:15:46.296160400+00:00,47.174,21.6383,0.0,1,-10.7,0.15,39.77193923024558
2026-09-01 01:15:50.586450900+00:00,47.2095,22.6911,0.0,1,-5.0,0.411,87.75253537564946
2026-09-01 01:15:51.910626200+00:00,47.1531,21.8122,5.9,2,-17.6,0.095,44.33316498519758
2026-09-01 01:15:51.911910300+00:00,47.1505,21.8111,0.0,1,-6.9,0.236,44.58200826310923
2026-09-01 01:15:54.190853600+00:00,46.8849,21.1187,0.0,1,-8.4,0.137,81.5288603265525
2026-09-01 01:15:55.330183+00:00,46.8057,20.9534,0.0,1,3.0,0.291,95.44739818769145
2026-09-01 01:15:56.535284+00:00,47.0845,22.4469,0.0,1,20.2,0.357,79.31011948174894
2026-09-01 01:15:56.535693600+00:00,47.0859,22.4403,0.0,1,-17.2,0.319,78.82443455652762
2026-09-01 01:15:56.536827600+00:00,47.0868,22.4468,0.0,1,-6.5,0.377,79.14312554359351
2026-09-01 01:15:56.605112400+00:00,47.0865,22.4258,0.0,1,-13.7,0.2,77.93471534987596
2026-09-01 01:15:58.101087400+00:00,47.1649,21.5381,0.0,1,5.4,0.119,41.32524968975171
2026-09-01 01:15:58.136673300+00:00,47.1651,21.5333,0.0,1,2.7,0.087,41.36368114114356
2026-09-01 01:15:58.389743100+00:00,47.1632,21.5447,0.0,1,3.2,0.063,41.43420131703351
2026-09-01 01:15:58.486308800+00:00,47.1753,21.5087,0.0,1,6.9,0.161,40.613626670033916
2026-09-01 01:15:59.268861800+00:00,47.0746,21.3787,0.0,1,10.7,0.094,54.16319782637886
2026-09-01 01:15:59.269651800+00:00,47.0789,21.3694,0.0,1,11.5,0.213,53.9632954956376
2026-09-01 01:15:59.271646500+00:00,47.0841,21.3691,0.0,1,3.0,0.099,53.43222401588666
2026-09-01 01:15:59.282173400+00:00,47.0727,21.3281,0.0,1,4.2,0.152,55.792314122818944
2026-09-01 01:15:59.774361+00:00,47.2434,21.9273,0.0,1,-5.2,0.211,39.20513888977578
2026-09-01 01:15:59.775113600+00:00,47.2356,21.8597,0.0,1,-7.0,0.972,37.275403241864566
2026-09-01 01:15:59.789811800+00:00,46.8694,21.3437,0.0,1,-3.5,0.147,76.68706302716936
2026-09-01 01:16:00.391656900+00:00,46.9898,22.9256,0.0,1,8.0,0.381,115.0131968569347
2026-09-01 01:16:00.577031900+00:00,46.4327,22.1501,0.0,1,-13.9,0.374,128.46625441090328
2026-09-01 01:16:00.772280100+00:00,46.4423,22.165,0.0,1,-5.3,0.289,127.80637859858012
2026-09-01 01:16:00.820183700+00:00,46.4546,22.1473,0.0,1,-4.0,0.272,126.08315556099697
2026-09-01 01:16:00.918798700+00:00,46.4418,22.1664,0.0,1,-3.8,0.281,127.89304125238931
2026-09-01 01:16:01.131802600+00:00,46.4423,22.1657,0.0,1,-6.4,0.319,127.82333081413607
2026-09-01 01:16:01.185193900+00:00,46.4428,22.1642,0.0,1,-9.0,0.238,127.73427139600774
2026-09-01 01:16:05.433508700+00:00,46.3943,22.1571,0.0,1,-6.7,0.209,132.6983182998948
2026-09-01 01:16:09.385072300+00:00,47.242,21.7095,0.0,1,-3.9,0.105,32.791269256201105
2026-09-01 01:16:10.763384200+00:00,47.309,22.3944,0.0,1,8.9,0.282,62.79715103859735
2026-09-01 01:16:12.109888+00:00,47.2201,22.686,0.0,1,-4.5,0.418,86.91839662314919
2026-09-01 01:16:12.110550500+00:00,47.2201,22.7024,0.0,1,8.7,0.199,88.05236186890245
2026-09-01 01:16:12.111272+00:00,47.2202,22.7085,0.0,1,5.3,0.269,88.47040742364123
2026-09-01 01:16:12.112574400+00:00,47.2205,22.6988,0.0,1,6.5,0.366,87.78539285310627
2026-09-01 01:16:12.622947300+00:00,47.2218,21.7915,0.0,1,-4.2,0.243,36.59978921759278
2026-09-01 01:16:12.739408700+00:00,47.2387,21.8269,0.0,1,-7.2,0.202,35.8685464697114
2026-09-01 01:16:18.505011100+00:00,47.0647,21.4978,0.0,1,6.3,0.112,52.827374628526414
2026-09-01 01:16:18.699649700+00:00,47.0628,21.499,0.0,1,-3.6,0.188,53.0184617892982
2026-09-01 01:16:19.362312700+00:00,47.0817,21.5441,0.0,1,2.9,0.112,50.41836908503603
2026-09-01 01:16:21.249793100+00:00,46.5622,22.1738,0.0,1,5.6,0.286,115.47107214600348
2026-09-01 01:16:21.250339400+00:00,46.564,22.1712,0.0,1,7.4,0.403,115.21340580442599
2026-09-01 01:16:21.250969+00:00,46.5585,22.1735,0.0,1,-14.8,0.399,115.84761383749552
2026-09-01 01:16:22.315040900+00:00,47.1923,21.6963,0.0,1,-3.1,0.261,38.08469524354464
2026-09-01 01:16:22.731443100+00:00,47.1973,22.7067,0.0,1,3.7,0.198,89.39041197654113
2026-09-01 01:16:22.842859500+00:00,47.1658,22.7789,0.0,1,4.8,0.243,95.81994868911845
2026-09-01 01:16:30.008668600+00:00,47.326,21.9996,0.0,1,4.1,0.163,36.15219997414411
2026-09-01 01:16:30.471109600+00:00,47.3528,22.0231,0.0,1,3.8,0.235,35.795179280673416
2026-09-01 01:16:30.987316100+00:00,47.333,21.8824,0.0,1,-6.8,0.084,29.255158405602202
2026-09-01 01:16:32.010170400+00:00,47.2251,21.8249,0.0,1,3.1,0.168,37.18734685697277
2026-09-01 01:16:32.749362+00:00,47.1615,21.5423,0.0,1,3.1,0.207,41.64853263530845
2026-09-01 01:16:32.985424+00:00,47.1521,22.667,0.0,1,9.5,0.369,88.98089866414134
2026-09-01 01:16:33.037245900+00:00,47.2006,21.4567,0.0,1,7.3,0.944,38.98369033270667
2026-09-01 01:16:36.672244800+00:00,47.2112,21.825,0.0,1,-2.9,0.175,38.61246657182014
2026-09-01 01:16:37.678012+00:00,47.2124,22.7115,0.0,1,-9.5,0.399,89.02608191331547
2026-09-01 01:16:37.728333300+00:00,47.2493,22.6619,0.0,1,-13.1,0.361,83.97047903187058
2026-09-01 01:16:37.783085500+00:00,47.2275,22.6796,0.0,1,-14.3,0.323,86.14524753604215
2026-09-01 01:16:40.552200100+00:00,47.7058,21.2641,0.0,1,-3.0,0.128,33.41064299521108
2026-09-01 01:16:40.593431800+00:00,47.7021,21.2706,0.0,1,-11.7,0.126,32.775979304957964
2026-09-01 01:16:40.841234900+00:00,47.7013,21.2708,0.0,1,-24.4,0.139,32.712525384441165
2026-09-01 01:16:40.886472400+00:00,47.7019,21.2712,0.0,1,-8.5,0.138,32.72647262796193
2026-09-01 01:16:41.153586900+00:00,47.7018,21.2725,0.0,1,-8.3,0.113,32.64062158676319
2026-09-01 01:16:50.971828200+00:00,47.3263,21.9949,0.0,1,-3.9,0.158,35.85770628356215
2026-09-01 01:16:57.470784+00:00,47.1502,21.5783,0.0,1,4.2,0.127,42.57015453514432
2026-09-01 01:16:57.747110800+00:00,47.1597,21.5533,0.0,1,4.8,0.045,41.72753692777792
2026-09-01 01:17:04.858561300+00:00,46.5955,22.1733,0.0,1,-13.1,0.34,112.00367083965459
2026-09-01 01:17:04.861961900+00:00,47.2065,22.7093,0.0,1,-14.1,0.301,89.1423596801677
2026-09-01 01:17:04.898436300+00:00,47.191,22.7031,0.0,1,-10.0,0.322,89.44265610147393
2026-09-01 01:17:05.219320500+00:00,47.1902,22.7082,0.0,1,-3.8,0.338,89.82890466335093
2026-09-01 01:17:08.420017300+00:00,46.3789,22.1589,0.0,1,-4.5,0.245,134.3739048984682
2026-09-01 01:17:11.385970200+00:00,46.4419,21.6287,0.0,1,31.3,0.183,121.16915809401395
2026-09-01 01:17:11.404136300+00:00,46.4392,21.6292,0.0,1,7.2,0.13,121.4694233585762
2026-09-01 01:17:12.860860100+00:00,47.3075,21.9486,0.0,1,-7.0,0.223,34.71758251212141
2026-09-01 01:17:13.150828500+00:00,47.2387,21.6976,0.0,1,7.3,0.205,32.99622788858021
2026-09-01 01:17:13.183424800+00:00,47.3189,21.9345,0.0,1,-9.9,0.258,33.06755965142344
2026-09-01 01:17:15.839653500+00:00,47.6066,20.9733,0.0,1,-6.7,0.117,49.768761159523855
2026-09-01 01:17:15.889649+00:00,47.6073,20.9757,0.0,1,-16.3,0.097,49.604088608485576
2026-09-01 01:17:15.918819300+00:00,47.6068,20.9735,0.0,1,-5.4,0.108,49.75760892083696
2026-09-01 01:17:17.942136500+00:00,47.1955,21.6863,0.0,1,-4.7,0.158,37.63586984620521
2026-09-01 01:17:20.272660600+00:00,47.3095,22.4055,0.0,1,-5.3,0.247,63.54361987364748
2026-09-01 01:17:20.363896100+00:00,47.2681,22.3984,0.0,1,30.8,0.263,65.01336125292806
2026-09-01 01:17:21.691559600+00:00,46.5637,22.1785,0.0,1,-4.5,0.156,115.44351222371438
2026-09-01 01:17:21.761983400+00:00,46.5559,22.1701,0.0,1,-6.1,0.282,116.02648244857754
2026-09-01 01:17:26.678709700+00:00,47.0627,21.4992,0.0,1,6.2,0.099,53.026646583485295
2026-09-01 01:17:26.984380100+00:00,47.0561,21.4852,0.0,1,-16.4,0.167,53.94829795787713
2026-09-01 01:17:27.038306500+00:00,47.0564,21.4848,0.0,1,-13.4,0.168,53.92160275539871
2026-09-01 01:17:27.105529800+00:00,47.0564,21.4828,0.0,1,-23.1,0.19,53.95186618680088
2026-09-01 01:17:27.151131900+00:00,47.056,21.4854,0.0,1,-10.8,0.163,53.95620433364115
2026-09-01 01:17:29.067504700+00:00,47.2417,22.6588,0.0,1,-11.0,0.383,84.07961789780856
2026-09-01 01:17:29.112698900+00:00,47.2163,22.7256,0.0,1,-17.2,0.387,89.82787157413796
2026-09-01 01:17:29.167076200+00:00,47.1732,21.5364,0.0,1,3.8,0.156,40.43629801873921
2026-09-01 01:17:29.188028100+00:00,47.2486,22.6492,0.0,1,-14.3,0.38,83.1144540914489
2026-09-01 01:17:29.414581600+00:00,47.2506,21.5551,0.0,1,2.8,0.065,31.714950109158476
2026-09-01 01:17:30.060169400+00:00,47.235,21.2746,0.0,1,3.1,0.163,42.34191436775792
2026-09-01 01:17:30.126893800+00:00,47.234,21.2773,0.0,1,5.5,0.097,42.30181067366033
2026-09-01 01:17:30.148330100+00:00,47.2057,21.3592,0.0,1,3.3,0.143,41.48347112285908
2026-09-01 01:17:30.284256200+00:00,47.2354,21.2743,0.0,1,3.8,0.128,42.32139642320758
2026-09-01 01:17:31.238514+00:00,47.2339,21.8062,0.0,1,-7.1,0.193,35.73810431446886
2026-09-01 01:17:35.002926700+00:00,47.1915,21.7505,0.0,1,3.8,0.197,38.93920991821349
2026-09-01 01:17:35.014185+00:00,47.1905,21.7504,0.0,1,7.8,0.184,39.04544191140235
2026-09-01 01:17:36.894591600+00:00,47.3131,21.9909,0.0,1,-8.1,0.223,36.5866093153636
2026-09-01 01:17:36.946222300+00:00,47.3057,22.0068,0.0,1,-14.1,0.237,38.0293233013584
2026-09-01 01:17:37.047635700+00:00,47.3402,22.036,0.0,1,-10.8,0.219,37.38836188510445
2026-09-01 01:17:37.093067700+00:00,47.0999,22.4848,0.0,1,-10.2,0.272,80.51622338996603
2026-09-01 01:17:37.094612200+00:00,47.1011,22.4915,0.0,1,5.4,0.42,80.84260156196227
2026-09-01 01:17:37.252590200+00:00,47.376,21.9598,0.0,1,4.6,0.293,30.403278179402328
2026-09-01 01:17:37.254651500+00:00,47.3768,21.9631,0.0,1,5.7,0.194,30.55727324790902
2026-09-01 01:17:37.257518600+00:00,47.3732,21.9775,0.0,1,7.1,0.216,31.679322697368566
2026-09-01 01:17:37.268061700+00:00,47.3538,21.9848,0.0,1,4.7,0.219,33.372089969338305
2026-09-01 01:17:37.494269400+00:00,47.3712,21.9895,0.0,1,8.5,0.186,32.55490948020438
2026-09-01 01:17:37.881329900+00:00,47.4384,22.2283,0.0,1,5.0,0.099,46.33501877631924
2026-09-01 01:17:38.022748600+00:00,46.8965,21.1281,0.0,1,-4.4,0.063,80.05467103768818
2026-09-01 01:17:38.022983700+00:00,46.8967,21.1265,0.0,1,8.4,0.144,80.09202040288002
2026-09-01 01:17:38.378234100+00:00,46.892,21.1374,0.0,1,-3.1,0.186,80.17053830737895
2026-09-01 01:17:46.973160600+00:00,46.6009,22.1828,0.0,1,-11.4,0.279,111.71406878306193
2026-09-01 01:17:47.182028800+00:00,47.2456,21.7853,0.0,1,-6.9,0.141,33.95332504626234
2026-09-01 01:17:47.303855300+00:00,47.2539,21.785,0.0,1,3.8,0.244,33.082025180186534
2026-09-01 01:17:48.769257700+00:00,46.538,22.1628,10.9,2,-10.2,0.203,117.70025012482714
2026-09-01 01:17:52.454177500+00:00,47.2004,21.713,0.0,1,-5.0,0.133,37.3890687616576
2026-09-01 01:17:54.427133100+00:00,47.1361,22.7059,0.0,1,5.1,0.292,92.41597475799394
2026-09-01 01:17:57.119196600+00:00,47.1546,21.581,0.0,1,-5.3,0.114,42.0653891742443
2026-09-01 01:17:58.667976800+00:00,47.4783,21.5044,0.0,1,76.9,0.201,10.970366191094575
2026-09-01 01:17:58.683758100+00:00,47.4784,21.5677,0.0,1,-7.3,0.138,7.418639358066041
2026-09-01 01:17:58.693946400+00:00,47.3916,21.4541,0.0,1,-4.6,0.167,20.294781090573647
2026-09-01 01:17:58.932253800+00:00,47.4862,21.5753,0.0,1,-2.8,0.22,6.3827308562680285
2026-09-01 01:17:58.977966+00:00,47.4137,21.4452,0.0,1,-2.8,0.176,18.952552408919423
2026-09-01 01:17:59.559513900+00:00,47.2385,21.6743,0.0,1,-5.3,0.097,32.78275600724183
2026-09-01 01:17:59.898689900+00:00,47.2143,21.6859,0.0,1,-10.9,0.164,35.557034874804785
2026-09-01 01:18:00.085373100+00:00,47.2154,21.6837,0.0,1,-13.0,0.172,35.41541504190694
2026-09-01 01:18:00.149688500+00:00,47.214,21.6894,0.0,1,-4.1,0.151,35.623776150296436
2026-09-01 01:18:01.152361200+00:00,47.2406,21.7965,0.0,1,4.1,0.208,34.77474735651128
2026-09-01 01:18:02.756164100+00:00,47.155,22.6745,0.0,1,7.1,0.201,89.32527729559692
2026-09-01 01:18:03.490616500+00:00,47.143,22.6708,0.0,1,-8.1,0.414,89.72192962663877
2026-09-01 01:18:06.087607900+00:00,47.2216,22.017,0.0,1,-5.6,0.295,45.26876736805389
2026-09-01 01:18:06.092690+00:00,46.496,22.201,0.0,1,-6.6,0.298,123.09310314762148
2026-09-01 01:18:06.178135+00:00,46.5143,22.1446,0.0,1,-8.5,0.346,119.72154927749307
2026-09-01 01:18:12.645439700+00:00,47.3457,21.9993,0.0,1,4.2,0.218,34.785992716558134
2026-09-01 01:18:12.646343200+00:00,47.3458,22.0023,0.0,1,7.5,0.158,34.96112692843789
2026-09-01 01:18:12.647264700+00:00,47.3435,21.9975,0.0,1,3.6,0.192,34.82404541838336
2026-09-01 01:18:18.308662500+00:00,47.177,21.6518,0.0,1,3.7,0.165,39.472890332138526
2026-09-01 01:18:18.312860200+00:00,47.1778,21.6481,0.0,1,3.8,0.22,39.37195465032934
2026-09-01 01:18:20.855524600+00:00,47.2426,22.8289,0.0,1,12.7,0.321,95.99786472193668
2026-09-01 01:18:21.134716200+00:00,47.2434,22.8315,0.0,1,4.3,0.431,96.15199454341555
2026-09-01 01:18:24.189465200+00:00,47.0928,22.3568,0.0,1,-15.0,1.159,73.52084425672791
2026-09-01 01:18:24.401795400+00:00,47.1112,22.4705,0.0,1,-7.5,0.265,78.89705921337557
2026-09-01 01:18:25.221037+00:00,46.5532,22.1683,0.0,1,-16.8,0.272,116.25946935987373
2026-09-01 01:18:25.262527100+00:00,46.5535,22.1675,0.0,1,-6.1,0.299,116.20684935392927
2026-09-01 01:18:26.781015700+00:00,47.3043,21.9632,0.0,1,-8.0,0.167,35.74245815813972
2026-09-01 01:18:26.954916800+00:00,47.2366,21.7929,0.0,1,-5.8,0.303,35.09195771684125
2026-09-01 01:18:28.535422200+00:00,46.4418,22.1964,0.0,1,6.0,0.345,128.6386128587703
2026-09-01 01:18:28.750407+00:00,47.2078,22.7044,0.0,1,-10.2,0.346,88.74552988803488
2026-09-01 01:18:28.755519600+00:00,46.4466,22.1729,0.0,1,4.7,0.359,127.54594532949513
2026-09-01 01:18:30.759469600+00:00,47.7488,21.2986,0.0,1,9.7,0.133,34.49296603040742
2026-09-01 01:18:30.760004900+00:00,47.7505,21.3095,0.0,1,-7.7,0.147,34.04934077063022
2026-09-01 01:18:30.788141100+00:00,47.7469,21.2986,0.0,1,-2.9,0.148,34.34569036475291
2026-09-01 01:18:31.347381700+00:00,47.7701,21.2961,0.0,1,4.3,0.1,36.31509843041352
2026-09-01 01:18:31.376475100+00:00,47.739,21.336,0.0,1,-10.0,0.167,31.752910009675894
2026-09-01 01:18:31.426370400+00:00,47.7091,21.2496,0.0,1,3.1,0.067,34.50974830771886
2026-09-01 01:18:35.420189600+00:00,46.8711,21.1742,0.0,1,16.6,0.142,81.02937281467416
2026-09-01 01:18:35.478510100+00:00,46.8813,21.3902,0.0,1,6.5,0.186,74.49514693106403
2026-09-01 01:18:39.873789100+00:00,46.4764,22.2098,0.0,1,-13.2,0.359,125.37056883146087
2026-09-01 01:18:40.026548700+00:00,47.3302,22.0003,0.0,1,6.0,0.115,35.89896225783425
2026-09-01 01:18:40.070146800+00:00,47.3507,22.0531,0.0,1,-6.8,0.25,37.816367379913615
2026-09-01 01:18:40.072628500+00:00,47.3304,22.0609,0.0,1,-8.1,0.218,39.55130875870603
2026-09-01 01:18:40.132881800+00:00,47.3414,22.0907,0.0,1,-4.5,0.239,40.76842380334462
2026-09-01 01:18:40.134082300+00:00,47.3369,22.0915,0.0,1,3.5,0.175,41.08262275230206
2026-09-01 01:18:40.565429800+00:00,47.0891,21.6917,0.0,1,11.8,0.181,49.44272545798209
2026-09-01 01:18:40.566006100+00:00,47.0899,21.6911,0.0,1,-5.7,0.179,49.34976716919639
2026-09-01 01:18:41.018331200+00:00,47.0815,21.5595,0.0,1,4.2,0.112,50.30922584079393
2026-09-01 01:18:41.019566600+00:00,47.0912,21.6595,0.0,1,-4.3,0.146,49.03037964725023
2026-09-01 01:18:41.167166200+00:00,47.1705,21.537,0.0,1,-3.2,0.224,40.72467432669252
2026-09-01 01:18:42.514914700+00:00,47.215,21.8934,0.0,1,3.7,0.226,40.50763569022773
2026-09-01 01:18:42.720207900+00:00,47.2157,21.8954,0.0,1,3.6,0.29,40.51477798645074
2026-09-01 01:18:47.186340300+00:00,47.2007,21.7189,0.0,1,8.7,0.137,37.43554017549731
2026-09-01 01:18:47.187234400+00:00,47.2,21.7256,0.0,1,3.2,0.172,37.60812499032244
2026-09-01 01:18:47.497352300+00:00,47.2179,21.6325,0.0,1,-8.3,0.155,34.88404616011683
2026-09-01 01:18:47.875933200+00:00,47.212,21.5732,0.0,1,-4.9,0.184,35.770654398295015
2026-09-01 01:18:48.069683400+00:00,47.2232,21.5862,0.0,1,-6.7,0.105,34.431872306283694
2026-09-01 01:18:48.085646100+00:00,47.2216,21.571,0.0,1,-8.8,0.218,34.73012975509011
2026-09-01 01:18:48.184290500+00:00,47.2215,21.572,0.0,1,-3.4,0.205,34.732058752056886
2026-09-01 01:18:48.412121+00:00,47.222,21.5705,0.0,1,-8.1,0.142,34.690604370608035
2026-09-01 01:18:48.501105300+00:00,47.2225,21.5699,0.0,1,-12.3,0.131,34.64103705285296
2026-09-01 01:18:56.048282800+00:00,46.556,22.1737,0.0,1,-6.6,0.333,116.11304526067913
2026-09-01 01:18:56.282442100+00:00,46.5153,22.1805,0.0,1,-5.5,0.24,120.5357552052682
2026-09-01 01:18:58.781761100+00:00,47.2637,21.7839,0.0,1,5.0,0.248,32.03630934119281
2026-09-01 01:18:58.975383500+00:00,47.2833,21.7781,0.0,1,-16.1,0.129,29.850969724533332
2026-09-01 01:18:59.091925400+00:00,47.2605,21.7166,0.0,1,-3.5,0.137,30.885244568317702
2026-09-01 01:18:59.348842500+00:00,47.2825,21.8301,0.0,1,-8.5,0.221,31.624900012638204
2026-09-01 01:18:59.405466300+00:00,47.2832,21.8305,0.0,1,-6.3,0.255,31.571269348088542
2026-09-01 01:19:02.201471500+00:00,46.3886,22.1928,0.0,1,9.8,0.356,134.1450538603866
2026-09-01 01:19:06.476886900+00:00,47.3265,22.0773,0.0,1,-9.7,0.261,40.816356194698244
2026-09-01 01:19:06.550782500+00:00,47.3361,22.0432,0.0,1,-16.0,0.222,38.09417008846876
2026-09-01 01:19:06.596933100+00:00,47.3363,22.0412,0.0,1,-19.1,0.236,37.95795716484426
2026-09-01 01:19:06.694970700+00:00,47.3365,22.0585,0.0,1,-5.3,0.134,39.019879186724985
2026-09-01 01:19:06.698877100+00:00,47.3366,22.0403,0.0,1,-15.1,0.251,37.88328025116814
2026-09-01 01:19:06.750212800+00:00,47.336,22.0432,0.0,1,-7.2,0.228,38.100540916948034
2026-09-01 01:19:06.850315100+00:00,47.3365,22.0379,0.0,1,-26.6,0.208,37.74181097729937
2026-09-01 01:19:06.955902600+00:00,47.3362,22.042,0.0,1,-17.3,0.244,38.01370371582882
2026-09-01 01:19:07.039060500+00:00,47.3362,22.0406,0.0,1,-10.9,0.245,37.92734488734788
2026-09-01 01:19:07.075451700+00:00,47.3359,22.0414,0.0,1,-16.7,0.208,37.99584882962294
2026-09-01 01:19:07.120103+00:00,47.3364,22.0414,0.0,1,-8.2,0.236,37.963913492284604
2026-09-01 01:19:07.161005500+00:00,47.3361,22.0406,0.0,1,-16.9,0.211,37.93374016929027
2026-09-01 01:19:07.408742400+00:00,47.4125,22.1491,0.0,1,-9.3,0.237,41.39512549623253
2026-09-01 01:19:07.409008700+00:00,47.4186,22.153,0.0,1,-8.4,0.246,41.46020681055
2026-09-01 01:19:12.747974100+00:00,46.5134,22.1692,12.4,2,-8.8,0.018,120.43931429945196
2026-09-01 01:19:12.797079400+00:00,46.5023,22.195,0.0,1,-12.4,0.305,122.27629135352954
2026-09-01 01:19:13.031998200+00:00,46.5023,22.1946,0.0,1,-15.0,0.271,122.2656227472245
2026-09-01 01:19:13.401194700+00:00,46.5034,22.1908,0.0,1,-5.3,0.299,122.04986197327351
2026-09-01 01:19:14.686674300+00:00,47.3372,22.007,0.0,1,7.0,0.267,35.81766696658782
2026-09-01 01:19:14.690822200+00:00,47.3535,22.0074,0.0,1,4.5,0.178,34.774977367853374
2026-09-01 01:19:14.865897+00:00,47.337,22.0108,0.0,1,4.4,0.127,36.05936405449134
2026-09-01 01:19:15.075988+00:00,47.3814,21.9273,0.0,1,4.4,0.259,28.06564071458723
2026-09-01 01:19:15.081426200+00:00,47.4582,21.9665,0.0,1,5.6,0.199,26.758971381978746
2026-09-01 01:19:19.501645900+00:00,47.1291,21.8698,0.0,1,21.6,0.21,48.34354683348672
2026-09-01 01:19:19.757381100+00:00,47.1261,21.8953,0.0,1,-6.2,0.25,49.40677796884873
2026-09-01 01:19:19.773304600+00:00,47.1319,21.8765,0.0,1,-7.1,0.164,48.24954787471578
2026-09-01 01:19:19.781788800+00:00,47.1317,21.874,0.0,1,-4.9,0.235,48.19705825472607
2026-09-01 01:19:21.983368800+00:00,47.2173,21.7207,0.0,1,-10.2,0.222,35.64922462467771
2026-09-01 01:19:21.990987800+00:00,47.2086,21.7156,0.0,1,-6.2,0.182,36.5263474537466
2026-09-01 01:19:23.894195500+00:00,47.3062,22.4144,0.0,1,-10.9,0.268,64.30493316561726
2026-09-01 01:19:26.619066700+00:00,46.5938,22.1906,0.0,1,3.6,0.292,112.66924385837746
2026-09-01 01:19:26.689928900+00:00,47.2388,21.9451,0.0,1,2.8,0.102,40.40373450173427
2026-09-01 01:19:26.691534100+00:00,47.2176,21.8955,0.0,1,-3.7,0.035,40.33533152501084
2026-09-01 01:19:26.710862400+00:00,47.2182,21.8946,0.0,1,-3.1,0.23,40.2435980846028
2026-09-01 01:19:26.747122600+00:00,47.2379,21.8053,0.0,1,-4.6,0.265,35.30054856702852
2026-09-01 01:19:29.887246700+00:00,46.5534,22.1741,0.0,1,-15.1,0.279,116.39433631003136
2026-09-01 01:19:30.840230400+00:00,47.3787,22.6191,0.0,1,-40.0,0.215,76.48285081009391
2026-09-01 01:19:30.840308+00:00,47.3811,22.6121,0.0,1,51.3,0.362,75.90889247812385
2026-09-01 01:19:30.914241900+00:00,47.3688,22.6532,0.0,1,-8.6,0.344,79.23586318675613
2026-09-01 01:19:31.563788400+00:00,47.1653,22.7336,0.0,1,5.9,0.324,92.76603977079381
2026-09-01 01:19:31.644522700+00:00,47.154,22.6947,0.0,1,-10.0,0.38,90.72450168703891
2026-09-01 01:19:31.683827500+00:00,47.1598,22.7226,0.0,1,-7.6,0.311,92.29836015142105
2026-09-01 01:19:32.253205400+00:00,47.4884,21.514,0.0,1,-7.5,0.15,9.771906348611989
2026-09-01 01:19:33.267541700+00:00,47.3455,22.0108,0.0,1,9.6,0.212,35.498357064184354
2026-09-01 01:19:36.576286300+00:00,47.055,21.5158,0.0,1,17.1,0.149,53.65848924200329
2026-09-01 01:19:36.576623200+00:00,47.053,21.5179,0.0,1,-4.0,0.139,53.85367551940942
2026-09-01 01:19:43.958631400+00:00,47.3387,22.006,0.0,1,3.4,0.306,35.65681664393676
2026-09-01 01:19:44.219195100+00:00,47.323,22.0216,0.0,1,3.4,0.193,37.65406943850427
2026-09-01 01:19:44.799236300+00:00,47.338,21.2217,0.0,1,17.4,0.138,37.33792530971633
2026-09-01 01:19:44.914818100+00:00,47.0949,21.2952,0.0,1,2.9,0.147,54.63314640349557
2026-09-01 01:19:44.917912500+00:00,47.0867,21.303,0.0,1,3.2,0.15,55.18294730070382
2026-09-01 01:19:45.355841900+00:00,47.2949,21.3265,0.0,1,6.5,0.114,34.713557925510656
2026-09-01 01:19:45.356301600+00:00,47.2948,21.3285,0.0,1,-9.2,0.093,34.62409139504623
2026-09-01 01:19:45.508044400+00:00,47.2864,21.3338,0.0,1,3.9,0.136,35.08834479612896
2026-09-01 01:19:46.354986200+00:00,46.2084,21.4916,0.0,1,3.8,0.18,147.49424265336324
2026-09-01 01:19:46.755732100+00:00,46.1974,21.4854,0.0,1,4.2,0.3,148.74792586108052
2026-09-01 01:19:52.604142800+00:00,47.322,22.07,0.0,1,-12.9,0.255,40.64810081390131
2026-09-01 01:19:53.648126900+00:00,47.1068,21.6232,0.0,1,7.8,0.175,47.23661588925545
2026-09-01 01:19:53.668217700+00:00,47.1064,21.6274,0.0,1,-4.8,0.14,47.28008341016878
2026-09-01 01:19:54.051762300+00:00,47.0921,21.7018,0.0,1,4.5,0.171,49.19186290111589
2026-09-01 01:19:54.107796100+00:00,47.0932,21.7012,0.0,1,-5.2,0.185,49.06518690688539
2026-09-01 01:19:54.441988700+00:00,47.2408,21.774,0.0,1,4.2,0.236,34.16955874220241
2026-09-01 01:19:54.459611100+00:00,47.2475,21.774,0.0,1,10.3,0.148,33.465176946490885
2026-09-01 01:19:54.477030700+00:00,47.2441,21.7112,0.0,1,11.0,0.943,32.58652621796631
2026-09-01 01:19:58.530138600+00:00,47.263,21.9436,0.0,1,-10.0,0.188,38.194648726836
2026-09-01 01:20:10.088690400+00:00,47.197,21.5448,0.0,1,-3.9,0.181,37.721099370387805
2026-09-01 01:20:10.291199100+00:00,47.1038,22.4522,0.0,1,13.9,0.298,78.29084200049999
2026-09-01 01:20:10.367882800+00:00,47.0702,22.4027,0.0,1,-6.3,0.257,77.78754564721396
2026-09-01 01:20:23.627308200+00:00,47.1408,21.9325,0.0,1,3.3,1.061,49.16570775091056
2026-09-01 01:20:26.629066400+00:00,47.2223,21.9845,0.0,1,3.6,0.211,43.660756790992124
2026-09-01 01:20:31.000986200+00:00,47.175,21.6681,0.0,1,12.3,0.193,39.771049818625336
2026-09-01 01:20:31.472986400+00:00,47.2379,21.6789,0.0,1,-4.0,0.207,32.88819346978238
2026-09-01 01:20:32.655379500+00:00,47.2246,21.769,0.0,1,-9.5,0.151,35.76536223669918
2026-09-01 01:20:32.716013300+00:00,47.2221,21.7431,0.0,1,-4.6,0.187,35.50225295694575
2026-09-01 01:20:32.983777700+00:00,47.2222,21.7435,0.0,1,-5.8,0.228,35.49888374097678
2026-09-01 01:20:33.031574500+00:00,47.2214,21.7442,0.0,1,-10.4,0.145,35.59811502036514
2026-09-01 01:20:33.085258+00:00,47.2225,21.7434,0.0,1,-4.3,0.175,35.464692404655146
2026-09-01 01:20:33.600424200+00:00,47.0846,21.5664,0.0,1,-4.5,0.188,49.91576321158061
2026-09-01 01:20:35.893656100+00:00,47.0951,21.7007,0.0,1,-4.0,0.218,48.8509934182844
2026-09-01 01:20:40.636904100+00:00,47.3107,21.9942,0.0,1,-12.9,0.202,36.94993617210662
2026-09-01 01:20:40.733316800+00:00,47.3428,21.995,0.0,1,-4.7,0.222,34.72104720223797
2026-09-01 01:20:44.373251300+00:00,47.1856,21.6906,0.0,1,3.0,0.652,38.76776646573569
2026-09-01 01:20:47.027564600+00:00,47.3304,22.0914,0.0,1,-11.9,0.235,41.463533012922525
2026-09-01 01:20:47.094323300+00:00,47.3151,22.071,0.0,1,-11.3,0.205,41.15558424826698
2026-09-01 01:20:47.165942700+00:00,47.3519,22.0886,0.0,1,-7.1,0.231,40.03520068974997
2026-09-01 01:20:47.205819800+00:00,47.344,22.0176,0.0,1,4.5,0.15,36.01183604262231
2026-09-01 01:20:47.207008+00:00,47.344,22.0174,0.0,1,-8.8,0.153,35.99957557899644
2026-09-01 01:20:47.310544+00:00,47.3354,22.0757,0.0,1,-4.7,0.256,40.16826109454586
2026-09-01 01:20:47.482717+00:00,47.344,22.014,0.0,1,3.1,0.281,35.791472349904524
2026-09-01 01:20:47.665939500+00:00,47.3214,22.0616,0.0,1,-12.9,0.275,40.17095536262569
2026-09-01 01:20:48.018469900+00:00,47.3521,21.9727,0.0,1,-6.2,0.202,32.75861343452943
2026-09-01 01:20:50.905264200+00:00,47.275,21.8953,0.0,1,-3.5,0.207,34.94177676259281
2026-09-01 01:20:56.217013500+00:00,46.4891,22.1739,0.0,1,-5.8,0.287,123.10538620143174
2026-09-01 01:20:57.214455200+00:00,47.2222,22.7131,0.0,1,7.4,0.424,88.70133258179061
2026-09-01 01:20:57.215364100+00:00,47.2231,22.7086,0.0,1,13.9,0.363,88.3495807069751
2026-09-01 01:20:57.216430600+00:00,47.2217,22.7159,0.0,1,-12.3,0.197,88.91758331999017
2026-09-01 01:20:57.672742900+00:00,47.2606,21.776,0.0,1,-8.9,0.103,32.14536028498605
2026-09-01 01:20:57.839945700+00:00,47.2316,21.7938,0.0,1,7.2,0.208,35.63619429473322
2026-09-01 01:20:59.067742600+00:00,46.3928,22.1961,0.0,1,7.6,0.348,133.7827067384421
2026-09-01 01:20:59.078000400+00:00,46.389,22.2241,0.0,1,4.1,0.395,134.8817044150589
2026-09-01 01:21:00.230958300+00:00,46.9691,22.9518,0.0,1,-7.0,0.609,117.92307627143646
2026-09-01 01:21:00.232085600+00:00,46.9727,22.9353,0.0,1,-5.6,0.501,116.65265356909393
2026-09-01 01:21:03.009789300+00:00,46.5373,22.1759,0.0,1,-23.6,0.288,118.11914833490833
2026-09-01 01:21:03.025394600+00:00,46.538,22.1759,0.0,1,-6.3,0.396,118.04620065745
2026-09-01 01:21:03.040954200+00:00,46.5372,22.173,0.0,1,-10.0,0.185,118.0524063305951
2026-09-01 01:21:03.211036800+00:00,46.5349,22.1768,0.0,1,-9.4,0.328,118.39327450696142
2026-09-01 01:21:03.256689+00:00,46.5355,22.1757,0.0,1,-9.1,0.248,118.30143136839625
2026-09-01 01:21:03.398713900+00:00,46.5351,22.1771,0.0,1,-7.9,0.215,118.38042960862452
2026-09-01 01:21:03.428781600+00:00,46.5337,22.1794,0.0,1,-7.0,0.327,118.58772960800174
2026-09-01 01:21:03.521344300+00:00,46.5351,22.1759,0.0,1,-8.0,0.265,118.34845300910145
2026-09-01 01:21:04.477188200+00:00,47.1725,21.6714,0.0,1,-4.7,0.153,40.0680630852266
2026-09-01 01:21:15.214114700+00:00,46.5416,22.2212,0.0,1,6.7,0.271,118.92726201656109
2026-09-01 01:21:15.329323600+00:00,47.3445,22.0204,0.0,1,5.5,0.212,36.151564496124394
2026-09-01 01:21:15.330822700+00:00,47.3443,22.0122,0.0,1,3.9,0.266,35.66199199264441
2026-09-01 01:21:20.838581500+00:00,47.7434,21.303,0.0,1,-11.9,0.146,33.8386609445606
2026-09-01 01:21:20.878340+00:00,47.202,21.5895,0.0,1,6.8,0.165,36.7602448900454
2026-09-01 01:21:20.880309200+00:00,47.204,21.5948,0.0,1,2.9,0.181,36.5095936438496
2026-09-01 01:21:21.139897500+00:00,47.7803,21.3141,0.0,1,-11.8,0.117,36.2634892821713
2026-09-01 01:21:21.328188500+00:00,47.202,21.5899,0.0,1,6.2,0.185,36.7579242229054
2026-09-01 01:21:21.362308900+00:00,47.2091,21.5933,0.0,1,5.5,0.203,35.951655728341734
2026-09-01 01:21:21.364721300+00:00,47.7482,21.1362,0.0,1,-3.4,0.041,43.975815038346276
2026-09-01 01:21:21.418854200+00:00,47.7224,21.1432,0.0,1,40.0,0.133,42.02672079773276
2026-09-01 01:21:21.740004800+00:00,47.2127,21.7328,0.0,1,-4.3,0.198,36.33913967273958
2026-09-01 01:21:24.681049900+00:00,47.2567,21.7355,0.0,1,-23.0,0.171,31.6339218939252
2026-09-01 01:21:24.727189600+00:00,47.2622,21.7146,0.0,1,-17.0,0.172,30.668141276877712
2026-09-01 01:21:24.769373200+00:00,47.2473,21.7897,0.0,1,-11.5,0.197,33.89432994634064
2026-09-01 01:21:24.820033+00:00,47.2579,21.7341,0.0,1,-12.5,0.2,31.47790323219892
2026-09-01 01:21:24.821197500+00:00,47.251,21.74,0.0,1,-7.1,0.214,32.33411280571481
2026-09-01 01:21:27.377984900+00:00,47.2497,21.9405,0.0,1,-4.4,0.148,39.222984196431455
2026-09-01 01:21:27.600426200+00:00,47.2522,21.9517,0.0,1,3.3,0.144,39.516215648451514
2026-09-01 01:21:27.654535900+00:00,47.2514,21.9533,0.0,1,4.8,0.21,39.660717000389006
2026-09-01 01:21:27.660041500+00:00,47.2144,21.8729,0.0,1,3.9,0.241,39.82576428845542
2026-09-01 01:21:28.119480200+00:00,46.5866,22.1737,0.0,1,-8.7,0.363,112.9363200384182
2026-09-01 01:21:29.041173900+00:00,47.2291,22.7244,0.0,1,4.1,0.43,89.18903012461865
2026-09-01 01:21:31.478194400+00:00,47.3487,22.0277,0.0,1,8.0,0.197,36.33752172874215
2026-09-01 01:21:31.536517100+00:00,47.0967,21.7045,0.0,1,4.4,0.182,48.70761943734294
2026-09-01 01:21:31.868033800+00:00,47.3477,22.0243,0.0,1,7.2,0.188,36.18884979372005
2026-09-01 01:21:32.185112500+00:00,47.3476,22.0225,0.0,1,4.8,0.223,36.083566722035016
2026-09-01 01:21:36.001633200+00:00,47.2851,22.122,0.0,1,-7.8,0.245,46.22960757041025
2026-09-01 01:21:36.051381400+00:00,47.2346,22.8338,0.0,1,25.9,0.427,96.65233812346527
2026-09-01 01:21:36.069060800+00:00,47.2316,22.8504,0.0,1,-4.6,0.372,97.94338005544547
2026-09-01 01:21:38.609563900+00:00,47.2076,21.673,0.0,1,-4.3,0.142,36.19116565119068
2026-09-01 01:21:42.047558800+00:00,47.0865,21.5776,0.0,1,-3.8,0.14,49.63450463928533
2026-09-01 01:21:44.966805100+00:00,47.2558,21.68,0.0,1,-4.0,1.283,30.923063052697877
2026-09-01 01:21:50.552206600+00:00,47.3342,22.0743,0.0,1,5.7,0.239,40.152991209252825
2026-09-01 01:21:51.559777700+00:00,47.1595,22.7075,0.0,1,-9.4,0.376,91.2979683856804
2026-09-01 01:21:51.590183800+00:00,47.1507,22.698,0.0,1,-12.9,0.306,91.11719465827522
2026-09-01 01:21:51.626207900+00:00,47.1755,22.7109,0.0,1,-13.3,0.341,90.72490600430297
2026-09-01 01:21:51.681349200+00:00,47.1746,22.7176,0.0,1,-9.5,0.364,91.2234029358641
2026-09-01 01:21:53.308914400+00:00,46.5262,22.1755,0.0,1,-6.4,0.371,119.26615183871769
2026-09-01 01:21:53.474571+00:00,46.5188,22.1947,0.0,1,-8.8,0.39,120.55023304984036
2026-09-01 01:21:54.794354100+00:00,47.568,22.0539,0.0,1,-42.4,0.214,32.27150404534341
2026-09-01 01:21:54.796367900+00:00,47.5662,22.0573,0.0,1,-4.5,0.231,32.50092676004944
2026-09-01 01:21:55.066819300+00:00,47.5308,21.9712,0.0,1,4.2,0.208,25.81930160153483
2026-09-01 01:21:56.791476700+00:00,46.4987,22.186,0.0,1,-12.7,0.283,122.41383328254166
2026-09-01 01:22:00.550034600+00:00,47.1969,21.6762,0.0,1,5.6,0.155,37.39872743377745
2026-09-01 01:22:00.554263900+00:00,47.1956,21.6736,0.0,1,4.0,0.182,37.52388081754626
2026-09-01 01:22:00.887858600+00:00,47.3614,22.0239,0.0,1,4.2,0.189,35.32173236052269
2026-09-01 01:22:00.986275200+00:00,47.3405,22.0371,0.0,1,7.4,0.243,37.43739767853457
2026-09-01 01:22:09.492768400+00:00,47.2071,21.8046,0.0,1,-3.0,0.219,38.473967330235006
2026-09-01 01:22:13.208217500+00:00,47.4658,21.5862,0.0,1,-4.5,0.125,7.941428160693246
2026-09-01 01:22:13.620724100+00:00,46.4589,21.6422,0.0,1,32.5,0.276,119.28414994492272
2026-09-01 01:22:13.621221300+00:00,46.4528,21.6445,0.0,1,-16.9,0.221,119.96417928444963
2026-09-01 01:22:15.504035+00:00,46.545,22.1791,0.0,1,-13.1,0.42,117.40321085835129
2026-09-01 01:22:15.559561200+00:00,46.5595,22.1705,0.0,1,-10.7,0.28,115.66255193109549
2026-09-01 01:22:15.834780900+00:00,46.5472,22.1831,0.0,1,-15.4,0.252,117.28284958439609
2026-09-01 01:22:18.642114+00:00,47.1923,21.6786,0.0,1,-4.3,0.2,37.925776663458436
2026-09-01 01:22:18.758346400+00:00,47.1714,21.6779,0.0,1,-7.5,0.197,40.233397655680726
2026-09-01 01:22:22.579273200+00:00,47.3364,22.077,0.0,1,-19.7,0.211,40.18996789592862
2026-09-01 01:22:22.643271500+00:00,47.328,22.1023,0.0,1,-31.0,0.239,42.29908281312453
2026-09-01 01:22:22.726446400+00:00,47.3383,22.0175,0.0,1,-9.2,0.249,36.37785654158099
2026-09-01 01:22:26.046220600+00:00,47.1559,21.9997,0.0,1,22.4,0.256,50.32397912636924
2026-09-01 01:22:26.619554900+00:00,47.17,21.9239,0.0,1,-9.3,0.22,45.99954564341048
2026-09-01 01:22:27.416007900+00:00,47.2274,22.7287,0.0,1,-8.3,0.377,89.5614144648774
2026-09-01 01:22:27.417966500+00:00,47.2233,22.7311,0.0,1,6.1,0.288,89.90458870152929
2026-09-01 01:22:29.290007800+00:00,46.581,21.8537,0.0,1,-7.2,0.235,107.0841434003814
2026-09-01 01:22:29.312321600+00:00,46.5868,21.8794,0.0,1,6.5,0.439,106.77834461869583
2026-09-01 01:22:29.338126700+00:00,46.613,21.828,0.0,1,79.3,0.246,103.26823122136832
2026-09-01 01:22:30.951673+00:00,47.2598,21.7979,0.0,1,4.1,0.069,32.83768664120273
2026-09-01 01:22:30.953063100+00:00,47.2624,21.7936,0.0,1,-6.0,0.26,32.445439756543166
2026-09-01 01:22:30.954392400+00:00,47.2625,21.7915,0.0,1,5.5,0.174,32.37450544193631
2026-09-01 01:22:31.295326300+00:00,47.2595,21.7944,0.0,1,2.8,0.182,32.766376830991014
2026-09-01 01:22:31.303245100+00:00,47.2695,21.7086,0.0,1,-4.1,0.243,29.77961757825969
2026-09-01 01:22:31.326372500+00:00,47.2447,21.7393,0.0,1,5.6,0.213,32.99723495750477
2026-09-01 01:22:35.453754200+00:00,46.5493,22.216,0.0,1,-5.7,0.345,117.98442269570647
2026-09-01 01:22:35.457286200+00:00,46.5441,22.2144,0.0,1,6.3,0.215,118.47514658407223
2026-09-01 01:22:35.457744200+00:00,46.5421,22.2186,0.0,1,6.8,0.352,118.80127249717385
2026-09-01 01:22:35.795940300+00:00,46.4981,22.2632,0.0,1,5.0,0.373,124.62142343691615
2026-09-01 01:22:45.617814+00:00,47.1112,22.4815,0.0,1,-14.0,0.269,79.56650009581503
2026-09-01 01:22:45.618440900+00:00,47.1122,22.5055,0.0,1,-10.6,0.539,80.97274699575351
2026-09-01 01:22:45.618868800+00:00,47.1099,22.4814,0.0,1,7.3,0.159,79.64605711407336
2026-09-01 01:22:48.238386300+00:00,46.4284,22.2291,0.0,1,4.2,0.356,130.88934152634016
2026-09-01 01:22:48.239680200+00:00,46.4266,22.234,0.0,1,3.8,0.308,131.20712871665754
2026-09-01 01:22:48.679821900+00:00,47.315,22.0908,0.0,1,-16.7,0.651,42.3790483876873
2026-09-01 01:22:48.681293300+00:00,47.3321,22.0727,0.0,1,-6.4,0.213,40.181271777129616
2026-09-01 01:22:48.701784300+00:00,47.3195,22.1115,0.0,1,-12.2,0.228,43.39410006900719
2026-09-01 01:22:49.044409100+00:00,47.3185,22.1112,0.0,1,-21.2,0.242,43.436007062785734
2026-09-01 01:22:49.080944900+00:00,47.3197,22.1124,0.0,1,-4.9,0.237,43.438823323842506
2026-09-01 01:22:49.288811900+00:00,47.1917,21.5982,0.0,1,-23.5,0.16,37.858654925281805
2026-09-01 01:22:49.362703200+00:00,47.184,21.5552,0.0,1,-4.0,0.196,39.03104300455391
2026-09-01 01:22:49.376591+00:00,47.1887,21.5841,0.0,1,-7.9,0.239,38.267331408201336
2026-09-01 01:22:49.382130400+00:00,47.1831,21.6133,0.0,1,-9.1,0.173,38.765778324699525
2026-09-01 01:22:49.424701400+00:00,47.1525,21.8547,0.0,1,5.8,0.244,45.50310252844518
2026-09-01 01:22:49.469499200+00:00,47.1853,21.5596,0.0,1,16.8,0.134,38.842993083415756
2026-09-01 01:22:49.470209800+00:00,47.182,21.6134,0.0,1,-46.8,0.198,38.88784437576362
2026-09-01 01:22:49.561710300+00:00,47.1831,21.6106,0.0,1,-44.1,0.139,38.771843932519175
2026-09-01 01:22:49.678790100+00:00,47.1765,21.4581,0.0,1,3.5,0.111,41.491537698852966
2026-09-01 01:22:49.708505+00:00,47.1935,21.481,0.0,1,4.1,0.098,39.176571301479306
2026-09-01 01:22:49.777122600+00:00,47.1889,21.4628,0.0,1,12.4,0.168,40.07027317833424
2026-09-01 01:22:49.803067700+00:00,47.1509,21.2262,0.0,1,3.6,0.157,52.0132028046346
2026-09-01 01:22:49.902067100+00:00,47.2513,21.5669,0.0,1,4.7,0.203,31.49782755147095
2026-09-01 01:22:49.911725600+00:00,47.2523,21.5632,0.0,1,4.7,0.139,31.429348797638806
2026-09-01 01:22:49.922215+00:00,47.2519,21.5637,0.0,1,4.0,0.126,31.467554586386775
2026-09-01 01:22:50.130713400+00:00,47.0908,21.4922,0.0,1,-3.5,0.201,50.061803860441195
2026-09-01 01:22:50.139610700+00:00,47.0991,21.5244,0.0,1,6.0,0.13,48.71339613879455
2026-09-01 01:22:50.141999500+00:00,47.0793,21.5244,0.0,1,4.1,0.084,50.88839024237854
2026-09-01 01:22:50.154961+00:00,47.0586,21.4065,0.0,1,-3.8,0.162,55.168142299581646
2026-09-01 01:22:55.818640300+00:00,47.2458,21.9074,0.0,1,-5.8,0.225,38.1387530129073
2026-09-01 01:22:57.765964900+00:00,47.2354,21.7422,0.0,1,4.0,0.089,34.053037984547444
2026-09-01 01:22:57.787701100+00:00,47.2357,21.736,0.0,1,4.4,0.19,33.90508246360643
2026-09-01 01:22:57.890750600+00:00,47.1508,22.7128,0.0,1,-8.3,0.343,92.10080919425195
2026-09-01 01:23:04.282650800+00:00,47.2469,22.1109,0.0,1,-4.2,0.136,48.244520433993614
2026-09-01 01:23:05.150227400+00:00,47.3454,22.0464,0.0,1,5.3,0.188,37.71228593799914
2026-09-01 01:23:05.150845900+00:00,47.3446,22.0456,0.0,1,-21.4,0.243,37.71118666970983
2026-09-01 01:23:05.151832100+00:00,47.3432,22.0452,0.0,1,7.9,0.204,37.772556073921535
2026-09-01 01:23:05.152920400+00:00,47.3416,22.0467,0.0,1,4.9,0.202,37.965597955621874
2026-09-01 01:23:05.154703400+00:00,47.3449,22.0438,0.0,1,5.9,0.267,37.57980861832644
2026-09-01 01:23:05.869132500+00:00,47.3863,21.945,0.0,1,-3.6,0.227,28.836200674912167
2026-09-01 01:23:07.345848500+00:00,46.5111,22.2095,0.0,1,-6.8,0.351,121.75368098065384
2026-09-01 01:23:07.417597800+00:00,46.49,22.2287,0.0,1,-4.9,0.258,124.47214202716766
2026-09-01 01:23:12.833883900+00:00,47.3192,22.4756,0.0,1,16.0,0.218,68.04634506472259
2026-09-01 01:23:16.453679700+00:00,47.1056,21.6888,0.0,1,3.6,0.193,47.595351260645465
2026-09-01 01:23:16.455216600+00:00,47.1059,21.6933,0.0,1,-4.0,0.172,47.596410558725715
2026-09-01 01:23:19.839103100+00:00,47.2343,21.8571,0.0,1,-5.4,0.222,37.31203282304279
2026-09-01 01:23:21.638502600+00:00,47.1509,22.6572,0.0,1,6.6,0.41,88.39611178761486
2026-09-01 01:23:24.138365800+00:00,47.3336,22.0955,0.0,1,-21.2,0.214,41.532907899309116
2026-09-01 01:23:24.208234500+00:00,47.3073,22.1186,0.0,1,-12.3,0.244,44.591353034535814
2026-09-01 01:23:24.308084+00:00,47.3366,22.0899,0.0,1,-3.4,0.049,40.99810983075334
2026-09-01 01:23:27.182820800+00:00,46.5337,22.1849,0.0,1,-9.6,0.26,118.73542981154802
2026-09-01 01:23:27.246228600+00:00,46.5463,22.2015,0.0,1,-17.7,0.294,117.88383860083832
2026-09-01 01:23:27.335352200+00:00,46.5455,22.2049,0.0,1,-6.3,0.143,118.06190553138559
2026-09-01 01:23:27.833197800+00:00,47.1795,21.6166,0.0,1,5.9,0.112,39.16002940379729
2026-09-01 01:23:27.833601100+00:00,47.1801,21.6169,0.0,1,3.8,0.23,39.09286711985903
2026-09-01 01:23:38.615177400+00:00,47.2579,21.7856,0.0,1,-6.8,0.249,32.68353198183177
2026-09-01 01:23:38.672624400+00:00,47.2519,21.8596,0.0,1,-6.5,0.184,35.680140755586486
2026-09-01 01:23:40.339723600+00:00,46.2867,22.2276,0.0,1,9.3,0.305,145.74288451912807
2026-09-01 01:23:41.150360100+00:00,47.3476,22.0428,0.0,1,5.8,0.166,37.35117712337503
2026-09-01 01:23:41.150823700+00:00,47.348,22.0384,0.0,1,4.8,0.299,37.05014179506812
2026-09-01 01:23:41.268147100+00:00,47.2849,22.4948,0.0,1,12.6,0.298,70.81108246066736
2026-09-01 01:23:41.278319800+00:00,47.2933,22.521,0.0,1,-7.8,0.3,72.28017849166888
2026-09-01 01:23:43.275994400+00:00,47.2249,22.8246,0.0,1,19.9,0.344,96.38576782957492
2026-09-01 01:23:43.278862600+00:00,47.2236,22.8215,0.0,1,-6.3,0.317,96.21988118197193
2026-09-01 01:23:43.293369+00:00,47.2695,21.865,0.0,1,-3.7,0.179,34.19715610164307
2026-09-01 01:23:43.397403900+00:00,47.243,22.8719,0.0,1,-15.5,0.396,99.03935804887905
2026-09-01 01:23:43.512914400+00:00,47.2323,22.7735,0.0,1,-6.8,0.393,92.49226770837741
2026-09-01 01:23:43.513404700+00:00,47.2108,22.805,0.0,1,-4.3,0.466,95.59186260306127
2026-09-01 01:23:43.662117200+00:00,47.2232,22.8319,0.0,1,-4.9,0.16,96.968103823829
2026-09-01 01:23:43.881907+00:00,47.1899,22.8166,0.0,1,-12.8,0.308,97.30299374044053
2026-09-01 01:23:46.305409300+00:00,47.288,22.1245,0.0,1,-4.8,0.242,46.19057533824847
2026-09-01 01:23:46.390239+00:00,47.307,22.1493,0.0,1,-12.2,0.208,46.541960122050895
2026-09-01 01:23:54.478887600+00:00,47.159,21.8586,0.0,1,-15.1,0.179,44.94706436146504
2026-09-01 01:23:54.479129100+00:00,47.1575,21.8623,0.0,1,-8.3,0.271,45.20940002746999
2026-09-01 01:23:54.504255300+00:00,47.1565,21.8554,0.0,1,-4.6,0.173,45.11119133115962
2026-09-01 01:23:55.500381900+00:00,47.2304,21.7179,0.0,1,-8.0,0.144,34.17953054015898
2026-09-01 01:24:02.941022700+00:00,47.3192,22.0842,0.0,1,-13.1,0.269,41.704084046428946
2026-09-01 01:24:05.967880700+00:00,47.2158,21.8826,0.0,1,7.0,0.194,40.033439488985245
2026-09-01 01:24:06.216680500+00:00,47.272,21.8815,0.0,1,-8.5,0.183,34.63060052157401
2026-09-01 01:24:06.299210200+00:00,47.2417,21.8439,0.0,1,-3.7,0.122,36.12510189944711
2026-09-01 01:24:06.354097+00:00,47.28,21.8747,0.0,1,-4.1,0.194,33.605658933484754
2026-09-01 01:24:06.463954800+00:00,47.2428,21.8355,0.0,1,-11.9,0.242,35.734061072952905
2026-09-01 01:24:06.863971300+00:00,47.191,21.5722,0.0,1,5.2,0.196,38.099699354791944
2026-09-01 01:24:06.946110300+00:00,47.1803,21.5934,0.0,1,-9.8,0.119,39.14615557100965
2026-09-01 01:24:07.008880200+00:00,47.2037,21.6313,0.0,1,-4.9,0.154,36.462060881029736
2026-09-01 01:24:07.375511500+00:00,47.2036,21.63,0.0,1,-8.7,0.174,36.47250276825753
2026-09-01 01:24:17.786152300+00:00,47.2538,21.9314,0.0,1,-7.7,0.113,38.44731214122922
2026-09-01 01:24:17.834647500+00:00,47.2426,21.9472,0.0,1,-5.6,0.157,40.15812419415493
2026-09-01 01:24:17.903325300+00:00,47.1693,22.7283,0.0,1,-15.9,0.347,92.20947207094184
2026-09-01 01:24:17.930156600+00:00,47.1528,22.7159,0.0,1,-12.5,0.34,92.20512056383589
2026-09-01 01:24:17.967087400+00:00,47.1651,22.7453,0.0,1,-21.1,0.19,93.56859484318636
2026-09-01 01:24:18.020603500+00:00,47.1714,22.734,0.0,1,-20.9,0.248,92.49307023961568
2026-09-01 01:24:18.088155200+00:00,47.1709,22.7351,0.0,1,-14.3,0.248,92.5921944484075
2026-09-01 01:24:18.205161100+00:00,47.1696,22.7374,0.0,1,-34.2,0.295,92.81191625753894
2026-09-01 01:24:18.206812100+00:00,47.2019,22.7654,0.0,1,-9.2,0.142,93.22328162288997
2026-09-01 01:24:18.262153800+00:00,47.1717,22.7311,0.0,1,-10.6,0.263,92.28151783265547
2026-09-01 01:24:21.870859+00:00,47.0313,21.5509,0.0,1,-6.6,0.214,55.92854090232799
2026-09-01 01:24:22.573861700+00:00,47.2839,21.9908,0.0,1,-17.9,0.198,38.818783620772614
2026-09-01 01:24:24.314965600+00:00,47.2247,21.7906,0.0,1,7.9,0.178,36.27330161078265
2026-09-01 01:24:25.199534200+00:00,46.9746,22.9636,0.0,1,-11.7,0.453,118.35340983436461
2026-09-01 01:24:25.284498+00:00,47.0511,22.9175,0.0,1,-30.5,0.374,111.00856343753077
2026-09-01 01:24:27.213053300+00:00,47.0364,21.7385,0.0,1,31.1,0.201,55.698913247524814
2026-09-01 01:24:28.203263300+00:00,47.23,22.8289,0.0,1,5.5,0.346,96.48600378751163
2026-09-01 01:24:28.684641300+00:00,47.2787,22.4068,0.0,1,12.7,0.279,65.0549767503598
2026-09-01 01:24:28.715025400+00:00,46.4726,22.2733,0.0,1,-11.3,0.365,127.53737220480326
2026-09-01 01:24:29.711569+00:00,47.7358,21.3358,0.0,1,-7.0,0.132,31.506280235389966
2026-09-01 01:24:34.927171200+00:00,47.2578,22.1117,0.0,1,-4.7,0.214,47.50135427922056
2026-09-01 01:24:34.997814900+00:00,47.2716,22.1232,0.0,1,-10.2,0.208,47.210255544596585
2026-09-01 01:24:40.849957900+00:00,47.2463,21.794,0.0,1,-7.1,0.239,34.115845525673144
2026-09-01 01:24:41.053979400+00:00,46.5236,22.2982,0.0,1,-4.1,0.37,123.07911558503714
2026-09-01 01:24:41.102432600+00:00,47.2838,21.8696,0.0,1,-3.9,0.287,33.041002624368666
2026-09-01 01:24:41.284706300+00:00,47.2493,21.8746,0.0,1,-25.3,0.209,36.49549904749553
2026-09-01 01:24:41.366258100+00:00,47.2497,21.8758,0.0,1,-7.0,0.224,36.50342406117234
2026-09-01 01:24:41.385566200+00:00,47.2161,21.7114,0.0,1,3.7,0.108,35.649016411547976
2026-09-01 01:24:42.249797600+00:00,47.1658,21.545,0.0,1,3.5,0.289,41.14496173779766
2026-09-01 01:24:42.275515200+00:00,47.1692,21.5243,0.0,1,2.6,0.2,41.03732626687743
2026-09-01 01:24:42.278863700+00:00,47.168,21.5248,0.0,1,3.7,0.089,41.16129414016378
2026-09-01 01:24:42.365652100+00:00,47.1679,21.5239,0.0,1,4.4,0.165,41.18498807937056
2026-09-01 01:24:42.373122500+00:00,47.1697,21.5216,0.0,1,6.2,0.156,41.021724234611156
2026-09-01 01:24:42.386278600+00:00,47.1679,21.5255,0.0,1,2.7,0.181,41.1623595245083
2026-09-01 01:24:42.428930800+00:00,47.1808,21.5205,0.0,1,13.4,0.141,39.828146107062246
2026-09-01 01:24:42.479052+00:00,47.1699,21.5271,0.0,1,8.0,0.131,40.921451657630065
2026-09-01 01:24:43.317022800+00:00,47.2933,22.1375,0.0,1,5.5,0.222,46.64762986209804
2026-09-01 01:24:43.341008300+00:00,47.2826,22.1304,0.0,1,-9.2,0.223,46.90442465767931
2026-09-01 01:24:43.460527100+00:00,47.2632,22.0648,0.0,1,-9.3,0.204,44.44197745140354
2026-09-01 01:24:47.919318900+00:00,47.2532,21.9242,0.0,1,-8.2,0.228,38.181255344902524
2026-09-01 01:24:52.071169800+00:00,47.0879,21.6496,0.0,1,-5.6,0.202,49.36582698193604
2026-09-01 01:24:54.391780400+00:00,46.9564,21.2957,0.0,1,8.0,0.188,68.68302602560658
2026-09-01 01:24:54.392443500+00:00,46.9555,21.2982,0.0,1,-6.4,0.118,68.70784567345187
2026-09-01 01:24:54.392941300+00:00,46.9545,21.2978,0.0,1,4.5,0.203,68.82252050885484
2026-09-01 01:24:54.402183900+00:00,46.9588,21.2883,0.0,1,-9.6,0.062,68.64065312704328
2026-09-01 01:24:54.484221900+00:00,47.2624,21.8907,0.0,1,-6.1,0.214,35.90390646609166
2026-09-01 01:24:54.804255500+00:00,46.9929,21.315,0.0,1,3.1,0.126,64.3697514280147
2026-09-01 01:24:54.955959200+00:00,47.2629,21.8987,0.0,1,5.3,0.174,36.19392434332128
2026-09-01 01:24:55.273578+00:00,47.4695,21.5988,0.0,1,-13.9,0.147,7.229492689264331
2026-09-01 01:24:56.194621300+00:00,46.4608,21.6631,0.0,1,-5.7,0.214,119.09847515340799
2026-09-01 01:24:56.195583500+00:00,46.362,22.0491,0.0,1,-5.9,0.663,133.93650421160015
2026-09-01 01:24:56.204143600+00:00,46.4594,21.6672,0.0,1,-6.2,0.225,119.26159214687733
2026-09-01 01:25:03.355510100+00:00,47.3398,22.0927,0.0,1,5.2,0.209,40.989839603810616
2026-09-01 01:25:03.393740200+00:00,47.3327,22.0764,0.0,1,-16.0,0.222,40.37687284001906
2026-09-01 01:25:03.418656100+00:00,47.3558,22.0502,0.0,1,-4.3,0.214,37.33050256340555
2026-09-01 01:25:03.419545500+00:00,47.3558,22.0449,0.0,1,-10.5,0.269,36.99153396830213
2026-09-01 01:25:03.420031400+00:00,47.3544,22.0522,0.0,1,6.9,0.227,37.540555108374576
2026-09-01 01:25:03.420991100+00:00,47.3553,22.0519,0.0,1,11.4,0.18,37.46866488928153
2026-09-01 01:25:03.430049600+00:00,47.3565,22.0629,0.0,1,4.2,0.183,38.10742287990764
2026-09-01 01:25:03.626594500+00:00,47.3871,21.9973,0.0,1,4.7,0.163,32.12377623822045
2026-09-01 01:25:03.632451900+00:00,47.3566,22.0529,0.0,1,3.0,0.122,37.45713814150478
2026-09-01 01:25:03.655855400+00:00,47.3384,22.0962,0.0,1,-10.5,0.202,41.29604543315845
2026-09-01 01:25:03.688159400+00:00,47.3455,22.1087,0.0,1,-3.5,0.152,41.702405271079485
2026-09-01 01:25:03.791311200+00:00,47.2263,22.8265,0.0,1,-13.2,0.417,96.46357262524162
2026-09-01 01:25:03.792045900+00:00,47.2266,22.8211,0.0,1,-6.6,0.414,96.07108907697753
2026-09-01 01:25:07.625196700+00:00,46.4766,22.2049,0.0,1,-6.4,0.31,125.21929770122392
2026-09-01 01:25:11.414073900+00:00,47.2431,22.071,0.0,1,-6.0,0.249,46.31271801539594
2026-09-01 01:25:13.430760100+00:00,47.3094,21.9732,0.0,1,-5.7,0.28,35.88467047258131
2026-09-01 01:25:15.447853900+00:00,47.1597,21.8901,0.0,1,13.5,0.198,45.84909822872682
2026-09-01 01:25:17.854756300+00:00,46.7477,21.7216,0.0,1,-6.1,0.189,87.45701139425475
2026-09-01 01:25:17.899578500+00:00,46.741,21.7987,0.0,1,-8.3,0.204,88.86151530118809
2026-09-01 01:25:20.483497100+00:00,47.219,21.739,0.0,1,19.7,0.186,35.76269478587146
2026-09-01 01:25:20.483820900+00:00,47.2184,21.7384,0.0,1,4.6,0.209,35.816975102515556
2026-09-01 01:25:20.756835200+00:00,47.156,21.6384,0.0,1,-4.9,0.223,41.77318720625007
2026-09-01 01:25:23.008628500+00:00,47.2551,21.9478,0.0,1,-3.4,0.242,39.08087541663068
2026-09-01 01:25:23.279463400+00:00,46.5111,22.2309,0.0,1,-12.5,0.354,122.35096824905501
2026-09-01 01:25:29.643094+00:00,47.341,22.0462,0.0,1,-18.6,0.263,37.97170440111955
2026-09-01 01:25:29.668917+00:00,47.3406,22.0505,0.0,1,-6.6,0.183,38.265251025567416
2026-09-01 01:25:30.911501800+00:00,47.0343,21.5611,0.0,1,7.0,0.186,55.522246799434235
2026-09-01 01:25:30.925748200+00:00,47.0365,21.561,0.0,1,-4.3,0.14,55.279286282857484
2026-09-01 01:25:34.889944800+00:00,46.4994,22.2863,0.0,1,8.9,0.344,125.17643511357798
2026-09-01 01:25:40.777452500+00:00,47.3574,22.0556,0.0,1,3.5,0.242,37.58464925006168
2026-09-01 01:25:40.778755400+00:00,47.3562,22.0518,0.0,1,5.5,0.237,37.40975234036018
2026-09-01 01:25:40.780747400+00:00,47.3526,22.0547,0.0,1,4.0,0.126,37.80617169855804
2026-09-01 01:25:48.033843900+00:00,47.2648,21.8347,0.0,1,-4.9,0.146,33.5232145655715
2026-09-01 01:25:48.038125600+00:00,47.2297,21.8074,0.0,1,5.9,0.136,36.20505455509037
2026-09-01 01:25:48.049991700+00:00,47.2438,21.7517,0.0,1,3.2,0.249,33.34407308662019
2026-09-01 01:25:48.053862700+00:00,47.2575,21.9677,0.0,1,-3.9,0.302,39.81793317155715
2026-09-01 01:25:48.065593800+00:00,47.2409,21.7543,0.0,1,6.1,0.213,33.70874769760765
2026-09-01 01:25:48.227862100+00:00,47.1987,21.7084,0.0,1,3.9,0.176,37.51733625522462
2026-09-01 01:25:49.671692200+00:00,47.1588,22.7307,0.0,1,5.7,0.209,92.89464466892609
2026-09-01 01:25:50.068940600+00:00,47.2327,22.7355,0.0,1,-7.2,0.492,89.81206130788041
2026-09-01 01:25:50.112740500+00:00,47.222,22.7516,0.0,1,11.7,0.373,91.38873352080998
2026-09-01 01:25:51.020818400+00:00,47.3832,22.6871,0.0,1,29.1,0.382,81.36913717052542
2026-09-01 01:25:51.024341200+00:00,47.3764,22.6736,0.0,1,-44.9,0.373,80.53913647275303
2026-09-01 01:25:54.163471+00:00,47.1997,21.5849,0.0,1,10.4,0.1,37.04349081945439
2026-09-01 01:25:54.243848800+00:00,47.1743,21.605,0.0,1,-6.5,0.106,39.765446978447066
2026-09-01 01:25:54.521499900+00:00,47.2651,22.0194,0.0,1,13.2,0.226,41.822409558821604
2026-09-01 01:25:59.154303200+00:00,47.2839,22.1375,0.0,1,-6.3,0.214,47.251971344072814
2026-09-01 01:25:59.185216200+00:00,47.2634,22.1092,0.0,1,-6.4,0.151,46.95768021258232
2026-09-01 01:26:05.368948700+00:00,47.1602,21.8732,0.0,1,-4.1,0.275,45.26301911241838
2026-09-01 01:26:05.376567300+00:00,47.1557,21.8525,0.0,1,-13.5,0.225,45.110862124471616
2026-09-01 01:26:05.405211500+00:00,47.192,21.8093,0.0,1,4.0,0.2,40.172941433088646
2026-09-01 01:26:05.414554300+00:00,47.1839,21.8272,0.0,1,5.9,0.282,41.491133572292775
2026-09-01 01:26:12.608262300+00:00,47.2961,21.984,0.0,1,-4.1,0.257,37.49812141668468
2026-09-01 01:26:12.615777700+00:00,47.2923,21.9724,0.0,1,-5.6,0.269,37.18028610771382
2026-09-01 01:26:12.618156700+00:00,47.2965,21.9814,0.0,1,-4.6,0.198,37.327105337785035
2026-09-01 01:26:16.864717200+00:00,47.2705,21.8878,0.0,1,-10.5,0.228,35.03304160440365
2026-09-01 01:26:17.132702300+00:00,47.264,21.8685,0.0,1,-4.4,0.159,34.85679546453759
2026-09-01 01:26:17.156125400+00:00,47.2643,21.8643,0.0,1,-6.2,0.185,34.664563183951124
2026-09-01 01:26:17.913974700+00:00,47.2267,22.8185,0.0,1,6.3,0.313,95.88394560428371
2026-09-01 01:26:17.915542200+00:00,47.2253,22.816,0.0,1,7.2,0.387,95.7642596066042
2026-09-01 01:26:17.927470200+00:00,47.2266,22.8009,0.0,1,-6.2,0.428,94.64962354355326
2026-09-01 01:26:26.255913100+00:00,47.1918,21.6515,0.0,1,-8.4,0.184,37.827975389753966
2026-09-01 01:26:26.276777500+00:00,47.1918,21.6664,0.0,1,3.2,0.197,37.89863232855631
2026-09-01 01:26:26.619901800+00:00,47.2069,21.657,0.0,1,3.3,0.289,36.174205908681806
2026-09-01 01:26:26.742321300+00:00,47.401,21.6053,0.0,1,5.3,0.124,14.615917080725396
2026-09-01 01:26:27.522602200+00:00,47.3745,21.4268,0.0,1,41.2,0.134,23.074340343189892
2026-09-01 01:26:27.609324100+00:00,47.3759,21.4297,0.0,1,3.9,0.086,22.81398527389056
2026-09-01 01:26:27.806021+00:00,47.0879,21.8087,10.9,2,11.8,0.173,51.197654361335864
2026-09-01 01:26:28.181058800+00:00,47.0911,21.7446,0.0,1,-6.0,0.184,49.77327570092881
2026-09-01 01:26:28.189733200+00:00,47.0828,21.7477,0.0,1,-4.2,0.192,50.723203641693964
2026-09-01 01:26:28.385680900+00:00,47.0816,21.7434,0.0,1,-3.9,0.199,50.79763521567763
2026-09-01 01:26:29.586189700+00:00,47.3198,22.1121,0.0,1,-17.4,0.204,43.41380309576938
2026-09-01 01:26:29.870532200+00:00,47.3301,22.0314,0.0,1,-7.9,0.272,37.762157495302155
2026-09-01 01:26:34.979492800+00:00,46.2911,22.2178,0.0,1,7.6,0.314,145.04580119238668
2026-09-01 01:26:35.887621+00:00,47.2165,22.8379,0.0,1,7.7,0.282,97.66101038429213
2026-09-01 01:26:36.820139800+00:00,47.2459,22.0815,0.0,1,3.7,0.166,46.67290260356091
2026-09-01 01:26:36.859632500+00:00,47.2797,22.0986,0.0,1,-6.3,0.222,45.194843278510696
2026-09-01 01:26:38.448279300+00:00,47.1956,21.7891,0.0,1,14.9,0.261,39.29867239162347
2026-09-01 01:26:38.898507+00:00,47.1954,21.7806,0.0,1,-4.4,0.309,39.12614489010731
2026-09-01 01:26:38.972623700+00:00,47.185,21.6138,0.0,1,-7.8,0.187,38.553574316064164
2026-09-01 01:26:46.902995500+00:00,47.2891,21.8633,0.0,1,-3.6,0.228,32.28748591203473
2026-09-01 01:26:46.923766500+00:00,47.2871,21.8646,0.0,1,4.6,0.239,32.52723142321587
2026-09-01 01:26:46.942802500+00:00,47.2675,21.9216,0.0,1,4.1,0.196,36.783778019351544
2026-09-01 01:26:46.950099+00:00,47.2674,21.9187,0.0,1,4.3,0.138,36.66167571615559
2026-09-01 01:26:49.217443+00:00,47.1201,22.5026,0.0,1,15.5,0.302,80.28627902991889
2026-09-01 01:26:49.217906400+00:00,47.1179,22.5093,0.0,1,-17.3,0.353,80.8418136242709
2026-09-01 01:26:49.219262300+00:00,47.1212,22.5001,0.0,1,8.6,0.369,80.06118284631316
2026-09-01 01:26:53.631051500+00:00,47.2806,22.1285,0.0,1,3.5,0.04,46.921602630226865
2026-09-01 01:27:02.006295300+00:00,47.2664,21.8814,0.0,1,-7.8,0.202,35.147781605828655
2026-09-01 01:27:05.863498100+00:00,47.1883,21.9898,0.0,1,4.3,0.112,46.93304953500418
2026-09-01 01:27:06.018222500+00:00,47.1604,21.8763,0.0,1,4.9,0.225,45.338856090820784
2026-09-01 01:27:06.332554600+00:00,47.7029,21.4177,0.0,1,21.4,0.185,24.690701405482884
2026-09-01 01:27:07.277696200+00:00,46.7567,21.7763,0.0,1,-5.8,0.205,86.89865829978714
2026-09-01 01:27:07.321112700+00:00,46.7703,21.7764,0.0,1,-9.6,0.27,85.40021034223021
2026-09-01 01:27:07.490093400+00:00,46.7462,21.8027,0.0,1,-3.8,0.186,88.33436613544923
2026-09-01 01:27:08.421892600+00:00,47.2827,21.891,0.0,1,3.1,0.142,34.05575271046469
2026-09-01 01:27:08.529613500+00:00,47.2867,21.884,0.0,1,4.0,0.284,33.38733194231923
2026-09-01 01:27:11.884924+00:00,47.2278,22.8189,0.0,1,-9.0,0.371,95.86807711775435
2026-09-01 01:27:11.886974200+00:00,47.2241,22.8303,0.0,1,6.2,0.317,96.81931863748652
2026-09-01 01:27:12.432467600+00:00,46.9835,22.9952,0.0,1,-40.4,0.416,119.8785941032156
2026-09-01 01:27:12.433296400+00:00,46.9831,23.0067,0.0,1,9.2,0.251,120.64953176586863
2026-09-01 01:27:12.433758200+00:00,46.9842,23.0135,0.0,1,18.5,0.358,121.03007837684034
2026-09-01 01:27:19.638267600+00:00,47.3287,22.0904,0.0,1,-8.5,0.247,41.503148944838856
2026-09-01 01:27:19.701023400+00:00,47.2708,21.9004,0.0,1,-6.6,0.145,35.54519144350986
2026-09-01 01:27:19.704612200+00:00,47.2728,21.8978,0.0,1,4.5,0.126,35.25038912891139
2026-09-01 01:27:25.901261400+00:00,47.2686,21.922,0.0,1,2.7,0.172,36.70424746022789
2026-09-01 01:27:25.958387100+00:00,47.2904,21.9165,0.0,1,-7.4,0.224,34.538545967806236
2026-09-01 01:27:26.398814100+00:00,46.4467,22.2719,0.0,1,-5.8,0.299,130.16562250631668
2026-09-01 01:27:26.547101100+00:00,46.4307,22.2482,0.0,1,-3.9,0.206,131.16261109771182
2026-09-01 01:27:26.788518+00:00,47.236,21.8252,0.0,1,3.2,0.162,36.0885036074276
2026-09-01 01:27:26.906756200+00:00,47.2356,21.8525,7.8,2,-2.9,0.1,37.02404894251877
2026-09-01 01:27:26.938658700+00:00,47.2038,21.6641,0.0,1,-4.3,0.14,36.554907756929595
2026-09-01 01:27:26.939175100+00:00,47.2289,21.7266,0.0,1,-3.6,0.274,34.47909246263107
2026-09-01 01:27:27.034185800+00:00,47.2106,21.5703,0.0,1,3.6,0.173,35.95074549554654
2026-09-01 01:27:32.567521200+00:00,47.2313,22.8306,0.0,1,-7.0,0.372,96.5548965275224
2026-09-01 01:27:36.907948400+00:00,46.9409,21.8664,0.0,1,-3.7,0.188,68.11819657755956
2026-09-01 01:27:36.909476300+00:00,46.9358,21.8634,0.0,1,-4.2,0.231,68.60620738861928
2026-09-01 01:27:36.950605800+00:00,46.9349,21.8768,0.0,1,-5.7,0.282,68.97231505900376
2026-09-01 01:27:37.251430800+00:00,46.9389,21.8735,0.0,1,-3.2,0.117,68.47630987060606
2026-09-01 01:27:37.703328700+00:00,46.891,21.7608,0.0,1,3.1,0.2,71.94165153701191
2026-09-01 01:27:38.141286800+00:00,47.2769,22.1301,0.0,1,4.0,0.208,47.26488727458661
2026-09-01 01:27:39.686476+00:00,46.9466,21.1891,0.0,1,-4.0,0.933,72.97763874098861
2026-09-01 01:27:39.839230100+00:00,46.9204,21.1168,0.0,1,4.3,1.237,78.13374121490358
2026-09-01 01:27:40.131062400+00:00,47.022,21.1616,0.0,1,4.6,0.133,66.67228159604414
2026-09-01 01:27:42.393437100+00:00,47.3529,22.0429,0.0,1,5.8,0.188,37.03666139365609
2026-09-01 01:27:42.396533500+00:00,47.3531,22.0488,0.0,1,3.3,0.205,37.40000153465587
2026-09-01 01:27:42.398193800+00:00,47.3531,22.0385,0.0,1,7.5,0.203,36.74577959747616
2026-09-01 01:27:45.854781700+00:00,47.0455,21.5607,0.0,1,9.5,0.155,54.284761262059085
2026-09-01 01:27:45.864521500+00:00,47.0426,21.5647,0.0,1,-7.6,0.146,54.57893638594173
2026-09-01 01:27:45.870292300+00:00,47.0532,21.561,0.0,1,-4.3,0.376,53.43013628716684
2026-09-01 01:27:46.365266400+00:00,47.1091,21.5244,0.0,1,4.4,0.132,47.61584578530936
2026-09-01 01:27:46.365711600+00:00,47.109,21.5207,0.0,1,7.0,0.138,47.6730331709167
2026-09-01 01:27:46.366829500+00:00,47.1064,21.5179,0.0,1,10.0,0.175,47.993876904089745
2026-09-01 01:27:46.367315700+00:00,47.1027,21.5245,0.0,1,8.6,0.229,48.31699256158977
2026-09-01 01:27:46.367553800+00:00,47.1129,21.5164,0.0,1,6.9,0.173,47.30178384613365
2026-09-01 01:27:46.368377100+00:00,47.1004,21.526,0.0,1,7.5,0.154,48.55156060419998
2026-09-01 01:27:46.368864800+00:00,47.0972,21.5309,0.0,1,8.0,0.117,48.84670187965077
2026-09-01 01:27:46.370871700+00:00,47.0976,21.5514,5.7,2,6.1,0.015,48.59662021962009
2026-09-01 01:27:46.376090600+00:00,47.0776,21.5873,0.0,1,5.0,0.15,50.57251071296938
2026-09-01 01:27:46.386564300+00:00,47.0528,21.5545,0.0,1,-4.6,0.183,53.52248496625474
2026-09-01 01:27:46.396805+00:00,47.0514,21.543,0.0,1,5.8,0.171,53.77298388188758
2026-09-01 01:27:46.661334500+00:00,47.2147,21.4905,0.0,1,-14.2,0.172,36.71258152689609
2026-09-01 01:27:46.674387500+00:00,47.2143,21.4927,0.0,1,-3.1,0.099,36.709198085144045
2026-09-01 01:27:46.709777200+00:00,47.2146,21.4908,0.0,1,-5.8,0.183,36.71692643886552
2026-09-01 01:27:46.734448200+00:00,47.2144,21.4909,0.0,1,-5.0,0.156,36.736175975928546
2026-09-01 01:27:46.817442700+00:00,46.5019,22.2441,0.0,1,-3.9,0.151,123.67660378487123
2026-09-01 01:27:46.866608700+00:00,46.5114,22.2366,0.0,1,-10.0,0.287,122.48224474523407
2026-09-01 01:27:46.896615900+00:00,46.507,22.2922,0.0,1,-5.2,0.347,124.58088215455484
2026-09-01 01:27:46.956852+00:00,46.511,22.2392,0.0,1,-14.6,0.344,122.59792917420255
2026-09-01 01:27:51.129083100+00:00,46.4944,22.292,0.0,1,-10.5,0.371,125.85971745927257
2026-09-01 01:27:59.619675700+00:00,47.2819,22.5149,0.0,1,22.2,0.276,72.33705230872819
2026-09-01 01:27:59.619900100+00:00,47.284,22.5032,0.0,1,12.8,0.318,71.43328924189765
2026-09-01 01:28:05.072459800+00:00,47.2794,22.1341,0.0,1,-13.0,0.164,47.34031010976443
2026-09-01 01:28:05.159103700+00:00,47.2861,22.0516,0.0,1,-7.3,0.286,42.00824909664751
2026-09-01 01:28:06.554549800+00:00,47.1786,21.941,0.0,1,-8.6,0.243,45.816049799760236
2026-09-01 01:28:06.554777900+00:00,47.1793,21.9429,0.0,1,4.5,0.272,45.82339234357162
2026-09-01 01:28:06.653699100+00:00,47.0831,21.7355,0.0,1,-11.8,0.183,50.53375673161261
2026-09-01 01:28:07.033955300+00:00,47.1539,21.8131,0.0,1,-5.5,0.177,44.270088246751705
2026-09-01 01:28:07.153166900+00:00,47.0834,21.733,0.0,1,-3.9,0.199,50.470726430613844
2026-09-01 01:28:07.349607100+00:00,47.2716,21.7908,0.0,1,-9.8,0.173,31.420552610309617
2026-09-01 01:28:07.358543700+00:00,47.234,21.795,0.0,1,-4.2,0.252,35.418513713316685
2026-09-01 01:28:11.362918400+00:00,47.2854,21.8982,0.0,1,8.0,0.188,34.13273162625884
2026-09-01 01:28:25.890133700+00:00,47.6713,21.404,0.0,1,4.9,0.105,22.83874764218026
2026-09-01 01:28:26.766940500+00:00,47.6733,21.4063,4.3,2,-7.9,0.064,22.865081238388886
2026-09-01 01:28:29.247949100+00:00,47.3,22.0103,0.0,1,-14.0,0.21,38.6480182854561
2026-09-01 01:28:33.946755100+00:00,47.1823,22.7699,0.0,1,-14.0,0.344,94.4249936908785
2026-09-01 01:28:33.947271600+00:00,47.1824,22.7724,0.0,1,-12.2,0.353,94.59202791649746
2026-09-01 01:28:33.947834700+00:00,47.1816,22.7711,0.0,1,11.6,0.371,94.5399233023232
2026-09-01 01:28:34.095785400+00:00,47.24,22.7813,0.0,1,-5.2,0.24,92.73168431512867
2026-09-01 01:28:34.879941900+00:00,46.5099,22.3112,0.0,1,-3.8,0.33,124.8764701545222
2026-09-01 01:28:34.884053900+00:00,46.535,22.2367,0.0,1,-3.7,0.322,120.05486629808063
2026-09-01 01:28:34.913864800+00:00,46.5411,22.2097,0.0,1,-6.5,0.263,118.65191198935126
2026-09-01 01:28:34.916597+00:00,46.5468,22.2353,0.0,1,3.3,0.433,118.80166161970175
2026-09-01 01:28:34.918536600+00:00,46.5446,22.2369,10.0,2,11.8,0.28,119.07452940253988
2026-09-01 01:28:34.955631800+00:00,46.5469,22.2368,0.0,1,15.4,0.318,118.83552345322603
2026-09-01 01:28:34.980255400+00:00,46.5434,22.2429,0.0,1,4.6,0.326,119.37465818566551
2026-09-01 01:28:38.997875+00:00,47.2815,22.122,0.0,1,4.7,0.323,46.46908088082738
2026-09-01 01:28:39.001148700+00:00,47.2798,22.1308,0.0,1,-7.4,0.221,47.11389518757748
2026-09-01 01:28:39.062513800+00:00,47.28,22.1284,0.0,1,-6.9,0.216,46.95544565396563
2026-09-01 01:28:40.436321+00:00,47.4251,21.556,0.0,1,-5.8,0.145,12.998144298385736
2026-09-01 01:28:40.452521900+00:00,47.424,21.5572,0.0,1,4.0,0.15,13.073098459327664
2026-09-01 01:28:41.991940500+00:00,47.2745,21.8795,0.0,1,-5.0,0.176,34.31549125291055
2026-09-01 01:28:42.403706600+00:00,47.2634,21.821,0.0,1,5.4,0.149,33.19550947943761
2026-09-01 01:28:42.405319900+00:00,47.2614,21.8255,0.0,1,6.6,0.177,33.544824561018466
2026-09-01 01:28:42.405979400+00:00,47.2651,21.8228,0.0,1,5.4,0.154,33.085718290270094
2026-09-01 01:28:42.408218600+00:00,47.2695,21.819,10.2,2,8.1,0.206,32.520063665099684
2026-09-01 01:28:42.419781200+00:00,47.2766,21.8712,0.0,1,3.1,0.213,33.77750763925337
2026-09-01 01:28:42.421539400+00:00,47.2627,21.8206,0.0,1,4.7,0.112,33.252312246032396
2026-09-01 01:28:42.427916500+00:00,47.2632,22.024,0.0,1,-5.3,0.208,42.21691334740843
2026-09-01 01:28:42.818753900+00:00,47.1624,21.8131,0.0,1,3.2,0.169,43.37410072368789
2026-09-01 01:28:51.478687+00:00,46.2976,22.2358,0.0,1,25.2,0.321,144.78834139422187
2026-09-01 01:28:51.479357700+00:00,46.2924,22.2363,0.0,1,-11.2,0.334,145.34920962273017
2026-09-01 01:28:51.479706600+00:00,46.2963,22.2324,0.0,1,-13.3,0.273,144.84337628511832
2026-09-01 01:28:54.348404100+00:00,47.2854,22.4874,0.0,1,6.1,0.335,70.27607334054412
2026-09-01 01:28:54.348927700+00:00,47.2857,22.4866,0.0,1,-3.9,0.286,70.20746407980026
2026-09-01 01:28:54.617819500+00:00,47.1405,21.6297,0.0,1,-12.1,0.613,43.48871186573352
2026-09-01 01:28:54.618217700+00:00,47.1467,21.6673,0.0,1,3.5,0.216,42.90492643609075
2026-09-01 01:28:54.943645800+00:00,47.1049,21.7163,0.0,1,-3.3,0.146,47.918843185088264
2026-09-01 01:28:54.960873300+00:00,47.1444,21.6707,0.0,1,-3.8,0.126,43.17869959776568
2026-09-01 01:28:58.881204400+00:00,47.2509,22.1098,0.0,1,-14.5,0.263,47.889961256457994
2026-09-01 01:28:59.002030800+00:00,47.2867,22.1057,0.0,1,-11.4,0.278,45.139701051129215
2026-09-01 01:28:59.129889400+00:00,47.2871,22.1028,0.0,1,-9.0,0.298,44.93881848369233
2026-09-01 01:29:00.528195200+00:00,46.5066,22.2977,0.0,1,7.6,0.263,124.7908313209135
2026-09-01 01:29:00.529283700+00:00,46.5062,22.3019,0.0,1,5.1,0.235,124.96147829489716
2026-09-01 01:29:00.533824700+00:00,46.5076,22.2989,0.0,1,4.8,0.332,124.72619047610885
2026-09-01 01:29:01.973018700+00:00,47.2172,22.828,0.0,1,-9.3,0.387,96.93688554271323
2026-09-01 01:29:01.973524200+00:00,47.2356,22.8386,0.0,1,-3.4,0.404,96.9534276301414
2026-09-01 01:29:02.027446500+00:00,47.2371,22.8026,0.0,1,-14.1,0.431,94.3493742649871
2026-09-01 01:29:02.091912100+00:00,47.2298,22.8429,0.0,1,5.8,0.422,97.48284800774627
2026-09-01 01:29:02.092429400+00:00,47.2436,22.7987,0.0,1,-13.7,0.337,93.81983097153487
2026-09-01 01:29:04.462771800+00:00,47.0459,22.3502,0.0,1,16.9,0.293,76.74346389841726
2026-09-01 01:29:04.462878500+00:00,47.0426,22.3427,0.0,1,-22.4,0.269,76.603825442786
2026-09-01 01:29:08.136572400+00:00,47.2938,21.9168,0.0,1,5.8,0.19,34.25970148336716
2026-09-01 01:29:08.138138+00:00,47.2954,21.9015,0.0,1,-9.6,0.314,33.399162320648195
2026-09-01 01:29:08.152061400+00:00,47.2927,21.9136,0.0,1,7.3,0.209,34.2021576881803
2026-09-01 01:29:08.471857200+00:00,47.2651,21.9153,0.0,1,-9.4,0.294,36.71554572218484
2026-09-01 01:29:08.484136500+00:00,47.2947,21.9082,0.0,1,8.4,0.203,33.77369100138187
2026-09-01 01:29:18.883120+00:00,46.9398,21.88,0.0,1,-5.3,0.193,68.51497857075344
2026-09-01 01:29:18.884155300+00:00,46.9359,21.8786,0.0,1,-4.3,0.215,68.90260465058886
2026-09-01 01:29:21.399485200+00:00,47.2938,22.0986,0.0,1,-10.9,0.269,44.23647130397675
2026-09-01 01:29:21.592559900+00:00,47.2934,22.0996,0.0,1,-12.1,0.213,44.32349070710897
2026-09-01 01:29:22.376837600+00:00,47.0921,21.7514,0.0,1,2.6,0.126,49.757680573646596
2026-09-01 01:29:23.082979500+00:00,47.219,21.8057,0.0,1,-9.9,0.209,37.2650603571657
2026-09-01 01:29:23.098659300+00:00,47.2194,21.803,0.0,1,7.0,0.15,37.15067037880669
2026-09-01 01:29:23.105401300+00:00,47.2206,21.8208,0.0,1,-11.4,0.202,37.52576650064084
2026-09-01 01:29:23.382781600+00:00,47.2265,21.8227,0.0,1,-7.4,0.14,36.97843193470837
2026-09-01 01:29:27.570972900+00:00,47.331,22.0988,0.0,1,4.4,0.234,41.89753130295796
2026-09-01 01:29:27.622927200+00:00,47.3246,22.1373,0.0,1,-6.7,0.186,44.73969988083553
2026-09-01 01:29:27.623434200+00:00,47.3339,22.0965,0.0,1,-6.3,0.25,41.57897530538699
2026-09-01 01:29:27.892793500+00:00,47.3552,22.1519,0.0,1,-9.9,0.172,44.05854036108474
2026-09-01 01:29:28.074659+00:00,47.3673,22.159,0.0,1,3.7,0.341,43.957147766648106
2026-09-01 01:29:28.232377200+00:00,47.4235,22.1803,0.0,1,-2.8,0.327,43.26357232824103
2026-09-01 01:29:28.516483700+00:00,47.4314,22.2701,0.0,1,-79.1,0.827,49.57368060982007
2026-09-01 01:29:28.528307500+00:00,47.4515,22.2611,0.0,1,-28.3,0.303,48.44574967846351
2026-09-01 01:29:28.533667400+00:00,47.451,22.2911,0.0,1,4.5,0.25,50.67306921975535
2026-09-01 01:29:31.254261700+00:00,47.284,21.924,0.0,1,-6.6,0.163,35.447612153785975
2026-09-01 01:29:31.254828200+00:00,47.2843,21.9247,0.0,1,-15.9,0.212,35.45489745397746
2026-09-01 01:29:31.255829100+00:00,47.2853,21.9308,0.0,1,4.2,0.187,35.66083045057997
2026-09-01 01:29:31.256493700+00:00,47.2857,21.9277,0.0,1,4.2,0.136,35.47752913761883
2026-09-01 01:29:31.257912+00:00,47.2839,21.9217,0.0,1,8.7,0.205,35.34752276451613
2026-09-01 01:29:31.275525500+00:00,47.2803,21.9297,0.0,1,8.6,0.192,36.03792351569833
2026-09-01 01:29:31.287747600+00:00,47.2821,21.9259,0.0,1,3.5,0.096,35.70202676675899
2026-09-01 01:29:31.569983300+00:00,47.2912,21.9814,0.0,1,3.6,0.097,37.74313125147153
2026-09-01 01:29:40.934724700+00:00,47.2029,22.0037,0.0,1,-8.4,0.145,46.25419254694615
2026-09-01 01:29:40.957477400+00:00,47.2029,22.0041,0.0,1,-4.8,0.188,46.27266068692551
2026-09-01 01:29:40.964817600+00:00,47.2003,22.0114,0.0,1,3.9,0.133,46.839318490570506
2026-09-01 01:29:41.317543700+00:00,47.2067,22.0387,0.0,1,-8.4,0.216,47.592655310301076
2026-09-01 01:29:48.532270400+00:00,47.2818,21.9156,0.0,1,-5.3,0.205,35.245627773762585
2026-09-01 01:29:48.533306+00:00,47.2833,21.9121,0.0,1,-6.5,0.241,34.95201575367461
2026-09-01 01:29:48.535155100+00:00,47.2802,21.927,0.0,1,3.5,0.139,35.91862257043042
2026-09-01 01:29:48.620060300+00:00,47.2709,21.9349,0.0,1,4.1,0.173,37.098502381210025
2026-09-01 01:29:56.085502400+00:00,47.2861,22.4899,0.0,1,3.8,0.271,70.41877245778764
2026-09-01 01:29:56.360946400+00:00,47.2711,22.4617,0.0,1,-7.1,0.294,69.1575945529082
2026-09-01 01:29:57.784776500+00:00,46.5196,22.2863,0.0,1,10.0,0.374,123.11640743367177
2026-09-01 01:30:03.394557400+00:00,47.6351,22.202,0.0,1,14.2,0.263,44.613967948732
2026-09-01 01:30:03.816752+00:00,47.6357,22.2035,0.0,1,4.6,0.256,44.73964863693748
2026-09-01 01:30:03.872947500+00:00,47.6358,22.2034,0.0,1,5.0,0.259,44.735242635788886
2026-09-01 01:30:04.298143800+00:00,47.645,22.22,0.0,1,6.5,0.276,46.203776249495625
2026-09-01 01:30:05.795640400+00:00,47.2757,22.0654,0.0,1,-5.0,0.129,43.551991386518445
2026-09-01 01:30:05.812675500+00:00,47.277,22.0244,0.0,1,5.9,0.199,41.1654614296559
2026-09-01 01:30:05.819391100+00:00,47.2759,22.024,0.0,1,3.0,0.319,41.22809529154023
2026-09-01 01:30:10.499337700+00:00,47.1803,21.6366,0.0,1,6.7,0.095,39.06905897156777
2026-09-01 01:30:10.504962300+00:00,47.1993,21.6352,0.0,1,5.1,0.151,36.95486409169242
2026-09-01 01:30:10.521207400+00:00,47.1174,21.7342,0.0,1,-15.6,0.172,46.7564061239554
2026-09-01 01:30:11.081036900+00:00,47.2566,21.299,0.0,1,-3.0,0.072,39.31594804291264
2026-09-01 01:30:15.308298300+00:00,47.1824,22.792,0.0,1,-4.7,0.429,95.9401727642814
2026-09-01 01:30:15.506074600+00:00,47.2212,22.8053,0.0,1,-6.0,0.177,95.17930765055799
2026-09-01 01:30:20.047595600+00:00,47.1884,21.8041,0.0,1,-7.6,0.273,40.41887331593365
2026-09-01 01:30:20.204266400+00:00,47.289,22.1565,0.0,1,4.2,0.279,48.09902916287534
2026-09-01 01:30:20.295873500+00:00,47.2898,21.9409,0.0,1,-12.0,0.197,35.774089430955165
2026-09-01 01:30:20.538805900+00:00,47.3127,21.9873,0.0,1,4.4,0.199,36.414348210153406
2026-09-01 01:30:23.547611900+00:00,47.4201,21.5624,0.0,1,-4.6,0.193,13.323208112480703
2026-09-01 01:30:23.556799300+00:00,47.4197,21.5638,0.0,1,-5.8,0.148,13.326572813469735
2026-09-01 01:30:23.831289700+00:00,47.4519,21.5331,0.0,1,4.3,0.148,11.3416018244352
2026-09-01 01:30:24.087821100+00:00,47.4141,21.5187,0.0,1,-15.9,0.193,15.405547427997018
2026-09-01 01:30:24.235346300+00:00,47.4147,21.519,0.0,1,-19.1,0.151,15.337001915505686
2026-09-01 01:30:24.332699300+00:00,47.4145,21.5192,0.0,1,-9.5,0.164,15.347900021397813
2026-09-01 01:30:24.511953200+00:00,47.4142,21.5192,0.0,1,-7.9,0.154,15.376223226423923
2026-09-01 01:30:24.758306600+00:00,47.414,21.52,0.0,1,-7.4,0.179,15.363467940349423
2026-09-01 01:30:26.358766800+00:00,46.5168,22.3098,0.0,1,-6.6,0.332,124.13322830995305
2026-09-01 01:30:26.578658500+00:00,46.52,22.2893,0.0,1,-13.3,0.371,123.1681333966872
2026-09-01 01:30:26.662827800+00:00,46.5198,22.2899,0.0,1,-9.6,0.263,123.20701119007491
2026-09-01 01:30:26.771757600+00:00,46.5198,22.2895,0.0,1,-8.3,0.312,123.19465655820783
2026-09-01 01:30:26.795047500+00:00,46.5202,22.2887,0.0,1,-12.7,0.288,123.12926427700467
2026-09-01 01:30:28.551980+00:00,47.3314,22.8684,0.0,1,79.9,0.408,95.97203678961817
2026-09-01 01:30:28.552217500+00:00,47.3253,22.8708,0.0,1,19.6,0.36,96.31220229647236
2026-09-01 01:30:33.300309200+00:00,47.2825,22.0009,0.0,1,8.2,0.283,39.46743986540139
2026-09-01 01:30:33.348375500+00:00,46.9506,23.0233,0.0,1,25.1,0.413,123.60960197205235
2026-09-01 01:30:33.381318600+00:00,46.9204,23.0523,0.0,1,-14.1,0.457,127.26838212553331
2026-09-01 01:30:33.414634200+00:00,46.9092,23.0459,0.0,1,-22.3,0.41,127.54101770521783
2026-09-01 01:30:33.510038900+00:00,46.8964,23.0814,0.0,1,-15.2,0.216,130.57648807144625
2026-09-01 01:30:36.057293+00:00,47.2647,22.1246,0.0,1,6.9,0.124,47.7683911601548
2026-09-01 01:30:36.171170200+00:00,47.2441,22.2312,0.0,1,4.7,0.256,55.5774485066422
2026-09-01 01:30:40.867191300+00:00,47.2236,21.8166,0.0,1,11.0,0.116,37.095757742850026
2026-09-01 01:30:40.867848900+00:00,47.2242,21.8196,0.0,1,3.5,0.145,37.1216651086868
2026-09-01 01:30:44.093571200+00:00,46.511,22.3,9.9,2,-5.8,0.125,124.41464333492289
2026-09-01 01:30:45.247222700+00:00,46.31,22.2478,0.0,1,16.2,0.276,143.77670592838822
2026-09-01 01:30:45.248505900+00:00,46.3112,22.2449,0.0,1,-8.9,0.34,143.57839014479595
2026-09-01 01:30:45.285434700+00:00,46.3356,22.2819,0.0,1,-6.9,0.34,141.97216114383147
2026-09-01 01:30:52.791646700+00:00,47.3435,22.1124,0.0,1,9.7,0.231,42.054993269393414
2026-09-01 01:30:57.401982700+00:00,47.2948,22.1794,0.0,1,3.8,0.237,49.18498307318104
2026-09-01 01:30:58.308303300+00:00,47.2794,21.9525,6.5,2,3.2,0.071,37.22077074912365
2026-09-01 01:30:58.309625800+00:00,47.2796,21.9494,0.0,1,5.0,0.163,37.0509375404127
2026-09-01 01:30:58.311056900+00:00,47.2815,21.9459,0.0,1,7.5,0.217,36.71859970924756
2026-09-01 01:30:58.435789900+00:00,47.2526,21.8204,0.0,1,-5.1,0.179,34.259893611107195
2026-09-01 01:30:58.441915100+00:00,47.2523,21.8196,0.0,1,3.2,0.137,34.26463637422498
2026-09-01 01:30:58.590933900+00:00,47.2782,22.0047,0.0,1,5.3,0.213,40.00778022677212
2026-09-01 01:31:00.599817200+00:00,47.1028,21.7689,0.0,1,7.6,0.099,48.86058764290082
2026-09-01 01:31:06.031646100+00:00,47.3294,22.1495,0.0,1,7.1,0.179,45.260075367887445
2026-09-01 01:31:06.040561+00:00,47.3107,22.1482,0.0,1,42.8,0.11,46.251182526888634
2026-09-01 01:31:08.533574800+00:00,47.1867,22.782,0.0,1,-5.1,0.395,95.05473006673009
2026-09-01 01:31:08.534382+00:00,47.1842,22.7975,0.0,1,4.4,0.233,96.23726995474365
2026-09-01 01:31:08.535923800+00:00,47.1844,22.7945,0.0,1,6.5,0.277,96.02125194515747
2026-09-01 01:31:10.267118700+00:00,47.3415,22.1107,0.0,1,3.5,0.122,42.0560513953786
2026-09-01 01:31:10.271844100+00:00,47.3487,22.1104,0.0,1,3.5,0.128,41.63754787278042
2026-09-01 01:31:27.071280+00:00,47.2882,22.1478,0.0,1,-5.2,0.223,47.6091847149088
2026-09-01 01:31:29.041960500+00:00,47.2883,22.5459,0.0,1,-7.1,0.263,74.23041754422421
2026-09-01 01:31:29.372623800+00:00,47.2714,22.5756,0.0,1,-3.7,0.323,77.01275047788361
2026-09-01 01:31:30.537531800+00:00,47.1918,21.7689,0.0,1,-12.6,0.191,39.26041679710022
2026-09-01 01:31:30.546967300+00:00,47.2042,21.7922,0.0,1,-4.9,0.207,38.465104657811466
2026-09-01 01:31:30.594489400+00:00,47.2063,21.693,0.0,1,-7.3,1.501,36.50853809012286
2026-09-01 01:31:30.928956+00:00,47.2688,21.8795,0.0,1,-4.4,0.181,34.84584006981744
2026-09-01 01:31:31.956222600+00:00,47.2881,21.9405,0.0,1,5.3,0.067,35.896856856339916
2026-09-01 01:31:32.313401100+00:00,47.2652,21.9455,0.0,1,4.7,0.245,38.09310178259829
2026-09-01 01:31:38.812946+00:00,47.7697,21.3669,0.0,1,28.3,0.115,32.88493866491614
2026-09-01 01:31:38.903670100+00:00,47.7738,21.3945,0.0,1,3.3,0.073,32.0837307947093
2026-09-01 01:31:39.087437700+00:00,47.764,21.3839,0.0,1,-9.6,0.143,31.62658792395803
2026-09-01 01:31:39.928635700+00:00,46.4469,22.2878,0.0,1,-12.7,0.365,130.60277093695046
2026-09-01 01:31:40.049389300+00:00,46.4586,22.2746,0.0,1,-13.0,0.284,129.01597359005325
2026-09-01 01:31:40.137950900+00:00,46.444,22.2809,0.0,1,-6.9,0.278,130.70175153304228
2026-09-01 01:31:40.138736200+00:00,46.4591,22.2911,0.0,1,5.5,0.214,129.4459335571394
2026-09-01 01:31:47.761596200+00:00,47.6213,21.6174,0.0,1,3.1,0.176,10.001792738722086
2026-09-01 01:31:47.824774900+00:00,47.3794,21.2769,0.0,1,7.2,0.11,31.31261371864766
2026-09-01 01:31:47.826373400+00:00,47.3954,21.2699,0.0,1,-2.8,0.162,30.841762684580495
2026-09-01 01:31:47.829931400+00:00,47.3796,21.276,0.0,1,2.6,0.088,31.3575325377562
2026-09-01 01:31:48.036483500+00:00,47.4074,21.2655,0.0,1,-2.9,0.147,30.500700265295063
2026-09-01 01:31:48.051364100+00:00,47.254,21.3207,0.0,1,3.5,0.039,38.541814567588474
2026-09-01 01:31:48.090837100+00:00,47.2543,21.3201,0.0,1,7.4,0.086,38.54214505177275
2026-09-01 01:31:48.101084600+00:00,47.2545,21.3227,0.0,1,2.8,0.027,38.40717036679292
2026-09-01 01:31:48.110853500+00:00,47.2545,21.3198,0.0,1,3.3,0.152,38.53788896240154
2026-09-01 01:31:48.117839+00:00,47.255,21.3195,5.8,2,2.5,0.052,38.506969338040065
2026-09-01 01:31:48.153210500+00:00,47.1785,21.1524,0.0,1,2.7,0.161,53.11617665237162
2026-09-01 01:31:48.177446200+00:00,47.2469,21.4286,0.0,1,3.9,0.12,35.013208938231266
2026-09-01 01:31:48.266939200+00:00,47.182,21.1298,0.0,1,-4.5,0.107,53.99562871570375
2026-09-01 01:31:48.346455300+00:00,47.4026,21.2433,0.0,1,-5.6,0.156,32.23258181237442
2026-09-01 01:31:51.225256200+00:00,46.9759,21.2943,0.0,1,13.8,0.168,66.70655335728314
2026-09-01 01:31:51.399405700+00:00,46.9757,21.3001,0.0,1,-3.4,0.153,66.5635347930073
2026-09-01 01:31:51.589661900+00:00,47.0382,21.1954,0.0,1,-2.9,0.123,63.80677403906302
2026-09-01 01:31:51.593853100+00:00,46.9833,21.3063,0.0,1,5.8,0.148,65.60463731593211
2026-09-01 01:31:51.694954100+00:00,47.0488,21.1422,0.0,1,4.9,0.111,64.96652774218629
2026-09-01 01:31:51.700453100+00:00,47.0386,21.1945,0.0,1,-2.9,0.164,63.803178699970076
2026-09-01 01:31:51.716989300+00:00,47.0379,21.1966,0.0,1,-17.2,0.138,63.789361030322276
2026-09-01 01:31:53.012653800+00:00,47.2879,22.0303,0.0,1,-3.7,0.086,40.66922426298691
2026-09-01 01:31:53.240362700+00:00,47.2879,22.0263,0.0,1,3.4,0.117,40.44527050113218
2026-09-01 01:31:55.122364800+00:00,47.1105,21.7766,0.0,1,4.8,0.194,48.15757709994711
2026-09-01 01:31:57.642565400+00:00,47.2813,22.022,0.0,1,-4.2,0.259,40.70523906186961
2026-09-01 01:31:57.657287800+00:00,47.2832,21.985,0.0,1,6.2,0.276,38.56828638920945
2026-09-01 01:31:57.789760800+00:00,47.3134,21.9846,0.0,1,-3.9,0.177,36.21118921312406
2026-09-01 01:31:57.884970100+00:00,47.3272,22.8693,0.0,1,7.8,0.343,96.15082734617013
2026-09-01 01:31:57.886238+00:00,47.3247,22.8699,0.0,1,-6.0,0.391,96.26289147486764
2026-09-01 01:31:57.922828100+00:00,46.498,22.3159,0.0,1,-9.6,0.426,126.23075631541148
2026-09-01 01:31:58.122089300+00:00,47.3154,22.8509,0.0,1,-6.4,0.402,95.1395958152724
2026-09-01 01:31:59.981949700+00:00,47.2423,22.2354,0.0,1,7.2,0.246,55.95185691573668
2026-09-01 01:32:00.111417100+00:00,47.3007,22.1557,0.0,1,-4.1,0.111,47.32734678174651
2026-09-01 01:32:02.582215600+00:00,46.9703,21.8298,0.0,1,14.0,0.2,64.25785276980844
2026-09-01 01:32:02.582756300+00:00,46.973,21.8162,0.0,1,8.7,0.162,63.728731991343764
2026-09-01 01:32:05.134991300+00:00,47.3517,22.0992,0.0,1,8.1,0.185,40.73890244016512
2026-09-01 01:32:06.149795+00:00,47.2876,22.0993,0.0,1,3.7,0.164,44.695484660532024
2026-09-01 01:32:09.567518200+00:00,46.4927,22.3113,0.0,1,-8.6,0.443,126.62540835313415
2026-09-01 01:32:12.859225700+00:00,47.2633,21.9954,0.0,1,-11.6,0.239,40.71465653455816
2026-09-01 01:32:13.157567600+00:00,47.2287,21.8791,0.0,1,16.0,0.229,38.65025339727993
2026-09-01 01:32:19.496725+00:00,46.5041,21.6093,0.0,1,-5.3,0.238,114.26093468053845
2026-09-01 01:32:19.791802300+00:00,47.2212,21.8283,0.0,1,-25.2,0.231,37.68748480550853
2026-09-01 01:32:19.919069700+00:00,47.2032,21.6798,0.0,1,5.6,0.205,36.72984271660511
2026-09-01 01:32:20.300678800+00:00,46.9706,23.0461,0.0,1,4.9,0.149,123.92879781380009
2026-09-01 01:32:20.594230400+00:00,46.9406,23.0707,0.0,1,-13.9,0.433,127.2533475134882
2026-09-01 01:32:21.196215800+00:00,47.2785,22.1324,0.0,1,3.8,0.26,47.297038250981345
2026-09-01 01:32:24.632103200+00:00,47.2721,22.0693,0.0,1,4.1,0.241,44.03673003930378
2026-09-01 01:32:26.615731+00:00,47.2898,22.5684,0.0,1,19.0,0.321,75.74928631782812
2026-09-01 01:32:26.722843400+00:00,47.2677,22.5558,0.0,1,-9.4,0.303,75.79440302987767
2026-09-01 01:32:26.724023200+00:00,47.2904,22.5814,0.0,1,-3.4,0.314,76.64084935136073
2026-09-01 01:32:26.813682300+00:00,47.2853,22.571,0.0,1,-6.0,0.262,76.11366434334262
2026-09-01 01:32:29.186737900+00:00,47.1199,21.7355,0.0,1,3.1,0.181,46.49965310404268
2026-09-01 01:32:29.201643200+00:00,47.1244,21.7265,0.0,1,-10.0,0.048,45.891680007693246
2026-09-01 01:32:29.608269300+00:00,47.1257,21.745,0.0,1,5.0,0.175,45.99747445593008
2026-09-01 01:32:38.560257700+00:00,47.1869,21.9921,0.0,1,-6.6,0.224,47.160690593395486
2026-09-01 01:32:38.786154+00:00,47.1792,22.0193,0.0,1,4.1,0.228,49.065404842934946
2026-09-01 01:32:39.688775600+00:00,46.9179,21.5111,0.0,1,2.8,0.237,68.80215880570414
2026-09-01 01:32:39.722095400+00:00,46.921,21.5201,0.0,1,8.3,0.124,68.37646946460623
2026-09-01 01:32:40.287437800+00:00,47.3374,22.1325,0.0,1,3.4,0.216,43.70606811886297
2026-09-01 01:32:40.668808400+00:00,47.2777,21.9554,0.0,1,3.6,0.227,37.506977629571104
2026-09-01 01:32:41.074661800+00:00,47.4571,22.2231,0.0,1,-5.7,0.238,45.52259373975292
2026-09-01 01:32:45.495395200+00:00,46.484,22.3349,0.0,1,-18.9,0.407,128.2484285024819
2026-09-01 01:32:45.543396900+00:00,46.4817,22.3402,0.0,1,-10.5,0.316,128.64956340061153
2026-09-01 01:32:49.687003200+00:00,46.9756,21.9545,0.0,1,18.1,0.212,66.57386946695334
2026-09-01 01:32:58.113089700+00:00,47.263,21.976,0.0,1,5.0,0.973,39.76049663742383
2026-09-01 01:32:58.522655900+00:00,47.2708,22.1294,0.0,1,-4.1,0.178,47.63434131718535
2026-09-01 01:32:59.418906800+00:00,47.1771,21.8791,0.0,1,6.4,0.139,43.744858965289076
2026-09-01 01:32:59.419368500+00:00,47.1774,21.8813,0.0,1,-4.8,0.222,43.78694181463672
2026-09-01 01:32:59.617538+00:00,47.1896,21.9128,0.0,1,-9.3,0.239,43.68759888689865
2026-09-01 01:32:59.956318900+00:00,47.189,21.9141,0.0,1,-12.0,0.264,43.79396274321377
2026-09-01 01:33:00.275762500+00:00,47.245,21.7643,0.0,1,4.7,0.238,33.49580292018756
2026-09-01 01:33:00.276480700+00:00,47.2461,21.7627,0.0,1,13.9,0.176,33.34239986641484
2026-09-01 01:33:00.277698700+00:00,47.2416,21.775,0.0,1,9.6,0.165,34.10983008002329
2026-09-01 01:33:00.279395400+00:00,47.2423,21.7747,0.0,1,8.4,0.177,34.028859335781554
2026-09-01 01:33:00.280625900+00:00,47.2458,21.7772,0.0,1,10.9,0.208,33.72357892930599
2026-09-01 01:33:00.283901200+00:00,47.2484,21.786,0.0,1,5.1,0.203,33.680429784187126
2026-09-01 01:33:00.304987800+00:00,47.2441,21.7628,0.0,1,-4.0,0.176,33.55655805944661
2026-09-01 01:33:00.928480900+00:00,47.2717,22.1331,0.0,1,4.0,0.181,47.79472508986203
2026-09-01 01:33:05.031251900+00:00,47.0388,22.4199,0.0,1,23.1,0.272,81.0975754099392
2026-09-01 01:33:10.015402200+00:00,46.5217,22.1317,0.0,1,-5.4,0.414,118.62481448972758
2026-09-01 01:33:13.199519900+00:00,47.1753,22.0158,0.0,1,-9.9,0.242,49.25596625818613
2026-09-01 01:33:13.253970600+00:00,47.221,22.0345,0.0,1,-6.2,0.251,46.18382204266705
2026-09-01 01:33:13.556336700+00:00,46.3123,22.2779,0.0,1,29.0,0.33,144.3013068925435
2026-09-01 01:33:13.666283100+00:00,46.3317,22.2275,0.0,1,-10.6,0.272,140.99043951495062
2026-09-01 01:33:14.610548100+00:00,47.349,22.119,0.0,1,6.7,0.258,42.186952832264474
2026-09-01 01:33:18.114270800+00:00,47.2717,21.9399,0.0,1,-3.8,0.179,37.26535498792034
2026-09-01 01:33:18.848072800+00:00,47.2141,22.8305,0.0,1,-21.4,0.475,97.23958288082112
2026-09-01 01:33:18.858665600+00:00,47.2202,22.8377,0.0,1,-9.4,0.308,97.49710617232368
2026-09-01 01:33:19.564019900+00:00,46.6889,22.3597,0.0,1,8.3,0.338,108.86816725036283
2026-09-01 01:33:24.907450100+00:00,47.2773,22.0498,0.0,1,7.3,1.135,42.551274990848015
2026-09-01 01:33:24.910011500+00:00,47.2875,22.146,0.0,1,5.1,0.263,47.542419776261994
2026-09-01 01:33:26.489420400+00:00,47.2926,22.565,0.0,1,10.4,0.363,75.39810574834713
2026-09-01 01:33:30.045356900+00:00,47.6666,21.5676,0.0,1,-5.9,0.164,15.664514357320469
2026-09-01 01:33:31.405778100+00:00,46.4871,22.3484,0.0,1,-24.3,0.3,128.36733209508017
2026-09-01 01:33:31.955377500+00:00,47.1249,21.741,0.0,1,-3.2,0.101,46.02769895871542
2026-09-01 01:33:31.972038600+00:00,47.1259,21.7415,0.0,1,-3.6,0.218,45.925484907823204
2026-09-01 01:33:43.101324800+00:00,47.2834,22.0694,0.0,1,4.3,0.283,43.22688358747284
2026-09-01 01:33:43.210809+00:00,47.2845,22.0414,0.0,1,-14.1,0.222,41.545641786125934
2026-09-01 01:33:44.953078800+00:00,47.183,21.8782,0.0,1,-4.2,0.184,43.12441095127833
2026-09-01 01:33:45.267104900+00:00,47.1822,21.8821,0.0,1,-3.8,0.197,43.33376198058974
2026-09-01 01:33:45.332513200+00:00,47.2319,21.8927,0.0,1,-3.8,0.249,38.85680374251481
2026-09-01 01:33:49.169873200+00:00,47.3678,22.1554,0.0,1,8.3,0.242,43.68770239420168
2026-09-01 01:33:49.261264200+00:00,47.3664,22.1832,0.0,1,4.0,0.293,45.658997816239925
2026-09-01 01:33:49.526778400+00:00,46.4931,22.2976,0.0,1,-21.3,0.363,126.16283796512768
2026-09-01 01:33:49.552551600+00:00,46.4936,22.3001,0.0,1,-17.4,0.302,126.18834725769487
2026-09-01 01:33:49.599487900+00:00,46.476,22.3165,0.0,1,-21.5,0.302,128.4848583075899
2026-09-01 01:33:50.034210100+00:00,46.8166,22.2828,0.0,1,6.3,0.258,93.67891948055664
2026-09-01 01:33:53.477066100+00:00,46.5005,22.3248,0.0,1,12.7,0.296,126.25826379554867
2026-09-01 01:33:56.244271+00:00,46.9766,21.9668,0.0,1,6.3,0.213,66.82096615218536
2026-09-01 01:33:57.524043500+00:00,47.1843,22.8312,0.0,1,-10.0,0.959,98.56300760745891
2026-09-01 01:33:57.930295800+00:00,47.2053,22.828,0.0,1,-14.1,1.368,97.43134488620444
2026-09-01 01:33:58.282629800+00:00,47.2054,22.8256,0.0,1,-10.8,0.368,97.25940326514126
2026-09-01 01:33:58.414368100+00:00,47.2938,22.0114,0.0,1,6.2,0.222,39.17305361257667
2026-09-01 01:33:58.641714700+00:00,47.2919,22.0183,0.0,1,3.9,0.211,39.69960374251787
2026-09-01 01:33:58.687863400+00:00,47.2914,22.0048,0.0,1,4.0,0.175,38.990876751890134
2026-09-01 01:33:58.693515200+00:00,47.2922,22.0166,0.0,1,5.4,0.197,39.5823887385097
2026-09-01 01:33:58.699902100+00:00,47.2919,22.002,0.0,1,2.8,0.316,38.799334904684265
2026-09-01 01:33:58.746815500+00:00,47.2927,22.018,0.0,1,3.6,0.244,39.623017830520986
2026-09-01 01:33:58.752033400+00:00,47.2919,22.0056,0.0,1,3.7,0.078,38.99663631034621
2026-09-01 01:34:03.127505300+00:00,46.321,22.2809,0.0,1,-7.1,0.325,143.47004027704173
2026-09-01 01:34:03.170401300+00:00,46.3231,22.2763,0.0,1,-4.8,0.364,143.13000505419697
2026-09-01 01:34:11.016381500+00:00,47.2033,22.0182,0.0,1,-7.0,0.226,46.8966735451079
2026-09-01 01:34:11.087604100+00:00,47.2038,22.0173,0.0,1,-15.0,0.243,46.81076337671698
2026-09-01 01:34:11.217505+00:00,47.2041,22.0164,0.0,1,-17.6,0.212,46.74221929817396
2026-09-01 01:34:11.300094900+00:00,47.203,22.0186,0.0,1,-4.7,0.115,46.94160331702514
2026-09-01 01:34:11.417990400+00:00,47.2041,22.0146,0.0,1,-8.3,0.291,46.65735523248757
2026-09-01 01:34:15.704413400+00:00,47.0324,22.3687,0.0,1,-11.8,0.21,78.79625778159038
2026-09-01 01:34:15.835568600+00:00,47.0537,22.4496,0.0,1,-12.3,0.282,81.66872872743339
2026-09-01 01:34:16.677859700+00:00,47.3087,22.7883,0.0,1,-18.7,0.259,90.7967681134486
2026-09-01 01:34:18.600596900+00:00,47.2901,21.983,0.0,1,-6.5,0.244,37.91495322392125
2026-09-01 01:34:24.908006600+00:00,47.9082,21.4017,0.0,1,-10.3,0.145,45.148755777051996
2026-09-01 01:34:24.908301300+00:00,47.908,21.3988,0.0,1,4.7,0.18,45.20971697788956
2026-09-01 01:34:24.925587100+00:00,47.8701,21.3212,0.0,1,4.2,0.169,44.06182304145201
2026-09-01 01:34:25.020011900+00:00,47.9087,21.2975,0.0,1,5.0,0.11,48.650984466244836
2026-09-01 01:34:26.378835600+00:00,47.2794,22.1368,0.0,1,8.9,0.255,47.50416704320611
2026-09-01 01:34:26.398798800+00:00,47.2793,22.1293,0.0,1,5.5,0.158,47.056423755703705
2026-09-01 01:34:27.162488900+00:00,46.5198,22.3048,0.0,1,-8.7,0.391,123.6716366093589
2026-09-01 01:34:27.327833700+00:00,46.5115,22.2944,0.0,1,-4.9,0.38,124.19040023753351
2026-09-01 01:34:27.384714500+00:00,46.5149,22.2867,10.7,2,-8.7,0.128,123.60739827143234
2026-09-01 01:34:29.659656+00:00,46.938,21.3845,0.0,1,-5.0,0.181,68.50353852810495
2026-09-01 01:34:29.726157100+00:00,46.9314,21.378,0.0,1,62.5,0.191,69.34284932358024
2026-09-01 01:34:29.790835500+00:00,46.9935,21.316,0.0,1,-8.0,0.166,64.28000781277392
2026-09-01 01:34:29.994857800+00:00,47.6295,21.5229,0.0,1,-11.8,0.184,13.409873039646566
2026-09-01 01:34:30.031648+00:00,47.0609,21.4331,0.0,1,2.9,0.27,54.34975787202009
2026-09-01 01:34:30.064171500+00:00,47.1587,21.3502,0.0,1,14.7,0.136,46.42394066002145
2026-09-01 01:34:30.070186900+00:00,47.0407,21.438,0.0,1,-3.9,0.194,56.42211608643101
2026-09-01 01:34:30.129127700+00:00,47.6288,21.5283,0.0,1,-8.9,0.166,13.113254364455472
2026-09-01 01:34:30.219089200+00:00,47.6146,21.5453,0.0,1,-4.0,0.109,11.091343922286406
2026-09-01 01:34:30.495797500+00:00,47.1295,21.7148,0.0,1,-7.4,0.189,45.19514869612218
2026-09-01 01:34:30.525416500+00:00,47.6171,21.5439,0.0,1,-11.9,0.167,11.381020999256993
2026-09-01 01:34:30.560499600+00:00,47.6162,21.5456,0.0,1,-7.0,0.155,11.227466419678787
2026-09-01 01:34:30.644855600+00:00,47.1552,21.6921,0.0,1,-8.4,0.15,42.1375810218058
2026-09-01 01:34:30.848943+00:00,47.2422,22.1792,0.0,1,-12.6,0.272,52.553310604306965
2026-09-01 01:34:30.869514200+00:00,47.5768,21.4425,0.0,1,-3.3,0.184,14.750894137229478
2026-09-01 01:34:30.907539400+00:00,47.195,21.698,0.0,1,-16.5,0.188,37.80510326361452
2026-09-01 01:34:30.941745900+00:00,47.1949,21.6989,0.0,1,-7.8,0.216,37.82571710962413
2026-09-01 01:34:36.026086400+00:00,47.2849,22.0272,0.0,1,-9.5,0.201,40.72018219693169
2026-09-01 01:34:36.184664700+00:00,47.2954,22.0015,0.0,1,-5.4,0.135,38.504817874526935
2026-09-01 01:34:36.188810600+00:00,47.288,22.0269,0.0,1,-7.3,0.213,40.471335706938845
2026-09-01 01:34:36.195267600+00:00,47.2801,22.1051,0.0,1,-5.9,0.16,45.55231840538163
2026-09-01 01:34:36.262463200+00:00,47.2817,22.1292,0.0,1,5.2,0.241,46.891056576986806
2026-09-01 01:34:36.263805100+00:00,47.2861,22.0241,0.0,1,-12.3,0.208,40.45767913099071
2026-09-01 01:34:36.336495300+00:00,47.2867,22.0269,0.0,1,-9.6,0.2,40.568500375734345
2026-09-01 01:34:36.472286500+00:00,47.287,22.0269,0.0,1,-6.5,0.205,40.546052685246025
2026-09-01 01:34:36.495984+00:00,47.2876,22.0262,0.0,1,-5.6,0.311,40.462108446188104
2026-09-01 01:34:36.534364+00:00,47.2874,22.0296,0.0,1,-5.2,0.128,40.66716904659462
2026-09-01 01:34:36.550408800+00:00,47.2867,22.0259,0.0,1,-6.4,0.228,40.512753103351045
2026-09-01 01:34:38.580410800+00:00,47.3411,22.124,0.0,1,-7.7,0.317,42.9458296426138
2026-09-01 01:34:38.951207300+00:00,47.3889,22.2477,12.4,2,-21.2,0.222,49.266141093376675
2026-09-01 01:34:38.983554600+00:00,47.3818,22.2006,0.0,1,-9.8,0.244,46.20948736924164
2026-09-01 01:34:39.023238+00:00,47.382,22.2016,0.0,1,-15.2,0.296,46.271548280108334
2026-09-01 01:34:43.334419300+00:00,47.2717,22.0364,0.0,1,4.5,0.154,42.2279563956285
2026-09-01 01:34:43.337376+00:00,47.2741,22.0512,10.3,2,6.2,0.203,42.86763126649257
2026-09-01 01:34:43.339900+00:00,47.2713,22.0386,0.0,1,8.0,0.168,42.37928645441034
2026-09-01 01:34:43.596559400+00:00,47.2783,22.0792,11.9,2,-10.1,0.522,44.157839406409465
2026-09-01 01:34:43.608916+00:00,47.2732,22.0339,0.0,1,3.2,0.285,41.97630184214784
2026-09-01 01:34:47.546766900+00:00,47.1994,21.9913,0.0,1,-4.5,0.243,46.00030388320686
2026-09-01 01:34:48.318267800+00:00,47.1866,22.8107,0.0,1,3.8,0.129,97.04107663552568
2026-09-01 01:34:48.355043+00:00,47.1858,22.8104,0.0,1,5.0,0.211,97.05614707167791
2026-09-01 01:34:53.517689300+00:00,46.3607,22.2957,0.0,1,-7.3,0.374,139.73399815621153
2026-09-01 01:34:56.311675100+00:00,47.0861,22.5604,0.0,1,5.2,0.284,86.04119968094406
2026-09-01 01:35:03.919121900+00:00,47.3015,22.0582,0.0,1,-10.2,0.245,41.301214793161314
2026-09-01 01:35:04.191401200+00:00,47.303,21.9749,0.0,1,6.2,0.547,36.471061444478316
2026-09-01 01:35:04.319300+00:00,47.3464,21.8533,0.0,1,4.2,0.046,26.701910732963473
2026-09-01 01:35:04.360436700+00:00,47.3015,22.0585,0.0,1,-10.0,0.232,41.31893640623262
2026-09-01 01:35:04.537254400+00:00,47.4113,21.9816,0.0,1,-5.3,0.259,29.801109476661626
2026-09-01 01:35:04.562317400+00:00,47.2834,21.8204,0.0,1,-11.5,0.267,31.190519339944302
2026-09-01 01:35:05.117263800+00:00,47.3763,21.7274,0.0,1,-6.0,0.182,18.83743603868578
2026-09-01 01:35:05.347054+00:00,47.3931,21.6702,0.0,1,-13.0,0.166,15.734556278787938
2026-09-01 01:35:05.446686+00:00,47.5314,21.5369,0.0,1,-3.0,0.242,6.787007749396814
2026-09-01 01:35:06.852025300+00:00,47.6727,21.5299,0.0,1,-5.0,0.161,17.30584630554837
2026-09-01 01:35:07.617317100+00:00,47.6741,21.4372,0.0,1,-11.6,0.173,21.312264058771415
2026-09-01 01:35:11.015854800+00:00,46.5015,22.3281,0.0,1,6.7,0.311,126.26214441716948
2026-09-01 01:35:11.051313+00:00,46.5016,22.3221,0.0,1,3.1,0.335,126.06132328588126
2026-09-01 01:35:11.239348100+00:00,46.6202,22.1339,0.0,1,-3.7,0.344,108.36056665971698
2026-09-01 01:35:11.990533600+00:00,47.3223,22.16,0.0,1,-4.3,0.305,46.340993173300944
2026-09-01 01:35:14.457916200+00:00,46.9277,21.5374,0.0,1,-12.6,0.245,67.4928352377573
2026-09-01 01:35:14.458406500+00:00,46.9283,21.5399,0.0,1,6.7,0.146,67.40771114892458
2026-09-01 01:35:14.467116400+00:00,46.9288,21.5363,0.0,1,-3.7,0.172,67.37955409981484
2026-09-01 01:35:14.513133300+00:00,46.9517,21.5741,0.0,1,35.0,0.174,64.60688023086342
2026-09-01 01:35:22.126872700+00:00,47.2488,23.0028,0.0,1,17.6,0.304,108.21435385379114
2026-09-01 01:35:22.165105+00:00,47.3114,22.0286,0.0,1,3.2,0.288,38.87217531085301
2026-09-01 01:35:22.165938700+00:00,47.3103,22.0276,0.0,1,-5.8,0.235,38.891290181158446
2026-09-01 01:35:22.167705600+00:00,47.3114,22.0387,0.0,1,3.9,0.286,39.46525283919556
2026-09-01 01:35:22.169724700+00:00,47.3073,22.0348,0.0,1,3.3,0.257,39.522596018688205
2026-09-01 01:35:22.235703800+00:00,47.2349,22.9731,0.0,1,-14.0,0.371,106.55819309897231
2026-09-01 01:35:22.607673800+00:00,47.3037,21.9158,0.0,1,5.2,0.235,33.367069637104294
2026-09-01 01:35:24.873141700+00:00,47.0973,21.8353,0.0,1,-8.8,0.233,50.77388631577569
2026-09-01 01:35:26.600707900+00:00,47.2588,22.1768,0.0,1,-3.5,0.26,51.292706668269645
2026-09-01 01:35:28.204561300+00:00,47.2033,21.9915,0.0,1,9.8,0.167,45.66123958919845
2026-09-01 01:35:28.205089500+00:00,47.2044,21.99,0.0,1,4.3,0.16,45.49542633111239
2026-09-01 01:35:28.334730700+00:00,47.1895,21.9873,0.0,1,-3.1,0.321,46.714853907860444
2026-09-01 01:35:28.438141800+00:00,47.2371,22.0177,0.0,1,-9.3,0.186,44.00288405793625
2026-09-01 01:35:28.520271+00:00,47.2368,22.0192,0.0,1,-10.4,0.105,44.10324134735243
2026-09-01 01:35:28.570733900+00:00,47.2373,22.0167,0.0,1,-4.6,0.199,43.936027653300265
2026-09-01 01:35:28.601756700+00:00,47.2373,22.0181,0.0,1,-6.3,0.254,44.006427816271454
2026-09-01 01:35:28.654391500+00:00,47.2377,22.0177,0.0,1,-17.4,0.261,43.953144495483215
2026-09-01 01:35:30.299800+00:00,46.5127,22.3194,0.0,1,-8.0,0.334,124.85261022178108
2026-09-01 01:35:38.200571500+00:00,46.977,23.074,0.0,1,-14.0,0.466,125.39555444634219
2026-09-01 01:35:39.068697900+00:00,47.8711,21.4165,0.0,1,-3.8,0.175,40.91403905449295
2026-09-01 01:35:43.789098900+00:00,46.9761,21.9678,0.0,1,11.7,0.239,66.90131748339684
2026-09-01 01:35:45.689927400+00:00,47.2448,21.9957,0.0,1,-7.4,0.198,42.26319335138728
2026-09-01 01:35:47.421931800+00:00,46.4963,21.7261,0.0,1,7.8,0.241,115.36351334498873
2026-09-01 01:35:49.665052200+00:00,46.477,22.3375,0.0,1,3.7,0.36,129.0394156346604
2026-09-01 01:35:49.665583700+00:00,46.4745,22.3444,0.0,1,4.4,0.277,129.51139631698643
2026-09-01 01:35:50.535361300+00:00,47.0418,22.4472,0.0,1,-5.7,0.285,82.4051133097001
2026-09-01 01:35:50.535709400+00:00,47.0425,22.4453,0.0,1,-6.0,0.195,82.24582751608578
2026-09-01 01:35:50.626964500+00:00,47.0265,22.4533,0.0,1,-8.5,0.319,83.88709616859501
2026-09-01 01:35:54.112846100+00:00,47.2985,22.1979,0.0,1,4.7,0.282,50.15111449497245
2026-09-01 01:36:00.379836200+00:00,47.1781,22.8167,0.0,1,-8.8,0.294,97.83883902496687
2026-09-01 01:36:00.381609600+00:00,47.1814,22.8154,0.0,1,7.3,0.274,97.59963839080159
2026-09-01 01:36:00.481290900+00:00,47.249,22.8578,0.0,1,4.6,0.284,97.81443650141597
2026-09-01 01:36:04.637647+00:00,47.1968,21.8903,0.0,1,-3.6,0.127,42.16974509454777
2026-09-01 01:36:04.802829400+00:00,47.1997,21.8818,0.0,1,-13.2,0.174,41.586175750561566
2026-09-01 01:36:05.753194500+00:00,46.9359,21.5377,0.0,1,-4.4,0.102,66.58336499253089
2026-09-01 01:36:05.846941700+00:00,46.9317,21.5035,0.0,1,11.0,0.072,67.3575676469709
2026-09-01 01:36:09.621981200+00:00,47.2763,22.0525,0.0,1,-11.6,0.166,42.77726648597642
2026-09-01 01:36:15.214482400+00:00,46.9646,23.0055,0.0,1,19.2,0.451,121.64036109517194
2026-09-01 01:36:15.214760600+00:00,46.9618,23.0114,0.0,1,-11.8,0.265,122.1849172640686
2026-09-01 01:36:15.412650100+00:00,46.9361,23.027,0.0,1,-10.7,0.199,124.70861817608164
2026-09-01 01:36:15.413337200+00:00,46.9493,23.0689,0.0,1,-6.5,0.462,126.63204292916583
2026-09-01 01:36:18.921603900+00:00,47.6706,21.5342,0.0,1,-5.6,0.128,16.959266340130615
2026-09-01 01:36:19.715332600+00:00,47.3155,21.9563,0.0,1,6.1,0.2,34.49666462041608
2026-09-01 01:36:19.717235200+00:00,47.3156,21.9533,0.0,1,-5.3,0.254,34.32729364501566
2026-09-01 01:36:20.056683600+00:00,47.3163,21.9527,0.0,1,6.8,0.229,34.240475828728535
2026-09-01 01:36:20.313844200+00:00,47.2454,22.2061,0.0,1,3.0,0.173,53.95688114988654
2026-09-01 01:36:20.454053200+00:00,47.2028,21.8841,0.0,1,-4.7,0.256,41.36102391860517
2026-09-01 01:36:22.374555300+00:00,47.1444,21.7555,0.0,1,8.5,0.095,44.125114313727416
2026-09-01 01:36:22.375164700+00:00,47.144,21.7527,0.0,1,-9.8,0.244,44.12285624388435
2026-09-01 01:36:22.376112300+00:00,47.1436,21.7546,0.0,1,3.2,0.063,44.19716368675018
2026-09-01 01:36:22.652715700+00:00,47.2297,21.6831,0.0,1,-3.3,0.263,33.83162820388628
2026-09-01 01:36:22.670181300+00:00,47.1446,21.7549,0.0,1,4.2,0.248,44.09353017130851
2026-09-01 01:36:22.865275700+00:00,47.176,21.5545,0.0,1,4.2,0.13,39.9194066543393
2026-09-01 01:36:22.866143+00:00,47.1717,21.5422,0.0,1,3.9,0.124,40.529301132894936
2026-09-01 01:36:23.026007800+00:00,47.2079,21.5699,0.0,1,5.4,0.123,36.25243430344201
2026-09-01 01:36:26.017690900+00:00,47.2968,22.5986,0.0,1,-4.9,0.25,77.60814076843936
2026-09-01 01:36:26.033355800+00:00,47.3015,22.5929,0.0,1,-13.1,0.225,77.02617248975908
2026-09-01 01:36:26.060833400+00:00,47.2813,22.6158,0.0,1,-10.1,0.292,79.42581205591418
2026-09-01 01:36:39.254379800+00:00,46.4691,22.3335,5.9,2,14.6,0.121,129.71434428182283
2026-09-01 01:36:42.363433200+00:00,47.321,22.0475,9.4,2,-5.0,0.111,39.339688848276005
2026-09-01 01:36:42.396262+00:00,47.3214,22.0432,0.0,1,4.1,0.238,39.05351004684269
2026-09-01 01:36:42.477023500+00:00,47.3555,22.1142,0.0,1,5.8,0.233,41.52321384426129
2026-09-01 01:36:44.276807500+00:00,47.2013,22.0107,0.0,1,3.0,0.218,46.71914450255149
2026-09-01 01:36:59.476924200+00:00,46.5192,22.3228,0.0,1,-8.5,0.316,124.30484413622332
2026-09-01 01:37:00.896534+00:00,47.3315,22.102,0.0,1,-16.7,0.244,42.071909156714234
2026-09-01 01:37:01.033795400+00:00,47.3012,22.087,0.0,1,-10.7,0.185,43.043135779919105
2026-09-01 01:37:01.353894700+00:00,47.2975,22.1848,0.0,1,3.3,0.284,49.36879150357948
2026-09-01 01:37:01.387531+00:00,47.3011,22.0871,0.0,1,-9.7,0.225,43.05582687288091
2026-09-01 01:37:07.473426200+00:00,46.9758,21.964,0.0,1,7.6,0.205,66.82255632929522
2026-09-01 01:37:13.148507700+00:00,47.3234,22.902,0.0,1,-22.0,0.475,98.64421623091012
2026-09-01 01:37:13.165393800+00:00,47.3275,22.9047,0.0,1,9.0,0.44,98.7322380133391
2026-09-01 01:37:13.167428900+00:00,47.3165,22.864,0.0,1,-6.9,0.452,96.06197187054298
2026-09-01 01:37:13.459500400+00:00,47.3157,22.8689,0.0,1,-16.6,0.326,96.44181586840307
2026-09-01 01:37:13.518067200+00:00,47.3163,22.8721,0.0,1,-4.9,0.285,96.65792711550856
2026-09-01 01:37:14.165160300+00:00,47.3386,22.1729,0.0,1,-8.3,0.258,46.30988214320406
2026-09-01 01:37:14.535689600+00:00,47.3489,22.1585,0.0,1,17.2,0.241,44.818819611572835
2026-09-01 01:37:14.536842800+00:00,47.4134,22.1738,0.0,1,5.1,0.188,43.127196365647265
2026-09-01 01:37:18.655823600+00:00,47.3482,22.1794,0.0,1,3.9,0.157,46.25989854611664
2026-09-01 01:37:18.830777300+00:00,47.3414,22.1723,0.0,1,3.7,0.32,46.12534774606823
2026-09-01 01:37:20.332351500+00:00,47.5913,21.5755,0.0,1,6.3,0.167,7.692497649202505
2026-09-01 01:37:20.333485700+00:00,47.587,21.5733,0.0,1,-6.6,0.192,7.373389292619066
2026-09-01 01:37:21.006611500+00:00,47.5916,21.481,0.0,1,-5.1,0.142,12.845872489491517
2026-09-01 01:37:21.072165600+00:00,47.5847,21.5892,0.0,1,-8.4,0.2,6.560207771742766
2026-09-01 01:37:21.392936300+00:00,47.5275,21.3569,0.0,1,4.2,0.136,20.306716213706956
2026-09-01 01:37:21.408653300+00:00,47.6235,21.5922,0.0,1,-12.5,0.186,10.5525479771082
2026-09-01 01:37:21.410590500+00:00,47.537,21.3478,0.0,1,7.6,0.149,20.991513057751217
2026-09-01 01:37:21.714483600+00:00,46.9352,21.5583,0.0,1,32.8,0.2,66.52096260593666
2026-09-01 01:37:23.165712+00:00,46.4927,22.3563,0.0,1,-6.8,0.375,128.0603366420015
2026-09-01 01:37:24.381096300+00:00,47.2891,22.1581,0.0,1,-9.9,0.268,48.19250436310965
2026-09-01 01:37:28.142944600+00:00,47.1356,21.776,0.0,1,7.7,0.167,45.43671078031928
2026-09-01 01:37:37.387444800+00:00,47.3121,22.0819,0.0,1,-4.5,0.18,42.017121704982536
2026-09-01 01:37:40.557738700+00:00,46.9276,21.3101,0.0,1,4.7,0.135,71.30452340291387
2026-09-01 01:37:40.990210+00:00,47.2282,22.9402,0.0,1,5.6,0.355,104.44999560500166
2026-09-01 01:37:40.991478500+00:00,47.2286,22.9417,0.0,1,7.2,0.421,104.54218801410904
2026-09-01 01:37:40.992606800+00:00,47.2287,22.936,0.0,1,7.1,0.181,104.13233686151146
2026-09-01 01:37:47.680900400+00:00,47.6697,21.5397,0.0,1,-5.1,0.195,16.701703342855108
2026-09-01 01:37:47.691264900+00:00,47.6674,21.5856,0.0,1,-12.6,0.164,15.420574947095727
2026-09-01 01:37:47.974400200+00:00,47.7073,21.4914,0.0,1,4.8,0.187,22.03278609899292
2026-09-01 01:37:47.990854400+00:00,47.7248,21.4775,0.0,1,-4.1,0.168,24.239043927919468
2026-09-01 01:37:48.177389600+00:00,47.6666,21.587,0.0,1,-50.7,0.179,15.31242200401895
2026-09-01 01:37:48.179760300+00:00,47.7553,21.4157,0.0,1,-4.6,0.116,29.496224647423798
2026-09-01 01:37:49.613545900+00:00,46.9773,23.0872,0.0,1,-18.5,0.359,126.24733414447596
2026-09-01 01:37:51.023672300+00:00,47.064,22.5375,0.0,1,17.4,0.319,86.10815029221565
2026-09-01 01:37:54.670519400+00:00,46.518,22.3427,0.0,1,-14.3,0.343,125.0724313320447
2026-09-01 01:37:54.689565500+00:00,46.5044,22.3173,0.0,1,-9.1,0.292,125.62602202132774
2026-09-01 01:37:54.969714100+00:00,46.5056,22.3162,0.0,1,-9.0,0.202,125.4697465135011
2026-09-01 01:37:55.475693700+00:00,47.208,21.897,0.0,1,4.7,0.23,41.31912692139982
2026-09-01 01:37:56.134323500+00:00,47.2094,21.9032,0.0,1,-45.9,0.192,41.415749433653126
2026-09-01 01:37:56.166685600+00:00,47.21,21.9031,0.0,1,-6.4,0.217,41.35420717700435
2026-09-01 01:37:56.182721+00:00,47.2102,21.9013,0.0,1,-13.7,0.246,41.26701464909052
2026-09-01 01:37:56.337557600+00:00,47.2096,21.9055,0.0,1,-6.7,0.167,41.48369629985639
2026-09-01 01:37:56.345978800+00:00,47.2678,21.8431,0.0,1,-10.0,0.515,33.52981456937427
2026-09-01 01:37:58.470731800+00:00,46.3266,22.3392,0.0,1,-4.7,0.274,144.482174375434
2026-09-01 01:37:58.549088500+00:00,46.3279,22.3275,0.0,1,-9.3,0.345,144.01758639694873
2026-09-01 01:38:00.567355600+00:00,47.2858,22.0666,0.0,1,-11.8,0.25,42.89380438456226
2026-09-01 01:38:00.879141900+00:00,46.9677,21.3953,0.0,1,3.8,0.131,65.10205381345615
2026-09-01 01:38:00.911603100+00:00,47.286,22.217,0.0,1,5.5,0.216,52.10618347020964
2026-09-01 01:38:01.375840200+00:00,47.2512,22.0195,0.0,1,4.1,0.259,42.93925677833547
2026-09-01 01:38:03.447036400+00:00,47.3705,22.6205,0.0,1,-4.8,0.307,76.79869270050135
2026-09-01 01:38:03.859351200+00:00,47.3532,22.576,0.0,1,-3.9,0.426,74.05246236201417
2026-09-01 01:38:03.859899700+00:00,47.3691,22.5837,0.0,1,-4.9,0.378,74.14952142708366
2026-09-01 01:38:06.905551300+00:00,47.0535,22.4594,0.0,1,13.4,0.302,82.24582138504265
2026-09-01 01:38:06.906036800+00:00,47.0482,22.4803,0.0,1,5.3,0.422,83.83381201964322
2026-09-01 01:38:07.046500400+00:00,47.3314,22.1205,0.0,1,-6.7,0.302,43.264952087556786
2026-09-01 01:38:07.069407+00:00,47.355,22.1106,0.0,1,5.6,0.189,41.31122664684071
2026-09-01 01:38:07.124879100+00:00,47.0585,22.4619,0.0,1,-11.7,0.198,82.02985591209098
2026-09-01 01:38:07.156014700+00:00,47.0588,22.4621,9.2,2,-5.9,0.18,82.01990681230609
2026-09-01 01:38:08.417393400+00:00,46.4769,22.3532,0.0,1,6.9,0.383,129.55080034044042
2026-09-01 01:38:08.727934200+00:00,46.535,22.3608,0.0,1,-4.5,0.328,123.9768868743875
2026-09-01 01:38:16.198584300+00:00,47.2707,22.2076,0.0,1,4.3,0.312,52.4322713783009
2026-09-01 01:38:23.694631500+00:00,47.2929,22.0437,0.0,1,11.1,0.245,41.06392816526275
2026-09-01 01:38:23.711437700+00:00,47.2922,22.0516,0.0,1,4.2,0.256,41.569255372678974
2026-09-01 01:38:23.743522400+00:00,47.2919,22.0483,0.0,1,5.7,0.089,41.40037563906384
2026-09-01 01:38:23.743869800+00:00,47.3063,22.1466,0.0,1,-5.1,0.192,46.412856971938844
2026-09-01 01:38:23.909990700+00:00,47.3011,21.8894,0.0,1,-3.2,0.199,32.339284183870625
2026-09-01 01:38:23.912214200+00:00,47.302,21.8897,0.0,1,-7.0,0.241,32.27372806137557
2026-09-01 01:38:23.912821200+00:00,47.3047,21.8858,0.0,1,5.2,0.203,31.85645593952195
2026-09-01 01:38:23.914177500+00:00,47.3016,21.8862,0.0,1,7.2,0.231,32.148722070878485
2026-09-01 01:38:23.918505800+00:00,47.3049,21.8755,0.0,1,3.6,0.138,31.37142778003688
2026-09-01 01:38:23.921581400+00:00,47.2804,21.8759,0.0,1,4.1,0.122,33.618772970303084
2026-09-01 01:38:24.127946600+00:00,47.3103,21.8257,0.0,1,3.0,0.225,28.780724721106054
2026-09-01 01:38:24.258522800+00:00,47.3592,21.7084,0.0,1,-3.5,0.192,20.116750486053462
2026-09-01 01:38:24.372661800+00:00,47.1483,21.8021,0.0,1,7.0,0.21,44.609776427051784
2026-09-01 01:38:32.677640200+00:00,47.282,22.2003,0.0,1,4.3,0.198,51.280893762761316
2026-09-01 01:38:35.446609100+00:00,47.2158,22.9249,0.0,1,-10.0,0.431,103.82945184070377
2026-09-01 01:38:35.446925700+00:00,47.2126,22.9253,0.0,1,-5.3,0.2,103.98142109338501
2026-09-01 01:38:35.530806300+00:00,47.2105,22.9059,0.0,1,-7.4,0.336,102.69214671610239
2026-09-01 01:38:35.700562100+00:00,46.4935,22.3458,0.0,1,-12.3,0.366,127.63818546301142
2026-09-01 01:38:35.747294+00:00,46.5194,22.3376,0.0,1,-11.5,0.361,124.76457945921808
2026-09-01 01:38:35.795240100+00:00,46.496,22.3426,0.0,1,-9.1,0.231,127.28275854936878
2026-09-01 01:38:35.854310300+00:00,46.5199,22.3401,0.0,1,-5.0,0.244,124.79623125227162
2026-09-01 01:38:35.898960100+00:00,47.2102,22.9093,0.0,1,-5.4,0.156,102.94407607507024
2026-09-01 01:38:39.256157800+00:00,47.9175,21.4726,0.0,1,3.2,0.201,44.44297901387156
2026-09-01 01:38:44.355463700+00:00,46.5309,22.351,0.0,1,7.1,0.295,124.05536605547368
2026-09-01 01:38:45.117996900+00:00,47.2808,22.2017,0.0,1,-5.6,0.581,51.4421452934101
2026-09-01 01:38:45.213172800+00:00,47.2681,22.2062,0.0,1,6.6,0.225,52.50620590353998
2026-09-01 01:38:45.542973+00:00,46.9339,21.323,0.0,1,-6.0,0.181,70.32039008557103
2026-09-01 01:38:51.450765700+00:00,46.712,22.4046,0.0,1,-6.8,0.269,108.46287296818548
2026-09-01 01:38:52.215459900+00:00,47.262,22.2906,0.0,1,-12.0,0.288,58.23487974390866
2026-09-01 01:38:52.558554100+00:00,47.2639,22.3231,0.0,1,3.9,0.213,60.239736975949945
2026-09-01 01:38:52.767669700+00:00,47.2607,22.2713,0.0,1,-23.7,0.303,57.07103629984652
2026-09-01 01:38:52.892569900+00:00,47.2848,22.0704,0.0,1,3.9,0.234,43.185397572503504
2026-09-01 01:38:53.189725100+00:00,47.2945,22.0725,0.0,1,4.3,0.154,42.62980692386827
2026-09-01 01:38:56.247580700+00:00,47.2256,22.9405,0.0,1,5.0,0.387,104.56738739118884
2026-09-01 01:38:56.272204300+00:00,47.1845,22.8395,0.0,1,6.6,0.377,99.12968163020855
2026-09-01 01:38:56.573823400+00:00,47.225,22.9408,0.0,1,8.2,0.316,104.61100013251355
2026-09-01 01:38:57.232963900+00:00,47.3811,22.6286,0.0,1,-14.8,0.383,77.11937543411379
2026-09-01 01:38:57.533781900+00:00,47.364,22.6316,0.0,1,-24.1,0.362,77.78505477345519
2026-09-01 01:38:57.614566300+00:00,47.3646,22.6298,0.0,1,-42.4,0.319,77.63725116632816
2026-09-01 01:38:57.661898300+00:00,47.3646,22.6322,0.0,1,-11.1,0.284,77.8124923521981
2026-09-01 01:39:03.129733800+00:00,47.2552,22.2088,0.0,1,-10.1,0.243,53.484332737316876
2026-09-01 01:39:03.835457400+00:00,47.2945,21.4328,0.0,1,32.8,0.168,30.15413915911269
2026-09-01 01:39:03.859522500+00:00,47.2925,21.4424,0.0,1,5.1,0.169,30.007213373176178
2026-09-01 01:39:03.884318300+00:00,47.2923,21.4445,0.0,1,2.5,0.21,29.954038084810826
2026-09-01 01:39:03.893211800+00:00,47.2143,21.8988,0.0,1,5.0,0.182,40.777717122379784
2026-09-01 01:39:03.905037400+00:00,47.2123,21.9053,0.0,1,5.5,0.134,41.2169252479532
2026-09-01 01:39:03.928870600+00:00,47.2221,22.008,0.0,1,-5.7,0.271,44.789637382959626
2026-09-01 01:39:04.169442900+00:00,47.2941,21.4341,0.0,1,-11.0,0.175,30.145766645305724
2026-09-01 01:39:04.485104900+00:00,47.126,21.6441,0.0,1,-38.1,0.198,45.118431630891834
2026-09-01 01:39:04.735991600+00:00,47.1261,21.6423,0.0,1,-6.9,0.185,45.10371242989768
2026-09-01 01:39:04.760445400+00:00,47.1259,21.644,0.0,1,-7.3,0.164,45.12933596069087
2026-09-01 01:39:06.655894800+00:00,47.3318,22.1848,0.0,1,8.9,0.237,47.45649829084674
2026-09-01 01:39:07.863368800+00:00,46.3336,22.35,0.0,1,-3.5,0.275,144.0696155604633
2026-09-01 01:39:07.944154800+00:00,46.3215,22.3226,0.0,1,-5.6,0.267,144.54404309024122
2026-09-01 01:39:08.857422100+00:00,46.5121,21.7257,0.0,1,-12.4,0.205,113.60833087035468
2026-09-01 01:39:08.857838800+00:00,46.5156,21.7243,0.0,1,-10.0,0.284,113.21303435217193
2026-09-01 01:39:09.006659300+00:00,46.4784,21.6801,0.0,1,-15.4,0.28,117.17890618620713
2026-09-01 01:39:11.395156300+00:00,46.5112,22.3304,0.0,1,-7.8,0.306,125.35649403606936
2026-09-01 01:39:19.661296900+00:00,47.0584,22.4751,0.0,1,-8.6,0.276,82.80322248357791
2026-09-01 01:39:19.766505600+00:00,47.0583,22.4747,6.8,2,-5.4,0.119,82.78704764544445
2026-09-01 01:39:20.848431300+00:00,46.6805,22.4061,11.8,2,5.2,0.258,111.49120272282747
2026-09-01 01:39:22.410371700+00:00,47.262,22.2754,0.0,1,-6.0,0.152,57.25705909346919
2026-09-01 01:39:26.426503800+00:00,47.9038,21.4107,0.0,1,-4.0,0.166,44.4457485797633
2026-09-01 01:39:26.640492200+00:00,47.9202,21.4038,0.0,1,-8.4,0.15,46.33143516852615
2026-09-01 01:39:26.641234700+00:00,47.9376,21.4575,0.0,1,-6.5,0.556,46.8970797860132
2026-09-01 01:39:35.933783500+00:00,47.3218,22.0773,0.0,1,-5.2,0.286,41.11189338705908
2026-09-01 01:39:35.934632600+00:00,47.3234,22.0809,0.0,1,3.3,0.21,41.23459552153676
2026-09-01 01:39:35.935547300+00:00,47.3224,22.0838,0.0,1,3.2,0.144,41.47783124233554
2026-09-01 01:39:35.959105200+00:00,47.32,22.0808,0.0,1,3.5,0.061,41.442748062581515
2026-09-01 01:39:36.126833+00:00,47.3429,22.0005,0.0,1,3.9,0.151,35.04474368333313
2026-09-01 01:39:38.000855700+00:00,47.2641,22.2466,0.0,1,-6.3,0.268,55.29506608337649
2026-09-01 01:39:39.815425400+00:00,46.9618,21.3795,0.0,1,3.6,0.146,66.06214270278271
2026-09-01 01:39:39.879767+00:00,46.9875,21.3475,0.0,1,43.0,0.141,64.07986739733306
2026-09-01 01:39:40.052497+00:00,47.0282,21.4057,0.0,1,2.8,0.117,58.418325848925285
2026-09-01 01:39:40.282225800+00:00,46.9904,21.2294,0.0,1,3.4,0.092,67.25369783799455
2026-09-01 01:39:44.600784900+00:00,46.491,22.3763,0.0,1,3.9,0.377,128.8920371111042
2026-09-01 01:39:46.847247+00:00,47.3672,22.6316,0.0,1,-13.5,0.336,77.69834375198892
2026-09-01 01:39:54.663059600+00:00,47.2959,22.0899,0.0,1,-5.0,0.216,43.57199842553334
2026-09-01 01:39:57.352274200+00:00,47.655,21.6002,0.0,1,-7.6,0.159,13.871124404015244
2026-09-01 01:39:57.364640500+00:00,47.6558,21.6032,0.0,1,-6.2,0.182,13.928152394997568
2026-09-01 01:39:57.786644500+00:00,47.6605,21.5004,11.7,2,-5.6,0.171,17.2041043967827
2026-09-01 01:39:59.877499700+00:00,47.1934,22.8347,0.0,1,-12.8,0.416,98.40731255471395
2026-09-01 01:39:59.895852900+00:00,47.1906,22.8375,0.0,1,-6.0,0.324,98.72361290937549
2026-09-01 01:40:00.340816600+00:00,47.2092,22.862,0.0,1,8.8,0.465,99.65217461339076
2026-09-01 01:40:04.907158900+00:00,46.6856,22.406,0.0,1,5.7,0.305,111.00473475197698
2026-09-01 01:40:05.101878900+00:00,47.3069,22.0632,0.0,1,3.5,0.126,41.229241029278235
2026-09-01 01:40:05.103974400+00:00,47.3076,22.0643,0.0,1,5.1,0.122,41.24788200687487
2026-09-01 01:40:05.590278100+00:00,47.2925,22.0682,0.0,1,4.4,0.159,42.515226333011476
2026-09-01 01:40:05.736553200+00:00,47.2865,21.8351,0.0,1,3.7,0.256,31.42134202651959
2026-09-01 01:40:08.879354400+00:00,46.4623,22.3612,11.5,2,-15.6,0.212,131.28141174746122
2026-09-01 01:40:08.879851300+00:00,46.4684,22.3622,0.0,1,-4.4,0.433,130.69838421909625
2026-09-01 01:40:11.272155300+00:00,47.3389,22.9286,0.0,1,6.1,0.298,100.1936858362151
2026-09-01 01:40:11.272640400+00:00,47.3382,22.9315,0.0,1,6.9,0.245,100.42404060548282
2026-09-01 01:40:12.623958300+00:00,46.9598,23.0468,0.0,1,7.1,0.474,124.59236433345565
2026-09-01 01:40:12.624936100+00:00,46.9641,23.0624,0.0,1,5.4,0.404,125.36131155751706
2026-09-01 01:40:12.903102+00:00,46.9608,23.0551,0.0,1,-10.7,0.482,125.07421324753938
2026-09-01 01:40:15.151367+00:00,47.3406,22.1839,0.0,1,5.8,0.184,46.94286195016438
2026-09-01 01:40:23.496995700+00:00,47.364,22.5992,0.0,1,-7.6,0.367,75.42194640680786
2026-09-01 01:40:26.669771400+00:00,47.2697,22.231,0.0,1,-11.6,0.23,53.96836643032937
2026-09-01 01:40:26.753992100+00:00,47.2684,22.2557,0.0,1,-12.6,0.234,55.61897121577304
2026-09-01 01:40:27.358048500+00:00,47.248,23.0408,0.0,1,-8.3,0.479,110.9805280282445
2026-09-01 01:40:27.441840500+00:00,47.9166,21.4397,0.0,1,3.7,0.133,45.05121769323906
2026-09-01 01:40:27.509064800+00:00,47.2486,23.0428,0.0,1,-8.7,0.396,111.10538898584514
2026-09-01 01:40:39.132726500+00:00,47.2769,22.244,0.0,1,10.8,0.196,54.37068920690434
2026-09-01 01:40:42.190272200+00:00,46.4789,22.3803,0.0,1,-8.9,0.391,130.23668177746083
2026-09-01 01:40:42.228309500+00:00,46.3443,22.363,0.0,1,-19.1,0.326,143.34977286503735
2026-09-01 01:40:42.271712200+00:00,46.3502,22.3141,0.0,1,-7.6,0.345,141.33354819668557
2026-09-01 01:40:48.099110900+00:00,47.3136,22.1019,0.0,1,-20.3,0.214,43.156403758378204
2026-09-01 01:40:48.127954300+00:00,47.3043,22.1269,0.0,1,-12.0,0.204,45.29652962992175
2026-09-01 01:40:48.187939+00:00,47.3419,22.0994,0.0,1,-12.1,0.196,41.3006635764509
2026-09-01 01:40:48.310884700+00:00,47.3132,22.081,0.0,1,-18.3,0.165,41.890709265212706
2026-09-01 01:40:48.312221900+00:00,47.3422,22.0537,0.0,1,5.9,0.668,38.36733902921971
2026-09-01 01:40:48.379281300+00:00,47.3074,22.1182,0.0,1,-6.3,0.283,44.56015830609028
2026-09-01 01:40:48.414070400+00:00,47.3049,22.1285,0.0,1,6.9,0.241,45.359189872301855
2026-09-01 01:40:48.466170+00:00,47.3421,22.1003,0.0,1,-3.6,0.128,41.34747868251044
2026-09-01 01:40:48.469734800+00:00,47.3258,22.0219,0.0,1,4.3,0.271,37.4803272273104
2026-09-01 01:40:49.484966200+00:00,47.2904,22.0088,0.0,1,-16.6,0.157,39.28672848575589
2026-09-01 01:40:51.248860900+00:00,46.691,22.4288,0.0,1,4.9,0.398,111.42444298845906
2026-09-01 01:40:51.378224100+00:00,46.7084,22.4439,0.0,1,-8.2,0.348,110.43612129518522
2026-09-01 01:40:54.125135+00:00,47.3013,22.2323,0.0,1,4.0,0.264,52.22965616645532
2026-09-01 01:40:58.115705600+00:00,47.161,21.7986,0.0,1,-5.1,0.211,43.18254454607604
2026-09-01 01:40:58.135376400+00:00,47.1408,21.8375,0.0,1,-4.4,0.06,46.251838214861586
2026-09-01 01:40:59.685126900+00:00,47.0733,22.5682,0.0,1,-6.0,0.152,87.35230511825131
2026-09-01 01:41:05.595944600+00:00,47.0554,22.5011,0.0,1,-10.5,0.345,84.53639062141721
2026-09-01 01:41:06.941990+00:00,46.9921,21.9753,0.0,1,15.0,0.26,65.48564373455842
2026-09-01 01:41:07.010738600+00:00,47.3123,22.0703,0.0,1,9.4,0.291,41.2966766863485
2026-09-01 01:41:07.387302100+00:00,47.3114,22.0668,0.0,1,5.3,0.374,41.14416513956244
2026-09-01 01:41:07.463610700+00:00,47.3118,22.0711,0.0,1,5.1,0.184,41.37820834175183
2026-09-01 01:41:07.573004500+00:00,47.3122,22.0712,0.0,1,4.1,0.195,41.35792500206986
2026-09-01 01:41:13.628879+00:00,47.3395,22.1912,7.8,2,-5.1,0.182,47.48844722756359
2026-09-01 01:41:17.697441800+00:00,47.2981,22.2314,0.0,1,-4.7,0.147,52.34741944352635
2026-09-01 01:41:17.781701100+00:00,47.2909,22.2653,0.0,1,4.0,0.256,54.965202719876245
2026-09-01 01:41:18.240752+00:00,47.2056,22.9687,0.0,1,-25.5,0.423,107.32598181555515
2026-09-01 01:41:18.278102100+00:00,47.2042,22.9777,0.0,1,-16.7,0.396,108.01778999541108
2026-09-01 01:41:18.296094700+00:00,47.2055,22.9732,0.0,1,-12.2,0.389,107.64884394941755
2026-09-01 01:41:18.365560100+00:00,47.2159,22.9866,0.0,1,-11.6,1.122,108.20937219917197
2026-09-01 01:41:18.441604700+00:00,47.2468,23.0599,0.0,1,-11.1,0.361,112.39847911197636
2026-09-01 01:41:18.519141500+00:00,47.2166,22.9923,0.0,1,-7.1,0.364,108.58967991766777
2026-09-01 01:41:18.820395900+00:00,47.2419,22.9268,0.0,1,-19.0,0.388,102.99714880046362
2026-09-01 01:41:19.109134200+00:00,47.2402,22.8599,0.0,1,-27.2,0.387,98.28968378957921
2026-09-01 01:41:19.181665400+00:00,47.2284,22.8517,0.0,1,-14.8,0.4,98.15967357566856
2026-09-01 01:41:22.492150400+00:00,46.9688,23.0526,0.0,1,-6.0,0.43,124.45503235011752
2026-09-01 01:41:22.519686400+00:00,46.9702,23.0483,0.0,1,-4.8,0.315,124.09501443248668
2026-09-01 01:41:30.076909800+00:00,47.2763,22.0931,0.0,1,-4.5,0.274,45.10858776250149
2026-09-01 01:41:30.436114500+00:00,46.7177,22.4309,0.0,1,4.1,0.475,109.02603525199773
2026-09-01 01:41:30.437441200+00:00,46.7177,22.4342,8.7,2,9.9,0.221,109.1654479210464
2026-09-01 01:41:30.460130100+00:00,47.2762,22.0943,0.0,1,-9.7,0.255,45.18582121555682
2026-09-01 01:41:32.889445700+00:00,46.3537,22.3584,0.0,1,-7.7,0.365,142.24923028715315
2026-09-01 01:41:32.944931200+00:00,46.3212,22.3698,0.0,1,-3.9,0.398,145.92210310300123
2026-09-01 01:41:33.011889200+00:00,46.3454,22.3986,0.0,1,-6.4,0.372,144.31216566416123
2026-09-01 01:41:33.235929600+00:00,46.9725,21.4184,0.0,1,5.1,0.167,64.13722792348737
2026-09-01 01:41:33.368927300+00:00,46.9666,21.3735,10.0,2,26.8,0.151,65.68083630900009
2026-09-01 01:41:33.402370200+00:00,46.9831,21.4167,0.0,1,4.6,0.123,63.02723427127436
2026-09-01 01:41:34.891719500+00:00,47.6465,22.344,0.0,1,-16.8,0.274,55.24609836317263
2026-09-01 01:41:34.892120500+00:00,47.6495,22.3356,0.0,1,-18.6,0.389,54.71091280960631
2026-09-01 01:41:35.073741+00:00,47.59,22.2612,0.0,1,-5.6,0.234,48.005886713902065
2026-09-01 01:41:36.838698900+00:00,47.291,22.2301,0.0,1,-5.6,0.249,52.66180513596025
2026-09-01 01:41:36.960364300+00:00,47.2906,22.2289,0.0,1,-5.4,0.195,52.60683852771737
2026-09-01 01:41:40.593984+00:00,47.697,21.6228,0.0,1,8.2,0.207,18.394733857045743
2026-09-01 01:41:40.701768100+00:00,47.6741,21.6246,0.0,1,4.8,0.18,15.846570083898134
2026-09-01 01:41:41.073625300+00:00,47.6443,21.6025,0.0,1,3.5,0.113,12.668936799630478
2026-09-01 01:41:43.367417200+00:00,47.3514,22.08,0.0,1,3.8,0.299,39.504382966933136
2026-09-01 01:41:52.029170100+00:00,46.5086,22.3791,0.0,1,4.0,0.27,127.22888471260859
2026-09-01 01:41:52.030546700+00:00,46.505,22.3867,9.7,2,8.0,0.25,127.8461262035862
2026-09-01 01:41:52.071763100+00:00,46.5086,22.3811,0.0,1,6.3,0.331,127.29686132568574
2026-09-01 01:41:52.850814+00:00,47.3599,22.6301,0.0,1,-6.9,0.319,77.78903548903448
2026-09-01 01:41:52.853625200+00:00,47.3625,22.6331,0.0,1,5.1,0.152,77.93568491163758
2026-09-01 01:41:57.004886200+00:00,46.4862,22.386,0.0,1,-4.1,0.44,129.69699454327076
2026-09-01 01:42:00.654186600+00:00,47.2546,22.0299,0.0,1,4.6,0.125,43.21027880453967
2026-09-01 01:42:00.656830900+00:00,47.2494,22.0305,0.0,1,4.5,0.167,43.6567491104786
2026-09-01 01:42:01.310999900+00:00,47.2866,22.1106,0.0,1,-4.2,0.138,45.44101496957373
2026-09-01 01:42:01.330216600+00:00,47.3056,21.8141,0.0,1,5.4,0.158,28.793215669748278
2026-09-01 01:42:08.607993100+00:00,47.297,22.1659,0.0,1,-6.4,0.239,48.19650018318447
2026-09-01 01:42:10.536124100+00:00,47.3009,22.232,0.0,1,4.4,0.676,52.23196465384328
2026-09-01 01:42:11.712051+00:00,47.2254,22.9741,0.0,1,5.0,0.254,106.96996662910512
2026-09-01 01:42:11.712887+00:00,47.2276,22.9604,0.0,1,-33.5,0.546,105.9123061991418
2026-09-01 01:42:12.145969+00:00,47.31,22.89,0.0,1,-5.9,0.41,98.1421582176845
2026-09-01 01:42:12.215027600+00:00,47.3361,22.9332,0.0,1,-5.6,0.246,100.6010494654506
2026-09-01 01:42:12.328630800+00:00,46.9656,21.5408,0.0,1,3.9,0.166,63.2740809945828
2026-09-01 01:42:13.300448300+00:00,47.3652,22.6405,0.0,1,-7.6,0.365,78.40252419492218
2026-09-01 01:42:20.268177+00:00,47.057,21.829,0.0,1,8.2,0.191,54.92160265033792
2026-09-01 01:42:22.222067200+00:00,47.1939,22.8523,0.0,1,4.5,0.383,99.61217746047274
2026-09-01 01:42:22.255496100+00:00,47.1982,22.8347,0.0,1,-9.5,0.422,98.2007698224932
2026-09-01 01:42:22.288273700+00:00,47.2012,22.8245,0.0,1,-14.4,0.368,97.36112845823456
2026-09-01 01:42:25.939048+00:00,47.6104,21.6404,0.0,1,-14.5,0.175,8.817101931575555
2026-09-01 01:42:26.147934+00:00,47.6123,21.6394,0.0,1,-41.0,0.177,9.019225776318308
2026-09-01 01:42:26.151214500+00:00,47.5813,21.5915,0.0,1,14.9,0.153,6.144765730871575
2026-09-01 01:42:26.152144900+00:00,47.5749,21.5936,0.0,1,-6.9,0.178,5.4385489005667615
2026-09-01 01:42:26.234748+00:00,47.6104,21.6412,0.0,1,-7.0,0.179,8.823993029976572
2026-09-01 01:42:26.236340400+00:00,47.5616,21.5647,0.0,1,6.2,0.175,5.76225116807712
2026-09-01 01:42:26.239808500+00:00,47.5783,21.6255,0.0,1,-11.3,0.152,5.194559647589106
2026-09-01 01:42:26.355219700+00:00,47.6115,21.6403,0.0,1,-14.0,0.182,8.93784174631864
2026-09-01 01:42:26.368439+00:00,47.5272,21.465,0.0,1,4.8,0.187,12.195320435346312
2026-09-01 01:42:26.550328600+00:00,47.6111,21.641,0.0,1,-10.4,0.154,8.899542754617874
2026-09-01 01:42:26.836099500+00:00,47.4215,21.4957,0.0,1,3.7,0.192,15.738553810331656
2026-09-01 01:42:26.945572100+00:00,47.5159,21.3123,0.0,1,-4.3,0.173,23.717108938569666
2026-09-01 01:42:26.946511900+00:00,47.5216,21.3162,3.0,2,8.9,0.02,23.38510988800764
2026-09-01 01:42:26.947954600+00:00,47.521,21.3117,0.0,1,5.2,0.122,23.72596723306337
2026-09-01 01:42:28.004795700+00:00,46.9807,23.0683,0.0,1,-14.6,0.404,124.81546343211528
2026-09-01 01:42:28.005985100+00:00,46.9816,23.0626,0.0,1,6.8,0.413,124.3908266452733
2026-09-01 01:42:30.420361900+00:00,47.2411,22.0953,0.0,1,-14.2,0.247,47.79949544061813
2026-09-01 01:42:30.525649500+00:00,47.2409,22.0938,0.0,1,-7.6,0.185,47.7314253649825
2026-09-01 01:42:30.558823700+00:00,47.3457,22.0619,0.0,1,-3.2,0.215,38.67401211648539
2026-09-01 01:42:30.585754800+00:00,47.2409,22.0962,0.0,1,-4.1,0.138,47.864525051516054
2026-09-01 01:42:38.602786400+00:00,47.344,22.182,0.0,1,-7.6,0.267,46.643966695033626
2026-09-01 01:42:38.689652800+00:00,47.3365,22.1987,0.0,1,-3.6,0.157,48.143422081216144
2026-09-01 01:42:41.120871600+00:00,46.3547,22.3616,0.0,1,7.2,0.342,142.24166661683373
2026-09-01 01:42:41.144957300+00:00,46.34,22.3615,0.0,1,-7.4,0.368,143.74690983107237
2026-09-01 01:42:41.149608400+00:00,47.3037,22.0904,0.0,1,6.5,0.236,43.08421909012437
2026-09-01 01:42:41.154558100+00:00,47.3061,22.0863,0.0,1,3.8,0.064,42.677153132353645
2026-09-01 01:42:41.186280+00:00,46.3316,22.3807,8.1,2,-12.3,0.279,145.1781496401167
2026-09-01 01:42:41.211480700+00:00,46.3405,22.3607,0.0,1,-12.7,0.335,143.6720162355119
2026-09-01 01:42:41.289144500+00:00,46.3474,22.3121,0.0,1,-6.7,0.31,141.56765281328214
2026-09-01 01:42:43.016900700+00:00,46.7036,22.4394,0.0,1,-13.4,0.384,110.69107781000359
2026-09-01 01:42:44.130706300+00:00,46.4931,22.3656,0.0,1,-25.8,0.35,128.32607794711228
2026-09-01 01:42:44.170110800+00:00,46.4923,22.3671,0.0,1,-34.9,0.281,128.45592343834102
2026-09-01 01:42:44.377432700+00:00,46.5104,22.3805,0.0,1,5.7,0.254,127.09717445185964
2026-09-01 01:42:47.323746500+00:00,47.0368,22.4126,0.0,1,4.9,0.204,80.84452754261274
2026-09-01 01:42:47.324716500+00:00,47.0387,22.4185,0.0,1,5.6,0.408,81.02732393489954
2026-09-01 01:42:47.513967500+00:00,46.9398,21.3568,0.0,1,11.0,0.133,68.90127477456551
2026-09-01 01:42:47.515150500+00:00,46.943,21.3619,0.0,1,-7.0,0.096,68.44764173260174
2026-09-01 01:42:47.536944200+00:00,46.9397,21.3603,0.0,1,-4.3,0.266,68.83405382938972
2026-09-01 01:42:50.582226400+00:00,46.6938,22.555,0.0,1,-9.9,0.48,116.64768444669535
2026-09-01 01:42:50.583070200+00:00,46.6927,22.5764,0.0,1,4.3,0.397,117.72667861518919
2026-09-01 01:42:54.774962600+00:00,47.1974,22.8534,0.0,1,9.8,0.189,99.54014397819908
2026-09-01 01:42:54.777572900+00:00,47.197,22.8558,0.0,1,4.5,0.364,99.72475927873909
2026-09-01 01:42:58.722766+00:00,47.2726,22.3167,0.0,1,-6.8,0.227,59.342246570529774
2026-09-01 01:42:59.025616400+00:00,47.2501,22.034,0.0,1,4.1,0.153,43.784517012833064
2026-09-01 01:42:59.122789200+00:00,47.2423,21.9618,0.0,1,8.0,0.883,40.85306285680317
2026-09-01 01:42:59.165837400+00:00,47.1863,21.7422,0.0,1,-3.2,0.157,39.35893278500525
2026-09-01 01:42:59.431925200+00:00,47.2749,21.9647,0.0,1,-8.0,0.207,38.20390782186268
2026-09-01 01:42:59.461916200+00:00,47.3035,22.0604,0.0,1,-4.6,0.17,41.293829082589426
2026-09-01 01:42:59.676363900+00:00,47.2525,22.031,0.0,1,7.3,0.248,43.43534974319806
2026-09-01 01:43:09.769346+00:00,47.2918,22.2369,0.0,1,-10.7,0.335,53.058118950686186
2026-09-01 01:43:09.791097500+00:00,47.2919,22.2399,0.0,1,5.1,0.308,53.24780037017135
2026-09-01 01:43:10.789298600+00:00,47.2442,22.3478,0.0,1,5.7,0.214,62.95486498845342
2026-09-01 01:43:10.791757300+00:00,47.2432,22.3547,0.0,1,-4.0,0.385,63.459518075034914
2026-09-01 01:43:11.118466700+00:00,47.26,22.3329,0.0,1,-8.5,0.284,61.097003622380825
2026-09-01 01:43:12.908789400+00:00,47.7076,21.612,0.0,1,-9.6,0.152,19.6038758394622
2026-09-01 01:43:12.931734700+00:00,47.7143,21.6092,0.0,1,-3.8,0.13,20.36055249629277
2026-09-01 01:43:12.948452300+00:00,47.6979,21.5974,0.0,1,3.0,0.149,18.62704251115278
2026-09-01 01:43:13.420903500+00:00,47.7756,21.6443,0.0,1,3.8,0.259,27.16142553270039
2026-09-01 01:43:13.438192700+00:00,47.739,21.6023,0.0,1,-16.7,0.164,23.137778608203575
2026-09-01 01:43:19.502216500+00:00,47.2812,22.1035,0.0,1,-3.4,0.299,45.38189041028878
2026-09-01 01:43:19.607230+00:00,47.2419,22.1306,0.0,1,-5.7,0.305,49.73287130529225
2026-09-01 01:43:20.876491100+00:00,47.362,22.6399,0.0,1,13.7,0.297,78.4457091625101
2026-09-01 01:43:33.707195800+00:00,47.4565,22.2172,0.0,1,3.7,0.311,45.099356294432454
2026-09-01 01:43:33.739142500+00:00,47.3015,22.2411,0.0,1,4.7,0.202,52.796869571194165
2026-09-01 01:43:34.401665900+00:00,46.6885,22.4232,0.0,1,8.5,0.302,111.42887658127052
2026-09-01 01:43:34.454007400+00:00,46.7158,22.4527,0.0,1,-5.9,0.225,110.1288119440279
2026-09-01 01:43:37.640216700+00:00,47.0874,22.5851,0.0,1,32.9,0.251,87.48794640173715
2026-09-01 01:43:37.640634700+00:00,47.0861,22.594,0.0,1,-19.9,0.236,88.12450211505939
2026-09-01 01:43:37.642572600+00:00,47.0885,22.5943,0.0,1,-4.7,0.453,87.99213960448972
2026-09-01 01:43:37.665384200+00:00,47.0865,22.5852,0.0,1,8.7,0.377,87.55120797225209
2026-09-01 01:43:38.320191400+00:00,47.2512,22.3086,0.0,1,5.4,0.259,60.020008211431765
2026-09-01 01:43:41.397007900+00:00,47.2373,21.9417,0.0,1,-12.6,0.245,40.38790806275942
2026-09-01 01:43:41.479128100+00:00,47.2373,21.9429,0.0,1,-12.4,0.219,40.440922530146345
2026-09-01 01:43:41.488198400+00:00,47.2373,21.9431,0.0,1,-4.1,0.263,40.449771137230094
2026-09-01 01:43:41.521737600+00:00,47.2374,21.9419,0.0,1,-4.7,0.246,40.38771430540936
2026-09-01 01:43:46.004524200+00:00,47.2939,22.2207,0.0,1,5.4,0.152,51.88773784202941
2026-09-01 01:43:48.090521700+00:00,46.5329,22.38,0.0,1,-6.8,0.313,124.84422332728421
2026-09-01 01:43:53.423441200+00:00,47.205,22.8455,0.0,1,5.9,0.336,98.66817244572317
2026-09-01 01:43:53.663153600+00:00,47.242,22.8593,0.0,1,-4.1,0.124,98.17972098664504
2026-09-01 01:44:00.579701100+00:00,47.3043,22.1186,0.0,1,5.2,0.223,44.77965582100084
2026-09-01 01:44:00.851076600+00:00,47.3039,22.1184,0.0,1,4.6,0.149,44.79247667889929
2026-09-01 01:44:00.897152300+00:00,47.3041,22.1188,0.0,1,3.6,0.187,44.804688625934794
2026-09-01 01:44:01.053892100+00:00,46.5147,22.382,0.0,1,3.9,0.397,126.72043399764407
2026-09-01 01:44:02.154766400+00:00,47.0452,22.4242,0.0,1,-7.2,0.278,80.85655143555675
2026-09-01 01:44:05.256789800+00:00,47.6507,22.3318,0.0,1,8.9,0.27,54.46599090861139
2026-09-01 01:44:08.699001500+00:00,47.3487,22.6483,0.0,1,-4.9,0.32,79.43410403693731
2026-09-01 01:44:08.740985300+00:00,47.3676,22.5984,0.0,1,-7.1,0.376,75.26324827389834
2026-09-01 01:44:08.797503900+00:00,47.3275,22.6874,0.0,1,-10.3,0.331,82.90965114942024
2026-09-01 01:44:09.185717100+00:00,47.2661,22.3119,0.0,1,3.9,0.256,59.38539148417131
2026-09-01 01:44:09.235636+00:00,47.2674,22.3115,0.0,1,4.9,0.197,59.28695997448789
2026-09-01 01:44:19.374127300+00:00,47.2523,22.3517,0.0,1,-4.5,0.237,62.75380443709982
2026-09-01 01:44:22.685009900+00:00,46.9689,23.1458,11.7,2,-11.7,0.059,130.5777500541238
2026-09-01 01:44:22.711691+00:00,46.9705,23.1578,0.0,1,6.7,0.472,131.28724019755987
2026-09-01 01:44:27.532357200+00:00,47.2937,22.0922,0.0,1,4.1,1.92,43.85807477902026
2026-09-01 01:44:30.163449300+00:00,47.2908,22.0205,0.0,1,-9.3,0.226,39.90464484484033
2026-09-01 01:44:30.472756600+00:00,47.1822,21.8841,0.0,1,10.9,0.184,43.40069803626366
2026-09-01 01:44:30.623243900+00:00,47.1761,21.7982,0.0,1,-6.7,0.157,41.573360350190775
2026-09-01 01:44:35.584484700+00:00,47.8079,21.6149,0.0,1,-6.0,0.545,30.737185220156913
2026-09-01 01:44:35.878692500+00:00,47.7238,21.5838,0.0,1,-8.6,0.147,21.618850528814246
2026-09-01 01:44:36.384949700+00:00,47.766,21.6697,0.0,1,-34.0,0.445,26.25689720343732
2026-09-01 01:44:38.404495900+00:00,47.2855,22.2449,0.0,1,-3.8,0.229,53.93385206551812
2026-09-01 01:44:40.990023900+00:00,46.3711,22.3808,0.0,1,33.7,0.471,141.14651396949077
2026-09-01 01:44:41.086013100+00:00,46.3405,22.3678,0.0,1,-8.4,0.367,143.88176846637742
2026-09-01 01:44:44.101974400+00:00,47.2264,22.0484,0.0,1,5.0,0.296,46.44358583147146
2026-09-01 01:44:44.102297800+00:00,47.2251,22.057,0.0,1,-4.0,0.262,46.99304199465435
2026-09-01 01:44:44.812201400+00:00,47.0346,22.4397,0.0,1,-11.4,0.248,82.51856208036634
2026-09-01 01:44:45.146479900+00:00,47.364,22.657,0.0,1,-6.9,0.395,79.64069824593022
2026-09-01 01:44:45.147176100+00:00,47.3634,22.6552,0.0,1,7.6,0.297,79.52520329943171
2026-09-01 01:44:45.148066500+00:00,47.3652,22.6523,0.0,1,10.9,0.295,79.26503031871103
2026-09-01 01:44:45.253060500+00:00,47.3123,22.6716,0.0,1,-3.9,0.359,82.26314540806212
2026-09-01 01:44:45.507099700+00:00,47.3559,22.6669,0.0,1,4.9,0.157,80.58410438028382
2026-09-01 01:44:45.978121800+00:00,46.5242,22.3813,0.0,1,-5.9,0.25,125.75233809533769
2026-09-01 01:44:47.701111500+00:00,47.3267,22.2887,0.0,1,-17.9,0.27,54.72130546626945
2026-09-01 01:44:48.137502300+00:00,47.3264,22.2904,0.0,1,-10.5,0.219,54.85159543348263
2026-09-01 01:44:49.930501700+00:00,46.6955,22.5767,0.0,1,6.8,0.378,117.49287103253627
2026-09-01 01:44:54.206290300+00:00,47.3036,22.2344,0.0,1,-5.4,0.311,52.241967006261106
2026-09-01 01:45:02.971234500+00:00,46.6923,22.4661,0.0,1,-6.2,0.302,112.86569792442683
2026-09-01 01:45:02.971757800+00:00,46.6937,22.4695,0.0,1,-7.3,0.183,112.88159895691143
2026-09-01 01:45:03.124028600+00:00,47.2841,22.2468,0.0,1,5.0,0.288,54.13661272935177
2026-09-01 01:45:03.129697+00:00,47.244,22.381,0.0,1,6.1,0.318,65.13161081650861
2026-09-01 01:45:03.136021400+00:00,47.264,22.3184,0.0,1,-4.0,0.234,59.92687765974642
2026-09-01 01:45:03.149667400+00:00,46.7303,22.4562,0.0,1,-17.1,0.274,108.95190082121519
2026-09-01 01:45:08.230338100+00:00,46.9529,21.3722,0.0,1,-5.6,0.19,67.16821482908705
2026-09-01 01:45:08.244596100+00:00,46.9844,21.4006,0.0,1,4.6,0.126,63.20531128865731
2026-09-01 01:45:15.291538900+00:00,47.3598,22.6379,0.0,1,-5.2,0.256,78.3605521371251
2026-09-01 01:45:15.514844400+00:00,47.3596,22.6374,0.0,1,-17.3,0.358,78.32965481971709
2026-09-01 01:45:15.546491200+00:00,47.3608,22.6288,0.0,1,-6.1,0.337,77.66911691975727
2026-09-01 01:45:15.582202600+00:00,47.3599,22.6342,0.0,1,-8.9,0.357,78.08795400048007
2026-09-01 01:45:15.953702700+00:00,47.311,22.2348,0.0,1,3.8,0.286,51.871336556413375
2026-09-01 01:45:16.126387+00:00,47.3088,22.2474,0.0,1,3.5,0.355,52.82364659228677
2026-09-01 01:45:25.802842700+00:00,47.263,22.3471,0.0,1,4.8,0.3,61.86530301481409
2026-09-01 01:45:27.463616500+00:00,47.0765,22.5114,0.0,1,9.4,0.4,83.69380617899954
2026-09-01 01:45:27.464015600+00:00,47.0753,22.5149,0.0,1,-18.8,0.272,83.98530052698997
2026-09-01 01:45:27.481082900+00:00,47.0736,22.5181,0.0,1,-6.1,0.105,84.29263085361842
2026-09-01 01:45:27.641269700+00:00,47.0638,22.4984,0.0,1,-10.3,0.259,83.79069529605646
2026-09-01 01:45:27.760628700+00:00,47.0809,22.1918,0.0,1,-6.9,0.215,65.75032299869159
2026-09-01 01:45:27.761206800+00:00,47.0777,22.1979,0.0,1,-4.2,0.264,66.32020805492685
2026-09-01 01:45:28.027678300+00:00,47.2349,23.0078,0.0,1,-12.9,0.382,109.0452460434894
2026-09-01 01:45:28.065347800+00:00,47.0788,22.1963,0.0,1,-6.0,0.126,66.14857521121945
2026-09-01 01:45:28.069569700+00:00,47.2531,23.0361,0.0,1,-6.6,0.352,110.4761543308243
2026-09-01 01:45:30.001821500+00:00,47.2875,22.2399,0.0,1,-5.6,0.251,53.49603176845986
2026-09-01 01:45:35.210793500+00:00,47.3193,22.2985,0.0,1,6.1,0.257,55.73910387993417
2026-09-01 01:45:35.285046200+00:00,47.3223,22.2609,0.0,1,-8.1,0.203,53.041806888337206
2026-09-01 01:45:36.638860+00:00,47.2903,22.0441,0.0,1,14.6,0.155,41.274839300977874
2026-09-01 01:45:36.708286700+00:00,47.2644,22.0449,0.0,1,-5.0,0.15,43.25177583135921
2026-09-01 01:45:36.794666800+00:00,47.2382,21.9397,0.0,1,-6.5,0.188,40.21850691328272
2026-09-01 01:45:36.803975500+00:00,47.2852,22.1272,0.0,1,-8.9,0.273,46.53872517884703
2026-09-01 01:45:37.762441100+00:00,46.4794,22.3959,0.0,1,7.7,0.319,130.70964822543544
2026-09-01 01:45:38.009456600+00:00,46.4816,22.3899,0.0,1,-8.8,0.246,130.2876692829828
2026-09-01 01:45:38.707974100+00:00,47.0947,22.6245,0.0,1,17.1,0.31,89.5078798551906
2026-09-01 01:45:38.708490400+00:00,47.0919,22.6371,0.0,1,-11.9,0.418,90.47669832561962
2026-09-01 01:45:50.033007+00:00,47.3156,22.2372,0.0,1,9.3,0.304,51.789552681410164
2026-09-01 01:45:50.046770+00:00,47.3114,22.2421,0.0,1,5.5,0.237,52.33491981416792
2026-09-01 01:45:50.123822400+00:00,47.2934,22.1911,0.0,1,-3.8,0.274,50.01354585068398
2026-09-01 01:45:50.472674200+00:00,47.3129,22.2352,0.0,1,6.4,0.253,51.79760516348449
2026-09-01 01:45:50.511961200+00:00,47.308,22.2621,0.0,1,5.9,0.355,53.84427063600699
2026-09-01 01:45:50.519607200+00:00,47.3125,22.2385,0.0,1,4.0,0.108,52.037903507414946
2026-09-01 01:45:50.863930300+00:00,47.5157,22.0678,0.0,1,-4.4,0.253,33.12359461238874
2026-09-01 01:45:53.716553900+00:00,47.0408,22.4738,0.0,1,-12.5,0.218,83.99388967884403
2026-09-01 01:45:53.929763400+00:00,47.2861,22.0593,0.0,1,3.7,0.159,42.45033824527594
2026-09-01 01:45:54.209775700+00:00,47.2733,22.0394,0.0,1,3.9,0.308,42.27143891025929
2026-09-01 01:45:54.413096700+00:00,47.2736,22.0375,0.0,1,3.9,0.248,42.14385335057307
2026-09-01 01:46:02.404250400+00:00,46.9363,23.0375,10.6,2,-7.9,0.185,125.36915937840249
2026-09-01 01:46:08.266105900+00:00,47.2483,22.3759,0.0,1,8.3,0.195,64.5607791800426
2026-09-01 01:46:16.056700200+00:00,47.3651,22.6663,0.0,1,8.3,0.371,80.29167812579655
2026-09-01 01:46:16.218533200+00:00,47.3652,22.666,0.0,1,4.0,0.502,80.26709185013786
2026-09-01 01:46:16.357387300+00:00,47.3131,22.2437,0.0,1,3.4,0.085,52.35268284150686
2026-09-01 01:46:16.358828700+00:00,47.3132,22.2407,0.0,1,5.2,0.258,52.14764950607907
2026-09-01 01:46:16.889424700+00:00,47.3054,22.2069,0.0,1,3.7,0.172,50.34191209289296
2026-09-01 01:46:26.703779800+00:00,47.0463,22.4698,0.0,1,3.5,0.166,83.36511516275736
2026-09-01 01:46:27.745948500+00:00,46.3797,22.3887,0.0,1,6.6,0.419,140.51641746728157
2026-09-01 01:46:30.407246400+00:00,47.2662,22.0516,0.0,1,11.2,0.194,43.48314432114237
2026-09-01 01:46:30.407380900+00:00,47.2662,22.053,0.0,1,10.6,0.295,43.56059228740782
2026-09-01 01:46:30.420645100+00:00,47.266,22.0582,0.0,1,-6.8,0.23,43.86429105681915
2026-09-01 01:46:30.427257500+00:00,47.2654,22.0482,0.0,1,5.1,0.26,43.356405531417295
2026-09-01 01:46:30.563912+00:00,47.2538,22.0723,0.0,1,-8.1,0.242,45.56608463899189
2026-09-01 01:46:35.696309700+00:00,47.687,21.6808,0.0,1,8.3,0.186,17.73902811862382
2026-09-01 01:46:35.696777400+00:00,47.6884,21.6774,0.0,1,-4.5,0.189,17.835285322606705
2026-09-01 01:46:35.756289100+00:00,47.2943,22.2348,0.0,1,-5.6,0.315,52.78110816286243
2026-09-01 01:46:35.942178800+00:00,47.6402,21.6923,0.0,1,-5.6,0.156,13.022645186536458
2026-09-01 01:46:36.173624800+00:00,47.2761,22.2234,0.0,1,-8.7,0.263,53.10127632725815
2026-09-01 01:46:37.915646+00:00,46.6928,22.5997,10.2,2,6.0,0.27,118.80173587642848
2026-09-01 01:46:47.643195500+00:00,46.5226,22.4068,0.0,1,-10.4,0.363,126.80009834944856
2026-09-01 01:46:47.663420500+00:00,46.5213,22.3798,0.0,1,-5.0,0.366,125.98885841493258
2026-09-01 01:46:48.650056600+00:00,47.2351,23.0031,0.0,1,-25.6,0.45,108.7011051730547
2026-09-01 01:46:48.673715+00:00,47.2393,23.0441,0.0,1,-10.8,0.459,111.50526790885928
2026-09-01 01:46:48.705327500+00:00,47.2367,23.0612,0.0,1,-8.7,0.456,112.82354732643795
2026-09-01 01:46:49.003199300+00:00,47.3018,23.0504,0.0,1,5.4,0.478,110.0808648895633
2026-09-01 01:46:51.223232700+00:00,47.3621,22.6499,0.0,1,-12.6,0.312,79.17310953686142
2026-09-01 01:46:51.577976900+00:00,47.32,22.6605,0.0,1,-9.0,0.381,81.20837660174257
2026-09-01 01:46:58.657010600+00:00,46.6936,22.4719,0.0,1,10.6,0.453,112.99343424875923
2026-09-01 01:46:58.732386100+00:00,46.7001,22.4768,0.0,1,-8.8,0.322,112.60717122377389
2026-09-01 01:46:59.661732900+00:00,47.2876,22.3716,0.0,1,-8.9,0.313,62.23470303410362
2026-09-01 01:47:00.007550200+00:00,47.2589,22.3242,0.0,1,-7.9,0.279,60.59020920995754
2026-09-01 01:47:01.755318900+00:00,47.2772,22.0482,0.0,1,7.6,0.18,42.468799020553234
2026-09-01 01:47:01.756336100+00:00,47.2771,22.0409,0.0,1,7.5,0.632,42.06812018975317
2026-09-01 01:47:01.757352700+00:00,47.279,22.0468,0.0,1,3.3,0.145,42.25656670694508
2026-09-01 01:47:01.794865+00:00,47.274,22.0615,0.0,1,4.9,0.192,43.454976831649816
2026-09-01 01:47:02.152599700+00:00,47.2944,21.7505,0.0,1,3.3,0.176,27.95716449870214
2026-09-01 01:47:02.733785900+00:00,47.2503,21.8366,0.0,1,-4.5,0.235,35.0231927027274
2026-09-01 01:47:02.747143400+00:00,47.2477,21.7947,0.0,1,5.1,0.468,33.99057544860897
2026-09-01 01:47:03.063918900+00:00,47.7865,21.6385,0.0,1,-3.4,0.17,28.35599620360453
2026-09-01 01:47:03.949358100+00:00,47.7875,21.6406,0.0,1,8.4,0.243,28.472210684107246
2026-09-01 01:47:03.952762100+00:00,47.7239,21.6594,0.0,1,-3.3,0.062,21.517669718430078
2026-09-01 01:47:04.109911600+00:00,47.7235,21.6588,0.0,1,-4.5,0.173,21.468481643867403
2026-09-01 01:47:08.062735300+00:00,47.2572,22.3874,0.0,1,3.5,0.203,64.8420618345652
2026-09-01 01:47:08.815988+00:00,47.3277,22.2003,0.0,1,-5.1,0.117,48.701863940817276
2026-09-01 01:47:08.890094800+00:00,47.2091,22.8683,0.0,1,-6.0,0.429,100.0990428116545
2026-09-01 01:47:09.055115+00:00,47.3233,22.2911,0.0,1,7.3,0.161,55.04497251336398
2026-09-01 01:47:10.903946500+00:00,47.644,22.3363,0.0,1,18.0,0.3,54.62142126763058
2026-09-01 01:47:10.904315100+00:00,47.6465,22.3358,0.0,1,15.5,0.353,54.648004144357955
2026-09-01 01:47:18.913808100+00:00,47.2442,22.3785,0.0,1,-7.0,0.272,64.95668430232661
2026-09-01 01:47:22.451856800+00:00,47.0978,22.636,0.0,1,18.4,0.288,90.05026349344375
2026-09-01 01:47:22.481352300+00:00,47.0954,22.6388,0.0,1,-6.3,0.377,90.3729774238775
2026-09-01 01:47:24.367280800+00:00,47.7131,21.6228,0.0,1,-3.6,0.093,20.184696982194183
2026-09-01 01:47:24.672461300+00:00,46.9615,21.3801,0.0,1,11.8,0.144,66.0813490622599
2026-09-01 01:47:24.696555+00:00,46.9716,21.3865,0.0,1,-6.3,0.185,64.86725608482999
2026-09-01 01:47:24.698770100+00:00,47.6443,21.711,0.0,1,5.4,0.139,14.015910080876353
2026-09-01 01:47:24.707655700+00:00,47.6859,21.574,0.0,1,4.9,0.123,17.616505477581473
2026-09-01 01:47:28.258066600+00:00,47.0492,22.4551,0.0,1,17.2,0.353,82.31136201534304
2026-09-01 01:47:28.258312500+00:00,47.0498,22.4628,0.0,1,15.5,0.27,82.7092081535002
2026-09-01 01:47:28.368879800+00:00,47.0483,22.4728,0.0,1,-4.5,0.178,83.39330787931688
2026-09-01 01:47:28.542649900+00:00,47.3207,22.2493,0.0,1,-13.2,0.25,52.33918121499858
2026-09-01 01:47:28.545260500+00:00,47.3202,22.2521,0.0,1,3.4,0.28,52.55261941787743
2026-09-01 01:47:28.546297+00:00,47.3189,22.2526,0.0,1,-8.4,0.27,52.651556539872814
2026-09-01 01:47:28.548395500+00:00,47.3222,22.2465,0.0,1,4.1,0.279,52.07557592437733
2026-09-01 01:47:28.560001600+00:00,47.3238,22.2513,0.0,1,7.1,0.265,52.31935112554532
2026-09-01 01:47:28.579397900+00:00,47.3247,22.2459,0.0,1,7.7,0.246,51.91042334194591
2026-09-01 01:47:29.128390700+00:00,47.373,22.1737,0.0,1,5.0,0.263,44.70904538036736
2026-09-01 01:47:29.318298900+00:00,47.3621,22.1247,0.0,1,25.4,0.271,41.88375897583745
2026-09-01 01:47:29.410925800+00:00,47.3203,22.2471,0.0,1,-11.8,0.269,52.211434812737394
2026-09-01 01:47:29.525598900+00:00,47.3605,22.128,0.0,1,5.6,0.186,42.185962813051006
2026-09-01 01:47:29.609900900+00:00,47.386,22.1404,0.0,1,-9.0,0.168,41.8350456485413
2026-09-01 01:47:29.619676200+00:00,47.494,21.8949,0.0,1,5.3,0.11,20.528060637187934
2026-09-01 01:47:37.029570700+00:00,47.2578,22.3923,0.0,1,-3.7,0.392,65.13624013571531
2026-09-01 01:47:37.164674700+00:00,47.2748,22.3346,0.0,1,6.4,0.25,60.40667079958642
2026-09-01 01:47:43.496957800+00:00,47.3699,22.665,0.0,1,5.7,0.357,80.07156741366141
2026-09-01 01:47:43.787081600+00:00,47.3684,22.6723,0.0,1,-9.7,0.259,80.64499578669971
2026-09-01 01:47:50.236192+00:00,47.2596,22.4272,0.0,1,-11.2,0.261,67.37877379687123
2026-09-01 01:47:50.478761200+00:00,47.2593,22.4238,0.0,1,-18.1,0.265,67.1653687723917
2026-09-01 01:47:50.538221+00:00,47.2592,22.4259,0.0,1,-13.6,0.304,67.31155514959313
2026-09-01 01:47:50.708399800+00:00,47.259,22.4297,0.0,1,-4.4,0.213,67.5771845674108
2026-09-01 01:47:50.834039+00:00,46.3672,22.4032,0.0,1,-10.6,0.241,142.23937515487967
2026-09-01 01:47:50.848399200+00:00,46.381,22.4265,0.0,1,5.6,0.415,141.58927530155077
2026-09-01 01:47:50.883129900+00:00,46.3634,22.3791,0.0,1,-5.8,0.393,141.87939853733914
2026-09-01 01:47:57.913364400+00:00,46.9899,21.5704,0.0,1,11.2,0.125,60.387141137676295
2026-09-01 01:47:58.057740800+00:00,47.0009,21.5984,0.0,1,-8.6,0.186,59.051424598236544
2026-09-01 01:47:58.118657100+00:00,47.03,21.5693,0.0,1,81.5,0.158,55.94671315697252
2026-09-01 01:47:58.160934800+00:00,47.3158,22.2389,0.0,1,3.9,0.296,51.89252911138445
2026-09-01 01:47:58.231333+00:00,47.3306,22.2445,0.0,1,4.2,0.171,51.525767352514066
2026-09-01 01:47:58.248051600+00:00,47.1443,21.6205,0.0,1,47.4,0.156,43.06884328259335
2026-09-01 01:47:58.337701100+00:00,47.2203,21.4756,0.0,1,37.2,0.162,36.45104792488655
2026-09-01 01:47:58.437342+00:00,47.2231,21.7612,0.0,1,3.9,0.159,35.754604955743716
2026-09-01 01:48:01.443223300+00:00,47.3895,22.6383,0.0,1,16.9,0.31,77.63002794961511
2026-09-01 01:48:01.582245700+00:00,47.3844,22.6789,0.0,1,-12.2,0.348,80.73751886493724
2026-09-01 01:48:10.345552300+00:00,47.2776,22.6533,0.0,1,-14.1,0.369,82.21783092119516
2026-09-01 01:48:10.346042+00:00,47.2804,22.6769,0.0,1,-6.8,1.077,83.78174037243834
2026-09-01 01:48:15.535092+00:00,46.4349,22.4453,0.0,1,-5.1,0.253,136.8251229571954
2026-09-01 01:48:15.781093200+00:00,46.4545,22.4631,0.0,1,4.6,0.334,135.50731782453363
2026-09-01 01:48:15.863271100+00:00,46.5078,22.4335,0.0,1,8.0,0.222,129.20711032644243
2026-09-01 01:48:16.401697400+00:00,47.3462,21.9702,0.0,1,5.1,0.17,33.016483582580925
2026-09-01 01:48:16.797553300+00:00,47.262,21.9393,0.0,1,13.2,0.175,38.081360766463796
2026-09-01 01:48:22.545225100+00:00,47.2664,22.3969,0.0,1,4.5,0.172,64.9989728758769
2026-09-01 01:48:26.868103+00:00,47.2849,22.2609,0.0,1,-4.1,0.219,55.00826274523022
2026-09-01 01:48:30.196340800+00:00,47.2355,23.0003,0.0,1,5.6,0.33,108.4863747599476
2026-09-01 01:48:30.207970400+00:00,47.2332,23.0268,0.0,1,-28.2,0.499,110.46773063766884
2026-09-01 01:48:30.221056700+00:00,47.237,23.0086,0.0,1,-9.0,0.416,109.0303011926249
2026-09-01 01:48:30.523498+00:00,47.3001,23.092,0.0,1,-7.0,1.377,113.17217635605368
2026-09-01 01:48:30.524563100+00:00,47.3019,23.053,0.0,1,6.2,0.423,110.26847474720864
2026-09-01 01:48:30.525728+00:00,47.3023,23.0516,0.0,1,6.5,0.469,110.15531067675988
2026-09-01 01:48:30.529097200+00:00,47.2899,23.0453,0.0,1,4.5,0.423,110.0350490150952
2026-09-01 01:48:30.537962400+00:00,47.2341,23.0216,0.0,1,3.7,0.413,110.06340765913609
2026-09-01 01:48:30.539951100+00:00,47.2634,23.0295,0.0,1,4.6,0.334,109.67253699972646
2026-09-01 01:48:30.688723400+00:00,47.2348,22.9891,0.0,1,-22.2,0.396,107.70772299889497
2026-09-01 01:48:30.879412500+00:00,47.2136,22.9757,0.0,1,-6.7,0.503,107.51925010008539
2026-09-01 01:48:34.182398100+00:00,47.0657,22.5345,0.0,1,5.0,0.357,85.81280870897649
2026-09-01 01:48:34.457076700+00:00,47.0668,22.532,0.0,1,-4.1,0.361,85.58811709118856
2026-09-01 01:48:38.323475700+00:00,47.0932,21.8624,0.0,1,11.5,0.219,51.869982109036805
2026-09-01 01:48:38.501494700+00:00,47.0938,21.8643,0.0,1,-6.0,0.122,51.85643028836121
2026-09-01 01:48:39.348491800+00:00,47.0924,21.8517,0.0,1,-10.8,0.189,51.68400188014337
2026-09-01 01:48:43.329213900+00:00,46.7103,22.4822,0.0,1,47.3,0.295,111.90992658600341
2026-09-01 01:48:43.336739100+00:00,46.7081,22.4766,0.0,1,-27.2,0.345,111.86648973210713
2026-09-01 01:48:43.364529900+00:00,46.7267,22.4734,0.0,1,-10.9,0.27,110.03245991477762
2026-09-01 01:48:43.433573100+00:00,46.695,22.4861,0.0,1,-10.8,0.325,113.47653243802147
2026-09-01 01:48:43.537043+00:00,46.6943,22.489,0.0,1,-6.3,0.234,113.66633524696798
2026-09-01 01:48:43.598351700+00:00,46.7367,22.4792,0.0,1,-9.7,0.281,109.38428981465975
2026-09-01 01:48:45.594086600+00:00,47.0462,22.4689,0.0,1,23.8,0.284,83.32063520921758
2026-09-01 01:48:45.595941100+00:00,47.0505,22.4743,0.0,1,-5.8,0.194,83.32156367398606
2026-09-01 01:48:45.751202700+00:00,47.0381,22.4955,0.0,1,-8.1,0.48,85.43848327540096
2026-09-01 01:48:47.186688900+00:00,47.3554,22.6695,0.0,1,12.2,0.415,80.78763332585204
2026-09-01 01:48:55.393981200+00:00,46.3831,22.431,0.0,1,14.5,0.334,141.52464506429865
2026-09-01 01:48:55.396230900+00:00,46.385,22.4277,0.0,1,-7.6,0.342,141.22568055657942
2026-09-01 01:49:00.094915300+00:00,47.2657,22.3941,0.0,1,15.4,0.264,64.84702937635983
2026-09-01 01:49:00.095442600+00:00,47.2647,22.3982,0.0,1,-4.8,0.264,65.17287774982347
2026-09-01 01:49:00.169687100+00:00,47.2915,22.4162,0.0,1,-7.3,0.33,65.0904796961906
2026-09-01 01:49:09.888609700+00:00,47.8735,21.4835,0.0,1,15.8,0.171,39.51110719485744
2026-09-01 01:49:10.138662700+00:00,47.8428,21.5312,0.0,1,3.4,0.176,35.34363513365924
2026-09-01 01:49:13.508846500+00:00,47.3313,22.2352,0.0,1,-11.8,0.216,50.86195856751504
2026-09-01 01:49:13.584984100+00:00,47.3214,22.2903,0.0,1,-7.1,0.293,55.08051850287367
2026-09-01 01:49:13.848719+00:00,47.3475,22.2473,0.0,1,-8.7,0.176,50.92483773226867
2026-09-01 01:49:13.874237300+00:00,47.3481,22.2441,0.0,1,-11.8,0.267,50.67742514642946
2026-09-01 01:49:14.314057900+00:00,47.3285,22.2784,0.0,1,-11.2,0.571,53.93295337935793
2026-09-01 01:49:28.953521400+00:00,47.359,22.6763,0.0,1,4.9,0.255,81.18565392634635
2026-09-01 01:49:36.858308500+00:00,47.0579,22.4149,0.0,1,3.3,1.575,79.38735311276976
2026-09-01 01:49:36.879364+00:00,47.054,22.4788,0.0,1,-8.0,0.32,83.33185893587864
2026-09-01 01:49:37.208492+00:00,47.1134,22.2052,0.0,1,-5.6,0.205,63.7166315977275
2026-09-01 01:49:37.329571600+00:00,47.1273,22.2335,0.0,1,-5.9,0.219,64.09591650790296
2026-09-01 01:49:40.054705700+00:00,47.2785,22.6628,0.0,1,-4.8,0.219,82.85495555586539
2026-09-01 01:49:40.184960500+00:00,47.2442,22.6701,0.0,1,-11.2,0.364,84.75901023067571
2026-09-01 01:49:40.506837600+00:00,47.2801,22.076,0.0,1,4.6,0.196,43.844257017608896
2026-09-01 01:49:40.521845100+00:00,47.2831,22.0818,0.0,1,8.3,0.242,43.97015627060649
2026-09-01 01:49:40.530782500+00:00,47.2799,22.0739,0.0,1,5.8,0.252,43.73693345008074
2026-09-01 01:49:40.538877100+00:00,47.286,22.0827,0.0,1,13.3,0.233,43.82044179605105
2026-09-01 01:49:40.632799500+00:00,47.2794,22.1,0.0,1,3.9,0.218,45.29829857362209
2026-09-01 01:49:40.743983800+00:00,47.2654,21.9984,0.0,1,-4.4,0.13,40.698124876629954
2026-09-01 01:49:40.788566300+00:00,47.2787,22.0866,0.0,1,3.7,0.088,44.55998105120805
2026-09-01 01:49:40.811036600+00:00,47.2723,21.8519,0.0,1,-3.4,0.26,33.42264851022614
2026-09-01 01:49:40.890524400+00:00,47.279,22.0872,0.0,1,5.8,0.21,44.57391261837905
2026-09-01 01:49:54.943663300+00:00,47.4122,22.4246,0.0,1,12.6,0.224,61.37976795921666
2026-09-01 01:50:00.680726700+00:00,47.0413,22.6259,0.0,1,5.9,0.399,92.98076658650223
2026-09-01 01:50:00.681229200+00:00,47.0669,22.4841,0.0,1,-4.1,0.356,82.73080048810293
2026-09-01 01:50:01.077687100+00:00,47.2722,22.401,0.0,1,5.3,0.331,64.98244904588256
2026-09-01 01:50:01.520505600+00:00,47.2722,22.4043,0.0,1,6.4,0.348,65.20509691463374
2026-09-01 01:50:02.838966100+00:00,46.9551,23.0911,0.0,1,27.4,0.614,127.74508094026997
2026-09-01 01:50:03.122085600+00:00,46.9437,23.1762,0.0,1,-9.6,0.472,133.96530340777724
2026-09-01 01:50:09.336181400+00:00,46.3879,22.4323,0.0,1,4.0,0.21,141.08472626253217
2026-09-01 01:50:10.691207400+00:00,47.306,22.2632,0.0,1,-4.8,0.158,54.02140648720895
2026-09-01 01:50:10.751798700+00:00,47.3293,22.2939,0.0,1,-3.7,0.128,54.95709452730691
2026-09-01 01:50:22.867232900+00:00,47.3451,22.973,0.0,1,-10.5,0.394,103.31189141033778
2026-09-01 01:50:23.154560900+00:00,47.3443,22.9589,0.0,1,-5.9,0.396,102.29208977710654
2026-09-01 01:50:24.102572800+00:00,47.2647,22.3912,0.0,1,-5.2,0.38,64.70425305148387
2026-09-01 01:50:24.103053900+00:00,47.2656,22.4047,0.0,1,4.0,0.391,65.56316785674575
2026-09-01 01:50:24.103963800+00:00,47.2689,22.4044,0.0,1,3.9,0.076,65.37661190619714
2026-09-01 01:50:24.105151500+00:00,47.2704,22.4066,0.0,1,4.0,0.132,65.44985470036535
2026-09-01 01:50:24.119745500+00:00,47.2631,22.3986,0.0,1,-17.6,0.255,65.28163952272891
2026-09-01 01:50:26.264275900+00:00,47.2918,22.17,0.0,1,5.7,0.227,48.77159246215453
2026-09-01 01:50:26.305999700+00:00,47.3018,22.143,0.0,1,-10.7,0.266,46.4597819905883
2026-09-01 01:50:26.358773+00:00,47.279,22.1408,0.0,1,-11.0,0.236,47.77372885273505
2026-09-01 01:50:33.824258800+00:00,47.326,22.3263,0.0,1,5.5,0.272,57.33627037973672
2026-09-01 01:50:43.751410+00:00,47.2791,22.0632,0.0,1,-14.7,0.304,43.179202577742984
2026-09-01 01:50:43.985572400+00:00,47.3213,22.0312,0.0,1,3.1,0.104,38.340923608284214
2026-09-01 01:50:44.914703700+00:00,47.387,21.7112,0.0,1,10.6,0.191,17.271756114565807
2026-09-01 01:50:45.681047+00:00,46.5575,22.503,10.3,2,5.4,0.209,127.02106134603672
2026-09-01 01:50:48.767639300+00:00,46.9843,21.5898,0.0,1,3.6,0.657,60.92274864887999
2026-09-01 01:50:50.915650500+00:00,46.3736,22.4303,0.0,1,-4.7,0.364,142.45814092044844
2026-09-01 01:50:52.103882100+00:00,47.085,22.6365,0.0,1,-14.7,0.403,90.8598548055278
2026-09-01 01:50:52.125025200+00:00,47.0914,22.6376,8.5,2,-7.4,0.284,90.53876448169206
2026-09-01 01:50:52.145486400+00:00,47.0925,22.6296,0.0,1,6.0,0.366,89.96488254780013
2026-09-01 01:50:56.613903500+00:00,46.6912,22.4391,0.0,1,-5.1,0.298,111.83197656153521
2026-09-01 01:50:56.634306900+00:00,46.691,22.4384,0.0,1,-14.1,0.316,111.82153884704418
2026-09-01 01:50:56.669394900+00:00,46.6956,22.4501,0.0,1,-17.7,0.338,111.88313583873189
2026-09-01 01:50:56.678004400+00:00,46.7049,22.4605,0.0,1,-10.8,0.283,111.46556105632405
2026-09-01 01:50:57.535215300+00:00,47.2903,22.325,0.0,1,4.1,0.12,58.960166680526385
2026-09-01 01:51:13.175642600+00:00,47.0511,22.4266,0.0,1,-7.4,0.414,80.55207248818614
2026-09-01 01:51:13.259478100+00:00,47.0581,22.516,0.0,1,-8.1,0.333,85.22810140432222
2026-09-01 01:51:14.366082+00:00,47.3902,22.6702,0.0,1,4.7,0.351,79.96360773927559
2026-09-01 01:51:23.625789600+00:00,47.3156,22.0466,0.0,1,-6.6,0.148,39.6474474459022
2026-09-01 01:51:23.957638300+00:00,47.2337,22.1163,0.0,1,-5.2,0.103,49.5249545701815
2026-09-01 01:51:28.100571700+00:00,47.8581,21.468,0.0,1,-13.8,0.161,38.21265848418117
2026-09-01 01:51:28.204885600+00:00,47.8779,21.4914,0.0,1,-12.0,0.15,39.82694573307921
2026-09-01 01:51:30.575404300+00:00,47.7117,21.6955,0.0,1,-9.4,0.144,20.66823107745886
2026-09-01 01:51:30.595575400+00:00,47.7142,21.7,0.0,1,-7.3,0.108,21.0225417909007
2026-09-01 01:51:31.026245600+00:00,47.6542,21.614,0.0,1,-5.8,0.17,13.668932632454748
2026-09-01 01:51:31.286775600+00:00,47.6832,21.6731,0.0,1,-15.3,0.186,17.203278398721498
2026-09-01 01:51:31.297599600+00:00,47.7104,21.6955,0.0,1,6.0,0.161,20.52821497538158
2026-09-01 01:51:31.557206800+00:00,47.3497,22.2766,0.0,1,6.1,0.279,52.85492251274304
2026-09-01 01:51:31.576516+00:00,47.3516,22.2858,0.0,1,3.8,0.137,53.41445939722159
2026-09-01 01:51:31.829901500+00:00,47.6835,21.6691,0.0,1,-20.1,0.196,17.178741741489407
2026-09-01 01:51:36.686487200+00:00,47.4152,22.4306,0.0,1,4.4,0.233,61.74767201840121
2026-09-01 01:51:36.686724+00:00,47.4159,22.4305,0.0,1,-4.4,0.161,61.723659883054594
2026-09-01 01:51:42.393742800+00:00,46.569,22.515,0.0,1,-13.0,0.456,126.40997919090468
2026-09-01 01:51:42.628213300+00:00,47.1254,22.7007,0.0,1,5.9,0.335,92.65283182617374
2026-09-01 01:51:51.186436800+00:00,47.2976,22.1865,0.0,1,-8.1,0.311,49.47164275012042
2026-09-01 01:51:51.790743100+00:00,46.4289,22.4536,0.0,1,20.7,0.387,137.7070716010215
2026-09-01 01:51:51.791003700+00:00,46.4274,22.4611,0.0,1,16.2,0.289,138.11561622923318
2026-09-01 01:52:00.670430600+00:00,47.2988,22.3723,0.0,1,-7.4,0.332,61.744374798346065
2026-09-01 01:52:04.216996800+00:00,47.2973,22.063,0.0,1,-16.0,0.246,41.87530352884926
2026-09-01 01:52:04.277606100+00:00,47.2993,22.0535,0.0,1,-17.9,0.224,41.17773244261398
2026-09-01 01:52:04.357194400+00:00,47.278,22.0739,0.0,1,-18.5,0.218,43.87289108748503
2026-09-01 01:52:04.408602100+00:00,47.2779,22.0737,0.0,1,-19.8,0.209,43.868535486282084
2026-09-01 01:52:04.457590100+00:00,47.2783,22.0729,0.0,1,-13.4,0.214,43.79372965073762
2026-09-01 01:52:04.573197400+00:00,47.278,22.0739,0.0,1,-28.6,0.244,43.87289108748503
2026-09-01 01:52:04.619912500+00:00,47.3309,22.0733,0.0,1,-4.8,0.196,40.29297869206949
2026-09-01 01:52:04.647746+00:00,47.278,22.0741,0.0,1,-25.4,0.264,43.884422858493664
2026-09-01 01:52:04.649453+00:00,47.302,21.9876,0.0,1,-3.5,0.092,37.238588577815236
2026-09-01 01:52:07.523591200+00:00,47.3817,22.6711,0.0,1,28.1,0.309,80.22718261003573
2026-09-01 01:52:07.524628800+00:00,47.3816,22.6808,0.0,1,-8.4,0.372,80.94304485089546
2026-09-01 01:52:07.594114700+00:00,47.3796,22.7125,0.0,1,-5.3,0.366,83.32297105481142
2026-09-01 01:52:13.812467800+00:00,47.079,22.5734,0.0,1,4.0,0.345,87.30103831427692
2026-09-01 01:52:14.034708500+00:00,47.0657,22.5779,0.0,1,-8.6,0.376,88.44388925961212
2026-09-01 01:52:14.040008100+00:00,47.0821,22.5627,0.0,1,-4.4,0.434,86.4416260400426
2026-09-01 01:52:14.144622500+00:00,47.0662,22.5766,0.0,1,-31.7,0.34,88.33159878575763
2026-09-01 01:52:14.145989800+00:00,47.0909,22.6231,0.0,1,-9.5,0.311,89.65176941604157
2026-09-01 01:52:14.600550900+00:00,46.3922,22.3426,0.0,1,-5.3,2.041,137.83312903037378
2026-09-01 01:52:14.613185200+00:00,46.384,22.44,0.0,1,-19.8,0.291,141.73000001511804
2026-09-01 01:52:14.646018800+00:00,46.3483,22.4391,0.0,1,-19.1,0.27,145.29398894353642
2026-09-01 01:52:19.382091700+00:00,47.273,22.3564,0.0,1,3.0,0.139,61.95078627186746
2026-09-01 01:52:19.401516900+00:00,47.2773,22.3467,0.0,1,4.5,0.085,61.08033516584986
2026-09-01 01:52:19.617984800+00:00,47.2833,22.3252,0.0,1,-4.3,0.148,59.334831187116684
2026-09-01 01:52:19.718358400+00:00,47.2838,22.3975,0.0,1,-5.4,0.271,64.17653409745463
2026-09-01 01:52:21.085810100+00:00,47.2376,23.0852,0.0,1,8.8,0.429,114.5240722978938
2026-09-01 01:52:21.086523600+00:00,47.2381,23.088,0.0,1,6.8,0.535,114.7097828686671
2026-09-01 01:52:21.087444800+00:00,47.2398,23.0913,0.0,1,5.1,0.241,114.89274691056771
2026-09-01 01:52:21.237904900+00:00,47.2336,23.0956,0.0,1,6.4,0.402,115.40558904792651
2026-09-01 01:52:24.158518800+00:00,46.5591,22.5167,0.0,1,-4.4,0.391,127.41477161488716
2026-09-01 01:52:24.229432700+00:00,46.5656,22.5062,0.0,1,-9.9,0.336,126.37884889545482
2026-09-01 01:52:24.564358700+00:00,46.5364,22.4107,0.0,1,-10.9,0.352,125.58027778340198
2026-09-01 01:52:30.823054+00:00,47.2975,22.114,0.0,1,-4.1,0.087,44.930125977778104
2026-09-01 01:52:30.829723+00:00,47.3001,22.1074,0.0,1,3.8,0.377,44.35716344593983
2026-09-01 01:52:30.833237200+00:00,47.2988,22.1041,0.0,1,3.8,0.096,44.23997415679811
2026-09-01 01:52:30.836539500+00:00,47.2967,22.1148,0.0,1,7.8,0.185,45.03096881939177
2026-09-01 01:52:30.840939700+00:00,47.3004,22.1036,0.0,1,4.2,0.297,44.10509201245348
2026-09-01 01:52:30.852433400+00:00,47.2988,22.1198,0.0,1,-5.5,0.255,45.20323179654367
2026-09-01 01:52:31.231725900+00:00,47.2978,22.1152,0.0,1,4.7,0.116,44.98437942690025
2026-09-01 01:52:31.247678500+00:00,47.2974,22.115,0.0,1,3.9,0.147,44.99793881679981
2026-09-01 01:52:31.284003300+00:00,47.298,22.1142,0.0,1,13.7,0.232,44.910071847165874
2026-09-01 01:52:31.297113400+00:00,47.298,22.1114,0.0,1,7.2,0.188,44.738370763360884
2026-09-01 01:52:31.318065100+00:00,47.2973,22.1107,0.0,1,5.2,0.105,44.7409736737073
2026-09-01 01:53:01.200263+00:00,47.2732,22.1295,0.0,1,-9.4,0.259,47.477653288435526
2026-09-01 01:53:01.506168300+00:00,47.259,22.0091,0.0,1,-3.7,0.268,41.76974591587484
2026-09-01 01:53:01.801369600+00:00,47.3234,22.3316,0.0,1,-7.2,0.37,57.8184583659056
2026-09-01 01:53:01.844772+00:00,47.3484,22.3067,0.0,1,-14.0,0.257,55.007105040518695
2026-09-01 01:53:01.876354200+00:00,47.338,22.3209,0.0,1,4.2,0.307,56.43621382049301
2026-09-01 01:53:01.878421500+00:00,47.3388,22.3192,0.0,1,3.6,0.344,56.28372997833935
2026-09-01 01:53:01.879493700+00:00,47.338,22.3314,0.0,1,3.8,0.273,57.16704793339952
2026-09-01 01:53:01.881023700+00:00,47.3347,22.3275,0.0,1,7.1,0.309,57.036783274405906
2026-09-01 01:53:01.882912200+00:00,47.3406,22.3195,0.0,1,5.8,0.236,56.2278669714855
2026-09-01 01:53:01.885055300+00:00,47.3407,22.3184,0.0,1,4.4,0.248,56.14702013001895
2026-09-01 01:53:02.026732600+00:00,47.2725,22.4095,0.0,1,-5.5,0.181,65.54149031333665
2026-09-01 01:53:04.913657700+00:00,47.3713,22.6653,0.0,1,-17.4,0.337,80.05773465865545
2026-09-01 01:53:04.972306500+00:00,47.3562,22.6903,0.0,1,-12.2,0.296,82.28427589553307
2026-09-01 01:53:14.318196900+00:00,47.1233,22.2149,0.0,1,8.5,0.241,63.42321235063433
2026-09-01 01:53:14.433448500+00:00,47.1104,22.2237,0.0,1,-7.7,0.234,64.91905583804268
2026-09-01 01:53:16.153161900+00:00,46.3857,22.4432,0.0,1,-9.5,0.392,141.6653742533243
2026-09-01 01:53:16.176918200+00:00,46.3722,22.4644,0.0,1,-7.4,0.366,143.72435426676492
2026-09-01 01:53:16.233201+00:00,46.3566,22.4643,0.0,1,-14.1,0.343,145.2830078786334
2026-09-01 01:53:16.294311500+00:00,46.3947,22.4812,0.0,1,-7.7,0.392,142.05550745021276
2026-09-01 01:53:16.309274300+00:00,46.5518,22.5175,0.0,1,-3.8,0.388,128.13869592677943
2026-09-01 01:53:23.499308100+00:00,47.2597,22.0515,0.0,1,3.5,0.292,43.972835432615724
2026-09-01 01:53:23.728779600+00:00,47.2595,21.9672,0.0,1,3.3,0.269,39.623338988394075
2026-09-01 01:53:23.911234900+00:00,47.3243,22.0444,0.0,1,3.8,0.205,38.93339544427407
2026-09-01 01:53:23.921432800+00:00,47.2618,21.9753,0.0,1,4.1,0.328,39.82634884005813
2026-09-01 01:53:23.937388500+00:00,47.2622,21.9768,0.0,1,5.6,0.187,39.86719966630566
2026-09-01 01:53:29.595261200+00:00,46.9537,23.1897,0.0,1,-13.7,0.352,134.310578267958
2026-09-01 01:53:29.730904600+00:00,46.9845,23.2056,0.0,1,-7.0,0.462,133.74325230673782
2026-09-01 01:53:29.732566900+00:00,46.9825,23.193,0.0,1,8.6,0.469,133.00110133603084
2026-09-01 01:53:36.431375600+00:00,47.2782,22.4191,0.0,1,6.2,0.251,65.91489956199507
2026-09-01 01:53:36.941572800+00:00,47.2914,22.3909,0.0,1,6.1,0.244,63.36377615049197
2026-09-01 01:53:44.706086200+00:00,47.1996,23.0285,0.0,1,6.6,0.284,111.7992285885688
2026-09-01 01:53:50.986433500+00:00,47.3086,22.1858,0.0,1,49.3,0.77,48.79027126363993
2026-09-01 01:53:50.986639100+00:00,47.3081,22.1881,0.0,1,-18.1,0.287,48.967743980836104
2026-09-01 01:53:50.999303900+00:00,47.3101,22.1841,0.0,1,-5.8,0.259,48.594902460015916
2026-09-01 01:53:51.115862100+00:00,47.2931,22.2057,0.0,1,-3.8,0.154,50.96621542759096
2026-09-01 01:53:51.562661600+00:00,47.2729,22.3695,0.0,1,-4.7,0.265,62.83086699711795
2026-09-01 01:53:52.474943200+00:00,46.3735,22.4588,0.0,1,-10.9,0.322,143.40683038269356
2026-09-01 01:53:52.861315500+00:00,46.431,22.4706,0.0,1,3.8,0.341,138.09125444465533
2026-09-01 01:53:59.816862+00:00,47.3614,22.6713,0.0,1,-12.3,0.259,80.75567295053672
2026-09-01 01:53:59.839773300+00:00,47.3771,22.7029,0.0,1,-10.4,0.318,82.6755364694462
2026-09-01 01:54:00.439852300+00:00,47.6991,21.6999,0.0,1,22.7,0.207,19.403869772204263
2026-09-01 01:54:00.440239500+00:00,47.6983,21.7014,0.0,1,8.3,0.153,19.35048503049095
2026-09-01 01:54:00.477270300+00:00,47.7273,21.702,0.0,1,-3.6,0.232,22.469300070851887
2026-09-01 01:54:00.719637700+00:00,47.6922,21.6789,0.0,1,-3.7,0.256,18.27201247633421
2026-09-01 01:54:00.729970400+00:00,47.6985,21.6996,0.0,1,-3.8,0.146,19.333532700781554
2026-09-01 01:54:00.748993600+00:00,47.7145,21.6915,0.0,1,-4.1,0.187,20.89896559304399
2026-09-01 01:54:00.951618100+00:00,47.7375,21.5719,0.0,1,3.7,0.045,23.268307470491184
2026-09-01 01:54:05.670154+00:00,47.8954,21.6301,0.0,1,25.6,0.167,40.45325671368094
2026-09-01 01:54:05.821660700+00:00,47.8598,21.6503,0.0,1,-6.2,0.167,36.534748487011136
2026-09-01 01:54:06.667635400+00:00,47.2792,22.4093,0.0,1,13.6,0.161,65.20048059006277
2026-09-01 01:54:06.668149300+00:00,47.2821,22.404,0.0,1,-10.4,0.361,64.7003212039372
2026-09-01 01:54:11.071979200+00:00,47.301,22.1013,0.0,1,5.6,0.261,43.92544661355523
2026-09-01 01:54:11.080056800+00:00,47.3004,22.0851,0.0,1,-8.7,0.291,42.98169876487724
2026-09-01 01:54:11.556312200+00:00,47.301,22.1064,0.0,1,5.0,0.221,44.237577052814075
2026-09-01 01:54:11.666615+00:00,47.3014,22.1004,0.0,1,6.7,0.248,43.84439143341125
2026-09-01 01:54:32.088020400+00:00,47.1109,22.2873,0.0,1,-4.3,0.094,68.28806854142447
2026-09-01 01:54:32.446619700+00:00,47.1144,22.2761,0.0,1,-5.6,0.227,67.40592247988715
2026-09-01 01:54:34.557248800+00:00,46.3765,22.4344,0.0,1,-7.1,0.38,142.29970754807044
2026-09-01 01:54:37.754710+00:00,47.261,22.5606,0.0,1,7.3,0.23,76.42198109772224
2026-09-01 01:54:38.108025500+00:00,47.2387,22.5513,0.0,1,-9.7,0.29,76.81061802580167
2026-09-01 01:54:38.311947200+00:00,47.2386,22.5448,0.0,1,-6.1,0.313,76.37251939797655
2026-09-01 01:54:38.524098400+00:00,47.3118,22.109,0.0,1,-5.4,0.213,43.71147298337612
2026-09-01 01:54:38.584679300+00:00,47.3111,22.1131,0.0,1,-4.8,0.172,44.01106268080928
2026-09-01 01:54:38.714584+00:00,47.3122,22.1101,0.0,1,-8.5,0.193,43.75518034033991
2026-09-01 01:54:38.747070500+00:00,47.3116,22.1074,0.0,1,-5.1,0.223,43.62424949898491
2026-09-01 01:54:38.770597500+00:00,47.3117,22.1109,0.0,1,-8.8,0.249,43.83628723905616
2026-09-01 01:54:47.850378100+00:00,47.3469,22.2996,0.0,1,8.2,0.212,54.57467441694815
2026-09-01 01:54:47.851064600+00:00,47.3516,22.2898,0.0,1,5.0,0.287,53.69347989823077
2026-09-01 01:54:47.851830100+00:00,47.3455,22.2958,0.0,1,5.3,0.243,54.36967549048223
2026-09-01 01:54:47.852298400+00:00,47.3448,22.2939,0.0,1,12.7,0.147,54.267612216519886
2026-09-01 01:54:47.853212+00:00,47.3434,22.2912,0.0,1,5.6,0.262,54.14065861113135
2026-09-01 01:54:47.870261200+00:00,47.346,22.2943,0.0,1,4.5,0.273,54.24397230833126
2026-09-01 01:54:47.884586700+00:00,47.3427,22.2931,0.0,1,4.6,0.345,54.30284743091642
2026-09-01 01:54:53.715766700+00:00,47.2016,23.0382,0.0,1,5.7,0.208,112.41434208860804
2026-09-01 01:54:54.274235900+00:00,47.3281,22.7339,0.0,1,-12.8,0.401,86.26116346409916
2026-09-01 01:54:54.275034400+00:00,47.3268,22.7333,0.0,1,4.7,0.409,86.2566525096465
2026-09-01 01:54:54.275567100+00:00,47.3263,22.7487,0.0,1,7.0,0.309,87.3893884813588
2026-09-01 01:54:54.276120200+00:00,47.328,22.7387,0.0,1,-10.3,0.369,86.61261153105109
2026-09-01 01:54:54.277883400+00:00,47.328,22.7457,0.0,1,-5.2,0.363,87.12095805364622
2026-09-01 01:54:57.057952500+00:00,47.3036,22.1075,0.0,1,-4.4,0.104,44.137627661384776
2026-09-01 01:54:57.526083200+00:00,46.9982,21.5621,0.0,1,5.3,0.221,59.51506778965349
2026-09-01 01:54:57.572356100+00:00,47.3033,22.1049,0.0,1,6.5,0.229,43.996961348515896
2026-09-01 01:54:57.579765200+00:00,47.0757,21.7098,0.0,1,2.7,0.078,51.074009943005635
2026-09-01 01:54:57.606393800+00:00,46.9854,21.5731,0.0,1,50.4,0.198,60.87224427361314
2026-09-01 01:54:57.846353500+00:00,46.9976,21.7,0.0,1,-3.0,0.043,59.630956391909
2026-09-01 01:54:57.888562600+00:00,47.0787,21.472,0.0,1,-3.2,0.104,51.70359711009863
2026-09-01 01:54:57.981666300+00:00,47.0793,21.473,0.0,1,-3.0,0.053,51.621555688756345
2026-09-01 01:54:58.140106200+00:00,46.9735,21.3927,0.0,1,3.3,0.191,64.53442993432726
2026-09-01 01:55:05.138154300+00:00,47.0946,22.6455,0.0,1,-4.7,0.407,90.84759925891076
2026-09-01 01:55:05.138935600+00:00,47.0959,22.6437,0.0,1,7.3,0.207,90.65484837159113
2026-09-01 01:55:05.140055600+00:00,47.0963,22.6361,0.0,1,4.5,0.399,90.14698289176363
2026-09-01 01:55:05.140596+00:00,47.0982,22.6363,0.0,1,4.6,0.17,90.04530736691568
2026-09-01 01:55:07.911288400+00:00,46.6791,22.5382,0.0,1,4.3,0.387,117.2106357049472
2026-09-01 01:55:07.911833200+00:00,46.6797,22.537,7.7,2,12.6,0.229,117.10304320633828
2026-09-01 01:55:08.201191100+00:00,46.6991,22.5569,0.0,1,-13.7,0.29,116.26239614560988
2026-09-01 01:55:13.882617800+00:00,47.2882,22.3552,0.0,1,6.3,0.168,61.09655211618665
2026-09-01 01:55:20.515337400+00:00,47.0756,22.6907,0.0,1,-5.8,0.294,94.86883845726643
2026-09-01 01:55:32.603483400+00:00,47.3458,22.537,0.0,1,-11.9,0.216,71.46918553762099
2026-09-01 01:55:32.623645800+00:00,47.3443,22.5426,0.0,1,-5.6,0.207,71.92153425552524
2026-09-01 01:55:32.633916300+00:00,47.3457,22.5435,0.0,1,-6.3,0.147,71.94056486699338
2026-09-01 01:55:35.565541800+00:00,47.3603,22.3042,0.0,1,3.3,0.106,54.34941236590917
2026-09-01 01:55:35.584161200+00:00,47.3521,22.3173,0.0,1,-29.0,0.229,55.59768429421304
2026-09-01 01:55:35.607302800+00:00,47.352,22.3161,0.0,1,-23.8,0.22,55.51750903281555
2026-09-01 01:55:35.618445900+00:00,47.3521,22.3196,0.0,1,-6.0,0.166,55.759158660576475
2026-09-01 01:55:38.330994100+00:00,47.2352,23.1037,0.0,1,-13.6,0.343,115.93754997514338
2026-09-01 01:55:38.346591600+00:00,46.3953,22.4797,0.0,1,7.4,0.311,141.94407329487996
2026-09-01 01:55:38.348186800+00:00,46.391,22.4862,0.0,1,5.4,0.307,142.59578722654692
2026-09-01 01:55:38.350651300+00:00,46.3917,22.4834,0.0,1,5.0,0.251,142.42933343699605
2026-09-01 01:55:38.352198600+00:00,46.389,22.4734,0.0,1,4.6,0.324,142.35344096846777
2026-09-01 01:55:38.524512700+00:00,47.2803,23.0275,0.0,1,-5.0,0.21,109.01472222987873
2026-09-01 01:55:38.664922+00:00,46.403,22.4467,0.0,1,-5.5,0.213,140.05100722799295
2026-09-01 01:55:42.346655700+00:00,47.0869,22.6435,0.0,1,-4.5,0.363,91.18637675697522
2026-09-01 01:55:44.309075300+00:00,47.2959,22.1009,0.0,1,-4.8,0.051,44.2360214382597
2026-09-01 01:55:44.405179900+00:00,47.2704,22.1188,0.0,1,-10.0,0.179,47.031510931868944
2026-09-01 01:55:44.466731+00:00,47.2719,22.0426,0.0,1,-5.8,0.091,42.55424944975789
2026-09-01 01:55:44.673496700+00:00,47.2734,22.0448,0.0,1,-9.3,0.202,42.56300027285661
2026-09-01 01:55:48.184790700+00:00,47.3933,22.9279,0.0,1,9.1,0.508,98.97455211935723
2026-09-01 01:55:48.457742800+00:00,47.2622,22.9853,0.0,1,-34.0,0.397,106.51356419925207
2026-09-01 01:55:48.478937900+00:00,47.2618,22.9919,0.0,1,-6.8,0.268,107.00319801732988
2026-09-01 01:55:48.508475+00:00,47.2608,22.9964,0.0,1,-19.8,0.338,107.36042535552406
2026-09-01 01:55:48.530037600+00:00,47.261,22.9966,0.0,1,-14.0,0.172,107.36845310279944
2026-09-01 01:55:48.559865100+00:00,47.2606,22.9975,0.0,1,-35.4,0.39,107.44632097726695
2026-09-01 01:55:48.594523800+00:00,47.261,23.0006,0.0,1,-17.6,0.271,107.65749087232388
2026-09-01 01:55:54.956183300+00:00,46.5808,22.5222,0.0,1,-12.0,0.4,125.59051574123129
2026-09-01 01:55:55.012464400+00:00,46.543,22.4526,0.0,1,-6.7,0.388,126.47187463453876
2026-09-01 01:55:55.678310100+00:00,47.0962,22.7312,0.0,1,-12.1,0.513,96.27769648076685
2026-09-01 01:56:02.479557400+00:00,47.3452,22.7299,0.0,1,-32.4,0.779,85.47702433739579
2026-09-01 01:56:02.480027200+00:00,47.3413,22.7242,0.0,1,-7.6,0.338,85.17085728635088
2026-09-01 01:56:02.483637800+00:00,47.3448,22.7355,0.0,1,6.0,0.29,85.89673322475349
2026-09-01 01:56:02.525945200+00:00,47.3003,22.1024,0.0,1,-9.7,0.276,44.038278545525614
2026-09-01 01:56:02.619359300+00:00,47.2799,22.7217,0.0,1,-4.5,0.468,86.98576555667972
2026-09-01 01:56:02.930179300+00:00,47.3007,22.1082,0.0,1,3.4,0.232,44.367388660034194
2026-09-01 01:56:03.306930200+00:00,47.3008,22.1096,0.0,1,4.9,0.246,44.44688937993761
2026-09-01 01:56:03.401986400+00:00,47.0946,22.6574,0.0,1,-8.0,0.37,91.60684550409161
2026-09-01 01:56:03.403981700+00:00,47.0968,22.6583,0.0,1,4.2,0.18,91.53355712622695
2026-09-01 01:56:03.561407900+00:00,47.2945,22.4109,0.0,1,-6.4,0.324,64.58855849782616
2026-09-01 01:56:15.567869900+00:00,47.0765,22.7,0.0,1,-5.7,0.359,95.40853779410445
2026-09-01 01:56:18.080387700+00:00,47.1214,22.2971,0.0,1,-4.5,0.289,68.03622015489717
2026-09-01 01:56:21.438608900+00:00,47.2796,22.4212,0.0,1,-11.3,0.25,65.9908380283519
2026-09-01 01:56:21.466529200+00:00,47.2598,22.4025,0.0,1,-4.9,0.214,65.71240133589411
2026-09-01 01:56:21.670831900+00:00,47.2605,22.4004,0.0,1,-7.2,0.354,65.53590349006534
2026-09-01 01:56:21.768776400+00:00,47.2602,22.4022,0.0,1,-7.5,0.246,65.6717042869327
2026-09-01 01:56:27.835583300+00:00,47.8282,21.7461,0.0,1,7.1,0.181,34.15857581659681
2026-09-01 01:56:28.729182200+00:00,47.8257,21.7478,0.0,1,-17.3,0.2,33.92393306446344
2026-09-01 01:56:31.198858500+00:00,47.1032,22.649,0.0,1,-14.0,0.324,90.55871928696696
2026-09-01 01:56:34.458641400+00:00,47.2956,22.1,0.0,1,4.6,0.294,44.20136255916018
2026-09-01 01:56:49.869994700+00:00,47.2812,22.1657,0.0,1,-9.5,0.247,49.162198911371725
2026-09-01 01:56:50.258470800+00:00,47.2866,22.1884,0.0,1,-15.5,0.218,50.249511620351086
2026-09-01 01:56:51.330989700+00:00,46.5673,22.5372,0.0,1,-5.1,0.301,127.47224604044023
2026-09-01 01:56:55.749638700+00:00,47.0954,22.512,0.0,1,9.3,0.405,82.46708777665346
2026-09-01 01:57:06.583128500+00:00,47.2987,22.3464,0.0,1,-8.7,0.336,59.985544707416
2026-09-01 01:57:06.595527900+00:00,47.2982,22.3399,0.0,1,9.6,0.397,59.56919993382044
2026-09-01 01:57:06.600983800+00:00,47.3038,22.3392,0.0,1,-21.5,0.258,59.250370047716686
2026-09-01 01:57:06.616996600+00:00,47.2914,22.3588,0.0,1,-10.7,0.258,61.18187209657057
2026-09-01 01:57:06.619017200+00:00,47.2909,22.3459,0.0,1,-4.8,0.175,60.33491849213801
2026-09-01 01:57:12.067024300+00:00,47.3095,22.2047,0.0,1,4.5,0.29,49.97025735605575
2026-09-01 01:57:22.284636600+00:00,47.4086,22.4718,0.0,1,5.3,0.35,64.93319581484583
2026-09-01 01:57:22.455122800+00:00,47.4457,22.397,0.0,1,53.0,0.289,58.61725077247137
2026-09-01 01:57:22.946646700+00:00,47.4948,21.8079,0.0,1,30.6,0.177,14.167461587077474
2026-09-01 01:57:23.033978800+00:00,47.4821,21.8058,0.0,1,4.6,0.132,14.493387775683686
2026-09-01 01:57:23.524728100+00:00,47.4172,21.6182,0.0,1,-8.7,0.17,12.739072925587344
2026-09-01 01:57:23.531030500+00:00,47.4057,21.5701,0.0,1,-7.7,0.172,14.644811233400011
2026-09-01 01:57:23.567297200+00:00,47.4176,21.618,0.0,1,-2.9,0.147,12.695477915570644
2026-09-01 01:57:23.702635800+00:00,47.1191,21.9426,0.0,1,3.1,0.198,51.658636188110194
2026-09-01 01:57:23.738510100+00:00,47.1467,21.9153,0.0,1,-5.8,0.25,47.98635294023789
2026-09-01 01:57:24.091627900+00:00,47.1223,21.9217,0.0,1,-4.7,0.152,50.6328081019496
2026-09-01 01:57:24.092358300+00:00,47.0937,21.9552,0.0,1,9.6,0.181,54.60784560188781
2026-09-01 01:57:24.092835900+00:00,47.0917,21.9574,0.0,1,-4.8,0.239,54.88145698835085
2026-09-01 01:57:24.093451700+00:00,47.0966,21.9613,0.0,1,5.8,0.225,54.531006351932554
2026-09-01 01:57:24.216805200+00:00,47.0644,21.9405,0.0,1,-4.7,0.267,57.06712303552729
2026-09-01 01:57:24.532713+00:00,47.0679,21.944,0.0,1,-8.0,0.225,56.823157482891155
2026-09-01 01:57:29.115945+00:00,47.0858,22.6817,0.0,1,-5.2,0.25,93.68452286411166
2026-09-01 01:57:29.342330800+00:00,47.2118,23.0494,0.0,1,-16.5,0.455,112.83963747552764
2026-09-01 01:57:29.342831700+00:00,47.2104,23.0482,0.0,1,15.9,0.376,112.80441756101202
2026-09-01 01:57:29.568160300+00:00,47.2113,23.06,0.0,1,4.0,0.173,113.615345275798
2026-09-01 01:57:29.582411600+00:00,47.2123,23.0579,0.0,1,4.3,0.534,113.42937156779956
2026-09-01 01:57:29.599667500+00:00,47.212,23.0564,0.0,1,5.5,0.416,113.33284592228439
2026-09-01 01:57:31.047603500+00:00,47.2982,22.0968,0.0,1,-7.4,0.195,43.83535560522438
2026-09-01 01:57:35.757735900+00:00,47.1969,22.4803,0.0,1,-7.2,0.316,74.24549409883973
2026-09-01 01:57:35.818420800+00:00,47.2259,22.4576,0.0,1,-9.7,0.271,71.16095297076542
2026-09-01 01:57:36.044014200+00:00,47.205,22.4631,0.0,1,-6.1,0.365,72.66904970811571
2026-09-01 01:57:36.066492600+00:00,47.2248,22.4609,0.0,1,-5.1,0.282,71.43824373324891
2026-09-01 01:57:46.618629200+00:00,47.1069,22.6275,0.0,1,4.1,0.252,88.9631510910635
2026-09-01 01:57:55.593143+00:00,47.3256,22.4388,0.0,1,-3.4,0.206,65.20026058792067
2026-09-01 01:57:55.619926500+00:00,47.3365,22.4453,0.0,1,-7.1,0.265,65.23932274724181
2026-09-01 01:57:56.108834400+00:00,47.3367,22.4453,0.0,1,-9.9,0.322,65.23182093795953
2026-09-01 01:57:56.177926400+00:00,47.3361,22.4468,0.0,1,-12.1,0.297,65.36073608521895
2026-09-01 01:57:56.374076400+00:00,47.3365,22.4461,0.0,1,-11.5,0.274,65.29607378912895
2026-09-01 01:58:00.442951600+00:00,47.3023,22.1375,0.0,1,5.1,0.266,46.083795817579734
2026-09-01 01:58:02.701485300+00:00,47.1224,22.3031,0.0,1,-6.5,0.198,68.29794237107171
2026-09-01 01:58:02.716484200+00:00,47.1236,22.3042,0.0,1,11.1,0.254,68.27061863713489
2026-09-01 01:58:04.974208200+00:00,47.3229,22.742,0.0,1,-7.3,0.456,87.00568307287071
2026-09-01 01:58:04.974816200+00:00,47.3223,22.7459,0.0,1,-41.8,0.402,87.30668625696588
2026-09-01 01:58:04.976501100+00:00,47.3266,22.7499,0.0,1,13.9,0.435,87.46759219023525
2026-09-01 01:58:05.407527400+00:00,47.2564,22.7198,0.0,1,-12.8,0.3,87.74448320475564
2026-09-01 01:58:05.408204200+00:00,47.2925,22.7486,0.0,1,7.4,0.379,88.46419482184555
2026-09-01 01:58:18.047858900+00:00,46.7011,22.6808,0.0,1,8.3,0.202,121.99331628373001
2026-09-01 01:58:20.372431700+00:00,46.9511,22.5715,0.0,1,52.7,0.381,96.16122281810087
2026-09-01 01:58:27.569279800+00:00,46.3923,22.4707,0.0,1,-12.8,0.334,141.93265329989515
2026-09-01 01:58:27.596053400+00:00,46.4298,22.4958,11.5,2,-8.0,0.161,139.10493150703567
2026-09-01 01:58:36.104316300+00:00,46.9926,21.608,0.0,1,3.4,0.064,59.951757929307874
2026-09-01 01:58:36.118811500+00:00,46.9904,21.612,0.0,1,-9.4,0.188,60.18976894225438
2026-09-01 01:58:36.351630400+00:00,47.0993,21.5392,0.0,1,18.6,0.165,48.52619668130145
2026-09-01 01:58:58.888317200+00:00,47.368,22.3283,0.0,1,8.1,0.254,55.76156399768992
2026-09-01 01:58:58.890020300+00:00,47.3696,22.3318,0.0,1,7.8,0.261,55.952114888217594
2026-09-01 01:58:58.890551900+00:00,47.3686,22.3312,0.0,1,5.8,0.249,55.94580390414145
2026-09-01 01:58:58.891134500+00:00,47.3636,22.3368,0.0,1,5.6,0.207,56.52802327533703
2026-09-01 01:58:58.976189900+00:00,47.4098,22.2301,0.0,1,-3.6,0.109,47.28966972668044
2026-09-01 01:59:02.486809600+00:00,47.0825,22.6322,0.0,1,-12.4,0.391,90.74271648436853
2026-09-01 01:59:02.514495500+00:00,47.0873,22.6642,0.0,1,-11.8,0.246,92.47746120289673
2026-09-01 01:59:03.413229400+00:00,46.5811,22.5359,0.0,1,-10.4,0.386,126.12563363048184
2026-09-01 01:59:03.597780900+00:00,46.5534,22.479,0.0,1,10.2,0.286,126.47388920843463
2026-09-01 01:59:03.707206300+00:00,46.5273,22.5374,0.0,1,-7.1,0.44,131.25700593998246
2026-09-01 01:59:12.505630500+00:00,47.3011,22.1346,0.0,1,-6.3,0.11,45.97680839450325
2026-09-01 01:59:12.506073200+00:00,47.2996,22.1416,0.0,1,9.2,0.176,46.507762327021304
2026-09-01 01:59:12.869605+00:00,47.3005,22.1417,0.0,1,3.5,0.204,46.45831995039779
2026-09-01 01:59:19.060385600+00:00,47.3727,22.7235,0.0,1,-15.5,0.213,84.29572818292604
2026-09-01 01:59:19.060560600+00:00,47.3757,22.7081,0.0,1,10.2,0.457,83.09140208420158
2026-09-01 01:59:19.082037400+00:00,47.3828,22.7272,0.0,1,-10.3,0.312,84.33250018755895
2026-09-01 01:59:19.441807100+00:00,47.3264,22.8735,0.0,1,-5.8,0.564,96.47951928523975
2026-09-01 01:59:19.454043+00:00,47.3497,22.6242,0.0,1,-7.5,0.337,77.65371244745499
2026-09-01 01:59:19.576257200+00:00,47.3837,22.722,0.0,1,-11.6,0.284,83.928833554584
2026-09-01 01:59:19.589169300+00:00,47.3844,22.722,0.0,1,-20.8,0.248,83.9130799647809
2026-09-01 01:59:19.664908700+00:00,47.3843,22.7247,0.0,1,-27.2,0.346,84.11441845725942
2026-09-01 01:59:19.718215300+00:00,47.3833,22.7283,0.0,1,-5.5,0.133,84.40232874927216
2026-09-01 01:59:19.745531700+00:00,47.3835,22.7211,0.0,1,-6.6,0.377,83.86700061766113
2026-09-01 01:59:22.709871200+00:00,47.2621,22.5422,0.0,1,49.6,0.242,75.10133223842968
2026-09-01 01:59:23.120231600+00:00,47.2807,22.5962,0.0,1,31.5,0.408,78.07026736351608
2026-09-01 01:59:23.372109200+00:00,47.2636,22.5445,0.0,1,-4.0,0.257,75.19294477712373
2026-09-01 01:59:27.514224800+00:00,46.3919,22.4866,0.0,1,-17.2,0.348,142.52042177543228
2026-09-01 01:59:27.557368400+00:00,46.3913,22.4796,0.0,1,-10.5,0.451,142.33777180647573
2026-09-01 01:59:30.141653500+00:00,46.6132,22.5907,0.0,1,4.3,0.334,125.50454657136706
2026-09-01 01:59:30.142591400+00:00,46.6715,22.395,0.0,1,-3.7,0.383,111.90600529368956
2026-09-01 01:59:42.354903+00:00,47.1309,22.3096,0.0,1,11.3,0.293,68.03831250633137
2026-09-01 01:59:42.477468800+00:00,47.1278,22.3172,0.0,1,-7.6,0.281,68.69814610458089
2026-09-01 01:59:52.293085200+00:00,47.3079,22.1048,0.0,1,8.9,0.232,43.696356735683146
2026-09-01 01:59:52.399678900+00:00,47.3203,22.0434,0.0,1,-4.6,0.179,39.1391294818449
2026-09-01 01:59:52.713846500+00:00,47.3205,22.0423,0.0,1,-4.3,0.225,39.0595637362854
2026-09-01 01:59:56.737060300+00:00,47.3286,22.4039,0.0,1,6.1,0.271,62.62654725113499
2026-09-01 01:59:56.740460600+00:00,47.3271,22.41,0.0,1,5.0,0.105,63.11545313211417
2026-09-01 01:59:56.748210+00:00,47.3297,22.4032,0.0,1,5.2,0.29,62.53285018658674
2026-09-01 01:59:56.754824600+00:00,47.3291,22.4105,0.0,1,4.2,0.304,63.069759471446275
2026-09-01 02:00:07.080677600+00:00,47.0942,22.646,0.0,1,-10.5,0.379,90.90348367557203
2026-09-01 02:00:07.126399200+00:00,47.0801,22.6158,0.0,1,-9.2,0.377,89.86310805825744
2026-09-01 02:00:07.195109800+00:00,47.0782,22.6473,0.0,1,-9.7,0.234,91.95929818043221
2026-09-01 02:00:11.763526200+00:00,47.2218,22.4756,0.0,1,-11.1,0.296,72.57199434075098
2026-09-01 02:00:18.018855+00:00,47.3383,23.0363,0.0,1,-61.7,0.425,108.13430299227416
2026-09-01 02:00:18.029813600+00:00,47.338,23.0433,0.0,1,-3.9,0.477,108.65723269577981
2026-09-01 02:00:18.045617500+00:00,47.3389,23.0366,0.0,1,-12.8,0.461,108.14258656316126
2026-09-01 02:00:18.071100100+00:00,47.3388,23.0368,0.0,1,-12.2,0.456,108.15963264467634
2026-09-01 02:00:18.081336300+00:00,47.3382,23.0327,0.0,1,-7.4,0.439,107.8712704873104
2026-09-01 02:00:18.083539300+00:00,47.3397,23.0323,0.0,1,-20.4,0.49,107.80718003286101
2026-09-01 02:00:18.135970300+00:00,47.3388,23.0383,0.0,1,-22.6,0.535,108.2702140296457
2026-09-01 02:00:18.164462200+00:00,47.3383,23.0389,0.0,1,-9.0,0.42,108.32595907116766
2026-09-01 02:00:18.174252300+00:00,47.3385,23.0384,0.0,1,-6.5,0.375,108.28449186812475
2026-09-01 02:00:18.322697600+00:00,47.339,23.037,0.0,1,-11.4,0.435,108.16977431019538
2026-09-01 02:00:19.343831600+00:00,46.961,23.1423,0.0,1,-15.8,0.364,130.77730439716615
2026-09-01 02:00:19.344399+00:00,46.9626,23.1358,0.0,1,24.4,0.459,130.26051389248252
2026-09-01 02:00:21.176903700+00:00,46.5769,22.5259,0.0,1,5.9,0.502,126.10818840525761
2026-09-01 02:00:32.333388+00:00,47.2937,22.1492,0.0,1,4.1,0.149,47.349841688475045
2026-09-01 02:00:32.904007100+00:00,47.2395,22.0222,0.0,1,3.2,0.229,44.03222749114997
2026-09-01 02:00:33.388182500+00:00,47.2993,21.6896,0.0,1,11.4,0.166,26.252482113790194
2026-09-01 02:00:33.556581700+00:00,47.4186,21.6754,0.0,1,-4.4,0.19,13.074737551411555
2026-09-01 02:00:33.681838300+00:00,47.3334,21.8041,0.0,1,5.1,0.24,25.740319043003016
2026-09-01 02:00:34.230775500+00:00,47.8593,21.7855,0.0,1,12.7,0.242,38.31389070594764
2026-09-01 02:00:34.652175600+00:00,47.8619,21.6904,0.0,1,-10.5,0.137,37.030038468176386
2026-09-01 02:00:35.181006200+00:00,47.7527,21.8012,0.0,1,-9.2,0.237,27.823885295109847
2026-09-01 02:00:35.510047500+00:00,47.7555,21.8076,0.0,1,-18.4,0.175,28.324691775851914
2026-09-01 02:00:35.638860100+00:00,47.7555,21.8082,0.0,1,-5.9,0.208,28.34615485963346
2026-09-01 02:00:47.812342+00:00,47.2311,23.1268,0.0,1,-7.3,0.302,117.73869425558921
2026-09-01 02:00:47.814435600+00:00,47.2332,23.136,0.0,1,4.8,0.543,118.33517766673388
2026-09-01 02:00:51.191488600+00:00,47.3571,22.5362,0.0,1,-11.9,0.355,71.0512056932602
2026-09-01 02:00:51.191975100+00:00,47.357,22.5474,0.0,1,-10.8,0.284,71.86486878999631
2026-09-01 02:00:56.348782700+00:00,47.3756,22.4048,0.0,1,-3.8,0.446,60.9780922233751
2026-09-01 02:00:56.435092600+00:00,46.6128,22.6225,0.0,1,-10.5,0.284,126.95547342674341
2026-09-01 02:01:02.162586700+00:00,47.0967,22.7346,0.0,1,-9.3,0.329,96.47110730440664
2026-09-01 02:01:02.163292700+00:00,47.097,22.7365,0.0,1,8.5,0.424,96.57816993789942
2026-09-01 02:01:02.166067700+00:00,47.0997,22.731,0.0,1,11.1,0.244,96.06714867315954
2026-09-01 02:01:03.814461200+00:00,47.2746,22.582,0.0,1,7.0,0.387,77.32512402478947
2026-09-01 02:01:17.875948700+00:00,47.1399,22.3375,0.0,1,-7.5,0.281,69.00144751749163
2026-09-01 02:01:17.876455100+00:00,47.1363,22.3396,0.0,1,-11.8,0.369,69.37859087041709
2026-09-01 02:01:17.993309200+00:00,47.1319,22.2944,0.0,1,-6.9,0.238,67.10273694387867
2026-09-01 02:01:27.388097900+00:00,46.9587,22.5965,0.0,1,11.5,0.318,97.00735809795923
2026-09-01 02:01:27.388351400+00:00,46.9604,22.5953,6.1,2,-9.0,0.055,96.81406835211781
2026-09-01 02:01:31.113228700+00:00,46.5755,22.5388,8.7,2,-9.3,0.265,126.76936091288476
2026-09-01 02:01:44.824588100+00:00,47.0963,22.7348,0.0,1,14.0,0.38,96.50672588139763
2026-09-01 02:01:44.838245+00:00,47.0963,22.731,0.0,1,11.7,0.418,96.25900512195635
2026-09-01 02:01:45.017113400+00:00,47.09,22.7207,0.0,1,-14.7,0.308,95.94946637738178
2026-09-01 02:01:53.854144100+00:00,47.8516,21.7975,0.0,1,3.8,0.147,37.794011951130024
2026-09-01 02:01:53.855960400+00:00,47.8511,21.7953,0.0,1,-5.0,0.327,37.68643242176387
2026-09-01 02:01:56.564196300+00:00,47.3193,22.7681,0.0,1,-19.3,0.297,89.00760447976702
2026-09-01 02:01:56.568311800+00:00,47.3184,22.778,0.0,1,4.3,0.224,89.75298744309511
2026-09-01 02:01:56.583732300+00:00,47.3212,22.7782,0.0,1,4.6,0.174,89.68356057381406
2026-09-01 02:02:02.763102600+00:00,47.2649,22.7743,0.0,1,-12.5,0.374,91.28242815760566
2026-09-01 02:02:02.817392900+00:00,47.2264,22.4811,0.0,1,20.2,0.269,72.6941091663033
2026-09-01 02:02:02.998158200+00:00,47.2671,22.7706,0.0,1,-5.3,0.32,90.9379924333326
2026-09-01 02:02:03.018229900+00:00,47.2291,22.5024,0.0,1,-5.6,0.327,73.97767047903601
2026-09-01 02:02:04.604014+00:00,47.2367,23.1286,0.0,1,5.4,0.239,117.68789256482769
2026-09-01 02:02:04.605389900+00:00,47.2341,23.1378,0.0,1,-8.4,0.484,118.43634340904013
2026-09-01 02:02:24.889707+00:00,47.3559,22.5583,0.0,1,-16.9,0.328,72.68789611774288
2026-09-01 02:02:25.304482300+00:00,47.3365,22.5026,0.0,1,-11.8,0.337,69.31870929735533
2026-09-01 02:02:31.448635+00:00,46.5752,22.5517,0.0,1,5.8,0.238,127.3322481440952
2026-09-01 02:02:31.482787+00:00,46.5893,22.5498,0.0,1,-11.7,0.301,125.94075532354627
2026-09-01 02:02:34.317730800+00:00,47.3839,22.4104,0.0,1,-7.7,0.301,61.122992043794355
2026-09-01 02:02:34.369836500+00:00,47.384,22.4104,0.0,1,-5.0,0.307,61.11995138738351
2026-09-01 02:02:34.836010600+00:00,47.3829,22.4078,0.0,1,-13.8,0.314,60.96533109482283
2026-09-01 02:02:34.917272500+00:00,47.3838,22.4134,0.0,1,-6.1,0.302,61.343304510022115
2026-09-01 02:02:37.578817100+00:00,47.3904,23.0628,0.0,1,39.6,0.493,109.05251286188482
2026-09-01 02:02:42.528225300+00:00,47.3113,22.1192,0.0,1,13.6,0.228,44.38057675627239
2026-09-01 02:02:42.539748200+00:00,47.3089,22.1197,0.0,1,12.9,0.292,44.5604014013142
2026-09-01 02:02:42.549506500+00:00,47.3107,22.111,0.0,1,-12.3,0.271,43.904929772189725
2026-09-01 02:02:42.550110300+00:00,47.307,22.1359,0.0,1,-6.2,0.244,45.6944267732639
2026-09-01 02:02:45.217881500+00:00,47.2368,23.139,0.0,1,3.9,0.712,118.4368586346832
2026-09-01 02:02:45.218906200+00:00,47.2353,23.137,0.0,1,6.9,0.491,118.34005667446024
2026-09-01 02:02:45.223219100+00:00,47.2327,23.1496,0.0,1,8.1,0.471,119.33433665777946
2026-09-01 02:02:45.933355900+00:00,47.1017,22.7269,0.0,1,5.4,0.362,95.68695096921388
2026-09-01 02:02:45.950073200+00:00,47.1022,22.7354,0.0,1,4.8,0.282,96.21459621163528
2026-09-01 02:02:45.951640700+00:00,47.1031,22.7267,0.0,1,4.9,0.485,95.59525859582763
2026-09-01 02:02:45.953454100+00:00,47.0784,22.7373,0.0,1,-25.3,0.31,97.69368714985526
2026-09-01 02:02:45.980798400+00:00,47.0971,22.7556,0.0,1,-15.1,0.312,97.82189464468186
2026-09-01 02:02:46.023103200+00:00,47.071,22.7651,0.0,1,-12.8,0.379,99.91964688444334
2026-09-01 02:02:46.043468700+00:00,47.0785,22.7387,0.0,1,-10.0,0.34,97.77833447075345
2026-09-01 02:02:49.767580300+00:00,47.3552,22.7499,0.0,1,-9.1,0.434,86.67089113596671
2026-09-01 02:02:56.685380100+00:00,46.9699,23.1593,0.0,1,-7.5,0.465,131.4191268810312
2026-09-01 02:02:56.686056500+00:00,46.9725,23.1581,0.0,1,13.3,0.369,131.1997300376868
2026-09-01 02:03:00.738554100+00:00,47.2346,22.4954,0.0,1,-8.5,0.371,73.22779077764554
2026-09-01 02:03:00.938282400+00:00,47.23,22.4983,0.0,1,-14.5,0.24,73.65674826328508
2026-09-01 02:03:00.974004800+00:00,47.2303,22.4975,0.0,1,-17.9,0.244,73.58776722671381
2026-09-01 02:03:00.997205600+00:00,47.2296,22.5001,0.0,1,-6.1,0.37,73.79788544723174
2026-09-01 02:03:01.351516+00:00,47.2299,22.5002,0.0,1,-7.8,0.245,73.78925203853917
2026-09-01 02:03:01.419764100+00:00,47.2293,22.5036,0.0,1,-4.9,0.156,74.0479431686715
2026-09-01 02:03:01.540244900+00:00,47.2297,22.4982,0.0,1,-9.2,0.275,73.6654060764446
2026-09-01 02:03:19.053231900+00:00,46.6994,22.5991,0.0,1,5.2,0.279,118.19537967423533
2026-09-01 02:03:28.515020+00:00,47.8628,21.8204,0.0,1,-5.8,0.147,39.56169476476559
2026-09-01 02:03:30.453615100+00:00,47.1522,22.3479,0.0,1,33.2,0.204,68.75859289465971
2026-09-01 02:03:37.483164400+00:00,47.3491,22.3564,0.0,1,18.5,0.209,58.468116275639126
2026-09-01 02:03:37.484094600+00:00,47.3502,22.3541,0.0,1,7.7,0.298,58.26293202805281
2026-09-01 02:03:37.484724900+00:00,47.3502,22.3567,0.0,1,5.2,0.291,58.446414302849405
2026-09-01 02:03:37.497943400+00:00,47.3518,22.3545,0.0,1,7.3,0.304,58.2290511808131
2026-09-01 02:03:37.500015100+00:00,47.3463,22.3558,0.0,1,7.7,0.23,58.53602919252115
2026-09-01 02:03:37.502406200+00:00,47.3583,22.359,0.0,1,7.6,0.164,58.30095695345276
2026-09-01 02:03:37.504745200+00:00,47.348,22.3555,0.0,1,5.3,0.221,58.44778949527073
2026-09-01 02:03:37.505665400+00:00,47.3607,22.3596,0.0,1,5.2,0.29,58.25475961291692
2026-09-01 02:03:37.506855700+00:00,47.3586,22.357,0.0,1,5.6,0.31,58.147839636557634
2026-09-01 02:03:37.512515300+00:00,47.3395,22.3661,0.0,1,5.9,0.288,59.53218728231457
2026-09-01 02:03:37.537989+00:00,47.3477,22.3548,0.0,1,3.8,0.279,58.41027905483689
2026-09-01 02:03:37.702733700+00:00,47.3478,22.0228,0.0,1,-4.3,0.171,36.089508727053556
2026-09-01 02:03:37.884705300+00:00,47.2557,21.8897,0.0,1,-4.3,0.218,36.48722544661553
2026-09-01 02:03:37.938059900+00:00,47.2426,21.9019,0.0,1,15.3,0.201,38.21050831617523
2026-09-01 02:03:38.016089+00:00,47.2522,21.8938,0.0,1,3.9,0.259,36.98191326502718
2026-09-01 02:03:38.075246800+00:00,47.2511,21.8935,0.0,1,5.0,0.245,37.0726280417868
2026-09-01 02:03:38.241873600+00:00,47.4543,21.7785,0.0,1,-5.5,0.179,14.245345579382892
2026-09-01 02:03:38.317456800+00:00,47.5414,21.9525,0.0,1,2.8,0.25,24.437042385073084
2026-09-01 02:03:38.354471100+00:00,47.0994,21.8036,0.0,1,-6.4,0.191,49.8622937944803
2026-09-01 02:03:38.375030100+00:00,47.1006,21.8047,0.0,1,-5.9,0.231,49.75588303542997
2026-09-01 02:03:38.383770400+00:00,47.1014,21.8077,0.0,1,-5.5,0.184,49.7315440556947
2026-09-01 02:03:38.399010900+00:00,47.1018,21.8042,0.0,1,-5.7,0.181,49.61718792882412
2026-09-01 02:03:38.434133600+00:00,47.1252,21.9368,0.0,1,4.2,0.248,50.85472076708578
2026-09-01 02:03:38.801211800+00:00,47.5844,21.7685,0.0,1,-9.4,0.174,12.113420089143306
2026-09-01 02:03:38.802314300+00:00,47.6415,21.8331,0.0,1,-8.5,0.2,19.68664753348642
2026-09-01 02:03:40.432469500+00:00,47.0967,22.733,0.0,1,29.6,0.732,96.36675875987665
2026-09-01 02:03:40.432777500+00:00,47.0951,22.7486,0.0,1,9.6,0.466,97.47533135203554
2026-09-01 02:03:40.435094+00:00,47.0969,22.7425,0.0,1,-4.2,0.38,96.97565735873299
2026-09-01 02:03:40.443725700+00:00,47.0968,22.7316,0.0,1,6.2,0.389,96.26983241847877
2026-09-01 02:03:40.467918700+00:00,47.1203,22.7343,0.0,1,-8.1,0.354,95.14665424509799
2026-09-01 02:03:40.468427300+00:00,47.0937,22.7383,0.0,1,-5.3,0.231,96.88183403687566
2026-09-01 02:03:40.574288100+00:00,47.1142,22.6728,0.0,1,-10.8,0.35,91.4556002410651
2026-09-01 02:03:57.542860800+00:00,47.2632,22.7657,0.0,1,14.9,0.411,90.73380505323692
2026-09-01 02:04:07.748300500+00:00,47.2374,23.1345,0.0,1,-10.6,0.392,118.09223564846256
2026-09-01 02:04:09.053482300+00:00,47.34,22.7855,0.0,1,-50.3,0.381,89.67932460935559
2026-09-01 02:04:09.084855300+00:00,47.3401,22.786,0.0,1,-31.5,0.377,89.71313414810373
2026-09-01 02:04:09.117074800+00:00,47.3397,22.7863,0.0,1,47.6,0.439,89.74593897686594
2026-09-01 02:04:16.166278300+00:00,47.3766,22.9853,0.0,1,9.1,0.468,103.54811281203352
2026-09-01 02:04:24.927529900+00:00,47.2801,22.586,0.0,1,6.2,0.296,77.37831106402564
2026-09-01 02:04:24.941719+00:00,47.279,22.5884,0.0,1,-4.8,0.234,77.59163818092213
2026-09-01 02:04:28.871743700+00:00,47.1087,22.7671,0.0,1,4.2,0.381,97.94266875678426
2026-09-01 02:04:32.797446400+00:00,46.4798,22.6393,0.0,1,24.9,0.519,139.87893548476598
2026-09-01 02:04:33.246637+00:00,46.4464,22.6989,0.0,1,14.1,0.541,145.48747237282637
2026-09-01 02:04:40.640831600+00:00,47.2994,22.148,0.0,1,4.6,0.321,46.92149704768179
2026-09-01 02:04:40.641406900+00:00,47.2988,22.1485,0.0,1,5.9,0.218,46.98982153119108
2026-09-01 02:04:40.659113600+00:00,47.3006,22.1496,0.0,1,3.9,0.229,46.94855709396175
2026-09-01 02:04:41.100335600+00:00,47.3016,22.1658,0.0,1,14.3,0.231,47.91372751957527
2026-09-01 02:04:52.903900+00:00,47.3309,22.5551,0.0,1,4.2,0.433,73.27037736897148
2026-09-01 02:05:07.256373500+00:00,47.098,22.7565,0.0,1,-5.0,0.441,97.83090775863506
2026-09-01 02:05:07.493753700+00:00,47.1134,22.7198,0.0,1,4.0,0.084,94.5693866811567
2026-09-01 02:05:09.245963800+00:00,47.3783,22.4341,0.0,1,-6.4,0.336,63.009804153895175
2026-09-01 02:05:25.430147900+00:00,47.0108,22.8193,0.0,1,-8.0,0.348,106.96510492774115
2026-09-01 02:05:28.025929200+00:00,47.232,23.1535,0.0,1,-46.0,0.502,119.63874566288774
2026-09-01 02:05:28.061206600+00:00,47.2372,23.1344,0.0,1,-7.0,0.517,118.0913709056308
2026-09-01 02:05:28.222152700+00:00,47.2305,23.0888,0.0,1,5.7,0.597,115.0182467317635
2026-09-01 02:05:32.352635800+00:00,47.1542,22.373,0.0,1,62.7,0.227,70.12740896826428
2026-09-01 02:05:32.363800800+00:00,47.1544,22.3733,0.0,1,7.9,0.327,70.13213273842433
2026-09-01 02:05:32.365386500+00:00,47.1577,22.3764,0.0,1,-3.9,0.093,70.09980545336103
2026-09-01 02:05:38.953072300+00:00,47.3909,23.0277,0.0,1,24.8,0.439,106.43336574557742
2026-09-01 02:05:40.071070600+00:00,47.3194,22.6037,0.0,1,-7.0,0.331,77.14949686189797
2026-09-01 02:05:40.298095600+00:00,47.326,22.6649,0.0,1,-6.1,0.301,81.3309312543745
2026-09-01 02:05:40.343973300+00:00,47.0979,22.776,0.0,1,-6.6,0.339,99.11810917646291
2026-09-01 02:05:40.344878400+00:00,47.1006,22.7724,0.0,1,5.9,0.436,98.73310888518039
2026-09-01 02:05:40.752404700+00:00,47.118,22.689,0.0,1,-12.1,0.387,92.2960428573543
2026-09-01 02:05:40.753068200+00:00,47.1087,22.674,0.0,1,-5.3,0.406,91.84867104497339
2026-09-01 02:05:51.379899800+00:00,47.3411,22.381,0.0,1,3.6,0.079,60.51626810324545
2026-09-01 02:05:51.381706700+00:00,47.3392,22.3758,0.0,1,7.7,0.393,60.225736702842276
2026-09-01 02:05:51.384060100+00:00,47.3431,22.3861,0.0,1,3.7,0.111,60.79768980112865
2026-09-01 02:05:51.395337700+00:00,47.341,22.3761,0.0,1,7.5,0.282,60.17514666188769
2026-09-01 02:05:53.669474300+00:00,46.6268,22.617,0.0,1,-11.7,0.41,125.45103349417727
2026-09-01 02:06:08.579840200+00:00,47.0904,22.7545,0.0,1,-5.6,0.357,98.12480748905372
2026-09-01 02:06:15.919747900+00:00,47.8749,21.9795,0.0,1,-4.9,0.225,46.3874270183826
2026-09-01 02:06:20.648176+00:00,47.3906,22.5973,0.0,1,7.2,0.351,74.58837888881057
2026-09-01 02:06:36.265582100+00:00,47.2242,23.1574,0.0,1,-5.7,0.175,120.17275076142364
2026-09-01 02:06:36.267427400+00:00,47.2259,23.1475,0.0,1,-15.7,0.529,119.40261571479913
2026-09-01 02:06:36.268848100+00:00,47.2223,23.144,0.0,1,6.1,0.498,119.26856151083318
2026-09-01 02:06:36.269997600+00:00,47.2234,23.1537,0.0,1,8.1,0.499,119.93192198679911
2026-09-01 02:06:36.271866700+00:00,47.2296,23.1444,0.0,1,5.7,0.399,119.05836442238397
2026-09-01 02:06:44.298040500+00:00,46.7182,22.6413,8.9,2,-6.5,0.221,118.59749967080627
2026-09-01 02:06:44.308431800+00:00,46.7162,22.6595,0.0,1,10.1,0.333,119.6620967535619
2026-09-01 02:06:50.146749700+00:00,47.2538,22.797,0.0,1,-12.5,0.339,93.3099885615788
2026-09-01 02:06:50.496851100+00:00,47.3051,22.7507,0.0,1,-4.5,0.489,88.19502819657691
2026-09-01 02:06:50.589587+00:00,47.3365,22.8049,0.0,1,-8.6,0.322,91.19197640341065
2026-09-01 02:06:57.271106600+00:00,47.3137,22.5767,0.0,1,5.6,0.397,75.42313424812953
2026-09-01 02:06:57.573567800+00:00,47.3076,22.5104,0.0,1,-16.7,0.359,70.9566819768738
2026-09-01 02:07:04.504457400+00:00,47.1701,22.3845,0.0,1,4.0,0.254,69.7834646231938
2026-09-01 02:07:04.520169200+00:00,47.1682,22.3841,0.0,1,3.1,0.46,69.8816213779427
2026-09-01 02:07:04.816964100+00:00,47.3734,22.2964,0.0,1,4.6,0.311,53.29624796618631
2026-09-01 02:07:16.750383+00:00,47.2491,23.1624,0.0,1,8.0,0.425,119.75172530748121
2026-09-01 02:07:16.751038700+00:00,47.251,23.1512,0.0,1,5.1,0.522,118.8807615684109
2026-09-01 02:07:16.754828200+00:00,47.2484,23.153,0.0,1,7.7,0.371,119.09035441193095
2026-09-01 02:07:31.034977+00:00,47.1119,22.7219,0.0,1,-16.4,0.308,94.79026628966103
2026-09-01 02:07:31.204591+00:00,47.1109,22.6884,0.0,1,-8.6,0.364,92.657540637487
2026-09-01 02:07:37.542979500+00:00,46.3886,22.5857,9.4,2,-16.3,0.3,146.43351633917223
2026-09-01 02:07:37.552632800+00:00,46.3917,22.5843,0.0,1,5.0,0.432,146.08055783134714
2026-09-01 02:07:38.607922400+00:00,46.4115,22.6712,0.0,1,-8.2,0.349,147.59803425350887
2026-09-01 02:07:38.974042+00:00,47.412,22.5738,0.0,1,12.2,0.387,72.37321068236349
2026-09-01 02:07:39.025996400+00:00,47.4161,22.5838,0.0,1,-8.2,0.307,73.02784581174713
2026-09-01 02:07:39.909175100+00:00,47.4245,22.5723,0.0,1,-30.5,1.197,72.01123238415342
2026-09-01 02:07:55.174156300+00:00,47.0386,22.8222,0.0,1,6.8,0.35,105.49038088401771
2026-09-01 02:07:55.174652600+00:00,47.0347,22.831,0.0,1,-5.5,0.407,106.28567009190617
2026-09-01 02:08:13.439769400+00:00,47.242,23.1526,0.0,1,-6.3,0.428,119.2582032284051
2026-09-01 02:08:15.577239100+00:00,47.3871,23.0455,0.0,1,7.2,0.262,107.82307737075831
2026-09-01 02:08:16.158862200+00:00,47.5963,21.9903,0.0,1,-3.4,0.272,28.170251096438733
2026-09-01 02:08:16.424060400+00:00,47.5789,21.9831,0.0,1,-4.2,0.122,27.21340255517753
2026-09-01 02:08:28.753349100+00:00,47.0811,22.5873,0.0,1,7.0,0.27,88.02520369450478
2026-09-01 02:08:39.880622+00:00,47.4143,22.5499,0.0,1,-5.9,0.315,70.55900760683701
2026-09-01 02:08:40.157884100+00:00,47.2555,22.64,0.0,1,23.4,0.867,82.17957784355173
2026-09-01 02:08:40.158197+00:00,47.2573,22.6479,0.0,1,-7.5,0.327,82.6561929779212
2026-09-01 02:08:58.329572100+00:00,46.6159,22.3954,0.0,1,-35.2,0.45,117.26358879203319
2026-09-01 02:08:58.507881+00:00,46.4781,22.6717,0.0,1,-6.6,0.404,141.3987022087626
2026-09-01 02:09:09.993760+00:00,47.3161,22.6004,0.0,1,5.8,0.288,77.02871895980948
2026-09-01 02:09:10.015294700+00:00,47.2072,22.757,0.0,1,-7.3,0.182,92.40643059653432
2026-09-01 02:09:11.049770400+00:00,47.3835,22.3698,0.0,1,4.5,0.163,58.20142133110603
2026-09-01 02:09:11.537609800+00:00,46.3986,22.6336,0.0,1,-5.2,0.431,147.31671781042186
2026-09-01 02:09:13.322086500+00:00,46.6961,22.7371,0.0,1,-4.7,0.321,125.23305501403297
2026-09-01 02:09:22.389262300+00:00,47.0792,22.7766,0.0,1,-7.8,0.502,100.19857701283513
2026-09-01 02:09:22.390189600+00:00,47.1061,22.7513,0.0,1,-7.0,0.371,97.04209461520558
2026-09-01 02:09:23.052683200+00:00,47.097,22.6442,0.0,1,-18.1,0.853,90.62075288104674
2026-09-01 02:09:26.554330500+00:00,47.2341,23.178,0.0,1,5.5,0.538,121.34531959253626
2026-09-01 02:09:26.580638300+00:00,47.2466,23.1697,0.0,1,-9.3,0.29,120.35762149356607
2026-09-01 02:09:42.048422800+00:00,46.4812,22.7142,0.0,1,7.1,0.509,142.94511390742954
2026-09-01 02:10:04.462900300+00:00,47.3315,22.6175,0.0,1,5.3,0.366,77.73463911671332
2026-09-01 02:10:04.763922300+00:00,46.7123,22.6594,0.0,1,-7.5,0.322,119.98793711707171
2026-09-01 02:10:04.850907100+00:00,46.7033,22.6242,0.0,1,23.3,0.351,119.04866078781446
2026-09-01 02:10:05.038502700+00:00,47.0966,22.7155,0.0,1,-20.9,0.402,95.23366862177542
2026-09-01 02:10:05.075909300+00:00,47.0978,22.709,0.0,1,-11.0,0.332,94.74310359669546
2026-09-01 02:10:05.095927500+00:00,47.0981,22.7051,0.0,1,-8.2,0.338,94.47295786590396
2026-09-01 02:10:05.215540500+00:00,47.0939,22.7199,0.0,1,-40.2,0.328,95.67372579529807
2026-09-01 02:10:05.429912800+00:00,47.0964,22.7147,0.0,1,-12.8,0.35,95.19315969907201
2026-09-01 02:10:05.493864+00:00,47.0955,22.7269,0.0,1,-6.3,0.214,96.03739398753603
2026-09-01 02:10:05.930409300+00:00,47.0971,22.7134,0.0,1,-9.5,0.387,95.06873487039745
2026-09-01 02:10:19.189190600+00:00,47.0249,23.0432,0.0,1,-11.5,0.256,120.76030482104363
2026-09-01 02:10:26.651711600+00:00,47.268,22.6706,0.0,1,7.6,0.4,83.81576097256098
2026-09-01 02:10:26.669717700+00:00,47.2685,22.6751,0.0,1,-2.8,0.365,84.11344189622758
2026-09-01 02:10:26.714737800+00:00,47.2638,22.6647,0.0,1,-7.5,0.352,83.56806558411202
2026-09-01 02:10:29.573107700+00:00,47.2473,23.1587,0.0,1,-7.7,0.419,119.53765173305325
2026-09-01 02:10:35.481499300+00:00,47.4093,22.5982,0.0,1,11.6,0.191,74.23293241748645
2026-09-01 02:10:41.555787400+00:00,47.364,22.818,0.0,1,-17.0,0.429,91.45482568126391
2026-09-01 02:10:41.556046100+00:00,47.362,22.8164,0.0,1,10.6,0.245,91.3843375429851
2026-09-01 02:10:41.556766300+00:00,47.3603,22.8053,0.0,1,10.5,0.234,90.60873909134716
2026-09-01 02:10:55.453951600+00:00,47.0899,22.7974,0.0,1,7.7,0.332,100.96611888400093
2026-09-01 02:10:55.652364500+00:00,47.0938,22.7724,0.0,1,-5.3,0.372,99.1071493851074
2026-09-01 02:10:58.164606200+00:00,46.4177,22.7366,0.0,1,4.9,0.357,149.7453678206806
2026-09-01 02:10:58.333906600+00:00,46.7149,22.6787,0.0,1,-6.4,0.261,120.72439335603104
2026-09-01 02:10:58.539291600+00:00,46.6881,22.7612,0.0,1,5.0,0.255,127.12238514973771
2026-09-01 02:11:04.875683300+00:00,46.3987,22.6303,0.0,1,9.5,0.456,147.1775366141524
2026-09-01 02:11:20.317543400+00:00,46.7154,22.6781,0.0,1,5.8,0.226,120.65241802306228
2026-09-01 02:11:25.325184900+00:00,47.2167,23.2074,0.0,1,-6.3,0.405,124.02747413393351
2026-09-01 02:11:25.867970700+00:00,47.1904,23.1203,0.0,1,10.3,0.297,118.67931607941682
2026-09-01 02:11:28.907572500+00:00,47.3886,23.0471,0.0,1,-5.2,0.54,107.91581402795235
2026-09-01 02:11:30.470686600+00:00,47.4174,22.6143,0.0,1,4.4,0.155,75.26009166185004
2026-09-01 02:11:31.197522300+00:00,47.4155,22.5031,0.0,1,-14.7,0.3,67.0787658035923
2026-09-01 02:12:00.997132500+00:00,47.3279,22.6319,0.0,1,5.2,0.452,78.88954828386646
2026-09-01 02:12:01.006135600+00:00,47.3183,22.643,0.0,1,-44.6,0.379,80.00630057684367
2026-09-01 02:12:01.027527900+00:00,47.3178,22.6425,0.0,1,-15.9,0.317,79.98723062342958
2026-09-01 02:12:01.055054200+00:00,47.3186,22.6245,0.0,1,-14.3,0.383,78.6679757759167
2026-09-01 02:12:01.082469300+00:00,47.318,22.6448,0.0,1,-19.9,0.358,80.14572091043563
2026-09-01 02:12:01.170326300+00:00,47.3171,22.6376,0.0,1,-79.7,0.304,79.65909806535562
2026-09-01 02:12:01.174675300+00:00,47.3479,22.6459,11.2,2,5.9,0.546,79.28307282908489
2026-09-01 02:12:04.530313500+00:00,46.4048,22.6109,0.0,1,-9.5,0.251,145.83647500784892
2026-09-01 02:12:04.558378200+00:00,46.3793,22.6448,0.0,1,-8.5,0.407,149.60007295205784
2026-09-01 02:12:04.584253400+00:00,46.4072,22.6586,0.0,1,-12.1,0.389,147.49403779205278
2026-09-01 02:12:04.633805600+00:00,46.4039,22.6818,0.0,1,-5.2,0.451,148.74586431899078
2026-09-01 02:12:04.900323400+00:00,47.4197,22.6155,0.0,1,5.6,0.18,75.30470883057728
2026-09-01 02:12:04.960146400+00:00,47.4214,22.6218,0.0,1,5.6,0.203,75.7397170831091
2026-09-01 02:12:05.623892200+00:00,47.2321,23.2051,0.0,1,5.0,0.396,123.37154219471007
2026-09-01 02:12:10.341872800+00:00,47.838,21.9798,0.0,1,30.8,0.249,43.093509300871744
2026-09-01 02:12:10.342280+00:00,47.8363,21.9927,0.0,1,-8.8,0.203,43.544506601410696
2026-09-01 02:12:10.380866400+00:00,47.836,22.0062,0.0,1,-3.6,0.279,44.1607961982747
2026-09-01 02:12:24.473503300+00:00,47.0643,22.9793,0.0,1,47.8,0.319,114.43067513285287
2026-09-01 02:12:24.793958200+00:00,47.0523,23.0048,0.0,1,-5.8,0.416,116.76063803620293
2026-09-01 02:12:24.867062300+00:00,47.054,22.9399,0.0,1,-12.3,0.388,112.33711296678327
2026-09-01 02:12:38.812175+00:00,47.2492,22.8595,0.0,1,13.5,0.336,97.92833193874564
2026-09-01 02:12:38.886606500+00:00,47.2565,22.8571,0.0,1,-11.9,0.388,97.49344853628415
2026-09-01 02:12:39.000381600+00:00,47.256,22.8587,0.0,1,-16.7,0.41,97.62566206999728
2026-09-01 02:12:49.908929700+00:00,47.2783,22.678,0.0,1,-12.8,0.286,83.93933572172348
2026-09-01 02:12:49.961661400+00:00,47.2907,22.6606,0.0,1,-13.5,0.967,82.23900070103493
2026-09-01 02:12:54.903802500+00:00,47.0732,22.846,0.0,1,15.2,0.293,105.08338810400687
2026-09-01 02:12:54.921366400+00:00,47.0731,22.8347,0.0,1,-8.8,0.3,104.34462587603238
2026-09-01 02:12:55.164386700+00:00,47.0742,22.7969,0.0,1,-10.4,0.396,101.80539451295334
2026-09-01 02:13:06.133946400+00:00,47.078,22.7222,0.0,1,12.2,0.397,96.74356704068866
2026-09-01 02:13:06.134255900+00:00,47.076,22.7428,0.0,1,4.5,0.446,98.18823349472636
2026-09-01 02:13:11.721302100+00:00,46.627,22.6823,0.0,1,-5.4,0.445,128.44823814136598
2026-09-01 02:13:13.325628900+00:00,47.1006,22.6193,0.0,1,8.0,0.316,88.8197051314559
2026-09-01 02:13:14.563594900+00:00,47.3949,22.6964,0.0,1,-5.9,0.319,81.79344088663206
2026-09-01 02:13:19.581974700+00:00,46.7368,22.6394,0.0,1,18.0,0.251,116.92500204978816
2026-09-01 02:13:27.015159+00:00,47.604,22.6974,0.0,1,13.2,0.439,80.6863676897626
2026-09-01 02:13:27.174405100+00:00,47.6523,22.6612,0.0,1,-5.2,0.381,78.68515012284932
2026-09-01 02:13:27.873639600+00:00,47.0603,22.8503,0.0,1,4.9,0.151,106.07809503032536
2026-09-01 02:13:37.303108100+00:00,47.2608,23.2765,0.0,1,16.0,0.549,127.73337872831605
2026-09-01 02:13:37.371227500+00:00,47.2586,23.2356,0.0,1,-9.0,0.485,124.80558183319555
2026-09-01 02:13:42.320440500+00:00,47.4198,22.616,0.0,1,5.4,0.26,75.33986507411919
2026-09-01 02:13:52.455141700+00:00,46.4034,22.665,0.0,1,-6.9,0.245,148.11140444301967
2026-09-01 02:13:52.463336700+00:00,46.41,22.6364,0.0,1,-15.9,0.425,146.34097026206075
2026-09-01 02:13:52.481605400+00:00,46.4095,22.677,0.0,1,-5.1,0.376,148.02282012044603
2026-09-01 02:14:03.088107+00:00,47.2944,22.683,0.0,1,-17.0,0.385,83.70122875359493
2026-09-01 02:14:03.191482+00:00,47.3057,22.6582,0.0,1,-6.2,0.326,81.52863321792476
2026-09-01 02:14:03.192134800+00:00,47.2642,22.7081,0.0,1,-5.8,0.332,86.61246034198668
2026-09-01 02:14:03.298226700+00:00,47.3054,22.6595,0.0,1,-7.7,0.447,81.63217058351192
2026-09-01 02:14:03.393369200+00:00,47.3053,22.6583,0.0,1,-28.9,0.327,81.54978384782306
2026-09-01 02:14:03.447074600+00:00,47.3055,22.6567,0.0,1,-27.1,0.348,81.42827871838257
2026-09-01 02:14:03.453413100+00:00,47.3154,22.6682,0.0,1,5.6,0.385,81.91486700961504
2026-09-01 02:14:03.454410+00:00,47.3196,22.6419,0.0,1,3.7,0.346,79.88359943360247
2026-09-01 02:14:03.547314900+00:00,47.3697,22.7912,0.0,1,-7.0,0.365,89.34835005965803
2026-09-01 02:14:03.729438200+00:00,47.1836,22.4189,0.0,1,-30.4,0.285,71.08281846360221
2026-09-01 02:14:03.741078500+00:00,47.1814,22.4179,0.0,1,-5.5,0.403,71.1542643461932
2026-09-01 02:14:03.746807500+00:00,47.1943,22.4088,0.0,1,-8.7,0.217,69.79438695329358
2026-09-01 02:14:03.763891500+00:00,47.3174,22.6134,0.0,1,4.5,0.336,77.91358887017577
2026-09-01 02:14:04.170041500+00:00,47.195,22.4063,0.0,1,-8.9,0.231,69.59344750924585
2026-09-01 02:14:04.318949100+00:00,47.1948,22.4081,0.0,1,-6.8,0.301,69.71981607687789
2026-09-01 02:14:25.370027100+00:00,47.0818,22.8536,0.0,1,8.1,0.382,105.119983065164
2026-09-01 02:14:30.026264400+00:00,47.3835,23.0805,0.0,1,6.7,0.422,110.48823976333088
2026-09-01 02:14:38.422620500+00:00,46.7255,22.6884,0.0,1,-4.4,0.485,120.32334706828564
2026-09-01 02:14:38.423317500+00:00,46.7268,22.6896,0.0,1,6.5,0.446,120.27568461843626
2026-09-01 02:15:00.635714500+00:00,47.0868,22.8392,0.0,1,10.2,0.467,103.89675074283194
2026-09-01 02:15:00.653657400+00:00,47.0825,22.8566,0.0,1,7.0,0.261,105.28150171606256
2026-09-01 02:15:09.866689100+00:00,47.0844,22.9428,0.0,1,-6.2,0.414,110.94926048914459
2026-09-01 02:15:17.883343600+00:00,47.0785,22.7397,0.0,1,5.9,0.451,97.84296020977938
2026-09-01 02:15:18.044564100+00:00,47.0828,22.6338,0.0,1,7.7,0.228,90.82495115103701
2026-09-01 02:15:18.494036900+00:00,47.3595,22.6955,0.0,1,-17.8,0.351,82.575975445607
2026-09-01 02:15:18.947084200+00:00,47.3588,22.7008,0.0,1,25.9,0.343,82.98223713892554
2026-09-01 02:15:33.713411700+00:00,47.249,22.8831,0.0,1,-6.3,0.202,99.61985146070414
2026-09-01 02:15:33.739222800+00:00,47.2462,22.8757,0.0,1,-5.9,0.391,99.19293179766657
2026-09-01 02:15:33.769040900+00:00,47.2313,22.8686,0.0,1,-8.8,0.375,99.24427576240639
2026-09-01 02:15:36.219583400+00:00,47.2461,23.2227,0.0,1,7.0,0.421,124.22568461340614
2026-09-01 02:15:39.574306100+00:00,46.4239,22.687,0.0,1,-6.8,0.665,147.08315093078556
2026-09-01 02:15:40.026326800+00:00,46.5053,22.7356,0.0,1,19.5,1.177,141.70885347587813
2026-09-01 02:15:47.249303500+00:00,47.0669,22.8601,0.0,1,-13.6,0.236,106.35775550732723
2026-09-01 02:15:47.284357400+00:00,47.0989,22.8371,0.0,1,-11.1,0.356,103.11378506459634
2026-09-01 02:15:47.329448300+00:00,47.0803,22.8143,0.0,1,-10.6,0.335,102.60609533439978
2026-09-01 02:16:08.236688700+00:00,47.2818,22.7018,0.0,1,-9.7,0.319,85.498941194028
2026-09-01 02:16:11.340427200+00:00,47.3568,22.7111,0.0,1,-6.7,0.79,83.78873977065766
2026-09-01 02:16:49.853602500+00:00,47.0867,22.7397,0.0,1,12.7,0.213,97.37101037077566
2026-09-01 02:16:49.972549400+00:00,47.0825,22.7435,0.0,1,-9.5,0.342,97.85824143171708
2026-09-01 02:16:50.111927500+00:00,47.1016,22.7617,0.0,1,4.2,0.211,97.9736798734975
2026-09-01 02:16:53.611694100+00:00,47.3947,22.4037,0.0,1,-3.6,0.319,60.31797795748291
2026-09-01 02:16:53.859806100+00:00,47.3067,22.4775,0.0,1,6.6,0.291,68.68131896399711
2026-09-01 02:16:53.871194800+00:00,47.3298,22.5055,0.0,1,28.5,0.312,69.76593600291034
2026-09-01 02:16:53.939082300+00:00,47.3406,22.5293,0.0,1,7.6,0.317,71.08880000647133
2026-09-01 02:16:54.153469900+00:00,47.3635,22.3973,0.0,1,6.2,0.366,60.84384006478412
2026-09-01 02:16:54.327639700+00:00,47.6161,22.073,0.0,1,9.6,0.216,34.72994298836949
2026-09-01 02:16:54.348418500+00:00,47.4953,22.2579,0.0,1,-7.9,0.257,47.531485532577115
2026-09-01 02:16:54.386591300+00:00,47.4649,22.2289,0.0,1,28.1,0.299,45.7994149130002
2026-09-01 02:16:54.454297500+00:00,47.4955,22.2518,0.0,1,4.7,0.114,47.073041550718294
2026-09-01 02:16:54.455574500+00:00,47.4985,22.2501,0.0,1,5.8,0.267,46.917155613835284
2026-09-01 02:16:54.750226400+00:00,47.4658,22.2311,0.0,1,-7.7,0.191,45.94608837177834
2026-09-01 02:16:55.685235600+00:00,47.276,21.8051,0.0,1,-4.0,0.213,31.413881022237387
2026-09-01 02:16:55.856761100+00:00,47.278,21.7968,0.0,1,-5.3,0.197,30.950072851821133
2026-09-01 02:16:55.874958600+00:00,47.2762,21.7932,0.0,1,-8.0,0.193,31.022602120550463
2026-09-01 02:16:55.877339300+00:00,47.2752,21.7884,0.0,1,-6.6,0.19,30.981325436904424
2026-09-01 02:16:55.900037700+00:00,47.2779,21.7974,0.0,1,-5.8,0.228,30.978841335613662
2026-09-01 02:16:55.904979100+00:00,47.2773,21.7903,0.0,1,-7.9,0.229,30.823109326714583
2026-09-01 02:16:56.188043200+00:00,47.3653,21.668,0.0,1,-50.4,0.187,18.74326667474471
2026-09-01 02:16:56.224038800+00:00,47.3634,21.6603,0.0,1,-16.8,0.208,18.866891232058283
2026-09-01 02:17:01.350793600+00:00,47.0302,23.1093,0.0,1,-4.9,0.439,124.92307370441559
2026-09-01 02:17:13.977035+00:00,47.2696,23.3158,0.0,1,5.0,0.361,130.37739971661293
2026-09-01 02:17:13.978314300+00:00,47.2728,23.2905,0.0,1,9.1,0.514,128.4382961078688
2026-09-01 02:17:13.991858900+00:00,47.2713,23.3222,0.0,1,5.9,0.354,130.80296766129894
2026-09-01 02:17:19.482252+00:00,47.0574,22.835,0.0,1,-8.3,0.365,105.23984323724122
2026-09-01 02:17:26.833637800+00:00,47.3634,22.7085,0.0,1,3.9,0.493,83.42602764434044
2026-09-01 02:17:33.443974500+00:00,47.592,22.7032,0.0,1,7.4,0.317,81.00702489922483
2026-09-01 02:17:33.444794600+00:00,47.5922,22.7101,0.0,1,-5.1,0.261,81.5246543900107
2026-09-01 02:17:33.549980400+00:00,47.5539,22.712,0.0,1,-9.5,0.408,81.45576865569872
2026-09-01 02:17:42.240884200+00:00,47.0686,23.0241,0.0,1,-10.8,0.389,117.23597950980715
2026-09-01 02:18:08.678874500+00:00,47.4272,22.6451,0.0,1,-8.3,0.418,77.36469766976428
2026-09-01 02:18:11.659300+00:00,47.2651,23.3086,0.0,1,5.5,0.385,129.9677128099548
2026-09-01 02:18:11.678414300+00:00,47.2664,23.3278,0.0,1,5.1,0.415,131.34104419500505
2026-09-01 02:18:19.799422500+00:00,47.9244,22.1254,0.0,1,-16.9,0.259,57.407843248367705
2026-09-01 02:18:26.158690300+00:00,47.2623,22.758,0.0,1,-5.8,0.255,90.22055265164524
2026-09-01 02:18:31.240006600+00:00,47.2545,22.7924,0.0,1,-12.0,0.352,92.95694987347379
2026-09-01 02:18:31.240743700+00:00,47.2535,22.8022,0.0,1,4.1,0.373,93.69066978508042
2026-09-01 02:18:37.109286600+00:00,47.4024,22.7064,0.0,1,5.9,0.363,82.37698752536564
2026-09-01 02:19:06.607836500+00:00,47.8459,22.1466,0.0,1,6.8,0.241,52.27135791031379
2026-09-01 02:19:06.608422+00:00,47.8454,22.1469,0.0,1,-5.5,0.252,52.2510534649594
2026-09-01 02:19:08.456423700+00:00,47.0946,22.6748,0.0,1,-11.1,0.363,92.72143622634418
2026-09-01 02:19:18.211152400+00:00,47.0861,23.0339,0.0,1,10.0,0.432,117.04787325900864
2026-09-01 02:19:36.683594600+00:00,47.2639,23.3226,0.0,1,-15.3,0.488,131.02551840416064
2026-09-01 02:19:36.685330900+00:00,47.261,23.331,0.0,1,-8.7,0.508,131.71799490260423
2026-09-01 02:19:36.686492800+00:00,47.2612,23.3305,0.0,1,8.3,0.414,131.67604148162312
2026-09-01 02:19:36.715124300+00:00,47.2738,23.3211,0.0,1,5.9,0.619,130.65802545191582
2026-09-01 02:19:36.747076+00:00,47.2856,23.2567,0.0,1,4.5,0.346,125.62852579689259
2026-09-01 02:19:39.049965900+00:00,46.7217,22.7063,0.0,1,-9.1,0.457,121.54557871146042
2026-09-01 02:19:39.059163200+00:00,46.7206,22.7225,0.0,1,15.3,0.454,122.46260997555464
2026-09-01 02:19:39.106942200+00:00,46.7246,22.7213,0.0,1,4.7,0.254,122.07179839530917
2026-09-01 02:19:39.107838+00:00,46.7279,22.7157,0.0,1,6.0,0.279,121.51315680885413
2026-09-01 02:19:39.108301800+00:00,46.7264,22.7257,0.0,1,-5.7,0.771,122.1499752450831
2026-09-01 02:19:51.517011500+00:00,47.0935,22.8837,0.0,1,-9.7,0.383,106.5109898937375
2026-09-01 02:19:51.584468500+00:00,47.0967,22.8466,0.0,1,-9.5,0.351,103.86308109227032
2026-09-01 02:19:54.373367800+00:00,47.2596,22.8093,0.0,1,5.3,0.216,93.96997568589403
2026-09-01 02:19:58.196231900+00:00,47.2761,23.3288,0.0,1,-6.5,0.521,131.1650919095312
2026-09-01 02:19:58.278067+00:00,47.2731,23.3386,0.0,1,-4.9,0.624,131.9610084938765
2026-09-01 02:19:59.437852+00:00,47.4356,22.7136,0.0,1,-6.6,0.349,82.32503395643498
2026-09-01 02:19:59.595016200+00:00,47.4472,22.6551,0.0,1,-6.6,0.334,77.79375132578068
2026-09-01 02:20:10.169276300+00:00,47.3044,22.7688,0.0,1,-8.3,0.385,89.52343194870504
2026-09-01 02:20:26.783910700+00:00,47.5791,22.7163,0.0,1,6.2,0.165,81.89162115855642
2026-09-01 02:20:26.784313800+00:00,47.5815,22.731,0.0,1,-5.7,0.362,83.00797635443969
2026-09-01 02:20:26.896324900+00:00,47.5597,22.6875,0.0,1,-12.1,0.25,79.63598414381443
2026-09-01 02:20:27.305151+00:00,47.0714,22.97,0.0,1,-10.7,0.355,113.44198493902863
2026-09-01 02:20:37.603946300+00:00,47.2353,22.7194,0.0,1,-10.0,0.248,88.5772919995723
2026-09-01 02:20:37.647120900+00:00,47.2659,22.7763,0.0,1,-7.7,0.278,91.3880243081592
2026-09-01 02:20:38.226359300+00:00,47.9039,22.1389,0.0,1,-9.4,0.247,56.37876540703821
2026-09-01 02:20:48.785152200+00:00,47.27,23.3161,0.0,1,5.7,0.417,130.3890081429151
2026-09-01 02:20:58.374127100+00:00,47.0974,22.905,0.0,1,12.5,0.272,107.74325664310211
2026-09-01 02:20:58.374788500+00:00,47.0963,22.9079,0.0,1,-7.5,0.435,107.99439657740251
2026-09-01 02:20:58.396632600+00:00,47.0958,22.9141,0.0,1,-9.2,0.201,108.4376521791861
2026-09-01 02:21:03.560434500+00:00,47.0345,23.0188,0.0,1,-14.6,0.219,118.62592159806586
2026-09-01 02:21:03.560593300+00:00,47.0366,23.0125,0.0,1,22.5,0.485,118.0948359526355
2026-09-01 02:21:21.165512900+00:00,47.3095,22.7447,0.0,1,4.3,0.277,87.61998736195233
2026-09-01 02:21:21.177926400+00:00,47.3115,22.7454,0.0,1,3.3,0.119,87.60660054846463
2026-09-01 02:21:21.736153100+00:00,47.3461,22.5047,0.0,1,5.3,0.221,69.13709199024306
2026-09-01 02:21:21.916684300+00:00,47.3386,22.5358,0.0,1,5.6,1.34,71.62305862220168
2026-09-01 02:21:30.160652800+00:00,47.0935,22.9077,0.0,1,-5.1,0.425,108.12311091434294
2026-09-01 02:21:35.197464600+00:00,46.7265,22.7338,0.0,1,-20.2,0.37,122.55943475256214
2026-09-01 02:21:35.201421100+00:00,46.7299,22.7317,0.0,1,4.5,0.187,122.17305921231136
2026-09-01 02:21:35.202156600+00:00,46.7311,22.7323,0.0,1,8.2,0.273,122.10615735640744
2026-09-01 02:21:35.204777300+00:00,46.7328,22.7365,0.0,1,5.5,0.392,122.18546310387805
2026-09-01 02:21:43.982262900+00:00,47.049,23.0983,0.0,1,-7.7,0.503,123.23906954556699
2026-09-01 02:21:44.146499700+00:00,47.0485,23.101,0.0,1,-9.3,0.52,123.44706398759757
2026-09-01 02:21:44.196395400+00:00,47.049,23.0958,0.0,1,-9.7,0.511,123.06936633754405
2026-09-01 02:21:44.241745500+00:00,47.049,23.0993,0.0,1,-6.2,0.582,123.30696614797516
2026-09-01 02:21:44.370132800+00:00,47.0475,23.1058,0.0,1,-5.7,0.301,123.8223415695299
2026-09-01 02:21:44.421213900+00:00,47.0881,22.9747,0.0,1,-5.6,0.264,112.92088959620908
2026-09-01 02:21:44.421805200+00:00,47.0487,23.099,0.0,1,-14.7,0.443,123.3014015100551
2026-09-01 02:21:53.902781600+00:00,46.5969,22.8505,0.0,1,-4.2,0.238,139.2305802882911
2026-09-01 02:22:02.187292100+00:00,47.0873,22.9049,0.0,1,6.0,0.345,108.2526095045421
2026-09-01 02:22:02.815266100+00:00,47.2755,23.3286,0.0,1,10.2,0.543,131.1655765003168
2026-09-01 02:22:02.832478200+00:00,47.2724,23.3385,0.0,1,-9.1,0.379,131.97147309030845
2026-09-01 02:22:02.995421200+00:00,47.226,23.2729,0.0,1,-7.2,0.554,128.47851677631516
2026-09-01 02:22:13.764284100+00:00,47.4564,22.7152,0.0,1,-5.9,0.353,82.16070968317078
2026-09-01 02:22:21.126168800+00:00,47.0898,22.9854,0.0,1,-9.2,0.462,113.56374231079694
2026-09-01 02:22:32.192161900+00:00,47.9167,22.1535,0.0,1,-5.5,0.323,58.16225166070603
2026-09-01 02:22:32.498547900+00:00,47.8977,22.0939,0.0,1,-11.3,0.149,53.626086319208326
2026-09-01 02:22:55.746241+00:00,47.2437,22.8311,0.0,1,9.1,0.211,96.11224609748906
2026-09-01 02:22:55.763015100+00:00,47.2516,22.8198,0.0,1,-14.6,0.938,95.01279137237759
2026-09-01 02:22:56.420993600+00:00,47.2697,23.3424,0.0,1,6.0,0.527,132.32687416732713
2026-09-01 02:22:56.422552200+00:00,47.2696,23.3414,0.0,1,-28.2,0.577,132.2560289604674
2026-09-01 02:22:56.439541100+00:00,47.2713,23.349,0.0,1,7.4,0.621,132.77064086565383
2026-09-01 02:23:06.565101600+00:00,46.7278,22.74,0.0,1,-18.0,0.335,122.77426072644518
2026-09-01 02:23:06.565598400+00:00,46.7308,22.7334,0.0,1,-11.8,0.265,122.18760022728469
2026-09-01 02:23:08.284883100+00:00,47.1018,23.0321,0.0,1,6.8,0.519,116.18181060099954
2026-09-01 02:23:08.587320700+00:00,47.1025,23.0297,0.0,1,9.8,0.422,115.98425995802774
2026-09-01 02:23:21.541422400+00:00,47.3454,22.5322,0.0,1,35.2,0.344,71.13685370379751
2026-09-01 02:23:21.620004+00:00,47.3308,22.5542,0.0,1,9.3,0.281,73.20935318616694
2026-09-01 02:23:21.808954400+00:00,47.3818,22.2489,0.0,1,4.0,0.253,49.61399098573023
2026-09-01 02:23:21.838560200+00:00,47.3836,22.2489,0.0,1,4.3,0.331,49.546399506151054
2026-09-01 02:23:21.841266900+00:00,47.3814,22.2503,0.0,1,6.6,0.24,49.728239051038884
2026-09-01 02:23:22.204488400+00:00,47.2763,22.4581,0.0,1,5.4,0.24,68.66781349019463
2026-09-01 02:23:22.204756100+00:00,47.2821,22.4534,0.0,1,5.9,0.285,68.07743236457341
2026-09-01 02:23:22.209521400+00:00,47.2727,22.4684,0.0,1,-48.8,0.296,69.54109618065579
2026-09-01 02:24:06.202594300+00:00,47.0345,23.0183,0.0,1,-7.5,0.441,118.59255333811797
2026-09-01 02:24:09.218521500+00:00,47.2591,22.8367,0.0,1,12.2,0.358,95.9428504287755
2026-09-01 02:24:20.838181+00:00,48.1083,22.2109,0.0,1,41.0,0.375,77.52884415565916
2026-09-01 02:24:20.838498300+00:00,48.1049,22.2037,0.0,1,-9.5,0.187,76.91516486513441
2026-09-01 02:24:20.841640600+00:00,48.1013,22.204,0.0,1,-4.0,0.955,76.59715293133928
2026-09-01 02:24:37.305744600+00:00,47.227,23.2654,0.0,1,6.1,0.396,127.90341769304274
2026-09-01 02:24:37.610142+00:00,47.2821,23.346,0.0,1,4.8,0.417,132.2803390432157
2026-09-01 02:24:54.096855300+00:00,47.276,23.3466,0.0,1,-10.6,0.56,132.4756507597609
2026-09-01 02:24:55.530365900+00:00,46.4882,22.7406,0.0,1,-6.2,0.446,143.4749989874093
2026-09-01 02:24:55.542736700+00:00,46.4882,22.7414,0.0,1,-13.1,1.138,143.510688081491
2026-09-01 02:24:59.917061500+00:00,47.254,22.8405,0.0,1,-6.9,0.37,96.39854620634839
2026-09-01 02:25:00.628236500+00:00,47.3054,22.7606,0.0,1,8.1,0.539,88.89943392843023
2026-09-01 02:25:08.032586600+00:00,47.0871,22.9322,0.0,1,7.7,0.355,110.09810065945025
2026-09-01 02:25:08.034359200+00:00,47.0842,22.9421,0.0,1,-8.7,0.366,110.91222539563206
2026-09-01 02:25:08.216859500+00:00,47.0091,22.9033,0.0,1,-13.0,0.41,112.44468271387792
2026-09-01 02:25:12.550272400+00:00,47.2432,22.851,0.0,1,-5.3,0.322,97.5447312034905
2026-09-01 02:25:29.867742400+00:00,47.3252,22.7687,0.0,1,8.1,1.045,88.87482555423134
2026-09-01 02:25:34.899840300+00:00,46.7308,22.7581,0.0,1,-11.3,0.567,123.47453814125635
2026-09-01 02:25:40.789913+00:00,47.0912,22.8618,0.0,1,35.5,0.542,105.16616046944549
2026-09-01 02:25:50.596274100+00:00,47.9233,22.1602,0.0,1,92.2,0.308,59.04013701518844
2026-09-01 02:25:50.596660500+00:00,47.9227,22.1453,0.0,1,52.5,0.192,58.24388110677412
2026-09-01 02:25:50.630657800+00:00,47.9335,22.1503,0.0,1,-6.4,0.148,59.38890928260069
2026-09-01 02:25:52.368759600+00:00,47.075,23.1222,0.0,1,6.1,0.363,123.62410037395804
2026-09-01 02:26:04.923181900+00:00,47.2789,23.3652,0.0,1,11.6,0.378,133.77152142548036
2026-09-01 02:26:04.929113200+00:00,47.282,23.3684,0.0,1,-52.3,0.443,133.93135224528845
2026-09-01 02:26:04.954070200+00:00,47.2714,23.3725,0.0,1,-12.2,0.673,134.49470962595794
2026-09-01 02:26:20.879883+00:00,47.0185,23.0439,0.0,1,4.9,0.159,121.14621506933885
2026-09-01 02:26:21.007958200+00:00,46.9876,23.0872,0.0,1,-19.7,0.398,125.68282551133849
2026-09-01 02:26:24.714005700+00:00,47.0191,23.0127,0.0,1,-10.2,0.479,119.04256270570309
2026-09-01 02:26:25.640166300+00:00,46.6891,22.8093,0.0,1,15.2,0.368,129.5261303989234
2026-09-01 02:26:27.711164500+00:00,47.2727,22.8008,0.0,1,-13.0,0.445,92.89239976417885
2026-09-01 02:26:27.754876600+00:00,47.2748,22.8246,0.0,1,-15.0,0.411,94.52451194544875
2026-09-01 02:26:27.803900600+00:00,47.2732,22.8313,0.0,1,-9.8,0.349,95.06023773130119
2026-09-01 02:26:27.897776800+00:00,47.3101,22.8073,0.0,1,-7.4,0.435,92.12987863994087
2026-09-01 02:26:41.956647+00:00,47.0796,22.8663,0.0,1,-10.4,0.311,106.08054255414578
2026-09-01 02:26:41.978917700+00:00,47.0749,22.8867,0.0,1,-12.9,0.342,107.68669039227045
2026-09-01 02:26:42.024110400+00:00,47.0668,22.887,0.0,1,-16.0,0.406,108.14057320156796
2026-09-01 02:26:42.072777100+00:00,47.0889,22.8377,0.0,1,-18.8,0.39,103.68466198366842
2026-09-01 02:26:42.130742600+00:00,47.0804,22.882,0.0,1,-22.8,0.359,107.08210827021306
2026-09-01 02:26:45.552465900+00:00,47.1066,23.0104,0.0,1,4.7,0.534,114.46716830771743
2026-09-01 02:26:52.318326100+00:00,48.1088,22.2204,0.0,1,82.5,0.378,77.97531457874688
2026-09-01 02:27:13.132929300+00:00,47.9424,22.1309,0.0,1,-4.9,0.337,59.20165092251337
2026-09-01 02:27:13.838675900+00:00,47.9402,22.2284,0.0,1,-16.8,0.289,63.91372708968109
2026-09-01 02:27:13.935514+00:00,47.9402,22.2278,0.0,1,-10.4,0.288,63.88217710949977
2026-09-01 02:27:13.959138300+00:00,47.885,22.1289,0.0,1,9.8,0.322,54.33957831408027
2026-09-01 02:27:13.991806600+00:00,47.9394,22.2253,0.0,1,-14.3,0.229,63.687766243936785
2026-09-01 02:27:14.406203900+00:00,47.8355,22.0538,0.0,1,-14.6,0.244,46.489317193350516
2026-09-01 02:27:14.448748600+00:00,47.8573,21.9749,0.0,1,4.3,0.431,44.591646561400715
2026-09-01 02:27:15.509501+00:00,47.4316,22.7737,0.0,1,-13.6,0.361,86.86408525437425
2026-09-01 02:27:21.430578600+00:00,47.2636,22.8182,0.0,1,-13.4,0.332,94.45999468081051
2026-09-01 02:27:26.856888300+00:00,47.0806,23.1358,0.0,1,8.5,0.466,124.30177028625059
2026-09-01 02:27:27.866660200+00:00,47.2847,23.3635,0.0,1,8.5,0.367,133.50532322150806
2026-09-01 02:27:27.966693700+00:00,47.2904,23.3526,0.0,1,-6.0,0.468,132.5662155047962
2026-09-01 02:27:37.243044400+00:00,47.0751,22.8679,0.0,1,-8.7,0.35,106.42802373643107
2026-09-01 02:27:37.278190500+00:00,47.0673,22.8904,0.0,1,-11.8,0.425,108.33894668761516
2026-09-01 02:28:05.180505800+00:00,47.1083,22.9592,0.0,1,4.9,0.464,110.88173008714044
2026-09-01 02:28:10.949656400+00:00,47.0294,23.0609,0.0,1,3.9,0.337,121.70841098959906
2026-09-01 02:28:10.951498500+00:00,47.0313,23.0674,0.0,1,6.1,0.326,122.04609820492581
2026-09-01 02:28:11.398087400+00:00,48.1071,22.237,0.0,1,14.0,0.301,78.5320799234938
2026-09-01 02:28:20.230804+00:00,47.2702,23.3979,0.0,1,5.5,0.323,136.39197809997634
2026-09-01 02:28:20.233078600+00:00,47.268,23.3949,0.0,1,6.4,0.524,136.2265275135961
2026-09-01 02:28:20.234106900+00:00,47.2706,23.3812,0.0,1,3.8,0.36,135.1542475430993
2026-09-01 02:28:20.254576700+00:00,47.2685,23.4073,0.0,1,4.7,0.353,137.12555248420387
2026-09-01 02:28:20.825304700+00:00,47.3923,23.2909,0.0,1,6.1,0.589,126.01688860463791
2026-09-01 02:28:25.370333700+00:00,47.2725,22.8299,0.0,1,-6.3,0.267,94.98396020479738
2026-09-01 02:28:32.673253+00:00,47.956,22.2197,0.0,1,-8.2,0.36,64.72270292741531
2026-09-01 02:28:42.495575700+00:00,46.9743,23.2842,0.0,1,33.3,0.484,139.56230634218184
2026-09-01 02:28:53.806864600+00:00,47.2755,22.8511,0.0,1,-12.4,0.332,96.40395214276543
2026-09-01 02:28:53.833935900+00:00,47.2816,22.8208,0.0,1,39.3,0.39,94.02009382329672
2026-09-01 02:29:08.984149+00:00,46.6882,22.8467,0.0,1,-7.2,0.368,131.56834497298445
2026-09-01 02:29:13.737376600+00:00,47.1072,23.0761,0.0,1,-6.6,0.444,118.9681942563163
2026-09-01 02:29:22.043785900+00:00,47.4527,22.8482,0.0,1,-7.2,0.424,92.14803090201805
2026-09-01 02:29:44.022362800+00:00,47.2681,22.8149,0.0,1,-4.6,0.364,94.06366159385388
2026-09-01 02:29:48.951922600+00:00,48.1106,22.2527,0.0,1,17.9,0.301,79.5310957262392
2026-09-01 02:29:48.952152300+00:00,48.1124,22.2562,0.0,1,-10.6,0.393,79.84610745219344
2026-09-01 02:29:56.030763400+00:00,47.2042,23.2633,0.0,1,-6.3,0.429,128.47182215342335
2026-09-01 02:29:57.317857200+00:00,47.0952,23.0502,0.0,1,-31.4,0.449,117.73341856214755
2026-09-01 02:30:06.539306500+00:00,46.4506,22.7335,0.0,1,-6.7,0.459,146.58450247723883
2026-09-01 02:30:16.794190200+00:00,47.4383,22.8489,0.0,1,-5.7,0.458,92.3789901326853
2026-09-01 02:30:20.505123800+00:00,47.955,22.2522,0.0,1,-5.1,0.311,66.33077516229748
2026-09-01 02:30:27.166501500+00:00,47.1165,22.9055,0.0,1,5.4,0.277,106.82679320744433
2026-09-01 02:30:32.018150800+00:00,47.2764,22.8112,0.0,1,-14.5,0.38,93.5082357508566
2026-09-01 02:30:32.118676700+00:00,47.2863,22.8562,0.0,1,-25.3,0.362,96.41507511522855
2026-09-01 02:30:32.154424700+00:00,47.2861,22.8592,0.0,1,-14.5,0.281,96.63807142070834
2026-09-01 02:30:32.193591800+00:00,47.3272,22.8747,0.0,1,-14.8,0.994,96.54555491075875
2026-09-01 02:30:32.200240600+00:00,47.3069,22.8674,0.0,1,5.8,0.247,96.58854538080162
2026-09-01 02:30:32.239764300+00:00,47.2889,22.8491,0.0,1,-4.6,0.317,95.81875021162608
2026-09-01 02:30:32.270850500+00:00,47.4176,22.5542,0.0,1,-4.9,0.166,70.80789118369063
2026-09-01 02:30:32.315852+00:00,47.3818,22.6864,0.0,1,8.3,0.414,81.35037286676128
2026-09-01 02:30:36.239579400+00:00,47.2745,23.4022,0.0,1,-12.2,0.741,136.60199896689693
2026-09-01 02:30:36.240341700+00:00,47.2715,23.4092,0.0,1,6.2,0.318,137.19082675208156
2026-09-01 02:30:40.727711900+00:00,47.9605,22.2611,0.0,1,-4.0,0.342,67.23186915672434
2026-09-01 02:30:46.335570+00:00,47.0979,23.1449,0.0,1,4.6,0.488,124.1529972949838
2026-09-01 02:30:46.339109900+00:00,47.1038,23.1523,0.0,1,4.6,0.37,124.40900343118307
2026-09-01 02:30:49.147248300+00:00,47.224,23.2854,0.0,1,18.5,0.289,129.44723638564957
2026-09-01 02:31:01.434725500+00:00,47.9576,22.2607,0.0,1,-5.0,0.284,66.98330027947881
2026-09-01 02:31:18.952956400+00:00,47.291,23.3958,0.0,1,16.9,0.541,135.73724250894725
2026-09-01 02:31:18.953269900+00:00,47.2906,23.3657,0.0,1,15.4,0.665,133.52697639328952
2026-09-01 02:31:18.964119400+00:00,47.29,23.3881,0.0,1,9.9,0.641,135.19255910833274
2026-09-01 02:31:18.972185100+00:00,47.2909,23.395,0.0,1,9.9,0.594,135.6805451486904
2026-09-01 02:31:18.990288900+00:00,47.2922,23.4024,0.0,1,-7.2,0.464,136.19651507782336
2026-09-01 02:31:29.838762700+00:00,48.1174,22.2611,0.0,1,47.8,0.24,80.50957419040236
2026-09-01 02:31:36.972923900+00:00,47.9619,22.2409,0.0,1,8.8,0.314,66.28784877585949
2026-09-01 02:31:37.629082800+00:00,47.967,22.2512,0.0,1,-9.5,0.382,67.22876737717777
2026-09-01 02:31:40.639564300+00:00,47.0573,22.8631,0.0,1,-8.5,0.359,107.08457994328778
2026-09-01 02:31:41.816219100+00:00,47.2697,22.836,0.0,1,-9.2,0.489,95.51827865657062
2026-09-01 02:31:53.695171600+00:00,47.2374,22.8644,0.0,1,-5.2,0.212,98.71465006410509
2026-09-01 02:32:13.013524700+00:00,47.0945,23.1306,0.0,1,-10.6,0.429,123.3122446356879
2026-09-01 02:32:13.014314300+00:00,47.0964,23.1323,0.0,1,11.4,0.405,123.3451291791574
2026-09-01 02:32:13.015305500+00:00,47.0984,23.1108,0.0,1,-10.3,0.305,121.76590502102118
2026-09-01 02:32:13.020358600+00:00,47.0921,23.1522,0.0,1,5.8,0.622,124.91694622804779
2026-09-01 02:32:22.134546100+00:00,47.276,22.8342,0.0,1,-16.7,0.31,95.17256869545201
2026-09-01 02:32:22.178183400+00:00,47.2883,22.877,0.0,1,7.1,0.347,97.85390312153721
2026-09-01 02:32:22.178995+00:00,47.2872,22.881,0.0,1,10.0,0.382,98.17793044293715
2026-09-01 02:32:22.362233300+00:00,47.2499,22.8716,0.0,1,5.4,0.384,98.76620732436854
2026-09-01 02:32:22.816437700+00:00,47.4591,22.4161,0.0,1,5.6,0.291,59.80718904971486
2026-09-01 02:32:22.891274900+00:00,47.4895,22.4403,0.0,1,7.9,0.269,61.240976474815014
2026-09-01 02:32:22.895264700+00:00,47.4861,22.4536,0.0,1,-4.8,0.412,62.26859183212701
2026-09-01 02:32:23.025382800+00:00,47.5432,22.7593,0.0,1,-11.5,0.428,84.98677479566392
2026-09-01 02:32:23.354656+00:00,47.2344,23.3035,0.0,1,-9.8,0.513,130.45237633627116
2026-09-01 02:32:26.456743700+00:00,47.061,22.8989,0.0,1,-25.9,0.434,109.24169210689318
2026-09-01 02:32:26.574683300+00:00,47.0613,22.8978,0.0,1,-11.6,0.378,109.1526614906188
2026-09-01 02:32:26.648171400+00:00,47.0604,22.902,0.0,1,-8.2,0.335,109.4793447392118
2026-09-01 02:32:26.790550900+00:00,47.0608,22.9009,0.0,1,-6.0,0.498,109.3849065614032
2026-09-01 02:32:45.144040700+00:00,46.6725,22.8521,0.0,1,36.3,0.265,133.1120189053413
2026-09-01 02:32:53.145364800+00:00,47.0745,23.1742,0.0,1,-5.4,0.245,127.23181575654361
2026-09-01 02:33:06.321116900+00:00,47.2886,23.3933,0.0,1,-7.2,0.628,135.60870924542758
2026-09-01 02:33:07.327082700+00:00,47.9591,22.2787,0.0,1,11.3,0.326,68.05742893781976
2026-09-01 02:33:07.327750600+00:00,47.9568,22.2757,0.0,1,-21.9,0.263,67.71904959369081
2026-09-01 02:33:07.328381300+00:00,47.9554,22.2637,0.0,1,-21.9,0.394,66.97043918113903
2026-09-01 02:33:07.733762100+00:00,47.9586,22.2852,0.0,1,-4.8,0.132,68.36761996940456
2026-09-01 02:33:19.732288400+00:00,47.2327,23.3096,0.0,1,5.3,0.706,130.94650486931883
2026-09-01 02:33:20.422572300+00:00,46.5223,22.7595,0.0,1,-5.1,0.467,141.27598013376803
2026-09-01 02:33:20.486541200+00:00,46.5186,22.7728,0.0,1,-9.0,0.344,142.21795804101797
2026-09-01 02:33:20.496183600+00:00,46.5205,22.7668,0.0,1,-7.2,0.344,141.77226731096087
2026-09-01 02:33:27.690197100+00:00,47.0586,22.9198,0.0,1,-14.1,0.43,110.75616394559115
2026-09-01 02:33:27.726316200+00:00,47.0602,22.9172,0.0,1,-8.5,0.44,110.49785657010705
2026-09-01 02:33:27.774078700+00:00,47.0576,22.9144,0.0,1,-23.9,0.435,110.4517767054753
2026-09-01 02:33:27.860246900+00:00,47.1031,22.8626,0.0,1,-21.0,0.337,104.60096817090187
2026-09-01 02:33:54.830595300+00:00,47.2817,22.8425,0.0,1,-9.5,0.385,95.57798205157174
2026-09-01 02:33:54.901609500+00:00,47.2489,22.8584,0.0,1,-6.8,0.333,97.86086342104699
2026-09-01 02:34:00.521917500+00:00,47.2995,23.3775,0.0,1,6.4,0.311,134.19219963661033
2026-09-01 02:34:00.536517200+00:00,47.3014,23.3806,0.0,1,-8.5,0.589,134.37835747747718
2026-09-01 02:34:00.546957200+00:00,47.2982,23.3922,0.0,1,5.2,0.508,135.30697371826568
2026-09-01 02:34:03.596939300+00:00,47.2323,23.3089,0.0,1,-8.8,0.445,130.9072946964894
2026-09-01 02:34:04.550907900+00:00,47.3818,22.7681,0.0,1,4.6,0.117,87.3716690580557
2026-09-01 02:34:04.551415100+00:00,47.3807,22.7779,0.0,1,7.1,0.296,88.11914700920842
2026-09-01 02:34:16.861726800+00:00,47.0501,23.1278,0.0,1,-5.7,0.439,125.19221964567363
2026-09-01 02:34:34.322353100+00:00,47.2799,22.8826,0.0,1,-14.2,0.395,98.52739986030276
2026-09-01 02:34:34.385626600+00:00,47.2954,22.8436,0.0,1,-11.2,0.422,95.21441021291768
2026-09-01 02:34:37.245202200+00:00,47.9471,22.2885,8.3,2,31.1,0.151,67.66989787289583
2026-09-01 02:34:41.916405600+00:00,47.3047,23.3907,0.0,1,7.5,0.493,135.0513069051794
2026-09-01 02:34:51.935989700+00:00,47.0769,22.9365,0.0,1,-6.8,0.37,110.90877521495496
2026-09-01 02:34:52.170591400+00:00,47.0755,22.9437,0.0,1,-8.4,0.301,111.46413601981098
2026-09-01 02:34:52.241152900+00:00,47.0751,22.9456,0.0,1,-11.1,0.425,111.61228010239971
2026-09-01 02:34:52.278658500+00:00,47.0758,22.9462,0.0,1,-5.7,0.397,111.61662380237792
2026-09-01 02:34:52.424436100+00:00,47.0755,22.9438,0.0,1,-10.7,0.491,111.47085031847425
2026-09-01 02:35:06.356017600+00:00,47.0822,23.1762,0.0,1,13.0,0.227,127.02305297572988
2026-09-01 02:35:06.356834600+00:00,47.0843,23.182,0.0,1,6.9,0.183,127.33166810838541
2026-09-01 02:35:40.879461200+00:00,47.2804,22.8689,0.0,1,5.2,0.208,97.52296404921827
2026-09-01 02:35:40.880961500+00:00,47.2828,22.8876,0.0,1,3.5,0.494,98.79494855020513
2026-09-01 02:35:48.480403700+00:00,47.0867,23.1464,0.0,1,-8.5,0.391,124.756905004578
2026-09-01 02:35:59.756378900+00:00,47.9418,22.2541,0.0,1,38.0,0.254,65.40318831166951
2026-09-01 02:36:15.216303200+00:00,47.2406,23.3343,0.0,1,5.9,0.533,132.51949359022
2026-09-01 02:36:23.837876400+00:00,47.3827,22.7476,0.0,1,-16.8,0.92,85.83914260641207
2026-09-01 02:36:23.838568900+00:00,47.3856,22.7571,0.0,1,5.9,0.437,86.47665212872587
2026-09-01 02:36:23.989243300+00:00,47.3795,22.7918,0.0,1,24.2,0.337,89.17147950593161
2026-09-01 02:36:24.071783800+00:00,47.3706,22.6949,0.0,1,10.4,0.393,82.24640947542883
2026-09-01 02:36:24.087794200+00:00,47.3831,22.7526,0.0,1,7.4,0.372,86.19917483766669
2026-09-01 02:36:24.107109300+00:00,47.4294,22.3004,0.0,1,74.6,0.209,51.84417001064849
2026-09-01 02:36:24.525296100+00:00,47.4203,22.1541,0.0,1,-4.8,0.245,41.4816006054606
2026-09-01 02:36:56.318874+00:00,47.2976,23.4112,0.0,1,7.7,0.542,136.72367203349143
2026-09-01 02:36:56.444161100+00:00,47.2893,23.4012,0.0,1,-8.1,0.53,136.17499316555765
2026-09-01 02:36:56.795995500+00:00,48.1361,22.3147,0.0,1,27.2,0.39,84.56199368568493
2026-09-01 02:36:57.623642200+00:00,47.1137,22.9085,0.0,1,-9.2,0.313,107.16768390214847
2026-09-01 02:36:57.701756200+00:00,47.095,22.924,0.0,1,-9.4,0.285,109.14600446559838
2026-09-01 02:37:11.606912900+00:00,47.2386,23.3385,0.0,1,-7.2,0.429,132.88283478733084
2026-09-01 02:37:11.608219200+00:00,47.2385,23.3425,0.0,1,-6.3,0.604,133.17762938544215
2026-09-01 02:37:45.071198100+00:00,47.9473,22.2671,0.0,1,26.9,0.35,66.52503339966019
2026-09-01 02:37:46.007552500+00:00,47.9319,22.2034,0.0,1,-10.4,0.275,61.94887055843738
2026-09-01 02:37:51.104579400+00:00,47.2361,23.322,0.0,1,-5.3,0.463,131.75092856950712
2026-09-01 02:37:58.227947700+00:00,47.0806,23.1518,0.0,1,6.2,0.444,125.40649880539996
2026-09-01 02:37:58.242518200+00:00,47.0805,23.1363,0.0,1,-20.1,0.486,124.34084770195528
2026-09-01 02:37:58.281209800+00:00,47.0633,23.1366,0.0,1,-14.9,0.512,125.16193306412463
2026-09-01 02:37:58.312069800+00:00,47.0688,23.216,0.0,1,-8.5,0.6,130.38194024754807
2026-09-01 02:38:02.502479100+00:00,47.3917,22.7627,0.0,1,-11.5,0.44,86.76117189473061
2026-09-01 02:38:02.504049300+00:00,47.3919,22.7766,0.0,1,-5.5,0.289,87.78527063687321
2026-09-01 02:38:02.508973200+00:00,47.3917,22.7779,0.0,1,12.2,0.194,87.88555268165346
2026-09-01 02:38:02.511496800+00:00,47.3874,22.7753,0.0,1,8.0,0.206,87.78273466515616
2026-09-01 02:38:06.805128200+00:00,47.019,23.2345,0.0,1,12.7,0.514,133.97748365538848
2026-09-01 02:38:33.484347+00:00,47.2968,23.4096,0.0,1,5.5,0.462,136.62346005733028
2026-09-01 02:38:33.485984700+00:00,47.2942,23.4124,0.0,1,5.6,0.535,136.88895764043696
2026-09-01 02:38:33.499361300+00:00,47.2918,23.4217,0.0,1,9.5,0.522,137.63010073881645
2026-09-01 02:38:33.756141300+00:00,47.1033,23.1379,0.0,1,6.9,0.396,123.42866995881262
2026-09-01 02:38:33.757359300+00:00,47.1023,23.1371,0.0,1,8.5,0.294,123.41699334122848
2026-09-01 02:38:33.781421100+00:00,47.0901,23.1478,0.0,1,8.3,0.25,124.70111833935029
2026-09-01 02:38:33.863430800+00:00,47.3385,23.3374,0.0,1,4.8,0.578,130.4023459813466
2026-09-01 02:39:02.456925300+00:00,47.1204,23.2251,0.0,1,-7.9,0.447,128.8123383600772
2026-09-01 02:39:13.367224200+00:00,47.3896,22.7829,0.0,1,-12.1,0.383,88.29867963155058
2026-09-01 02:39:13.367979300+00:00,47.3925,22.7797,0.0,1,6.8,0.378,88.00240810383326
2026-09-01 02:39:13.603040300+00:00,47.3881,22.7864,0.0,1,4.5,0.55,88.58867995442401
2026-09-01 02:39:13.874691200+00:00,47.3067,22.8291,0.0,1,-6.7,0.345,93.81416935540746
2026-09-01 02:39:13.903561600+00:00,47.2934,22.8282,0.0,1,-8.5,0.382,94.16511592190174
2026-09-01 02:39:13.992477200+00:00,47.5176,22.4152,0.0,1,5.1,0.223,59.18126928720638
2026-09-01 02:39:14.026570100+00:00,47.5608,22.4012,0.0,1,4.8,0.181,58.17632959600745
2026-09-01 02:39:15.868649500+00:00,47.0728,23.2306,0.0,1,-12.4,0.475,131.2164094032905
2026-09-01 02:39:16.006076500+00:00,47.0725,23.2315,0.0,1,-4.8,0.371,131.292214502234
2026-09-01 02:39:19.844127300+00:00,47.0949,22.9186,0.0,1,-17.8,0.399,108.78660461625296
2026-09-01 02:39:19.846056500+00:00,47.1011,22.935,0.0,1,6.2,0.453,109.58625586143987
2026-09-01 02:39:30.908360400+00:00,47.0169,23.277,0.0,1,-4.9,0.5,136.98540247365244
2026-09-01 02:39:45.813621700+00:00,48.1549,22.3565,0.0,1,62.9,0.386,88.11894397736575
2026-09-01 02:39:45.914342300+00:00,48.0758,22.3324,0.0,1,6.0,0.279,80.21755283678432
2026-09-01 02:39:50.285286900+00:00,47.1016,23.2251,0.0,1,-7.2,0.485,129.58892704424593
2026-09-01 02:40:03.935572900+00:00,47.393,22.8171,0.0,1,34.7,0.366,90.7616290804459
2026-09-01 02:40:03.962570100+00:00,47.3857,22.8049,0.0,1,4.3,0.236,90.00676860606112
2026-09-01 02:40:03.982240500+00:00,47.3855,22.8065,0.0,1,5.2,0.326,90.12925910529869
2026-09-01 02:40:06.855849400+00:00,47.1203,23.2467,0.0,1,-7.2,0.448,130.33952798853443
2026-09-01 02:40:06.984696500+00:00,47.1199,23.2462,0.0,1,-20.7,0.433,130.3202896139586
2026-09-01 02:40:13.186231700+00:00,47.3033,23.4383,0.0,1,-20.1,0.65,138.6012192349123
2026-09-01 02:40:13.204194800+00:00,47.2954,23.4185,0.0,1,-8.7,0.592,137.31225712442728
2026-09-01 02:40:30.999649900+00:00,47.6804,22.8969,0.0,1,-6.0,0.285,96.60865585689999
2026-09-01 02:40:53.438273200+00:00,47.0708,23.1973,0.0,1,-5.3,0.568,128.99704552238472
2026-09-01 02:41:04.309868500+00:00,47.0282,23.2345,0.0,1,-6.8,0.391,133.53596560651192
2026-09-01 02:41:07.083158500+00:00,47.0837,23.1812,0.0,1,4.6,0.503,127.3028437416502
2026-09-01 02:41:07.086693300+00:00,47.0944,23.1947,0.0,1,5.3,0.27,127.77176188643337
2026-09-01 02:41:12.185442700+00:00,47.4504,23.0334,0.0,1,48.0,0.352,106.0310860326993
2026-09-01 02:41:12.369678700+00:00,47.4685,23.0684,0.0,1,-5.5,0.287,108.48406511400731
2026-09-01 02:41:33.147788800+00:00,47.1117,23.1974,0.0,1,-7.8,0.499,127.22368864792976
2026-09-01 02:41:57.331718600+00:00,47.0072,23.3212,0.0,1,-10.1,0.397,140.47667762237174
2026-09-01 02:42:08.205486600+00:00,47.2496,23.3714,0.0,1,5.5,0.426,134.98273742716918
2026-09-01 02:42:08.495256+00:00,47.2468,23.3741,0.0,1,5.2,0.571,135.2563685728901
2026-09-01 02:42:12.505295400+00:00,48.1603,22.3732,0.0,1,26.2,0.307,89.3611203749884
2026-09-01 02:42:12.710090100+00:00,48.085,22.3367,0.0,1,-3.3,0.433,81.19812388906553
2026-09-01 02:42:12.911104200+00:00,47.9807,22.3371,0.0,1,10.2,0.393,72.86396477513162
2026-09-01 02:42:12.920858100+00:00,48.0453,22.3255,0.0,1,17.9,0.257,77.35313703162282
2026-09-01 02:42:13.031804300+00:00,47.9285,22.2825,0.0,1,7.3,0.274,65.94754427288983
2026-09-01 02:42:13.044547400+00:00,47.9168,22.2894,0.0,1,5.1,0.312,65.4777457642363
2026-09-01 02:42:13.125656500+00:00,47.9788,22.2908,0.0,1,-7.3,0.384,70.2344598962301
2026-09-01 02:42:17.201460700+00:00,47.104,22.9456,0.0,1,4.6,0.384,110.16357892116051
2026-09-01 02:42:17.917931800+00:00,47.1305,23.0477,0.0,1,-27.3,0.347,115.96381206780342
2026-09-01 02:42:17.974348800+00:00,47.1293,23.0627,0.0,1,-5.8,0.44,117.06012390237643
2026-09-01 02:42:24.169560900+00:00,47.3358,22.8104,11.3,2,6.1,0.151,91.61287138923954
2026-09-01 02:42:24.183276300+00:00,47.3289,22.7921,0.0,1,-9.4,0.344,90.47011887558983
2026-09-01 02:42:35.813577500+00:00,47.3197,23.4226,0.0,1,7.5,0.518,137.09439952817894
2026-09-01 02:42:35.960867200+00:00,47.3045,23.4761,0.0,1,-11.9,0.551,141.3724962141082
2026-09-01 02:42:37.826888500+00:00,47.1021,23.2348,0.0,1,-6.9,0.502,130.2478704297861
2026-09-01 02:42:37.829344600+00:00,47.0977,23.2435,0.0,1,5.1,0.523,131.04225664113625
2026-09-01 02:42:47.844064400+00:00,46.9838,23.3011,0.0,1,-17.0,0.57,140.2340889011056
2026-09-01 02:42:56.136863700+00:00,47.2477,23.3546,0.0,1,8.4,0.385,133.8050166042086
2026-09-01 02:42:56.144702500+00:00,47.2478,23.3518,0.0,1,-4.6,0.246,133.59745954969776
2026-09-01 02:43:01.530938600+00:00,47.1135,23.2216,0.0,1,12.7,0.468,128.84791065570417
2026-09-01 02:43:06.368577600+00:00,47.3147,23.4207,0.0,1,5.6,0.266,137.0566423412009
2026-09-01 02:43:06.374231700+00:00,47.3115,23.4396,0.0,1,6.2,0.524,138.5229620231136
2026-09-01 02:43:13.318589200+00:00,47.076,23.2059,0.0,1,-5.2,0.446,129.3595225229866
2026-09-01 02:43:13.563693400+00:00,47.0726,23.2163,0.0,1,-5.5,0.354,130.2326160906993
2026-09-01 02:43:30.092023100+00:00,47.2546,23.3759,0.0,1,-5.5,0.623,135.1784067577353
2026-09-01 02:43:42.575814900+00:00,47.1052,23.2374,0.0,1,-45.8,0.456,130.30110439176934
2026-09-01 02:43:42.591403400+00:00,47.1158,23.2539,0.0,1,10.3,0.519,131.0283946146871
2026-09-01 02:43:42.617227600+00:00,47.1191,23.2572,0.0,1,-14.3,0.53,131.12876618201895
2026-09-01 02:43:42.643893800+00:00,47.1002,23.2455,0.0,1,-14.6,0.496,131.07778470848885
2026-09-01 02:43:42.690475600+00:00,47.1253,23.265,0.0,1,-10.2,0.482,131.4343296059435
2026-09-01 02:43:42.785595100+00:00,47.1113,23.2712,0.0,1,-5.3,0.522,132.42988704809062
2026-09-01 02:43:42.997119200+00:00,47.1055,23.2171,0.0,1,-13.4,0.526,128.86446854027983
2026-09-01 02:43:43.141302700+00:00,47.1702,23.286,0.0,1,-11.7,0.461,131.25829436831188
2026-09-01 02:43:57.898268500+00:00,47.0317,23.3374,0.0,1,-5.0,0.265,140.46228182382742
2026-09-01 02:44:01.265816500+00:00,47.1212,23.1175,0.0,1,5.3,0.312,121.23086343260974
2026-09-01 02:44:20.197367700+00:00,47.2536,23.3692,0.0,1,6.6,0.433,134.71409163753722
2026-09-01 02:44:33.497729800+00:00,47.0406,23.3301,0.0,1,-11.4,0.378,139.55679481299575
2026-09-01 02:44:33.958449400+00:00,47.0785,23.2269,0.0,1,5.2,0.622,130.70785411296305
2026-09-01 02:44:40.951589800+00:00,47.1677,23.3003,0.0,1,-11.0,0.603,132.3717455212853
2026-09-01 02:44:44.207823900+00:00,47.283,22.8842,0.0,1,-5.3,0.38,98.5429410168782
2026-09-01 02:44:48.469991300+00:00,47.9426,22.2906,0.0,1,44.3,0.284,67.44624490284386
2026-09-01 02:44:48.757334400+00:00,48.0664,22.3743,0.0,1,7.1,0.442,81.54377497520187
2026-09-01 02:44:49.213371800+00:00,48.1101,22.2886,0.0,1,-7.0,1.001,81.08972329734269
2026-09-01 02:45:12.459391+00:00,47.0381,23.1923,0.0,1,-14.5,0.42,130.17494521167148
2026-09-01 02:45:12.494092+00:00,47.0396,23.1855,0.0,1,-6.7,0.384,129.63805871939502
2026-09-01 02:45:12.524037200+00:00,47.038,23.188,0.0,1,-13.1,0.546,129.88571455739512
2026-09-01 02:45:12.569636500+00:00,47.0389,23.187,0.0,1,-8.8,0.443,129.77417741202223
2026-09-01 02:45:18.305775800+00:00,47.3243,22.8301,0.0,1,43.3,0.388,93.36984170735954
2026-09-01 02:45:18.347137100+00:00,47.3118,22.8034,0.0,1,6.0,0.365,91.79529927166206
2026-09-01 02:45:18.362772300+00:00,47.3332,22.8206,0.0,1,5.6,0.337,92.42898853527196
2026-09-01 02:45:18.875637500+00:00,47.6362,22.5129,0.0,1,5.1,0.35,67.43209119935972
2026-09-01 02:45:18.922595500+00:00,47.4518,22.3174,0.0,1,31.3,0.323,52.60363262372269
2026-09-01 02:45:32.954241900+00:00,46.9994,23.3109,0.0,1,5.8,0.569,140.14255057539395
2026-09-01 02:45:40.956527900+00:00,47.1681,23.2598,0.0,1,-14.7,0.479,129.4558527315414
2026-09-01 02:45:41.024855700+00:00,47.1909,23.2758,0.0,1,-14.3,0.375,129.81366043194848
2026-09-01 02:45:53.687164200+00:00,47.9692,22.357,0.0,1,8.4,0.37,73.10140723405769
2026-09-01 02:46:01.119338500+00:00,47.0966,23.2355,0.0,1,4.4,0.652,130.52819367879033
2026-09-01 02:46:11.967599100+00:00,47.2962,22.9432,0.0,1,3.6,0.402,102.41523679818691
2026-09-01 02:46:14.106070500+00:00,47.0633,23.2765,0.0,1,-15.9,0.45,134.82644059282674
2026-09-01 02:46:16.979849900+00:00,47.3201,23.4276,0.0,1,8.8,0.555,137.45681214935527
2026-09-01 02:46:16.981539700+00:00,47.3243,23.4282,0.0,1,-26.6,0.407,137.416858901511
2026-09-01 02:46:16.988723200+00:00,47.3317,23.4268,0.0,1,-16.9,0.593,137.16794488192465
2026-09-01 02:46:35.596743700+00:00,47.0486,23.3694,0.0,1,5.2,0.561,141.94127556940137
2026-09-01 02:46:50.510526400+00:00,47.3224,23.4407,0.0,1,5.2,0.592,138.38165530033692
2026-09-01 02:46:50.527660600+00:00,47.3244,23.4293,0.0,1,-7.6,0.503,137.49643891525966
2026-09-01 02:46:51.288118100+00:00,47.1188,23.2465,0.0,1,-8.1,0.497,130.38565223880587
2026-09-01 02:46:51.377846200+00:00,47.1533,23.2834,0.0,1,-13.1,0.476,131.6789974102143
2026-09-01 02:46:51.639332500+00:00,47.1538,23.2787,0.0,1,-21.9,0.473,131.32513962987028
2026-09-01 02:46:51.716042400+00:00,47.1531,23.2839,0.0,1,-10.2,0.503,131.7220223769414
2026-09-01 02:46:54.858433100+00:00,46.965,23.4134,0.0,1,-5.5,0.58,148.80773114573998
2026-09-01 02:46:54.926712400+00:00,46.978,23.3828,0.0,1,-7.4,0.544,146.08910835480458
2026-09-01 02:47:07.167106600+00:00,47.1175,23.2332,0.0,1,-11.5,0.415,129.50063125486727
2026-09-01 02:47:07.535600300+00:00,47.1126,23.2642,0.0,1,11.6,0.314,131.88381033397846
2026-09-01 02:47:09.651066600+00:00,47.4906,23.1154,0.0,1,23.1,0.615,111.85694013387193
2026-09-01 02:47:09.800124800+00:00,47.5273,23.0611,0.0,1,-7.5,0.591,107.64931658183977
2026-09-01 02:47:16.643790600+00:00,47.0568,23.1997,0.0,1,-6.3,0.487,129.80281730676154
2026-09-01 02:47:23.178381600+00:00,47.2509,23.3653,0.0,1,5.1,0.37,134.50098988994222
2026-09-01 02:47:25.160615500+00:00,47.325,23.433,0.0,1,5.0,0.835,137.75892253526428
2026-09-01 02:47:35.109269+00:00,48.0835,22.3774,0.0,1,23.7,0.346,83.09030770462002
2026-09-01 02:47:35.247235200+00:00,48.0837,22.378,0.0,1,-5.4,0.396,83.13686933372972
2026-09-01 02:47:35.565254800+00:00,48.0797,22.3603,0.0,1,-19.1,0.283,81.92130003283157
2026-09-01 02:47:35.614894+00:00,48.0801,22.362,0.0,1,-12.9,0.419,82.03911033717618
2026-09-01 02:47:35.684868900+00:00,48.0804,22.3612,0.0,1,-15.9,0.361,82.02387246218645
2026-09-01 02:47:36.054078100+00:00,48.0802,22.3637,0.0,1,-9.1,0.37,82.13229854890295
2026-09-01 02:47:37.649939900+00:00,47.0716,23.2666,0.0,1,7.2,0.401,133.77366249258128
2026-09-01 02:47:47.552329800+00:00,47.3095,22.9385,0.0,1,5.2,0.474,101.69213397053052
2026-09-01 02:47:47.770198600+00:00,47.2969,22.9549,0.0,1,9.6,0.482,103.24623720467346
2026-09-01 02:48:09.265122600+00:00,47.2675,23.416,0.0,1,10.0,0.311,137.79020923648164
2026-09-01 02:48:09.265766400+00:00,47.2679,23.3868,0.0,1,4.9,0.39,135.6337862759323
2026-09-01 02:48:09.267088500+00:00,47.2671,23.3974,0.0,1,7.6,0.561,136.4329235985118
2026-09-01 02:48:23.751931400+00:00,47.0404,23.3509,0.0,1,4.1,0.769,141.0107159896108
2026-09-01 02:48:23.753618500+00:00,47.0421,23.3536,0.0,1,15.3,0.517,141.1235480742187
2026-09-01 02:48:28.234868900+00:00,47.3313,23.4036,0.0,1,-6.3,0.672,135.4541262724651
2026-09-01 02:48:33.807751100+00:00,47.4915,23.1075,0.0,1,6.2,0.37,111.25911532661941
2026-09-01 02:48:33.851510900+00:00,47.4578,23.0804,0.0,1,-5.1,0.5,109.47746035305106
2026-09-01 02:48:54.686824300+00:00,47.0598,23.3276,0.0,1,5.4,0.457,138.5395312790973
2026-09-01 02:48:54.791724900+00:00,47.0546,23.2745,0.0,1,-6.4,0.531,135.07364638955931
2026-09-01 02:48:54.866049700+00:00,47.027,23.3677,0.0,1,-11.1,0.443,142.7739629524993
2026-09-01 02:49:07.338447100+00:00,47.0397,23.3633,0.0,1,6.7,0.414,141.90418544107257
2026-09-01 02:49:14.786099300+00:00,47.1136,23.2607,0.0,1,4.8,0.38,131.59665358444
2026-09-01 02:49:19.298242900+00:00,48.0893,22.373,0.0,1,9.4,0.276,83.34577575140867
2026-09-01 02:49:19.389014900+00:00,48.0786,22.3884,0.0,1,37.8,0.349,83.24924155556212
2026-09-01 02:49:33.342465400+00:00,47.3443,23.4671,0.0,1,5.4,0.689,139.9281919117863
2026-09-01 02:49:33.372461+00:00,47.3481,23.4906,0.0,1,7.3,0.507,141.60958433560018
2026-09-01 02:49:43.187317400+00:00,47.0504,23.381,0.0,1,17.3,0.464,142.67419024534814
2026-09-01 02:49:43.220143+00:00,47.0552,23.3378,0.0,1,-9.7,0.517,139.45038936440272
2026-09-01 02:49:43.250956700+00:00,47.0309,23.3429,0.0,1,-8.1,0.609,140.8793915952043
2026-09-01 02:49:43.822070400+00:00,47.1222,23.277,0.0,1,5.9,0.6,132.40547053709676
2026-09-01 02:49:43.830524100+00:00,47.0295,23.346,0.0,1,-9.6,0.467,141.1572834784166
2026-09-01 02:49:44.298169+00:00,47.1755,23.3031,0.0,1,7.0,0.215,132.3015859464247
2026-09-01 02:50:15.133354300+00:00,47.3436,22.9019,0.0,1,11.7,0.367,98.1160773222538
2026-09-01 02:50:15.184905300+00:00,47.2978,22.9448,0.0,1,5.4,0.216,102.48490350857641
2026-09-01 02:50:26.854595900+00:00,47.3266,23.4359,0.0,1,-11.3,0.475,137.94246386986387
2026-09-01 02:50:26.881303700+00:00,47.3451,23.4475,0.0,1,-8.1,0.51,138.4563765787385
2026-09-01 02:50:26.999674600+00:00,47.3636,23.5046,0.0,1,-7.6,0.446,142.39463111317025
2026-09-01 02:50:29.428080400+00:00,47.0681,23.3139,0.0,1,-14.6,0.549,137.2254623401853
2026-09-01 02:50:29.658542300+00:00,47.0676,23.314,0.0,1,-26.6,0.53,137.25389460670388
2026-09-01 02:50:29.713318100+00:00,47.0666,23.3194,0.0,1,-9.8,0.309,137.67412829225177
2026-09-01 02:50:57.430969400+00:00,47.0285,23.3673,0.0,1,-14.2,0.566,142.67903882292245
2026-09-01 02:50:57.434593900+00:00,47.0772,23.2983,0.0,1,-6.1,0.476,135.74615226867218
2026-09-01 02:50:57.509251200+00:00,47.0278,23.3739,0.0,1,-17.2,0.462,143.16838704350428
2026-09-01 02:50:57.614164300+00:00,47.0279,23.3767,0.0,1,-17.7,0.35,143.35831913593825
2026-09-01 02:51:16.690126100+00:00,47.3374,23.4611,0.0,1,4.8,0.384,139.607537571389
2026-09-01 02:51:16.691119700+00:00,47.337,23.4541,0.0,1,6.0,0.418,139.09485095114016
2026-09-01 02:51:16.692050800+00:00,47.3337,23.4553,0.0,1,11.5,0.521,139.24577211783532
2026-09-01 02:51:16.693143200+00:00,47.3316,23.4565,0.0,1,9.5,0.53,139.37466735983205
2026-09-01 02:51:20.092807100+00:00,47.1483,23.2993,0.0,1,12.8,0.51,132.99748306968377
2026-09-01 02:51:20.093263200+00:00,47.1486,23.3069,0.0,1,8.4,0.551,133.52905569845868
2026-09-01 02:51:20.095442900+00:00,47.1489,23.2783,0.0,1,7.5,0.33,131.47736823833142
2026-09-01 02:51:48.198206+00:00,47.0558,23.3825,0.0,1,4.5,0.881,142.54888823413987
2026-09-01 02:51:53.490582300+00:00,46.7262,23.1215,0.0,1,13.9,0.621,144.21078157086967
2026-09-01 02:51:56.873301200+00:00,46.9673,23.4132,0.0,1,-8.9,0.55,148.68331097765545
2026-09-01 02:51:57.770202+00:00,47.3293,23.4443,0.0,1,-11.6,0.479,138.51312691112068
2026-09-01 02:51:57.804349400+00:00,47.3261,23.4579,0.0,1,-11.1,0.697,139.58451744094475
2026-09-01 02:52:03.470920200+00:00,47.9677,22.3536,0.0,1,23.2,0.348,72.80128927464287
2026-09-01 02:52:03.669213800+00:00,48.0183,22.3506,0.0,1,-6.2,0.279,76.48657541226916
2026-09-01 02:52:16.865011+00:00,46.9776,23.4211,0.0,1,-9.9,0.442,148.73420386598013
2026-09-01 02:52:16.969838200+00:00,46.9692,23.4149,0.0,1,-9.9,0.474,148.7084925854362
2026-09-01 02:52:49.637318600+00:00,47.0555,23.3856,0.0,1,5.4,0.492,142.7787043330587
2026-09-01 02:52:52.180124400+00:00,47.3334,23.4661,0.0,1,8.2,0.433,140.0535589715224
2026-09-01 02:52:52.196743300+00:00,47.3332,23.4631,0.0,1,7.7,0.641,139.83450001926042
2026-09-01 02:52:58.622226500+00:00,47.2345,23.0558,0.0,1,5.3,0.292,112.50835043729988
2026-09-01 02:53:05.655170400+00:00,46.9899,23.3823,0.0,1,-4.6,0.246,145.48868381390128
2026-09-01 02:53:06.295271900+00:00,47.0406,23.3814,0.0,1,6.7,0.402,143.1255769167286
2026-09-01 02:53:06.296015800+00:00,47.0391,23.3945,0.0,1,8.3,0.347,144.10442880610194
2026-09-01 02:53:18.326261+00:00,47.1047,23.3131,0.0,1,-5.9,0.514,135.65185363807416
2026-09-01 02:53:18.564211100+00:00,47.1062,23.2991,0.0,1,-10.8,0.516,134.60343403278162
2026-09-01 02:53:18.601138700+00:00,47.1052,23.3058,0.0,1,-6.2,0.509,135.11645240700454
2026-09-01 02:53:51.056616800+00:00,47.0901,23.345,0.0,1,-22.0,0.416,138.49074858403955
2026-09-01 02:54:26.336628500+00:00,48.075,22.46,0.0,1,3.9,0.39,86.7101621289453
2026-09-01 02:54:26.448283300+00:00,48.0913,22.4981,0.0,1,-12.5,0.373,90.00919460909748
2026-09-01 02:54:39.379211700+00:00,47.0342,23.4193,0.0,1,5.7,0.443,146.04754856310012
2026-09-01 02:54:39.570381300+00:00,47.036,23.4134,0.0,1,4.8,0.69,145.5577735692913
2026-09-01 02:54:39.601877300+00:00,47.0356,23.418,0.0,1,5.3,0.326,145.8962385170845
2026-09-01 02:54:52.275045+00:00,47.3546,23.4876,0.0,1,-12.3,1.124,141.27529797027208
2026-09-01 02:54:52.292672100+00:00,47.3492,23.4814,0.0,1,-26.9,0.236,140.90587729095094
2026-09-01 02:54:59.901755600+00:00,47.0997,23.3298,0.0,1,-12.2,0.598,137.03129344115493
2026-09-01 02:55:00.476150800+00:00,47.0915,23.3473,0.0,1,-16.8,0.51,138.59625213983605
2026-09-01 02:55:22.333942700+00:00,47.0566,23.3729,0.0,1,5.5,0.587,141.84283698483586
2026-09-01 02:55:22.337383800+00:00,47.0572,23.3759,0.0,1,5.6,0.504,142.02734089298556
2026-09-01 02:55:24.096894500+00:00,47.307,22.9955,0.0,1,5.5,0.465,105.92471569173642
2026-09-01 02:55:24.280900100+00:00,47.3206,23.0075,0.0,1,24.3,0.386,106.44577366632352
2026-09-01 02:55:24.290794800+00:00,47.3244,22.9919,0.0,1,5.6,0.431,105.20449982862921
2026-09-01 02:56:11.776472400+00:00,46.9959,23.441,0.0,1,-18.4,0.62,149.25728576483613
2026-09-01 02:56:11.862178900+00:00,46.9988,23.4258,0.0,1,-20.1,0.396,148.07369977125856
2026-09-01 02:56:11.887687200+00:00,46.9961,23.4393,0.0,1,-10.5,0.438,149.13056553984345
2026-09-01 02:56:36.867612800+00:00,47.0548,23.3583,0.0,1,-5.8,0.529,140.89885437544737
2026-09-01 02:56:36.991000400+00:00,47.0969,23.3816,0.0,1,-5.9,0.705,140.80483734560596
2026-09-01 02:56:37.236854600+00:00,47.0558,23.3499,0.0,1,-21.6,0.502,140.26904324872254
2026-09-01 02:56:44.407722200+00:00,47.3379,23.4805,0.0,1,-22.2,0.546,141.04008663770998
2026-09-01 02:56:44.408762400+00:00,47.3319,23.4959,0.0,1,5.6,0.258,142.29533311139963
2026-09-01 02:56:44.411383500+00:00,47.3306,23.4947,0.0,1,5.4,0.368,142.2305355134638
2026-09-01 02:56:44.420521700+00:00,47.3369,23.4893,0.0,1,4.6,0.571,141.71246467778846
2026-09-01 02:56:44.421835700+00:00,47.3366,23.505,0.0,1,-14.7,0.828,142.88498003090615
2026-09-01 02:57:29.144571200+00:00,47.0819,23.3531,0.0,1,7.2,0.201,139.39576936499063
2026-09-01 02:57:29.145460100+00:00,47.0818,23.3535,0.0,1,6.6,0.467,139.42802246150944
2026-09-01 02:57:50.476403200+00:00,47.0776,23.3585,0.0,1,7.2,0.621,139.95255980196046
2026-09-01 02:58:18.797535600+00:00,47.0338,23.4451,0.0,1,7.3,0.441,147.86756308723128
2026-09-01 02:58:28.208884400+00:00,47.0616,23.4388,0.0,1,5.2,0.277,146.26112382129034
2026-09-01 02:58:28.233766500+00:00,47.0606,23.4455,0.0,1,5.2,0.416,146.77395152783268
2026-09-01 02:58:44.315370100+00:00,47.0608,23.3675,0.0,1,-15.0,0.59,141.28646980858247
2026-09-01 02:58:52.795903700+00:00,47.1053,23.4133,0.0,1,8.7,0.155,142.7286398313641
2026-09-01 02:59:14.781483700+00:00,47.0434,23.4454,0.0,1,-19.9,0.536,147.48082511135624
2026-09-01 02:59:19.235825800+00:00,47.3483,23.4553,0.0,1,-71.0,0.498,138.97963293233636
2026-09-01 02:59:19.236275200+00:00,47.3466,23.4547,0.0,1,24.9,0.71,138.96504740209002
2026-09-01 02:59:19.237743700+00:00,47.3429,23.461,0.0,1,9.6,0.401,139.4997049712223
2026-09-01 02:59:19.256863600+00:00,47.3374,23.4639,0.0,1,-6.4,0.495,139.8155962866216
2026-09-01 02:59:30.611549700+00:00,48.0733,22.4877,0.0,1,-23.1,1.14,88.07710211434103
2026-09-01 02:59:34.518672500+00:00,47.176,23.2583,0.0,1,-6.9,0.57,129.06799105278714
2026-09-01 03:00:05.417163+00:00,47.1024,23.4017,0.0,1,-11.7,0.631,142.01568892773528
2026-09-01 03:00:05.487114100+00:00,47.1019,23.4033,0.0,1,-13.2,0.498,142.14855736926734
2026-09-01 03:00:05.535396300+00:00,47.1013,23.4069,0.0,1,-8.0,0.375,142.4272723383018
2026-09-01 03:00:05.667027600+00:00,47.115,23.4243,0.0,1,-5.4,0.561,143.14662558579403
2026-09-01 03:00:05.769928800+00:00,47.1753,23.4233,0.0,1,-10.9,0.485,140.9733211818968
2026-09-01 03:00:17.186743600+00:00,47.11,23.3911,0.0,1,-31.6,0.559,140.97117210029035
2026-09-01 03:00:17.803177200+00:00,47.2643,23.4474,0.0,1,4.2,0.512,140.17906760000278
2026-09-01 03:00:19.275400500+00:00,47.6338,23.4252,0.0,1,12.0,0.346,135.32423083210747
2026-09-01 03:00:19.275607700+00:00,47.6323,23.4359,0.0,1,20.2,0.6,136.11201515047057
2026-09-01 03:00:23.981033700+00:00,47.3201,23.0418,0.0,1,3.8,0.381,108.97648395350816
2026-09-01 03:00:23.981524800+00:00,47.3209,23.0473,0.0,1,-40.7,1.094,109.36062567046488
2026-09-01 03:00:26.941667400+00:00,47.13,23.396,0.0,1,-5.0,0.677,140.57364275474075
2026-09-01 03:00:56.335826200+00:00,47.1014,23.42,0.0,1,5.8,0.313,143.35389803258263
2026-09-01 03:01:17.328534500+00:00,47.3152,23.0541,0.0,1,5.9,0.473,110.00289459245012
2026-09-01 03:01:18.537082200+00:00,48.0755,22.5056,0.0,1,-17.3,0.367,89.22178222449666
2026-09-01 03:01:36.771472700+00:00,47.3397,23.501,0.0,1,8.5,0.627,142.5315221156242
2026-09-01 03:02:15.537155500+00:00,47.114,23.4215,0.0,1,-10.6,0.489,142.9842418970072
2026-09-01 03:02:15.558575100+00:00,47.101,23.4399,0.0,1,-11.4,0.563,144.78400608253796
2026-09-01 03:02:15.731745100+00:00,47.108,23.4386,0.0,1,-16.2,0.55,144.4273204218631
2026-09-01 03:02:15.982267900+00:00,47.1087,23.4401,0.0,1,-10.9,0.51,144.50800527075364
2026-09-01 03:02:16.003316700+00:00,47.1094,23.4426,0.0,1,-23.6,0.482,144.6600637726134
2026-09-01 03:02:16.027333300+00:00,47.1099,23.4311,0.0,1,-9.8,0.49,143.8217244849628
2026-09-01 03:02:45.546626700+00:00,47.2998,23.0478,0.0,1,-3.6,0.308,109.94449102904343
2026-09-01 03:02:53.963263600+00:00,47.0739,23.4516,0.0,1,-11.1,0.619,146.66795533727674
2026-09-01 03:03:05.406741800+00:00,48.0701,22.4957,0.0,1,20.2,1.129,88.27369046061243
2026-09-01 03:03:05.407325200+00:00,48.0755,22.5203,0.0,1,-5.4,0.433,90.0320048561807
2026-09-01 03:03:05.900337600+00:00,48.0553,22.4794,0.0,1,-6.3,0.461,86.27045070674116
2026-09-01 03:03:28.727301400+00:00,47.3434,23.4667,0.0,1,12.0,0.455,139.91454537739585
2026-09-01 03:03:28.729358200+00:00,47.3375,23.4514,0.0,1,7.3,0.591,138.88496448495556
2026-09-01 03:03:48.977685500+00:00,47.1749,23.4823,0.0,1,6.0,0.386,145.25645073728862
2026-09-01 03:03:49.252221500+00:00,47.1543,23.3526,0.0,1,-26.4,0.499,136.59429280143536
2026-09-01 03:04:03.395608700+00:00,47.2998,23.0671,0.0,1,5.0,0.615,111.35666208655392
2026-09-01 03:04:03.648946800+00:00,47.3456,22.9363,0.0,1,23.2,0.458,100.59757840139387
2026-09-01 03:04:03.723318200+00:00,47.6327,23.4758,0.0,1,-8.5,0.597,139.0976336403397
2026-09-01 03:04:03.724093+00:00,47.6347,23.4671,0.0,1,11.7,0.637,138.46288980298758
2026-09-01 03:04:24.506329800+00:00,47.072,23.468,0.0,1,5.8,0.668,147.90346764193072
2026-09-01 03:04:34.148789900+00:00,47.3607,23.5895,0.0,1,5.7,0.695,148.77043057978577
2026-09-01 03:04:45.111868400+00:00,47.0557,23.4802,0.0,1,5.3,0.302,149.41937571734982
2026-09-01 03:04:45.113801900+00:00,47.0552,23.4753,0.0,1,5.8,0.475,149.09422733739086
2026-09-01 03:05:01.321448700+00:00,47.0098,23.4425,0.0,1,-8.6,0.436,148.73495880913723
2026-09-01 03:05:16.261721200+00:00,47.6206,23.4787,0.0,1,10.9,0.528,139.22833582642113
2026-09-01 03:05:16.288847300+00:00,47.6274,23.4584,0.0,1,-6.3,0.595,137.7570683953201
2026-09-01 03:05:29.604301600+00:00,47.1285,23.419,0.0,1,-5.1,0.472,142.27244304105733
2026-09-01 03:05:46.455518600+00:00,46.8035,23.2327,0.0,1,5.8,0.282,145.88424360848785
2026-09-01 03:05:46.501428100+00:00,46.8127,23.2213,0.0,1,-7.4,0.407,144.59152610818174
2026-09-01 03:06:11.406101400+00:00,47.0378,23.4613,0.0,1,-6.1,0.608,148.83183715144978
2026-09-01 03:06:30.795549100+00:00,47.622,23.4344,0.0,1,-10.0,1.275,135.92370560512938
2026-09-01 03:06:34.471186200+00:00,47.088,23.4682,0.0,1,5.7,0.524,147.29271242793772
2026-09-01 03:06:34.485589200+00:00,47.0819,23.4764,0.0,1,-14.8,0.608,148.11050879291219
2026-09-01 03:06:34.502984200+00:00,47.076,23.4817,0.0,1,-12.6,0.573,148.71619722097657
2026-09-01 03:06:34.533887900+00:00,47.0863,23.4572,0.0,1,-11.9,0.494,146.5774181653325
2026-09-01 03:07:40.085500400+00:00,46.8494,23.3066,0.0,1,42.5,0.536,147.83457505804418
2026-09-01 03:07:44.688869400+00:00,48.0828,22.5815,0.0,1,9.3,0.215,93.99174675492506
2026-09-01 03:07:44.731754100+00:00,48.0821,22.5878,0.0,1,8.3,0.314,94.29876005389067
2026-09-01 03:07:53.897768400+00:00,47.3222,23.03,0.0,1,-5.5,0.188,108.05730908363786
2026-09-01 03:07:53.898666400+00:00,47.3243,23.0363,0.0,1,7.4,0.307,108.46820888733225
2026-09-01 03:07:53.905711100+00:00,47.3219,23.0335,0.0,1,8.3,0.237,108.32189072713753
2026-09-01 03:07:54.003646800+00:00,47.2925,23.0237,0.0,1,36.8,0.442,108.38589319188894
2026-09-01 03:07:54.136302+00:00,47.4668,22.8018,0.0,1,15.5,0.431,88.52523834770439
2026-09-01 03:07:55.003051500+00:00,47.5364,22.8496,0.0,1,6.3,0.412,91.76299505312996
2026-09-01 03:07:55.657900900+00:00,47.5352,22.8163,0.0,1,6.5,0.441,89.26348814261135
2026-09-01 03:07:56.999147+00:00,47.0739,23.4966,0.0,1,-9.5,0.56,149.8546624797811
2026-09-01 03:07:57.432858800+00:00,47.1042,23.4767,0.0,1,6.7,0.547,147.28554873590082
2026-09-01 03:08:02.513900100+00:00,47.6179,23.4762,0.0,1,9.2,1.182,139.0238158753294
2026-09-01 03:08:02.515210+00:00,47.6196,23.4953,0.0,1,-8.7,0.686,140.46389050018468
2026-09-01 03:09:28.650864200+00:00,47.3477,23.5249,0.0,1,6.8,0.498,144.1694330448945
2026-09-01 03:09:54.298493600+00:00,47.6309,23.5222,0.0,1,-6.5,0.514,142.55328092382265
2026-09-01 03:10:25.202345100+00:00,46.8567,23.3354,0.0,1,22.4,0.486,149.2892062178523
2026-09-01 03:10:25.735808800+00:00,47.0733,23.4926,0.0,1,-10.2,0.4,149.59449369956837
2026-09-01 03:10:25.827488100+00:00,47.0942,23.4915,0.0,1,-8.5,0.521,148.71435331562628
2026-09-01 03:10:47.939047300+00:00,48.0743,22.5324,0.0,1,20.3,0.426,90.61513311559891
2026-09-01 03:11:05.152292300+00:00,47.0966,23.5087,0.0,1,-24.5,0.388,149.85085786415803
2026-09-01 03:11:50.682583800+00:00,47.5965,23.447,0.0,1,-8.4,0.648,136.7204508545311
2026-09-01 03:11:50.705426700+00:00,47.6122,23.4204,0.0,1,-11.3,0.535,134.81224188521202
2026-09-01 03:11:50.780714300+00:00,47.5939,23.4565,0.0,1,-9.0,0.58,137.42072952730092
2026-09-01 03:12:45.289071200+00:00,46.8646,23.3411,0.0,1,-8.2,0.499,149.2148039959216
2026-09-01 03:13:06.337976300+00:00,47.2651,23.4091,0.0,1,32.6,0.607,137.34319370075048
2026-09-01 03:14:16.690045100+00:00,48.192,22.7175,0.0,1,-10.8,0.501,109.57601699871694
2026-09-01 03:14:16.850574400+00:00,48.1907,22.7172,0.0,1,-25.9,0.549,109.46333518101248
2026-09-01 03:14:35.208252700+00:00,47.603,23.5131,0.0,1,-12.6,0.619,141.70282442318643
2026-09-01 03:14:35.259603200+00:00,47.6175,23.5004,0.0,1,-8.6,0.64,140.8322907270285
2026-09-01 03:14:35.400611900+00:00,47.5869,23.492,0.0,1,-11.4,0.551,140.0538781741752
2026-09-01 03:14:38.387635700+00:00,48.0436,22.544,0.0,1,-8.9,0.37,89.05852400273388
2026-09-01 03:14:38.388168100+00:00,48.0286,22.5903,0.0,1,7.4,0.308,90.72775519401573
2026-09-01 03:15:32.823830600+00:00,47.6084,23.5022,0.0,1,-13.5,0.396,140.9142624346981
2026-09-01 03:15:32.885952400+00:00,47.6068,23.5024,0.0,1,-12.0,0.647,140.92071629131675
2026-09-01 03:15:32.941947100+00:00,47.6189,23.523,0.0,1,-9.5,0.632,142.53227652966655
2026-09-01 03:15:33.075504100+00:00,47.6056,23.5042,0.0,1,-7.7,0.354,141.0492750323546
2026-09-01 03:15:53.665928300+00:00,47.9824,22.4845,0.0,1,-6.9,0.314,81.35506908595724
2026-09-01 03:16:24.375679300+00:00,48.1865,22.6845,0.0,1,-11.3,0.52,107.34874921482742
2026-09-01 03:16:53.575636600+00:00,47.6165,23.488,0.0,1,-6.5,0.405,139.89810605441394
2026-09-01 03:17:18.504570+00:00,48.0278,22.5402,0.0,1,5.1,0.333,87.73301532856095
2026-09-01 03:17:18.677441100+00:00,48.0399,22.5111,0.0,1,-10.8,0.19,86.91629918243375
2026-09-01 03:17:18.902676100+00:00,48.0395,22.5079,0.0,1,-9.0,0.267,86.70603369414604
2026-09-01 03:18:25.872549600+00:00,47.6059,23.5077,0.0,1,14.0,1.688,141.31293601333658
2026-09-01 03:18:25.898637100+00:00,47.6157,23.4846,0.0,1,5.8,0.532,139.63872923887305
2026-09-01 03:18:25.908213300+00:00,47.6052,23.5143,0.0,1,-10.2,0.711,141.80364420933589
2026-09-01 03:18:25.961344300+00:00,47.5787,23.4639,0.0,1,-9.4,0.533,137.92068968014587
2026-09-01 03:19:16.139449300+00:00,48.1771,22.7438,0.0,1,-4.7,0.471,109.96049000473455
2026-09-01 03:19:48.272508300+00:00,47.2576,23.3892,0.0,1,65.3,0.558,136.0746106860916
2026-09-01 03:19:48.414846+00:00,47.3892,22.9745,0.0,1,22.4,1.389,102.50984965836813
2026-09-01 03:19:48.453942100+00:00,47.2573,23.3913,0.0,1,34.5,0.51,136.23649620135356
2026-09-01 03:19:48.466222900+00:00,47.3735,23.5901,0.0,1,5.5,2.166,148.6223320113051
2026-09-01 03:19:48.480133500+00:00,47.5002,22.9522,0.0,1,9.7,0.299,99.55929247940577
2026-09-01 03:19:48.510138300+00:00,47.1047,23.5057,0.0,1,-9.5,0.407,149.33788899600475
2026-09-01 03:19:48.582550500+00:00,47.4965,22.9643,0.0,1,-10.0,0.336,100.48608372692571
2026-09-01 03:19:48.587009900+00:00,47.4492,22.7858,0.0,1,27.5,0.398,87.52504707410418
2026-09-01 03:19:48.598375+00:00,47.4982,22.9473,0.0,1,-7.1,0.405,99.20150989024431
2026-09-01 03:19:48.816525500+00:00,47.5066,22.9259,0.0,1,-7.4,0.459,97.55667384469749
2026-09-01 03:19:49.212149700+00:00,47.5073,22.9368,0.0,1,-5.1,0.303,98.37202518421343
2026-09-01 03:19:49.696339+00:00,47.5076,22.9303,0.0,1,-16.1,0.423,97.88291940457741
2026-09-01 03:19:49.967671100+00:00,47.5075,22.9342,0.0,1,-9.8,0.444,98.17606408223118
2026-09-01 03:19:50.177057800+00:00,47.5075,22.9312,0.0,1,-6.1,0.436,97.95087349304886
2026-09-01 03:19:50.222229500+00:00,47.5072,22.9391,0.0,1,-6.4,0.187,98.54507036486483
2026-09-01 03:19:50.263622900+00:00,47.5077,22.9351,0.0,1,-6.8,0.412,98.24283016494803
2026-09-01 03:19:50.276764600+00:00,47.5074,22.9384,0.0,1,-5.3,0.35,98.49172843015909
2026-09-01 03:19:50.498826100+00:00,47.6175,22.5034,0.0,1,11.3,0.306,66.41115284161646
2026-09-01 03:19:50.499230300+00:00,47.6185,22.5074,0.0,1,10.6,0.368,66.7234919233054
2026-09-01 03:19:50.500522900+00:00,47.6182,22.5101,0.0,1,5.5,0.424,66.91927930850989
2026-09-01 03:19:53.573467200+00:00,48.2452,23.2332,0.0,1,58.1,0.608,143.64311196497917
2026-09-01 03:20:19.557916100+00:00,48.0857,22.5563,0.0,1,-4.9,0.362,92.7854753661039
2026-09-01 03:20:58.102769800+00:00,46.8982,23.3749,0.0,1,-5.3,0.499,149.60487501338002
2026-09-01 03:21:45.036547+00:00,47.6106,23.5174,0.0,1,-45.5,0.697,142.06437421779805
2026-09-01 03:21:45.054997100+00:00,47.6228,23.4856,0.0,1,9.3,0.662,139.75919884359064
2026-09-01 03:21:45.058440400+00:00,47.6167,23.5298,0.0,1,-24.6,0.539,143.02775782253622
2026-09-01 03:21:45.292577+00:00,47.5973,23.4847,0.0,1,-5.4,0.634,139.54860413183795
2026-09-01 03:21:45.570950+00:00,47.5966,23.4795,0.0,1,-12.5,0.509,139.1558763718733
2026-09-01 03:22:37.940224400+00:00,47.6121,23.5237,0.0,1,-13.2,0.707,142.54440726187585
2026-09-01 03:23:36.936390700+00:00,48.0748,22.6295,0.0,1,27.5,0.74,96.18099814381883
2026-09-01 03:24:05.126538800+00:00,47.6082,23.5307,0.0,1,16.7,0.603,143.04730560952868
2026-09-01 03:24:05.419344300+00:00,47.6122,23.5337,0.0,1,5.6,0.45,143.29362998478356
2026-09-01 03:24:54.378293300+00:00,48.1729,22.7628,0.0,1,-20.4,0.46,110.73961072243397
2026-09-01 03:24:54.378704800+00:00,48.1723,22.7577,0.0,1,-7.0,1.085,110.40606299111082
2026-09-01 03:26:18.677454900+00:00,47.1812,23.5339,0.0,1,26.4,0.575,148.8061540779054
2026-09-01 03:26:18.773913800+00:00,47.3022,23.2566,0.0,1,4.8,0.328,125.21334739403603
2026-09-01 03:26:18.889451+00:00,47.2999,23.2408,0.0,1,5.8,0.293,124.10519965605383
2026-09-01 03:26:44.468329400+00:00,47.6214,23.5211,0.0,1,-25.0,0.602,142.40592591115347
2026-09-01 03:26:44.483665800+00:00,47.6185,23.4992,0.0,1,20.0,1.488,140.74873716055436
2026-09-01 03:41:12.310921100+00:00,47.7138,23.6094,0.0,1,-7.4,0.658,149.92226414271389
2026-09-01 03:41:12.349489700+00:00,47.7132,23.6072,0.0,1,-6.7,0.706,149.750744274772
2026-09-01 03:41:12.470408700+00:00,47.7135,23.6081,0.0,1,-6.7,0.621,149.82165195018737
2026-09-01 03:47:46.101627600+00:00,48.0391,22.7409,0.0,1,6.6,0.346,100.53098318384424
2026-09-01 03:47:46.221594500+00:00,48.0691,22.7117,0.0,1,6.6,0.592,100.65806689822155
2026-09-01 03:48:02.599547900+00:00,47.7303,23.5737,0.0,1,6.3,0.652,147.51265130391306
2026-09-01 03:48:02.641678800+00:00,47.6803,23.5412,0.0,1,147.6,0.7,144.4317468971807
2026-09-01 03:48:02.680930800+00:00,47.6945,23.5517,0.0,1,9.3,0.621,145.3825103377777
2026-09-01 03:48:02.844951900+00:00,47.6505,23.5817,0.0,1,-7.4,0.608,147.15516182446706
2026-09-01 03:48:02.886089400+00:00,47.6506,23.5911,0.0,1,-8.6,0.502,147.85804558215162
2026-09-01 03:48:02.912014100+00:00,47.6506,23.5901,0.0,1,-13.5,0.624,147.78336091961916
2026-09-01 03:48:02.942347300+00:00,47.6161,23.5459,0.0,1,8.0,0.585,144.2292622394449
2026-09-01 03:48:02.942981300+00:00,47.618,23.5507,0.0,1,6.8,0.632,144.59981899129275
2026-09-01 03:48:02.994430300+00:00,47.6045,23.5619,0.0,1,10.8,0.654,145.36533047759514
2026-09-01 03:55:19.559568800+00:00,47.5886,23.5858,0.0,1,15.3,0.758,147.09102833638752
2026-09-01 03:55:19.586282500+00:00,47.588,23.5722,0.0,1,71.6,0.478,146.0695274337222
2026-09-01 03:55:19.606674300+00:00,47.588,23.5722,0.0,1,-7.1,0.849,146.0695274337222
2026-09-01 03:55:19.940629600+00:00,47.5827,23.5919,0.0,1,-12.0,0.651,147.52986307036187
2026-09-01 03:55:20.023664500+00:00,47.5835,23.5944,0.0,1,-13.7,0.666,147.71963174126267
2026-09-01 03:55:20.082599600+00:00,47.5837,23.5853,0.0,1,-10.0,0.753,147.03794186030308
2026-09-01 03:55:20.090788500+00:00,47.5838,23.5938,0.0,1,-6.3,0.541,147.67553083219565
2026-09-01 03:55:20.194484+00:00,47.5836,23.5868,0.0,1,-14.8,0.578,147.1501080261116
2026-09-01 03:55:20.559278100+00:00,47.5837,23.594,0.0,1,-13.4,0.647,147.69023017951565
2026-09-01 03:55:20.983412800+00:00,47.5837,23.591,0.0,1,-25.9,0.715,147.4653027205942
2026-09-01 03:55:21.071240+00:00,47.5834,23.593,0.0,1,-6.3,0.642,147.61437113000488
2026-09-01 03:55:21.308526700+00:00,47.5831,23.5938,0.0,1,-7.6,0.666,147.67347757992752
2026-09-01 04:02:38.880718800+00:00,47.5868,23.5957,0.0,1,53.0,0.626,147.82723137019804
2026-09-03 05:03:36.887643900+00:00,47.2678,19.6991,0.0,1,8.6,0.061,148.05768048096635
2026-09-03 05:03:37.036321100+00:00,47.2522,19.7115,0.0,1,2.0,0.077,147.51947375151704
2026-09-03 05:09:11.986137700+00:00,47.3837,19.7007,0.0,1,-6.8,0.063,145.77390200650834
2026-09-03 05:39:41.008465900+00:00,47.9449,20.6571,0.0,1,48.3,0.087,85.88177474215705
2026-09-03 05:39:41.171281500+00:00,47.9267,20.6386,0.0,1,-3.1,0.093,86.0135624130708
2026-09-03 05:41:11.395783600+00:00,47.9421,20.6727,0.0,1,-8.5,0.086,84.73209332844746
2026-09-03 05:42:29.202473+00:00,47.9328,20.6744,0.0,1,6.1,0.099,84.07716239272062
2026-09-03 05:42:29.203038400+00:00,47.9437,20.6863,5.2,2,3.9,0.02,83.9730932425177
2026-09-03 05:43:46.824622900+00:00,47.9352,20.6839,0.0,1,33.8,0.063,83.61734226233389
2026-09-03 05:43:47.149676500+00:00,47.9359,20.6852,0.0,1,-3.5,0.084,83.57676777822043
2026-09-03 05:48:15.378690+00:00,47.9165,20.7095,0.0,1,34.3,0.047,80.89971148642955
2026-09-03 05:48:15.387548100+00:00,47.9182,20.7176,0.0,1,-5.1,0.147,80.486066927999
2026-09-03 05:48:15.397432100+00:00,47.9154,20.7116,0.0,1,5.1,0.088,80.70232572944775
2026-09-03 05:48:15.402665600+00:00,47.9166,20.7112,0.0,1,10.0,0.061,80.79766795940498
2026-09-03 05:53:44.741814600+00:00,47.9041,20.7576,0.0,1,97.6,0.104,77.12719240638323
2026-09-03 05:53:44.741831+00:00,47.9018,20.7565,0.0,1,-34.3,0.148,77.06092130295734
2026-09-03 05:53:44.742536500+00:00,47.9079,20.7504,0.0,1,-8.0,0.09,77.80647165843342
2026-09-03 05:53:44.742869700+00:00,47.9104,20.7424,0.0,1,-19.1,0.073,78.45920891967505
2026-09-03 05:55:43.858736+00:00,47.907,20.766,0.0,1,29.7,0.064,76.77119251310796
2026-09-03 05:57:20.062789400+00:00,47.8973,20.78,0.0,1,17.4,0.099,75.31152385527095
2026-09-03 05:57:20.063052100+00:00,47.896,20.7783,0.0,1,-20.6,0.102,75.34143405269795
2026-09-03 05:57:20.067295900+00:00,47.8938,20.7785,0.0,1,-6.7,0.1,75.19865366828141
2026-09-03 06:04:28.428196800+00:00,47.8877,20.8143,0.0,1,34.1,0.1,72.58161764232301
2026-09-03 16:25:02.931531200+00:00,47.8462,20.9122,0.0,1,7.2,0.192,63.94331619233202
2026-09-03 18:06:07.821766800+00:00,47.3174,22.9236,0.0,1,-11.1,0.416,100.38597384195813
2026-09-03 18:06:07.822116500+00:00,47.3383,22.9965,0.0,1,5.8,0.493,105.20227653027906
