time,latitude,longitude,height_km,event_type,peak_current_ka,location_error,distance_km
2026-09-21 10:50:24.756710300+00:00,48.6133,21.1423,0.0,1,-15.2,0.071,125.56082158891587
2026-09-21 10:55:27.550314300+00:00,48.603,21.1778,0.0,1,-7.2,0.115,123.72725108893695
2026-09-21 10:58:46.716397800+00:00,48.6022,21.2145,0.0,1,5.1,0.047,122.93310861189408
2026-09-21 10:59:53.830992+00:00,48.5968,21.2132,0.0,1,-7.6,0.084,122.37639879967006
2026-09-21 11:01:24.159124800+00:00,48.5876,21.2464,0.0,1,-4.0,0.022,120.78537319194236
2026-09-21 11:01:56.053600100+00:00,48.6054,21.2328,0.0,1,-4.8,0.128,122.94623962311508
2026-09-21 11:02:31.655682100+00:00,48.6139,21.2447,0.0,1,-4.4,0.124,123.65755563532038
2026-09-21 11:09:32.050382800+00:00,48.6143,21.3069,0.0,1,-4.5,0.124,122.72140564585585
2026-09-21 11:14:42.457974400+00:00,48.6067,21.3549,0.0,1,-4.1,0.163,121.24679293420039
2026-09-21 11:14:42.481318300+00:00,48.6008,21.3507,0.0,1,-4.3,0.086,120.65296167063295
2026-09-21 11:15:16.231836200+00:00,48.6034,21.3536,0.0,1,12.0,0.117,120.90133338046881
2026-09-21 11:15:16.232383300+00:00,48.6018,21.3487,0.0,1,-6.1,0.052,120.78787777402317
2026-09-21 11:15:16.253316200+00:00,48.6013,21.3511,0.0,1,-7.0,0.073,120.7026728358006
2026-09-21 11:16:07.823414300+00:00,48.6,21.3665,0.0,1,8.1,0.133,120.37076465784523
2026-09-21 11:17:04.380988600+00:00,48.6068,21.3681,0.0,1,7.5,0.102,121.09791882173751
2026-09-21 11:17:04.381680+00:00,48.6016,21.3637,0.0,1,-11.2,0.125,120.57992922314197
2026-09-21 11:17:04.418329+00:00,48.5706,21.3216,10.0,2,5.2,0.144,117.74459560246775
2026-09-21 11:19:07.944229100+00:00,48.5844,21.395,0.0,1,37.2,0.078,118.33207136876663
2026-09-21 11:32:38.937150700+00:00,48.4538,21.195,0.0,1,14.2,0.072,107.4710410337855
2026-09-21 11:32:38.951869800+00:00,48.4524,21.1951,0.0,1,21.6,0.07,107.32041734926719
2026-09-21 11:34:34.893113200+00:00,48.456,21.2091,0.0,1,6.3,0.087,107.39559639283871
2026-09-21 11:34:34.907723300+00:00,48.4551,21.2103,0.0,1,-4.0,0.073,107.27403606651085
2026-09-21 11:46:45.759526+00:00,47.5812,21.5448,0.0,1,3.5,0.113,8.291301110887565
2026-09-21 11:46:45.762594400+00:00,47.5781,21.5421,0.0,1,-3.4,0.047,8.222797670698307
2026-09-21 11:46:57.603725400+00:00,48.5914,20.8575,0.0,1,5.7,0.195,130.9945318452059
2026-09-21 11:49:46.517135900+00:00,48.3403,21.6567,0.0,1,-4.0,0.1,89.95000349164049
2026-09-21 11:50:13.539184300+00:00,47.5861,21.5688,0.0,1,-8.5,0.029,7.482963052512479
2026-09-21 11:52:04.833396900+00:00,48.3595,21.6188,0.0,1,-4.9,0.115,92.06045653663307
2026-09-21 11:52:23.211050900+00:00,48.5521,20.8504,0.0,1,12.9,0.059,127.32607834137238
2026-09-21 11:52:23.389862800+00:00,48.5496,20.8532,0.0,1,-4.9,0.185,126.98457487914544
2026-09-21 11:52:54.868874600+00:00,48.3609,21.6172,0.0,1,-4.5,0.102,92.21702076416419
2026-09-21 11:52:54.869355300+00:00,48.3598,21.6175,0.0,1,-4.5,0.036,92.09453068988975
2026-09-21 11:52:54.884683200+00:00,48.3589,21.6172,0.0,1,12.9,0.097,91.99463844799244
2026-09-21 11:53:48.363029700+00:00,48.5396,20.8957,0.0,1,5.3,0.105,124.58536124188247
2026-09-21 11:54:38.516624700+00:00,48.3298,21.6522,0.0,1,-4.1,0.106,88.77517468774097
2026-09-21 11:56:04.681389300+00:00,48.3343,21.6482,0.0,1,-4.7,0.094,89.26974691618894
2026-09-21 11:56:04.681970300+00:00,48.3347,21.6493,0.0,1,-4.6,0.067,89.3156841685711
2026-09-21 11:56:45.266926200+00:00,48.3383,21.6492,0.0,1,-5.8,0.094,89.71578197727479
2026-09-21 11:57:57.789364300+00:00,48.3337,21.6545,0.0,1,10.5,0.079,89.21246663837994
2026-09-21 11:58:50.447395+00:00,48.5106,20.8794,0.0,1,-3.4,0.092,122.2460915637411
2026-09-21 11:58:50.449643400+00:00,48.5206,20.8732,0.0,1,-12.0,0.06,123.44360254926792
2026-09-21 11:58:50.451409200+00:00,48.5341,20.8982,0.0,1,-5.4,0.308,123.95532717768029
2026-09-21 11:59:19.223013800+00:00,48.3326,21.6629,0.0,1,30.2,0.076,89.10661438575372
2026-09-21 11:59:19.235515700+00:00,48.3319,21.6577,0.0,1,17.9,0.09,89.01811458383433
2026-09-21 12:02:39.412047400+00:00,48.325,21.7293,0.0,1,-16.1,0.136,88.54875893310677
2026-09-21 12:05:23.076347+00:00,48.3039,21.5696,0.0,1,-4.4,0.254,85.98341959466967
2026-09-21 12:11:14.691966900+00:00,48.2789,21.8587,0.0,1,-25.1,0.054,84.86717016238978
2026-09-21 12:11:14.692751400+00:00,48.3221,21.7873,0.0,1,6.7,0.097,88.70428042042089
2026-09-21 12:11:14.699626100+00:00,48.2917,21.8086,0.0,1,19.4,0.054,85.59253161967249
2026-09-21 12:11:14.699949200+00:00,48.2958,21.7974,0.0,1,13.3,0.198,85.91554087323468
2026-09-21 12:12:10.041448100+00:00,48.3327,21.2802,0.0,1,-4.4,0.119,92.75559223654238
2026-09-21 12:15:29.280224500+00:00,48.2748,21.4737,0.0,1,-16.9,0.053,83.4294431935225
2026-09-21 12:15:29.413838600+00:00,48.3461,21.5135,0.0,1,-3.8,0.094,90.96410466232123
2026-09-21 12:15:29.588421600+00:00,48.37,21.4694,0.0,1,-37.8,0.065,93.964519043885
2026-09-21 12:15:29.632481600+00:00,48.3671,21.4432,0.0,1,-30.1,0.064,93.909616108054
2026-09-21 12:15:29.676940200+00:00,48.3644,21.4432,0.0,1,-26.3,0.07,93.61267003452888
2026-09-21 12:15:29.700447+00:00,48.3653,21.4425,0.0,1,-5.1,0.085,93.7192914009612
2026-09-21 12:15:51.873585900+00:00,48.3187,21.3137,0.0,1,-3.4,0.106,90.58691394724326
2026-09-21 12:16:33.723077+00:00,48.2845,21.473,0.0,1,4.5,0.055,84.50489646954276
2026-09-21 12:17:33.175033900+00:00,48.48,20.9605,0.0,1,8.3,0.073,116.54100811765412
2026-09-21 12:17:33.190170500+00:00,48.4695,20.9395,0.0,1,-6.9,0.082,116.16746899856895
2026-09-21 12:17:33.326773900+00:00,48.4843,20.9062,0.0,1,-13.0,0.073,118.74215651163931
2026-09-21 12:19:40.634966600+00:00,48.3235,21.51,0.0,1,11.8,0.063,88.4878984272916
2026-09-21 12:19:40.680708400+00:00,48.3236,21.5102,0.0,1,5.6,0.084,88.49749244002966
2026-09-21 12:19:40.811606800+00:00,48.3088,21.4658,0.0,1,-9.1,0.064,87.25458768171067
2026-09-21 12:20:34.538666800+00:00,48.3488,21.4292,0.0,1,-5.9,0.08,92.0587853340341
2026-09-21 12:20:34.754214600+00:00,48.3475,21.439,0.0,1,-28.3,0.086,91.80177102908958
2026-09-21 12:20:34.754765300+00:00,48.3559,21.426,0.0,1,3.8,0.098,92.87616327217583
2026-09-21 12:20:34.811988700+00:00,48.3475,21.4393,0.0,1,-29.9,0.084,91.79835944481687
2026-09-21 12:20:34.838220200+00:00,48.3476,21.4397,0.0,1,-11.3,0.097,91.8048067608235
2026-09-21 12:21:30.923960100+00:00,48.2927,21.4976,0.0,1,-4.4,0.078,85.18069885702153
2026-09-21 12:21:31.274108600+00:00,48.3083,21.4795,0.0,1,-4.4,0.088,87.06450975301304
2026-09-21 12:23:34.003356800+00:00,48.2984,21.5184,0.0,1,-4.3,0.08,85.64963157253374
2026-09-21 12:25:20.134815600+00:00,48.2746,21.5367,0.0,1,4.9,0.074,82.89339347557429
2026-09-21 12:25:20.137159600+00:00,48.28,21.5396,0.0,1,-4.4,0.062,83.47463010871846
2026-09-21 12:25:20.332410200+00:00,48.2934,21.6983,0.0,1,-12.2,0.076,84.87340399854789
2026-09-21 12:26:22.420978600+00:00,48.3141,21.3754,0.0,1,-14.1,0.09,89.01149280271665
2026-09-21 12:26:22.430055+00:00,48.3102,21.3687,0.0,1,-6.1,0.081,88.69490792851988
2026-09-21 12:26:22.436134100+00:00,48.3121,21.3796,0.0,1,-13.7,0.084,88.72856500377918
2026-09-21 12:26:22.446602100+00:00,48.3173,21.3616,6.7,2,6.0,0.108,89.58083704417312
2026-09-21 12:26:22.447738+00:00,48.3139,21.4002,0.0,1,-4.0,0.125,88.61841245797994
2026-09-21 12:26:22.869730400+00:00,48.3249,21.3396,0.0,1,-13.1,0.09,90.77789499712736
2026-09-21 12:27:46.332725100+00:00,48.2819,21.5405,0.0,1,-5.0,0.106,83.68003066437353
2026-09-21 12:27:46.333294100+00:00,48.2827,21.5421,0.0,1,-35.7,0.057,83.75959065673182
2026-09-21 12:27:46.333734+00:00,48.2964,21.5545,0.0,1,-22.9,0.656,85.21476834708984
2026-09-21 12:29:07.026107900+00:00,48.2893,21.545,0.0,1,-16.9,0.103,84.47538341936844
2026-09-21 12:29:07.180641500+00:00,48.305,21.4975,0.0,1,-6.1,0.074,86.54040378278751
2026-09-21 12:29:27.010525200+00:00,48.3139,21.3839,0.0,1,-3.4,0.11,88.8583311742361
2026-09-21 12:30:05.107360+00:00,47.4574,21.7437,0.0,1,-10.5,0.094,12.02293092662683
2026-09-21 12:30:05.107492400+00:00,47.4582,21.7415,0.0,1,-8.9,0.042,11.841714009377982
2026-09-21 12:30:05.121563900+00:00,47.4584,21.7454,0.0,1,9.2,0.08,12.04064198344495
2026-09-21 12:34:32.605705700+00:00,47.4571,21.7482,0.0,1,4.7,0.129,12.293511044784422
2026-09-21 12:36:14.205233500+00:00,48.2592,21.5202,0.0,1,-3.4,0.08,81.2984714928459
2026-09-21 12:36:14.206219700+00:00,48.2536,21.5226,0.0,1,-3.4,0.07,80.66134349500946
2026-09-21 12:36:14.398011+00:00,48.2829,21.5198,0.0,1,-7.1,0.061,83.92411549474372
2026-09-21 12:36:14.457223700+00:00,48.2985,21.5524,0.0,1,2.5,0.083,85.45787752885664
2026-09-21 12:36:14.476327+00:00,48.3246,21.5408,0.0,1,-3.6,0.11,88.41277476176414
2026-09-21 12:36:14.571214400+00:00,48.2855,21.6361,0.0,1,-4.6,0.084,83.83242103782557
2026-09-21 12:36:14.576270200+00:00,48.3051,21.5092,0.0,1,-7.4,0.082,86.45835783005865
2026-09-21 12:36:14.594645700+00:00,48.2882,21.5191,0.0,1,7.3,0.109,84.51569814465991
2026-09-21 12:36:14.883598800+00:00,48.2785,21.6774,0.0,1,-25.5,0.062,83.13540532688646
2026-09-21 12:36:14.975548500+00:00,48.2625,21.6436,0.0,1,-8.4,0.058,81.28145578599224
2026-09-21 12:36:15.007173300+00:00,48.2884,21.773,0.0,1,2.9,0.044,84.8500727018174
2026-09-21 12:40:07.921593+00:00,48.3089,21.4804,0.0,1,4.5,0.081,87.12223132014641
2026-09-21 12:40:07.925223300+00:00,48.3059,21.5781,0.0,1,-5.0,0.09,86.17625710940592
2026-09-21 12:41:27.681941700+00:00,48.3248,21.4862,0.0,1,-5.9,0.109,88.82410893214876
2026-09-21 12:43:33.880559500+00:00,47.4162,21.9403,0.0,1,-10.6,0.116,26.79698758086424
2026-09-21 12:43:54.301992900+00:00,48.2507,21.4252,0.0,1,9.7,0.065,81.36767014773451
2026-09-21 12:43:54.316122800+00:00,48.2486,21.4279,0.0,1,-6.5,0.068,81.1011231691656
2026-09-21 12:43:54.322863600+00:00,48.2233,21.3778,0.0,1,-5.2,0.175,79.13231218732795
2026-09-21 12:43:54.433853400+00:00,48.2497,21.4271,0.0,1,-8.1,0.079,81.23227802233036
2026-09-21 12:43:54.528695300+00:00,48.2504,21.4274,0.0,1,-4.9,0.076,81.3046684000619
2026-09-21 12:43:54.647333800+00:00,48.2724,21.5184,0.0,1,-4.0,0.092,82.77222631725816
2026-09-21 12:43:54.668222100+00:00,48.2917,21.5173,0.0,1,-17.9,0.08,84.91593324878153
2026-09-21 12:44:54.552720300+00:00,48.2705,21.3857,0.0,1,-8.5,0.08,84.11264859407177
2026-09-21 12:44:54.566172500+00:00,48.2678,21.3849,0.0,1,-8.0,0.063,83.83234595067894
2026-09-21 12:44:54.773607100+00:00,48.3184,21.3667,0.0,1,3.2,0.054,89.61698409040095
2026-09-21 12:44:55.091691200+00:00,48.2213,21.3817,0.0,1,-11.8,0.078,78.84818516925424
2026-09-21 12:47:16.411764+00:00,48.084,21.8262,0.0,1,-3.4,0.073,63.194543437751754
2026-09-21 12:48:09.217633900+00:00,48.1097,21.8332,0.0,1,-5.2,0.082,66.09437464807705
2026-09-21 12:48:09.310974800+00:00,48.0904,21.84,0.0,1,-7.5,0.097,64.13367176247775
2026-09-21 12:48:22.054869+00:00,48.7438,21.1832,0.0,1,-4.8,0.203,138.7597922418595
2026-09-21 12:52:16.970069+00:00,47.4564,21.9757,0.0,1,-5.8,0.089,27.4787075477069
2026-09-21 12:52:16.983060500+00:00,47.4707,21.9941,0.0,1,-5.6,0.179,28.374111884233884
2026-09-21 12:52:16.984137400+00:00,47.461,21.9739,0.0,1,2.5,0.051,27.196803387898477
2026-09-21 12:52:17.010714500+00:00,47.4499,21.9797,0.0,1,-2.6,0.091,27.992834334591695
2026-09-21 12:52:51.193985200+00:00,48.1739,21.7686,0.0,1,3.2,0.091,72.19447790566956
2026-09-21 12:52:51.607758700+00:00,48.1829,21.7749,8.7,2,3.5,0.237,73.25369972666951
2026-09-21 12:53:14.302690200+00:00,48.224,21.4158,0.0,1,12.2,0.061,78.59048924487912
2026-09-21 12:55:16.222397800+00:00,48.1249,21.8309,0.0,1,-3.6,0.085,67.70006033036617
2026-09-21 12:55:47.132723+00:00,48.2166,21.4471,0.0,1,-9.9,0.065,77.34516824213298
2026-09-21 12:55:47.153299200+00:00,48.213,21.4393,0.0,1,12.3,0.075,77.05481171079443
2026-09-21 12:55:47.154036600+00:00,48.2165,21.4527,0.0,1,-5.9,0.071,77.26272880275508
2026-09-21 12:55:47.183824+00:00,48.2317,21.4825,0.0,1,7.1,0.065,78.59288836126903
2026-09-21 12:55:47.223244900+00:00,48.2557,21.532,0.0,1,-8.6,0.095,80.82912881845748
2026-09-21 12:55:47.234643700+00:00,48.2672,21.5598,0.0,1,4.6,0.086,81.94961853215757
2026-09-21 12:55:47.246500900+00:00,48.2673,21.5722,0.0,1,4.7,0.08,81.90916222441
2026-09-21 12:56:02.389380100+00:00,48.1135,21.8337,0.0,1,5.7,0.073,66.51390730923394
2026-09-21 12:56:20.404452100+00:00,47.3612,21.9118,0.0,1,-5.1,0.142,28.57825411548233
2026-09-21 12:56:20.420183600+00:00,47.3599,21.9342,0.0,1,1.9,0.127,29.952298405047095
2026-09-21 12:56:20.488594200+00:00,47.4053,21.9011,0.0,1,3.1,0.053,24.915867473718077
2026-09-21 12:56:50.459214900+00:00,48.1038,21.8816,0.0,1,-3.6,0.079,66.39843575147609
2026-09-21 12:57:50.859853900+00:00,48.1181,21.8269,0.0,1,-2.7,0.085,66.89652900713361
2026-09-21 12:57:52.189939300+00:00,48.2213,21.4645,0.0,1,9.0,0.075,77.6463099271532
2026-09-21 12:57:52.205834500+00:00,48.2201,21.4626,0.0,1,-7.6,0.08,77.53686493015667
2026-09-21 12:57:52.225786800+00:00,48.2184,21.457,0.0,1,-6.1,0.07,77.41768344970077
2026-09-21 12:58:24.588601500+00:00,47.4406,22.0055,0.0,1,-12.2,0.098,30.166391790917626
2026-09-21 12:58:24.768965500+00:00,47.4212,22.0547,0.0,1,5.0,0.093,34.38742740180482
2026-09-21 12:58:24.772821100+00:00,47.4328,21.9838,0.0,1,2.6,0.142,28.955193533394255
2026-09-21 12:58:44.749279900+00:00,48.0998,21.8956,0.0,1,-6.9,0.033,66.28099452218062
2026-09-21 12:58:44.758858700+00:00,48.1003,21.8959,0.0,1,-4.1,0.041,66.34073287876285
2026-09-21 12:59:22.666991400+00:00,48.1019,21.901,0.0,1,-4.5,0.074,66.62606239474343
2026-09-21 12:59:22.679287800+00:00,48.0982,21.9016,0.0,1,-3.4,0.091,66.2486567692733
2026-09-21 12:59:28.471925900+00:00,48.7183,21.2386,0.0,1,-21.6,0.066,135.071636440868
2026-09-21 12:59:28.510240700+00:00,48.7166,21.2385,0.0,1,-6.1,0.116,134.88866392561025
2026-09-21 13:00:42.723962900+00:00,47.3614,21.9198,0.0,1,-3.1,0.11,29.016809681456728
2026-09-21 13:01:13.431791500+00:00,48.1039,21.8777,0.0,1,-10.0,0.076,66.32641653741914
2026-09-21 13:01:13.432228200+00:00,48.1058,21.876,0.0,1,-5.2,0.082,66.49349240334367
2026-09-21 13:01:35.397565500+00:00,48.1906,21.8095,0.0,1,3.5,0.027,74.52745658773392
2026-09-21 13:01:35.423460500+00:00,48.1911,21.8149,0.0,1,4.7,0.086,74.65657943626725
2026-09-21 13:01:56.029317500+00:00,47.3586,21.9323,0.0,1,-6.3,0.141,29.93525003486309
2026-09-21 13:01:56.193195500+00:00,47.399,21.9075,0.0,1,-4.2,0.075,25.710962904445754
2026-09-21 13:02:16.478749400+00:00,48.1121,21.8802,0.0,1,5.9,0.075,67.25348102825508
2026-09-21 13:02:16.506303500+00:00,48.1155,21.8706,0.0,1,-5.5,0.06,67.41963434048742
2026-09-21 13:02:42.270774200+00:00,48.0809,21.927,0.0,1,6.4,0.085,65.05110747058755
2026-09-21 13:02:51.587843200+00:00,48.644,21.1918,0.0,1,8.7,0.12,127.85239180362164
2026-09-21 13:02:51.588338500+00:00,48.649,21.1881,0.0,1,-7.4,0.123,128.45945533864284
2026-09-21 13:02:51.588765200+00:00,48.645,21.1852,0.0,1,-3.5,0.143,128.08467650820887
2026-09-21 13:03:00.607329200+00:00,48.6103,21.074,0.0,1,-4.7,0.13,126.79475641353508
2026-09-21 13:03:00.608016+00:00,48.6112,21.0702,0.0,1,-5.3,0.138,126.98105579318116
2026-09-21 13:03:05.820385600+00:00,48.8234,22.1072,0.0,1,-11.8,0.177,147.98254020867023
2026-09-21 13:03:05.823027500+00:00,48.8387,22.0703,0.0,1,-5.6,0.122,149.0065711692913
2026-09-21 13:03:35.419483500+00:00,48.6298,21.1714,0.0,1,-6.0,0.078,126.72309785478699
2026-09-21 13:03:52.326339+00:00,48.085,21.9325,0.0,1,-4.2,0.087,65.62058142147927
2026-09-21 13:03:52.343425800+00:00,48.0884,21.931,0.0,1,-3.7,0.072,65.93636686205097
2026-09-21 13:03:52.359890700+00:00,48.0996,21.919,0.0,1,-3.8,0.03,66.80883896672377
2026-09-21 13:04:24.794031200+00:00,48.7348,21.2676,0.0,1,-6.0,0.097,136.42629322606712
2026-09-21 13:04:53.167874300+00:00,48.1197,21.8713,0.0,1,5.2,0.068,67.88330684165324
2026-09-21 13:04:53.500736700+00:00,48.1907,21.836,0.0,1,4.8,0.079,74.92411443163284
2026-09-21 13:04:53.531092600+00:00,48.1954,21.8314,0.0,1,4.3,0.044,75.36517969063287
2026-09-21 13:05:36.475173400+00:00,48.6318,21.1805,0.0,1,-5.8,0.111,126.75857833138971
2026-09-21 13:06:00.618321900+00:00,48.6185,21.0233,0.0,1,-2.6,0.146,128.91869573744358
2026-09-21 13:06:01.010654700+00:00,48.6237,21.0984,0.0,1,-3.1,0.192,127.63388220422777
2026-09-21 13:06:29.436052+00:00,47.9945,21.7385,0.0,1,10.2,0.09,52.13887273193595
2026-09-21 13:06:29.440392500+00:00,47.9933,21.7445,0.0,1,-3.6,0.086,52.080719658475445
2026-09-21 13:06:41.739387500+00:00,48.8486,22.0594,0.0,1,-54.4,0.215,149.90513354959228
2026-09-21 13:07:11.267574400+00:00,48.6387,21.1791,0.0,1,2.7,0.168,127.52573476229658
2026-09-21 13:07:11.561873700+00:00,48.6537,21.2587,0.0,1,-6.0,0.171,127.73934228268696
2026-09-21 13:07:13.352745100+00:00,48.6365,21.1012,4.8,2,-2.9,0.225,128.92410707746873
2026-09-21 13:07:13.354339900+00:00,48.0855,21.9374,0.0,1,10.9,0.094,65.80057102983406
2026-09-21 13:07:13.368014300+00:00,48.087,21.9282,0.0,1,-6.0,0.06,65.7185330206232
2026-09-21 13:07:40.807732600+00:00,48.1189,21.9278,0.0,1,-12.6,0.055,69.05054724159734
2026-09-21 13:07:40.812435700+00:00,48.0888,21.9383,0.0,1,-3.8,0.062,66.16746472817535
2026-09-21 13:07:46.506727800+00:00,48.8497,22.0562,0.0,1,-35.1,0.198,149.97409545571782
2026-09-21 13:08:04.258518600+00:00,48.6378,21.2142,0.0,1,-11.5,0.153,126.77309464146153
2026-09-21 13:08:04.278779600+00:00,48.642,21.2148,0.0,1,5.9,0.117,127.21523187231936
2026-09-21 13:08:04.285490400+00:00,48.6408,21.2151,0.0,1,8.1,0.09,127.0804468436966
2026-09-21 13:08:17.572276800+00:00,48.2289,21.3851,0.0,1,-4.9,0.089,79.6121711227915
2026-09-21 13:08:17.859989500+00:00,48.1726,21.6553,0.0,1,4.9,0.1,71.30656085313673
2026-09-21 13:08:17.861150200+00:00,48.1693,21.6562,0.0,1,5.1,0.119,70.94178752296868
2026-09-21 13:08:17.863294200+00:00,48.1758,21.6498,0.0,1,11.6,0.246,71.65144141134357
2026-09-21 13:08:37.745071800+00:00,48.636,21.2153,0.0,1,-5.1,0.135,126.55925466224905
2026-09-21 13:08:48.856175600+00:00,48.0813,21.8586,0.0,1,7.1,0.086,63.51778275241831
2026-09-21 13:08:48.970095+00:00,48.0983,21.8583,0.0,1,-5.3,0.071,65.33220441420384
2026-09-21 13:08:49.708642+00:00,48.2148,21.6722,0.0,1,3.9,0.051,76.04215018289538
2026-09-21 13:09:15.361356100+00:00,48.0858,21.9479,0.0,1,3.3,0.079,66.11167672037875
2026-09-21 13:09:15.552128800+00:00,48.0869,21.9479,0.0,1,-3.4,0.073,66.22561135586518
2026-09-21 13:09:44.174019300+00:00,48.0687,21.9583,0.0,1,-4.3,0.052,64.63756649248758
2026-09-21 13:09:44.376884+00:00,48.0806,21.9183,0.0,1,3.6,0.081,64.79902019776259
2026-09-21 13:09:50.616170+00:00,48.5993,21.0739,0.0,1,-5.2,0.106,125.64219435677826
2026-09-21 13:10:32.515875+00:00,48.1691,21.4031,0.0,1,-2.7,0.072,72.83407532447772
2026-09-21 13:10:32.800413600+00:00,48.1911,21.3828,0.0,1,-4.8,0.033,75.56744577852682
2026-09-21 13:10:33.280839100+00:00,48.1911,21.3824,0.0,1,-4.2,0.053,75.57465412861345
2026-09-21 13:10:33.312656+00:00,48.191,21.5067,0.0,1,7.6,0.073,73.87186026071383
2026-09-21 13:10:36.131337500+00:00,48.6274,21.111,0.0,1,-2.4,0.115,127.7408205889854
2026-09-21 13:10:36.139600200+00:00,48.64,21.1896,0.0,1,3.9,0.104,127.46403305292662
2026-09-21 13:10:45.239068300+00:00,47.9987,21.7836,0.0,1,6.8,0.103,53.23668865331013
2026-09-21 13:10:45.240980+00:00,47.9946,21.7887,0.0,1,-15.9,0.054,52.87776045578467
2026-09-21 13:10:53.299805400+00:00,48.5962,21.0939,4.9,2,-5.7,0.187,124.83717609840744
2026-09-21 13:11:25.890462900+00:00,48.6101,21.0984,0.0,1,-12.4,0.138,126.19756353277445
2026-09-21 13:11:26.248955900+00:00,48.6038,21.1095,0.0,1,3.8,0.114,125.277080726671
2026-09-21 13:11:26.281743200+00:00,48.6252,21.1708,0.0,1,13.0,0.13,126.24265511995326
2026-09-21 13:11:26.362109600+00:00,48.6078,21.0891,0.0,1,-11.3,0.116,126.17211345983098
2026-09-21 13:11:26.364068200+00:00,48.593,21.1597,0.0,1,4.7,0.094,123.0309123314896
2026-09-21 13:11:26.377409900+00:00,48.5973,21.1651,0.0,1,3.7,0.117,123.37694917418317
2026-09-21 13:11:52.741072700+00:00,48.6294,21.0963,0.0,1,5.3,0.144,128.28426521435915
2026-09-21 13:12:13.751028100+00:00,47.9949,21.7857,0.0,1,3.9,0.067,52.85955742691656
2026-09-21 13:12:13.769307600+00:00,47.9979,21.7908,0.0,1,-4.2,0.072,53.270791793135736
2026-09-21 13:12:14.103377400+00:00,48.1654,21.4128,0.0,1,-4.6,0.05,72.27010748374273
2026-09-21 13:12:14.120237500+00:00,48.1612,21.4136,0.0,1,-2.8,0.087,71.80162427112157
2026-09-21 13:12:17.389083700+00:00,48.0673,22.0039,0.0,1,3.7,0.128,65.87465239230008
2026-09-21 13:12:38.045550300+00:00,48.0737,21.9738,0.0,1,-18.8,0.055,65.59916663901366
2026-09-21 13:12:57.037677+00:00,48.6162,21.1191,0.0,1,-4.8,0.077,126.37364461602478
2026-09-21 13:12:57.038225400+00:00,48.6145,21.118,0.0,1,-3.9,0.098,126.21792280582164
2026-09-21 13:12:57.050805500+00:00,48.6225,21.1119,0.0,1,8.5,0.143,127.20162576274564
2026-09-21 13:12:57.119214700+00:00,48.6466,21.2429,0.0,1,3.7,0.116,127.22689527482788
2026-09-21 13:13:03.544402400+00:00,48.079,21.9657,0.0,1,-5.7,0.071,65.90626172764445
2026-09-21 13:13:17.631981100+00:00,48.0058,21.8407,0.0,1,28.3,0.045,55.08782075215683
2026-09-21 13:13:21.791316100+00:00,48.0748,22.0059,0.0,1,2.8,0.06,66.69204409439405
2026-09-21 13:13:40.591294400+00:00,48.6226,21.117,0.0,1,-5.3,0.085,127.09870353794388
2026-09-21 13:13:40.877228900+00:00,48.1653,21.4093,0.0,1,-13.9,0.074,72.31756792006311
2026-09-21 13:13:45.793726200+00:00,48.0404,21.9591,0.0,1,-3.9,0.085,61.768429250780855
2026-09-21 13:14:07.714467700+00:00,48.6129,21.1288,0.0,1,-3.0,0.138,125.809848783785
2026-09-21 13:14:07.724169500+00:00,48.6254,21.1244,2.0,2,-3.9,0.081,127.2331123809864
2026-09-21 13:14:07.994218200+00:00,48.6123,21.1176,0.0,1,-8.0,0.1,125.99374098890448
2026-09-21 13:14:18.082631600+00:00,47.9701,21.8233,0.0,1,-6.3,0.058,50.91322642079715
2026-09-21 13:14:31.223646500+00:00,48.6066,21.1269,0.0,1,-7.6,0.083,125.18306580148396
2026-09-21 13:14:52.572092100+00:00,48.6195,21.1133,0.0,1,-5.1,0.116,126.85254638025937
2026-09-21 13:15:13.627571700+00:00,48.5745,21.082,0.0,1,-7.7,0.07,122.8431681005377
2026-09-21 13:15:25.795607700+00:00,48.0314,21.9063,0.0,1,-3.2,0.036,59.356275353242026
2026-09-21 13:15:26.512689600+00:00,48.6121,21.1988,0.0,1,-6.9,0.108,124.29232333393784
2026-09-21 13:15:26.514892700+00:00,48.6234,21.1822,0.0,1,5.0,0.129,125.82484097784474
2026-09-21 13:15:48.142853800+00:00,48.6201,21.1227,0.0,1,-6.6,0.063,126.70775449478427
2026-09-21 13:15:48.893939900+00:00,48.6516,21.3192,0.0,1,4.6,0.066,126.6228662163574
2026-09-21 13:15:53.880982900+00:00,48.0704,21.9899,0.0,1,-5.3,0.086,65.74858843738149
2026-09-21 13:16:12.478922900+00:00,48.6136,21.129,0.0,1,-3.7,0.104,125.87979251051654
2026-09-21 13:16:12.758290+00:00,48.0358,21.9092,0.0,1,-4.2,0.113,59.89015836285758
2026-09-21 13:16:12.905293600+00:00,48.6043,21.1007,0.0,1,-5.0,0.128,125.53218874141832
2026-09-21 13:16:12.989435100+00:00,48.6036,21.1009,0.0,1,-7.8,0.106,125.45368248177607
2026-09-21 13:16:13.204755800+00:00,48.6041,21.1013,0.0,1,-7.7,0.129,125.49719150914514
2026-09-21 13:16:13.213318800+00:00,48.6044,21.1012,0.0,1,-4.1,0.092,125.53116910986385
2026-09-21 13:16:55.177992+00:00,48.0403,22.0094,0.0,1,-2.9,0.067,63.36021278318745
2026-09-21 13:16:55.343960600+00:00,48.0383,22.0088,0.0,1,-3.2,0.1,63.141755271837425
2026-09-21 13:16:56.270179600+00:00,47.3735,22.1235,0.0,1,3.9,0.12,41.243540529623914
2026-09-21 13:16:56.293852800+00:00,47.3709,22.1314,0.0,1,-4.4,0.056,41.90495243254424
2026-09-21 13:16:56.313279200+00:00,47.334,22.09,0.0,1,5.6,0.129,41.158828822306056
2026-09-21 13:16:56.324140400+00:00,47.3741,22.1146,0.0,1,-7.1,0.104,40.610185561490844
2026-09-21 13:16:56.334556300+00:00,47.348,22.0882,0.0,1,3.4,0.035,40.22857777596634
2026-09-21 13:16:56.454917200+00:00,47.3972,22.0638,0.0,1,-7.9,0.055,36.05597728573712
2026-09-21 13:16:56.477295100+00:00,47.3711,22.132,0.0,1,-6.5,0.073,41.93623019246644
2026-09-21 13:17:07.315064100+00:00,48.6134,21.1206,0.0,1,-6.6,0.137,126.04353622772315
2026-09-21 13:17:07.316407+00:00,48.6107,21.1251,0.0,1,-5.1,0.06,125.65766671025669
2026-09-21 13:17:07.324593+00:00,48.6152,21.1121,0.0,1,-3.9,0.164,126.42411772561898
2026-09-21 13:17:07.715474300+00:00,48.5916,21.1608,0.0,1,-8.0,0.1,122.85863132806877
2026-09-21 13:17:09.545837500+00:00,47.9917,21.8693,0.0,1,-8.7,0.058,54.264368362108804
2026-09-21 13:17:09.546191700+00:00,47.9874,21.8681,0.0,1,5.6,0.102,53.783979957716745
2026-09-21 13:17:09.548132600+00:00,48.0454,21.893,0.0,1,26.5,0.07,60.481992100086366
2026-09-21 13:17:09.871826500+00:00,48.0534,21.9637,0.0,1,-3.0,0.091,63.22966893836408
2026-09-21 13:17:27.538092700+00:00,48.022,21.9856,0.0,1,-3.3,0.079,60.74824233435888
2026-09-21 13:17:27.738060100+00:00,48.082,21.9667,0.0,1,-5.9,0.078,66.24272827817607
2026-09-21 13:17:42.190911200+00:00,48.5707,21.3895,0.0,1,-15.2,0.077,116.88666943146987
2026-09-21 13:17:42.191199300+00:00,48.5713,21.3869,0.0,1,6.6,0.106,116.98196393520793
2026-09-21 13:17:42.203157+00:00,48.5717,21.3855,0.0,1,8.8,0.103,117.04184177617368
2026-09-21 13:17:42.213921900+00:00,48.5834,21.3791,0.0,1,-5.6,0.137,118.40041157866546
2026-09-21 13:17:51.728307300+00:00,48.0644,22.0143,0.0,1,-8.9,0.073,65.9204651334555
2026-09-21 13:17:53.450433200+00:00,48.5989,21.148,0.0,1,-2.9,0.135,123.9069006110109
2026-09-21 13:17:53.451613900+00:00,48.6033,21.1469,0.0,1,-3.4,0.095,124.39857760338423
2026-09-21 13:17:53.466007400+00:00,48.6024,21.1482,3.3,2,6.0,0.092,124.27510155994099
2026-09-21 13:17:53.486717900+00:00,48.6194,21.1166,0.0,1,-4.8,0.137,126.76836754085056
2026-09-21 13:18:16.972145200+00:00,48.0173,21.951,0.0,1,-3.0,0.058,59.17701690851798
2026-09-21 13:18:23.566958500+00:00,48.5236,20.8959,0.0,1,6.5,0.077,122.98441614482617
2026-09-21 13:18:23.567464100+00:00,48.5325,20.881,0.0,1,-6.2,0.125,124.36106295603835
2026-09-21 13:18:23.647045500+00:00,48.5209,20.9741,0.0,1,3.6,0.089,120.25165345812631
2026-09-21 13:18:29.419744200+00:00,48.5966,21.1378,0.0,1,-18.4,0.109,123.88260758093172
2026-09-21 13:18:37.132488+00:00,48.0676,22.0259,0.0,1,-13.4,0.047,66.62269001122708
2026-09-21 13:18:47.559673100+00:00,47.3715,22.1323,0.0,1,-4.1,0.089,41.93761360897815
2026-09-21 13:18:47.567246+00:00,47.3836,22.1362,0.0,1,-7.1,0.143,41.64959602682729
2026-09-21 13:18:47.590285600+00:00,47.3939,22.1463,0.0,1,-4.8,0.122,41.91286936328321
2026-09-21 13:19:03.739103+00:00,48.0167,21.9385,0.0,1,-7.8,0.07,58.740156943393416
2026-09-21 13:19:03.742152900+00:00,48.0654,21.9365,0.0,1,-5.5,0.079,63.690630539727934
2026-09-21 13:19:03.829152400+00:00,48.0164,21.9389,0.0,1,-12.0,0.068,58.72139893543046
2026-09-21 13:19:03.830440600+00:00,48.0868,22.0301,0.0,1,-5.6,0.109,68.67363888060271
2026-09-21 13:19:03.897571800+00:00,48.0169,21.9398,0.0,1,-4.2,0.083,58.79907627995324
2026-09-21 13:19:03.973491500+00:00,48.0165,21.9392,0.0,1,-8.4,0.09,58.74048988683121
2026-09-21 13:19:04.020543600+00:00,48.0163,21.9396,0.0,1,-4.7,0.059,58.73196622669255
2026-09-21 13:19:20.342697800+00:00,48.5717,21.3905,0.0,1,-15.3,0.109,116.9853557814428
2026-09-21 13:19:20.358722800+00:00,48.5666,21.3774,0.0,1,-4.3,0.126,116.57605699785387
2026-09-21 13:19:20.361460300+00:00,48.5718,21.4008,0.0,1,-6.0,0.089,116.88363414091792
2026-09-21 13:19:34.015290300+00:00,48.5725,21.2085,0.0,1,-6.2,0.117,119.85523272380276
2026-09-21 13:19:34.016649600+00:00,48.5751,21.0978,0.0,1,-2.7,0.117,122.52387351131937
2026-09-21 13:19:41.586931900+00:00,47.9735,21.7988,0.0,1,-4.7,0.057,50.78220090975374
2026-09-21 13:19:41.590367900+00:00,47.9944,21.7857,0.0,1,-7.6,0.292,52.805386768982146
2026-09-21 13:19:41.605464600+00:00,47.9772,21.8054,0.0,1,10.7,0.102,51.3061035785303
2026-09-21 13:19:41.723041700+00:00,47.9371,21.9094,0.0,1,4.9,0.057,49.7810179470061
2026-09-21 13:19:56.172516600+00:00,48.0589,22.0132,0.0,1,19.2,0.089,65.3357652103697
2026-09-21 13:19:56.873103100+00:00,48.0845,22.0559,0.0,1,-6.4,0.099,69.3125003174494
2026-09-21 13:19:57.082454900+00:00,48.1387,21.9325,0.0,1,-6.3,0.126,71.24639967416047
2026-09-21 13:19:57.091740600+00:00,48.1332,21.9357,0.0,1,14.6,0.051,70.74495658823399
2026-09-21 13:19:57.414445400+00:00,48.1931,21.7188,0.0,1,-13.0,0.374,73.87148722007367
2026-09-21 13:19:57.752231200+00:00,48.1776,21.6438,0.0,1,-10.4,0.07,71.84247135270898
2026-09-21 13:19:57.752531300+00:00,48.177,21.6403,0.0,1,-13.3,0.085,71.7717601643715
2026-09-21 13:19:57.848372500+00:00,48.1816,21.6682,0.0,1,4.9,0.066,72.34109006093387
2026-09-21 13:19:57.918103700+00:00,48.1575,21.4717,0.0,1,4.3,0.189,70.55893669515862
2026-09-21 13:20:03.417309+00:00,48.5961,21.1737,0.0,1,-7.6,0.064,123.0723646428015
2026-09-21 13:20:03.434651200+00:00,48.6059,21.1789,3.4,2,-3.4,0.033,124.01553864618172
2026-09-21 13:20:03.557309900+00:00,48.5832,21.1748,0.0,1,-4.9,0.082,121.6719917680122
2026-09-21 13:20:03.878104300+00:00,48.6111,21.2872,3.6,2,-2.7,0.126,122.66561604639223
2026-09-21 13:20:42.480945200+00:00,47.9114,21.9052,0.0,1,-5.0,0.112,47.07090829235723
2026-09-21 13:20:42.994165+00:00,47.9877,21.8477,0.0,1,3.5,0.084,53.32474231245192
2026-09-21 13:21:04.289726700+00:00,48.027,21.9706,0.0,1,-2.8,0.064,60.76566657418907
2026-09-21 13:21:28.015793600+00:00,48.5999,21.1795,0.0,1,-9.6,0.078,123.36152373987308
2026-09-21 13:21:28.516347200+00:00,48.5932,21.2103,0.0,1,-8.0,0.118,122.04380984720314
2026-09-21 13:21:47.244851800+00:00,48.628,21.2021,0.0,1,-4.2,0.124,125.93919646238841
2026-09-21 13:21:59.732491300+00:00,47.9305,21.6017,0.0,1,-5.2,0.058,44.396959968917905
2026-09-21 13:21:59.733326+00:00,47.9307,21.6034,0.0,1,-5.4,0.05,44.4138794278897
2026-09-21 13:21:59.735879400+00:00,47.9323,21.609,0.0,1,-22.3,0.071,44.57682266260061
2026-09-21 13:22:03.898314100+00:00,48.0527,22.0258,0.0,1,-6.8,0.057,65.1432744439448
2026-09-21 13:22:03.904256200+00:00,48.0596,22.0208,0.0,1,3.8,0.115,65.65771195991155
2026-09-21 13:22:04.192520600+00:00,48.0691,22.0658,0.0,1,7.5,0.112,68.15271995064013
2026-09-21 13:22:04.272305500+00:00,48.0524,22.0249,0.0,1,-5.1,0.071,65.08293433476679
2026-09-21 13:22:04.496312700+00:00,48.0523,22.0251,0.0,1,-9.2,0.072,65.07987429704501
2026-09-21 13:22:04.848941400+00:00,48.1579,21.8858,0.0,1,7.0,0.096,72.26379386065747
2026-09-21 13:22:07.194626600+00:00,47.3348,22.1287,0.0,1,13.6,0.168,43.60298369469265
2026-09-21 13:22:13.877796+00:00,47.9105,21.9174,0.0,1,-13.9,0.056,47.39210257260368
2026-09-21 13:22:14.297729+00:00,47.9507,21.9113,0.0,1,2.8,0.1,51.21237427673864
2026-09-21 13:22:14.502083400+00:00,47.9084,21.9188,0.0,1,5.2,0.091,47.23309348884662
2026-09-21 13:22:36.417079200+00:00,48.5802,21.1959,0.0,1,-5.5,0.067,120.92654230458929
2026-09-21 13:22:36.665912200+00:00,48.5685,21.189,0.0,1,-6.5,0.083,119.81203465278531
2026-09-21 13:22:36.666768+00:00,48.5506,21.2188,0.0,1,-4.7,0.052,117.30654751810712
2026-09-21 13:22:36.688044100+00:00,48.6242,21.1908,0.0,1,-2.0,0.121,125.74434780954299
2026-09-21 13:22:36.963134600+00:00,48.5789,21.3059,0.0,1,3.5,0.31,118.87888569591283
2026-09-21 13:23:12.698764+00:00,47.9716,21.8383,0.0,1,-10.4,0.068,51.405886863122596
2026-09-21 13:23:12.743653800+00:00,47.9717,21.8384,0.0,1,-4.0,0.077,51.418759454566604
2026-09-21 13:24:02.033403900+00:00,48.5689,21.1464,0.0,1,-4.9,0.091,120.75387529071203
2026-09-21 13:24:02.282879900+00:00,48.5889,21.2729,0.0,1,3.8,0.115,120.48008382366532
2026-09-21 13:24:04.351648400+00:00,48.016,21.9866,0.0,1,-3.5,0.103,60.18407677235005
2026-09-21 13:24:22.370764500+00:00,47.9306,21.9121,0.0,1,-11.7,0.065,49.21494877703971
2026-09-21 13:24:22.388073500+00:00,47.9567,21.9165,0.0,1,-8.4,0.074,51.980253462122256
2026-09-21 13:24:22.686985+00:00,47.9699,21.8622,0.0,1,-3.3,0.036,51.80422391752199
2026-09-21 13:24:39.558109300+00:00,47.9036,21.9048,0.0,1,-4.6,0.045,46.28160841028461
2026-09-21 13:24:52.833604200+00:00,48.043,21.9978,0.0,1,-6.3,0.258,63.24398752960105
2026-09-21 13:24:53.113979900+00:00,48.0492,22.0686,0.0,1,-3.7,0.1,66.3275769939528
2026-09-21 13:24:58.085829500+00:00,48.5778,21.1931,0.0,1,-21.2,0.09,120.72490395241857
2026-09-21 13:24:58.086129900+00:00,48.5776,21.1894,0.0,1,7.9,0.091,120.77729833252081
2026-09-21 13:24:58.097511100+00:00,48.5757,21.1852,0.0,1,-13.3,0.118,120.65865024886654
2026-09-21 13:24:58.287033100+00:00,48.5682,21.2227,0.0,1,-10.2,0.127,119.12309298976916
2026-09-21 13:25:16.289034600+00:00,47.9314,21.6316,0.0,1,-4.7,0.074,44.45689487798486
2026-09-21 13:25:18.026624700+00:00,47.9812,21.8796,0.0,1,2.5,0.089,53.43254343588762
2026-09-21 13:25:44.947245500+00:00,47.9294,21.9056,0.0,1,-8.0,0.077,48.885843206247195
2026-09-21 13:25:44.947432500+00:00,47.9304,21.9041,0.0,1,-5.9,0.036,48.938831377929596
2026-09-21 13:25:59.364871200+00:00,47.9959,21.4535,0.0,1,-8.1,0.054,53.23700984647596
2026-09-21 13:25:59.365182900+00:00,47.9963,21.4504,0.0,1,13.3,0.193,53.33709725075324
2026-09-21 13:25:59.385178400+00:00,47.9931,21.4649,0.0,1,-2.9,0.063,52.7325760419132
2026-09-21 13:26:03.606489800+00:00,48.569,21.1874,0.0,1,-24.7,0.062,119.89787034598429
2026-09-21 13:26:03.618486+00:00,48.5685,21.1892,0.0,1,13.1,0.068,119.80799355501613
2026-09-21 13:26:03.620299900+00:00,48.5689,21.1939,0.0,1,-10.3,0.085,119.75632383008725
2026-09-21 13:26:03.621704100+00:00,48.5681,21.1897,0.0,1,-14.1,0.101,119.75512636707352
2026-09-21 13:26:03.627135100+00:00,48.5841,21.1908,3.5,2,-4.2,0.07,121.44509822946749
2026-09-21 13:26:03.645795+00:00,48.5928,21.1484,0.0,1,-3.1,0.104,123.24942015741085
2026-09-21 13:26:03.910248400+00:00,48.5131,21.0694,0.0,1,2.2,0.085,116.7580464051445
2026-09-21 13:26:03.983649800+00:00,48.5718,21.2151,0.0,1,-19.6,0.079,119.65358612511096
2026-09-21 13:26:04.024294900+00:00,48.5944,21.1733,0.0,1,-11.0,0.065,122.89888167234892
2026-09-21 13:26:09.826488100+00:00,47.9504,21.8521,0.0,1,-6.5,0.07,49.509419601660014
2026-09-21 13:26:17.596538400+00:00,48.0022,21.9785,0.0,1,-3.0,0.117,58.542459531999484
2026-09-21 13:26:17.613126200+00:00,47.9948,21.9843,0.0,1,-3.3,0.014,58.007126109969754
2026-09-21 13:26:17.905728+00:00,47.9942,21.9822,0.0,1,-6.0,0.035,57.87585648347138
2026-09-21 13:26:47.515642300+00:00,48.5687,21.2091,0.0,1,-4.0,0.113,119.43592973011829
2026-09-21 13:26:47.672193200+00:00,48.5505,21.1378,0.0,1,-5.5,0.11,118.99701147148163
2026-09-21 13:26:48.028156400+00:00,48.5309,21.2183,0.0,1,-15.6,0.102,115.20343599704532
2026-09-21 13:26:48.029411100+00:00,48.5875,21.3494,0.0,1,-4.7,0.094,119.21311082028438
2026-09-21 13:27:17.499870400+00:00,47.9297,21.6523,0.0,1,20.0,0.056,44.30617114982234
2026-09-21 13:27:17.526456+00:00,47.931,21.6525,0.0,1,-4.4,0.078,44.45122690672749
2026-09-21 13:28:03.420074800+00:00,48.5876,21.1705,0.0,1,46.4,0.134,122.23022473652058
2026-09-21 13:28:03.420393600+00:00,48.5868,21.1644,0.0,1,-5.0,0.151,122.27160406129576
2026-09-21 13:28:03.433246400+00:00,48.5788,21.1803,0.0,1,-5.0,0.126,121.0894924406238
2026-09-21 13:28:03.434960300+00:00,48.5857,21.169,0.0,1,-4.2,0.026,122.0585131802309
2026-09-21 13:28:03.442355600+00:00,48.5605,21.1854,0.0,1,-7.2,0.055,119.03050580967881
2026-09-21 13:28:46.184143900+00:00,47.9183,21.9206,0.0,1,-13.6,0.045,48.272365298806406
2026-09-21 13:28:46.185172+00:00,47.9131,21.9126,0.0,1,-5.3,0.27,47.48661198189737
2026-09-21 13:28:46.813682900+00:00,48.0013,21.846,0.0,1,5.7,0.094,54.726269925719976
2026-09-21 13:28:51.439645400+00:00,48.0607,22.0783,0.0,1,4.3,0.074,67.79548302555244
2026-09-21 13:28:51.459861500+00:00,48.0606,22.0716,0.0,1,4.9,0.083,67.53852774840792
2026-09-21 13:29:03.367951500+00:00,48.5324,21.152,0.0,1,-2.8,0.1,116.76053858972645
2026-09-21 13:29:03.368862+00:00,48.5354,21.1465,0.0,1,-3.5,0.11,117.20228581099998
2026-09-21 13:29:03.540742300+00:00,48.5487,21.1067,10.5,2,-4.4,0.069,119.53508374110665
2026-09-21 13:29:14.001611300+00:00,48.0401,22.0209,0.0,1,6.9,0.078,63.73222428993428
2026-09-21 13:29:23.193539900+00:00,47.9232,21.9202,0.0,1,-4.7,0.082,48.74440888828414
2026-09-21 13:29:23.197287+00:00,47.9198,21.9192,0.0,1,-5.5,0.076,48.373498250046545
2026-09-21 13:29:23.204367100+00:00,47.9165,21.9349,0.0,1,-3.1,0.153,48.59159658677757
2026-09-21 13:29:23.472850+00:00,47.9036,22.003,0.0,1,-6.5,0.102,50.0096879121875
2026-09-21 13:29:46.757905900+00:00,48.0192,22.0277,0.0,1,-5.6,0.083,61.92648070005665
2026-09-21 13:29:48.766338900+00:00,48.5184,21.2337,0.0,1,-4.1,0.057,113.56385589525591
2026-09-21 13:30:11.900563300+00:00,47.9232,21.9278,0.0,1,-2.8,0.104,49.00252114523559
2026-09-21 13:30:32.576620200+00:00,48.0344,22.0549,0.0,1,-11.4,0.027,64.39318532109185
2026-09-21 13:30:32.576895700+00:00,48.0333,22.0485,0.0,1,6.5,0.353,64.05088913725929
2026-09-21 13:30:32.578070600+00:00,48.0343,22.0552,0.0,1,-7.1,0.109,64.3946719078808
2026-09-21 13:30:33.341924700+00:00,48.0904,22.0183,0.0,1,-11.1,0.062,68.65390841789544
2026-09-21 13:30:33.863016+00:00,48.1879,21.8,0.0,1,-48.8,0.061,74.10584817076756
2026-09-21 13:30:33.993171+00:00,48.1905,21.8107,0.0,1,-7.5,0.082,74.53290776696655
2026-09-21 13:31:06.758973400+00:00,47.92,21.879,0.0,1,-4.9,0.091,47.11320709808408
2026-09-21 13:31:09.270930200+00:00,48.5288,21.1469,0.0,1,-40.8,0.098,116.49517288861053
2026-09-21 13:31:09.298424800+00:00,48.5296,21.149,0.0,1,-6.7,0.086,116.53201250576372
2026-09-21 13:31:09.301912200+00:00,48.5305,21.1589,0.0,1,-3.7,0.113,116.40486715583894
2026-09-21 13:31:09.331037100+00:00,48.5296,21.1565,0.0,1,-5.2,0.125,116.36303270337648
2026-09-21 13:31:17.667101200+00:00,47.9461,21.656,0.0,1,-19.7,0.052,46.140237126276496
2026-09-21 13:31:17.668072600+00:00,47.9547,21.6299,0.0,1,-10.7,0.078,47.04697513802316
2026-09-21 13:31:17.683788500+00:00,47.9516,21.634,0.0,1,-3.9,0.064,46.704556307172886
2026-09-21 13:31:17.688263600+00:00,47.954,21.6699,0.0,1,-19.0,0.044,47.07662555384603
2026-09-21 13:31:17.697754900+00:00,47.9589,21.6137,0.0,1,5.3,0.109,47.52447224925074
2026-09-21 13:31:17.700492+00:00,47.954,21.6696,0.0,1,-4.9,0.078,47.07511305835133
2026-09-21 13:31:17.706206500+00:00,47.9582,21.6743,0.0,1,-4.1,0.07,47.565749764742506
2026-09-21 13:31:17.709023400+00:00,47.9537,21.6927,0.0,1,3.6,0.104,47.189444988397646
2026-09-21 13:31:34.969684500+00:00,48.0235,22.0508,0.0,1,-3.1,0.061,63.1914329612537
2026-09-21 13:31:34.984726+00:00,48.0311,22.0818,0.0,1,-6.6,0.121,65.10084747686282
2026-09-21 13:31:40.213846100+00:00,47.9307,21.9062,0.0,1,9.3,0.052,49.03563899640809
2026-09-21 13:31:40.823715300+00:00,48.0062,21.8762,0.0,1,-5.4,0.064,55.955556142697915
2026-09-21 13:32:11.661729800+00:00,48.0438,22.0834,0.0,1,16.4,0.117,66.36891284962668
2026-09-21 13:32:18.990970300+00:00,48.5273,21.159,0.0,1,24.4,0.075,116.06348918429343
2026-09-21 13:32:18.991269900+00:00,48.5276,21.1589,0.0,1,4.9,0.099,116.09751103150724
2026-09-21 13:32:19.003251300+00:00,48.5207,21.1545,0.0,1,-5.8,0.043,115.46575251028675
2026-09-21 13:32:19.005664+00:00,48.5227,21.1593,0.0,1,-10.9,0.112,115.56941214281454
2026-09-21 13:32:19.200226100+00:00,48.5519,21.1563,0.0,1,-7.5,0.118,118.73227616648037
2026-09-21 13:32:35.263569200+00:00,48.0302,22.0754,0.0,1,-4.9,0.123,64.76715158092304
2026-09-21 13:32:58.859951100+00:00,47.9265,22.0709,0.0,1,-11.7,0.051,55.03597677650058
2026-09-21 13:32:58.860356500+00:00,47.9253,22.0739,0.0,1,-7.2,0.147,55.06562706844245
2026-09-21 13:33:00.015751600+00:00,48.0328,22.0754,0.0,1,-4.6,0.062,65.01436991853792
2026-09-21 13:33:00.202086400+00:00,48.0309,22.075,0.0,1,-5.4,0.056,64.81824728628737
2026-09-21 13:33:00.330902300+00:00,48.0952,22.0865,0.0,1,-37.8,0.063,71.43665791656949
2026-09-21 13:33:00.347705600+00:00,48.0956,22.0882,0.0,1,-8.5,0.046,71.53660005672972
2026-09-21 13:33:00.361730500+00:00,48.0949,22.0884,0.0,1,-18.0,0.059,71.47567838283173
2026-09-21 13:33:00.391127600+00:00,48.0945,22.0886,0.0,1,-32.5,0.061,71.44396791326153
2026-09-21 13:33:00.408560700+00:00,48.0956,22.0875,0.0,1,-7.2,0.097,71.51146824619063
2026-09-21 13:33:22.768647300+00:00,47.9085,21.968,0.0,1,5.3,0.071,49.05052278255593
2026-09-21 13:33:22.769384400+00:00,47.9076,21.9735,0.0,1,-7.7,0.061,49.180569764117564
2026-09-21 13:33:29.955658500+00:00,48.5127,21.1549,0.0,1,16.7,0.105,114.61047905610609
2026-09-21 13:33:31.140177900+00:00,47.9528,21.6602,0.0,1,-6.7,0.083,46.89986745358566
2026-09-21 13:33:31.140351300+00:00,47.9529,21.659,0.0,1,-6.1,0.076,46.906351608456305
2026-09-21 13:33:31.143112400+00:00,47.957,21.6697,0.0,1,-4.0,0.223,47.40844264256873
2026-09-21 13:33:31.146364400+00:00,47.9387,21.6741,0.0,1,5.3,0.068,45.4025529199866
2026-09-21 13:33:31.149269200+00:00,47.9527,21.6706,0.0,1,-4.9,0.05,46.935988756943914
2026-09-21 13:33:31.154026600+00:00,47.9496,21.6635,0.0,1,-5.2,0.057,46.558236217239056
2026-09-21 13:33:31.158607200+00:00,47.9539,21.665,0.0,1,-3.4,0.068,47.04215518495362
2026-09-21 13:33:31.161163200+00:00,47.957,21.682,0.0,1,6.5,0.065,47.47881219378483
2026-09-21 13:33:51.881483500+00:00,48.457,21.1338,0.0,1,-9.5,0.068,109.25547014802702
2026-09-21 13:33:57.235192100+00:00,47.9409,22.0947,0.0,1,-7.1,0.093,57.385464827259
2026-09-21 13:33:57.506343+00:00,47.9627,22.1122,0.0,1,-19.6,0.053,60.102084379610886
2026-09-21 13:33:57.507092200+00:00,48.0061,22.0675,0.0,1,-4.6,0.067,62.17834484039817
2026-09-21 13:33:57.577306100+00:00,47.9621,22.1123,0.0,1,-12.3,0.077,60.05352705825998
2026-09-21 13:34:24.755483100+00:00,47.9562,21.6777,0.0,1,-7.0,0.097,47.36352475615756
2026-09-21 13:34:24.769319100+00:00,47.9538,21.674,0.0,1,-12.2,0.054,47.07618498508398
2026-09-21 13:34:28.193445500+00:00,48.5119,21.1132,0.0,1,-4.3,0.053,115.51490356204903
2026-09-21 13:34:28.581385100+00:00,48.4981,21.0381,0.0,1,-12.4,0.14,116.061572528417
2026-09-21 13:34:28.630985100+00:00,48.4785,20.9406,0.0,1,5.0,0.052,117.02901147551636
2026-09-21 13:34:36.168401100+00:00,47.9002,21.9615,0.0,1,-4.9,0.074,48.01040731287214
2026-09-21 13:34:39.618980+00:00,48.0318,22.0638,0.0,1,-3.6,0.035,64.47653148600497
2026-09-21 13:34:47.035364600+00:00,48.1154,21.3859,0.0,1,-5.7,0.075,67.37084722748237
2026-09-21 13:35:07.878882300+00:00,48.0203,22.0465,0.0,1,-5.9,0.039,62.72309973758578
2026-09-21 13:35:11.652934400+00:00,47.9105,21.8888,0.0,1,-5.8,0.097,46.4514199150687
2026-09-21 13:35:11.672509200+00:00,47.9126,21.8714,0.0,1,-7.9,0.074,46.13267381674028
2026-09-21 13:35:50.148769400+00:00,47.9582,21.6512,0.0,1,-4.6,0.033,47.46940409435777
2026-09-21 13:35:50.179261500+00:00,47.9586,21.6567,0.0,1,-10.0,0.162,47.531093425141094
2026-09-21 13:35:50.182331900+00:00,47.968,21.6696,0.0,1,-4.9,0.029,48.62840895386648
2026-09-21 13:35:50.190140300+00:00,47.9584,21.6812,0.0,1,-9.2,0.076,47.628804927544465
2026-09-21 13:35:50.812054300+00:00,48.5129,21.212,0.0,1,2.7,0.095,113.40229943566194
2026-09-21 13:35:51.008412+00:00,48.499,21.2178,0.0,1,-8.1,0.102,111.79877607007289
2026-09-21 13:35:51.137883100+00:00,48.4873,21.1564,0.0,1,-3.1,0.117,111.89320464455156
2026-09-21 13:35:55.235473800+00:00,47.9041,21.9764,0.0,1,-5.1,0.099,48.965975466037975
2026-09-21 13:35:55.255996300+00:00,47.9044,21.9745,0.0,1,-6.5,0.077,48.9185393630114
2026-09-21 13:35:55.539476700+00:00,47.9065,21.9717,0.0,1,-3.1,0.119,49.00585063412273
2026-09-21 13:35:55.763870700+00:00,47.9596,21.9539,0.0,1,-2.9,0.083,53.49077066720786
2026-09-21 13:35:55.772120900+00:00,47.9502,21.9469,0.0,1,-9.5,0.086,52.32287038184696
2026-09-21 13:35:55.794120200+00:00,47.9336,21.9656,0.0,1,-7.6,0.075,51.36391462936242
2026-09-21 13:36:07.978609100+00:00,48.0072,22.0585,0.0,1,-5.6,0.104,61.92933484167841
2026-09-21 13:36:07.986205800+00:00,48.027,22.0729,12.1,2,-6.2,0.153,64.36653496136647
2026-09-21 13:36:08.223404100+00:00,47.9781,22.0685,0.0,1,4.6,0.033,59.60543041907052
2026-09-21 13:36:35.677627700+00:00,47.9039,21.9781,0.0,1,4.7,0.091,49.01516508069251
2026-09-21 13:36:53.108838100+00:00,47.9382,22.1017,0.0,1,-3.0,0.084,57.46988878025152
2026-09-21 13:36:53.132700100+00:00,47.9377,22.1004,0.0,1,-7.7,0.063,57.366254213927185
2026-09-21 13:36:53.626997700+00:00,47.9706,22.075,0.0,1,3.9,0.1,59.18736542123622
2026-09-21 13:36:53.633630100+00:00,48.0184,22.0634,0.0,1,5.8,0.096,63.18244996356692
2026-09-21 13:37:06.450877+00:00,48.512,21.2143,0.0,1,-3.2,0.042,113.2595802244058
2026-09-21 13:37:06.451416300+00:00,48.5117,21.2113,0.0,1,-8.6,0.099,113.28821957244101
2026-09-21 13:37:06.466081700+00:00,48.5141,21.2095,0.0,1,-4.8,0.124,113.58131304567868
2026-09-21 13:37:06.476766800+00:00,48.5066,21.1843,0.0,1,-14.2,0.085,113.31070878771678
2026-09-21 13:37:06.699924+00:00,48.5359,21.2399,0.0,1,-3.3,0.125,115.3278471234764
2026-09-21 13:37:27.856719700+00:00,47.9475,22.0981,0.0,1,-4.4,0.118,58.12153504975017
2026-09-21 13:37:27.866126200+00:00,47.9422,22.1084,0.0,1,-11.3,0.076,58.12837866296246
2026-09-21 13:37:27.952826100+00:00,47.9413,22.1061,0.0,1,-20.8,0.059,57.94355864257637
2026-09-21 13:37:28.006660500+00:00,47.9413,22.1071,0.0,1,-12.7,0.061,57.98979953723569
2026-09-21 13:37:28.041350200+00:00,47.9416,22.1073,0.0,1,-8.1,0.097,58.02519635089048
2026-09-21 13:37:28.964830700+00:00,47.9638,21.6837,0.0,1,-9.4,0.068,48.24309175321879
2026-09-21 13:37:28.967627400+00:00,47.9635,21.6769,0.0,1,5.3,0.074,48.16805491156398
2026-09-21 13:37:28.986312200+00:00,47.966,21.7113,0.0,1,-7.6,0.095,48.70963435809603
2026-09-21 13:37:35.815713+00:00,47.2972,22.2703,0.0,1,-4.3,0.141,54.95592296981943
2026-09-21 13:37:35.845148700+00:00,47.3074,22.2683,0.0,1,-6.3,0.146,54.28930121747115
2026-09-21 13:37:35.968038100+00:00,47.3021,22.2338,0.0,1,-5.0,0.112,52.28427288656895
2026-09-21 13:37:44.633520900+00:00,47.8858,22.0369,0.0,1,-7.3,0.88,49.90443727048436
2026-09-21 13:37:50.797097200+00:00,47.933,21.8734,0.0,1,-4.8,0.066,48.27962687955801
2026-09-21 13:37:53.227808400+00:00,48.088,22.0517,0.0,1,3.8,0.061,69.51388144394781
2026-09-21 13:37:57.606189100+00:00,47.9626,22.1972,0.0,1,4.0,0.043,64.12793870813344
2026-09-21 13:38:11.339062500+00:00,48.5208,21.2366,0.0,1,5.9,0.12,113.76628880937442
2026-09-21 13:38:11.467636100+00:00,48.5372,21.1589,9.1,2,-3.8,0.08,117.11527647034542
2026-09-21 13:38:11.781762500+00:00,48.5481,21.2395,0.0,1,-13.1,0.102,116.64842007089491
2026-09-21 13:38:11.787233400+00:00,48.5387,21.2517,0.0,1,6.6,0.101,115.41374839468384
2026-09-21 13:38:11.958490+00:00,48.5481,21.2376,0.0,1,-33.9,0.104,116.68341014243097
2026-09-21 13:38:17.360875900+00:00,47.2971,22.2779,0.0,1,-4.7,0.062,55.46529975446154
2026-09-21 13:38:23.230152700+00:00,47.9085,22.1357,0.0,1,-4.5,0.221,56.5931228655224
2026-09-21 13:38:23.505347200+00:00,47.9377,22.0918,0.0,1,-4.4,0.099,56.97183994568742
2026-09-21 13:38:48.171231300+00:00,47.9429,21.6837,0.0,1,-4.4,0.043,45.92853985869652
2026-09-21 13:39:03.431067700+00:00,47.2957,22.2754,0.0,1,3.5,0.146,55.37348797518627
2026-09-21 13:39:03.454252700+00:00,47.3027,22.2574,0.0,1,-8.8,0.153,53.80921854359112
2026-09-21 13:39:10.559872500+00:00,47.889,21.9907,0.0,1,-4.9,0.055,48.152147120969026
2026-09-21 13:39:10.571689900+00:00,47.8912,21.972,0.0,1,-4.3,0.059,47.58127951534059
2026-09-21 13:39:16.372683300+00:00,47.9846,22.0533,0.0,1,3.5,0.058,59.59284823433252
2026-09-21 13:39:30.853746200+00:00,48.5015,21.2044,0.0,1,17.0,0.116,112.34102644619338
2026-09-21 13:39:30.854116500+00:00,48.5007,21.2051,0.0,1,9.9,0.083,112.24112336382103
2026-09-21 13:39:30.884631200+00:00,48.4752,21.1744,0.0,1,3.1,0.085,110.20071825186905
2026-09-21 13:39:30.994621900+00:00,48.5234,21.1949,0.0,1,-9.0,0.084,114.87469229030572
2026-09-21 13:39:34.803528100+00:00,47.9441,21.8714,0.0,1,-3.6,0.037,49.366689941153
2026-09-21 13:39:34.803974500+00:00,47.9432,21.8686,0.0,1,-4.5,0.058,49.19659435298201
2026-09-21 13:40:01.581895500+00:00,47.9377,21.6895,0.0,1,-6.4,0.06,45.395214308711346
2026-09-21 13:40:01.583769100+00:00,47.949,21.7194,0.0,1,3.1,0.109,46.920940721029325
2026-09-21 13:40:01.591365300+00:00,47.9475,21.6998,0.0,1,-3.6,0.08,46.56266092495411
2026-09-21 13:40:01.810733200+00:00,47.9422,21.6958,0.0,1,-4.1,0.085,45.94310698338771
2026-09-21 13:40:01.818153200+00:00,47.942,21.692,0.0,1,-4.6,0.081,45.890176928238525
2026-09-21 13:40:23.069044800+00:00,47.8966,22.048,0.0,1,-12.1,0.059,51.36030818679536
2026-09-21 13:40:47.838640800+00:00,47.9435,21.898,0.0,1,-5.5,0.081,50.07529836101506
2026-09-21 13:40:52.706089600+00:00,47.8985,22.0442,0.0,1,6.0,0.097,51.35391205689234
2026-09-21 13:41:11.865715200+00:00,48.0501,22.1227,0.0,1,3.8,0.017,68.51028780492577
2026-09-21 13:41:13.599911100+00:00,48.4898,21.1824,0.0,1,20.1,0.127,111.56811293324918
2026-09-21 13:41:13.610672300+00:00,48.4927,21.1781,0.0,1,-8.0,0.107,111.97085359725826
2026-09-21 13:41:13.612579200+00:00,48.4938,21.1784,0.0,1,-3.7,0.108,112.080844135512
2026-09-21 13:41:13.614536400+00:00,48.4864,21.1813,0.0,1,-8.3,0.113,111.23182814251841
2026-09-21 13:41:13.650722300+00:00,48.4605,21.1985,0.0,1,-5.9,0.094,108.10434899069833
2026-09-21 13:41:13.939559100+00:00,48.5231,21.3188,0.0,1,3.0,0.133,112.61109579716208
2026-09-21 13:41:17.263080100+00:00,47.9486,21.9016,0.0,1,-10.8,0.042,50.70241310125167
2026-09-21 13:41:17.291084700+00:00,47.9439,21.9021,0.0,1,-3.9,0.094,50.24057809757412
2026-09-21 13:41:36.042922100+00:00,47.9589,22.0067,0.0,1,-4.1,0.067,55.33772710964457
2026-09-21 13:41:42.053781900+00:00,48.0026,22.2856,0.0,1,4.0,0.146,71.85787541884288
2026-09-21 13:41:42.109929500+00:00,47.987,22.2276,0.0,1,-6.9,0.208,67.65886446085163
2026-09-21 13:41:53.977901400+00:00,47.9481,21.9013,0.0,1,22.2,0.072,50.64253305006854
2026-09-21 13:41:53.978324900+00:00,47.9443,21.8855,0.0,1,8.6,0.205,49.78669475702766
2026-09-21 13:41:53.979949900+00:00,47.9471,21.9022,0.0,1,-9.8,0.078,50.56826622316899
2026-09-21 13:42:17.542748100+00:00,47.8725,22.015,0.0,1,-3.8,0.053,47.734786531715905
2026-09-21 13:42:31.699398200+00:00,47.9112,22.0283,0.0,1,-5.9,0.077,51.782597368422316
2026-09-21 13:42:31.701184+00:00,47.9211,22.0668,0.0,1,-6.5,0.306,54.37319966926535
2026-09-21 13:42:31.801550900+00:00,47.9115,22.0281,0.0,1,-7.9,0.069,51.80108184426542
2026-09-21 13:42:31.802438400+00:00,47.8886,22.0007,0.0,1,9.9,0.096,48.54223382053749
2026-09-21 13:42:46.775518900+00:00,47.9888,21.5335,0.0,1,-2.7,0.084,51.31953129377063
2026-09-21 13:42:46.838179600+00:00,47.9706,21.5777,0.0,1,3.1,0.074,48.955214117790796
2026-09-21 13:42:47.481768400+00:00,48.0881,21.6561,0.0,1,-5.1,0.083,61.91733956383908
2026-09-21 13:42:53.693915500+00:00,47.9027,22.054,0.0,1,6.7,0.09,52.17028153369018
2026-09-21 13:42:53.850192400+00:00,47.9051,22.0546,0.0,1,-3.6,0.11,52.40853163686999
2026-09-21 13:42:54.071842600+00:00,47.8889,22.1964,0.0,1,-12.1,0.094,58.23690301245468
2026-09-21 13:42:54.115008+00:00,47.934,22.0208,0.0,1,-7.3,0.087,53.55524288961214
2026-09-21 13:42:54.140665300+00:00,47.9338,22.0215,0.0,1,-5.7,0.071,53.565490361592566
2026-09-21 13:42:54.165318600+00:00,47.9342,22.0218,0.0,1,-3.9,0.063,53.614911792163745
2026-09-21 13:42:54.189988800+00:00,47.9609,22.1194,0.0,1,-4.7,0.116,60.27007200243074
2026-09-21 13:42:54.338431800+00:00,47.9562,22.1233,0.0,1,-5.1,0.076,60.037712807578714
2026-09-21 13:42:54.340119600+00:00,48.0228,22.1604,0.0,1,-8.1,0.11,67.60224739672833
2026-09-21 13:42:54.448399500+00:00,47.9668,22.0012,0.0,1,-9.3,0.073,55.88586441007853
2026-09-21 13:42:54.484167500+00:00,47.9571,22.1238,0.0,1,-6.8,0.073,60.13931525936313
2026-09-21 13:43:09.637798300+00:00,48.4768,21.1966,0.0,1,20.0,0.112,109.87704865395912
2026-09-21 13:43:09.659832400+00:00,48.4667,21.194,0.0,1,-10.3,0.152,108.86134843780425
2026-09-21 13:43:12.706108100+00:00,47.9319,21.8679,0.0,1,-10.4,0.062,48.01096831708887
2026-09-21 13:43:18.482073800+00:00,47.9469,22.1717,0.0,1,-5.5,0.086,61.5611188579988
2026-09-21 13:43:18.637869600+00:00,47.9964,22.1922,0.0,1,8.9,0.072,66.73737174732146
2026-09-21 13:43:41.826797300+00:00,47.922,21.9175,0.0,1,-3.6,0.069,48.53470961140699
2026-09-21 13:44:02.761634100+00:00,47.9343,21.7058,0.0,1,-6.1,0.059,45.161415869121186
2026-09-21 13:44:02.761851700+00:00,47.935,21.7044,0.0,1,-5.3,0.044,45.225119420091765
2026-09-21 13:44:02.784835100+00:00,47.9336,21.7114,0.0,1,-7.8,0.068,45.140693925783644
2026-09-21 13:44:02.792604300+00:00,47.9548,21.7346,0.0,1,-6.3,0.072,47.73674540254538
2026-09-21 13:44:02.812686800+00:00,47.9507,21.7177,0.0,1,7.8,0.112,47.08950049575655
2026-09-21 13:44:02.823332200+00:00,47.9578,21.7451,0.0,1,4.3,0.044,48.20283837748124
2026-09-21 13:44:02.842599500+00:00,47.981,21.7033,0.0,1,-2.9,0.05,50.2929211460033
2026-09-21 13:44:02.859932+00:00,47.9876,21.7117,0.0,1,3.9,0.063,51.09585840097544
2026-09-21 13:44:14.769042400+00:00,47.9177,21.8991,0.0,1,-5.7,0.074,47.50281004159676
2026-09-21 13:44:14.783076500+00:00,47.9185,21.8964,0.0,1,-6.4,0.087,47.49721839005628
2026-09-21 13:44:15.690903300+00:00,48.0136,22.149,0.0,1,5.2,0.106,66.27586501869679
2026-09-21 13:44:30.220135700+00:00,47.8969,21.9801,0.0,1,-4.6,0.092,48.44188595139457
2026-09-21 13:44:35.589514700+00:00,47.9897,21.5445,0.0,1,4.8,0.09,51.31301102011932
2026-09-21 13:44:35.589775400+00:00,47.9898,21.5452,0.0,1,-6.5,0.046,51.317765335533466
2026-09-21 13:44:35.604433700+00:00,47.9903,21.5458,0.0,1,7.8,0.053,51.367622691467666
2026-09-21 13:44:35.887360800+00:00,47.9964,21.5431,0.0,1,-10.5,0.065,52.065152567859336
2026-09-21 13:44:35.926932100+00:00,47.9973,21.5438,0.0,1,-16.1,0.072,52.15820291224997
2026-09-21 13:44:36.238000300+00:00,48.1069,21.6601,0.0,1,3.7,0.075,64.01729971912673
2026-09-21 13:44:36.239166800+00:00,47.9967,21.5431,0.0,1,-8.6,0.073,52.098264407047566
2026-09-21 13:44:36.249180+00:00,47.9967,21.5429,0.0,1,-3.1,0.07,52.10007225494923
2026-09-21 13:44:36.291983600+00:00,48.0807,21.6646,0.0,1,10.0,0.193,61.12064601746632
2026-09-21 13:44:36.292233500+00:00,48.0803,21.6468,0.0,1,-14.8,0.07,61.03003384966986
2026-09-21 13:44:36.295264+00:00,48.053,21.5765,0.0,1,-4.3,0.078,58.10109683199487
2026-09-21 13:44:40.298135700+00:00,47.9033,22.0619,0.0,1,-5.7,0.092,52.58628221754198
2026-09-21 13:44:48.503730100+00:00,47.9653,22.1641,0.0,1,-2.6,0.058,62.7407442642434
2026-09-21 13:44:48.850359+00:00,47.9806,22.1201,0.0,1,-8.9,0.074,62.04637545264642
2026-09-21 13:44:48.859245200+00:00,47.9809,22.1189,0.0,1,-4.3,0.082,62.01996271670728
2026-09-21 13:44:48.863234+00:00,47.9809,22.0979,0.0,1,-9.2,0.092,61.10287459584313
2026-09-21 13:44:55.799708300+00:00,48.444,21.2155,0.0,1,5.8,0.059,105.98157810268047
2026-09-21 13:44:55.900317800+00:00,48.4314,21.2061,0.0,1,-4.5,0.074,104.84930984889093
2026-09-21 13:44:56.196516100+00:00,48.5046,21.3396,0.0,1,-3.6,0.133,110.28824013104756
2026-09-21 13:44:56.275264100+00:00,48.4579,21.1115,0.0,1,-30.6,0.063,109.91792775592339
2026-09-21 13:44:56.300031100+00:00,48.4584,21.1125,0.0,1,-25.6,0.085,109.94401636105805
2026-09-21 13:44:56.342552500+00:00,48.4327,21.0816,0.0,1,-4.8,0.103,108.11615811516936
2026-09-21 13:45:13.851165+00:00,47.9269,21.9265,0.0,1,-16.4,0.805,49.32391887800453
2026-09-21 13:45:13.863570400+00:00,47.9274,21.9349,0.0,1,21.3,0.07,49.66132972754584
2026-09-21 13:45:13.864190400+00:00,47.9268,21.9309,0.0,1,-7.1,0.069,49.46422494340444
2026-09-21 13:45:13.871295100+00:00,47.9252,21.922,0.0,1,8.5,0.091,49.00339388502243
2026-09-21 13:45:13.873818600+00:00,47.9291,21.9325,0.0,1,-5.1,0.088,49.74613694139339
2026-09-21 13:45:14.205300200+00:00,47.9291,21.8947,0.0,1,-11.1,0.084,48.51397686410942
2026-09-21 13:45:14.317940300+00:00,47.9794,22.1548,0.0,1,-4.5,0.096,63.516356585381864
2026-09-21 13:45:14.333009+00:00,47.9644,22.155,0.0,1,-6.3,0.083,62.230521043967094
2026-09-21 13:45:42.122536800+00:00,47.9645,22.1643,0.0,1,6.1,0.095,62.68216997270464
2026-09-21 13:45:49.645696400+00:00,47.9876,21.5545,0.0,1,-5.0,0.067,50.99605836577919
2026-09-21 13:45:50.239586600+00:00,47.3,22.3309,0.0,1,-3.9,0.166,58.871762374551174
2026-09-21 13:45:50.310771400+00:00,47.2841,22.3122,0.0,1,-5.6,0.103,58.428375837899495
2026-09-21 13:45:55.873980400+00:00,47.923,21.9094,0.0,1,-8.0,0.084,48.36674339681221
2026-09-21 13:45:55.875074800+00:00,47.9249,21.9172,0.0,1,-7.6,0.062,48.81310137245327
2026-09-21 13:45:55.890510400+00:00,47.923,21.9069,0.0,1,-7.8,0.094,48.28546314022026
2026-09-21 13:45:55.895108200+00:00,47.923,21.905,0.0,1,-7.9,0.051,48.22408343613478
2026-09-21 13:46:05.147192+00:00,47.9236,22.1178,0.0,1,-3.6,0.082,56.97268753196769
2026-09-21 13:46:25.956672400+00:00,47.8877,22.0114,0.0,1,-9.5,0.072,48.9264897334194
2026-09-21 13:46:25.967023200+00:00,47.9039,22.0573,0.0,1,-3.9,0.08,52.42677159574553
2026-09-21 13:46:25.988674100+00:00,47.8936,22.0384,0.0,1,-4.3,0.123,50.65840530599522
2026-09-21 13:46:26.189616600+00:00,47.9041,22.0573,0.0,1,-5.3,0.067,52.44429594845062
2026-09-21 13:46:51.872253400+00:00,47.9345,21.9308,0.0,1,9.5,0.159,50.22227250081618
2026-09-21 13:46:51.888069+00:00,47.9345,21.9438,0.0,1,-7.4,0.048,50.6690968751907
2026-09-21 13:46:51.890959300+00:00,47.9323,21.9333,0.0,1,-5.2,0.073,50.08954308941161
2026-09-21 13:46:51.897022700+00:00,47.9238,21.926,0.0,1,-4.6,0.105,49.00022585573466
2026-09-21 13:46:51.918656+00:00,47.9503,21.9309,0.0,1,3.7,0.111,51.79733196530259
2026-09-21 13:47:03.895909400+00:00,48.0269,22.144,0.0,1,-7.2,0.072,67.25937849287175
2026-09-21 13:47:09.752511900+00:00,47.9868,21.5703,0.0,1,13.9,0.08,50.794943158546054
2026-09-21 13:47:10.064562200+00:00,48.0185,21.5944,0.0,1,3.3,0.078,54.19660094732864
2026-09-21 13:47:18.951191300+00:00,47.8775,22.0416,0.0,1,9.5,0.136,49.40079383682173
2026-09-21 13:47:18.975010900+00:00,47.8726,22.0337,0.0,1,-4.6,0.092,48.60665282262782
2026-09-21 13:47:19.389133400+00:00,47.8591,22.0275,0.0,1,-6.1,0.077,47.151361410976016
2026-09-21 13:47:19.505439900+00:00,47.8677,22.0433,0.0,1,-7.5,0.095,48.640381346710605
2026-09-21 13:47:29.895233200+00:00,48.4702,22.0701,0.0,1,6.3,0.156,109.44347893866885
2026-09-21 13:47:29.895758800+00:00,48.4682,22.0692,0.0,1,5.4,0.119,109.211442250818
2026-09-21 13:47:32.921550200+00:00,47.9343,21.938,0.0,1,-4.6,0.054,50.44819935246492
2026-09-21 13:47:32.935271200+00:00,47.939,21.9403,0.0,1,-5.2,0.067,50.99089438555172
2026-09-21 13:47:33.197442200+00:00,47.9449,21.8644,0.0,1,2.8,0.084,49.258472483588385
2026-09-21 13:47:36.428529700+00:00,47.9731,22.175,0.0,1,-6.2,0.093,63.926764320560764
2026-09-21 13:48:02.331132300+00:00,47.8767,22.0165,0.0,1,3.4,0.112,48.173551112633504
2026-09-21 13:48:41.657164100+00:00,47.9925,21.5677,0.0,1,7.3,0.084,51.442993352402524
2026-09-21 13:48:41.668833900+00:00,47.99,21.5678,0.0,1,-5.5,0.082,51.165415093233364
2026-09-21 13:48:41.967800400+00:00,47.9945,21.5661,0.0,1,2.7,0.027,51.67499291864694
2026-09-21 13:48:42.000203600+00:00,47.999,21.5748,0.0,1,-9.7,0.061,52.12042405763995
2026-09-21 13:48:42.231595900+00:00,48.0502,21.6036,0.0,1,85.6,0.185,57.6928616397329
2026-09-21 13:48:47.698590100+00:00,47.8757,22.0222,0.0,1,-4.3,0.074,48.34472071432399
2026-09-21 13:48:47.932253900+00:00,47.8756,22.0212,0.0,1,-5.6,0.089,48.29022715398435
2026-09-21 13:48:47.947650400+00:00,47.9099,22.0228,0.0,1,-4.0,0.048,51.42726921285583
2026-09-21 13:49:03.046720300+00:00,48.023,22.1487,0.0,1,-15.9,0.074,67.1088636586422
2026-09-21 13:49:20.524247800+00:00,47.8766,22.0247,0.0,1,-6.5,0.064,48.53819192707591
2026-09-21 13:49:20.527852+00:00,47.8802,22.0114,0.0,1,-3.0,0.117,48.25528250173505
2026-09-21 13:49:20.550369600+00:00,47.8788,22.0168,0.0,1,-6.2,0.279,48.372929776615905
2026-09-21 13:49:20.603281900+00:00,47.9382,21.9403,0.0,1,2.7,0.087,50.91196451296162
2026-09-21 13:49:21.362402800+00:00,48.0124,21.8476,0.0,1,-35.7,0.062,55.939970312266595
2026-09-21 13:49:35.736596+00:00,47.9605,22.1841,0.0,1,-3.8,0.043,63.30582328973505
2026-09-21 13:50:07.344128400+00:00,47.9221,21.7405,0.0,1,-41.8,0.173,44.239418783904895
2026-09-21 13:50:07.360809900+00:00,47.9269,21.7278,0.0,1,-11.7,0.078,44.593427188158834
2026-09-21 13:50:07.365393500+00:00,47.9196,21.7454,0.0,1,-14.0,0.068,44.038693514137314
2026-09-21 13:50:07.373592400+00:00,47.9252,21.7565,0.0,1,-8.2,0.086,44.82044540751935
2026-09-21 13:50:07.377061700+00:00,47.9207,21.7473,0.0,1,-5.4,0.118,44.18715841666349
2026-09-21 13:50:07.401521800+00:00,47.9062,21.7628,0.0,1,-5.6,0.074,42.86924102041023
2026-09-21 13:50:37.067453400+00:00,47.8803,22.026,0.0,1,-5.3,0.077,48.92262206237499
2026-09-21 13:51:05.662828300+00:00,47.9025,22.2287,0.0,1,-3.5,0.07,61.03361126836006
2026-09-21 13:51:31.255004300+00:00,47.8859,22.0144,0.0,1,-6.0,0.076,48.8975660161201
2026-09-21 13:51:44.940112300+00:00,47.9132,21.7376,0.0,1,-12.7,0.081,43.22670553959344
2026-09-21 13:51:44.980573300+00:00,47.9116,21.7367,0.0,1,-3.9,0.094,43.039250615503896
2026-09-21 13:51:44.986497300+00:00,47.9467,21.7666,0.0,1,4.6,0.077,47.31782662608009
2026-09-21 13:52:19.156555600+00:00,47.8967,22.0606,0.0,1,-7.7,0.098,51.95199957013928
2026-09-21 13:52:28.736435800+00:00,47.919,21.7439,0.0,1,5.8,0.076,43.95094308619721
2026-09-21 13:52:53.492156700+00:00,47.8676,22.0574,0.0,1,-3.3,0.127,49.31399152646356
2026-09-21 13:52:54.123290100+00:00,47.9732,21.8938,0.0,1,-5.9,0.082,52.991629512663756
2026-09-21 13:52:54.124759600+00:00,47.9662,21.9003,0.0,1,-19.3,0.073,52.45886934899194
2026-09-21 13:52:54.125505400+00:00,47.9419,21.9018,0.0,1,-5.8,0.091,50.02867840266487
2026-09-21 13:53:05.840560900+00:00,47.917,22.204,0.0,1,-14.6,0.093,60.80557620924182
2026-09-21 13:53:06.035940700+00:00,47.917,22.2032,0.0,1,-12.0,0.085,60.763139041602344
2026-09-21 13:53:06.095686+00:00,47.9168,22.2046,0.0,1,-6.0,0.098,60.82181909008546
2026-09-21 13:53:06.300953800+00:00,47.917,22.205,0.0,1,-3.4,0.066,60.85866379470123
2026-09-21 13:53:06.362847300+00:00,47.9171,22.2042,0.0,1,-5.0,0.103,60.82399648329064
2026-09-21 13:53:13.201231800+00:00,47.874,22.0524,0.0,1,-3.4,0.047,49.61331271960319
2026-09-21 13:53:14.401885800+00:00,47.9173,21.7513,0.0,1,-3.4,0.095,43.879373624901596
2026-09-21 13:53:14.402818500+00:00,47.9128,21.7519,0.0,1,-6.3,0.077,43.40013436619831
2026-09-21 13:53:14.820469+00:00,47.9815,21.7693,0.0,1,3.1,0.1,51.14038050542527
2026-09-21 13:53:14.821270800+00:00,47.9217,21.7313,0.0,1,-3.5,0.077,44.069114675904
2026-09-21 13:53:20.315229800+00:00,47.7281,21.4859,0.0,1,-3.3,0.069,24.283495774915874
2026-09-21 13:53:45.540006400+00:00,47.8754,22.0336,0.0,1,-6.3,0.079,48.844749645668315
2026-09-21 13:53:48.596710800+00:00,47.9561,22.2358,0.0,1,-3.2,0.148,65.56042066600328
2026-09-21 13:53:49.100977300+00:00,47.9691,22.1879,0.0,1,-10.9,0.1,64.21214456012078
2026-09-21 13:54:18.986942700+00:00,47.8699,22.0724,0.0,1,-6.9,0.092,50.244578158982236
2026-09-21 13:54:19.320356200+00:00,47.8657,22.0503,0.0,1,-11.5,0.083,48.8082262883879
2026-09-21 13:54:21.933708500+00:00,47.9156,21.7584,0.0,1,-2.7,0.054,43.81047527528538
2026-09-21 13:54:21.935774600+00:00,47.9131,21.7562,0.0,1,-5.2,0.077,43.50286857177
2026-09-21 13:54:44.847971900+00:00,47.9016,22.2107,0.0,1,-7.1,0.105,59.97946086912381
2026-09-21 13:54:45.142067300+00:00,47.9019,22.2108,0.0,1,-4.5,0.125,60.007697577014966
2026-09-21 13:54:51.377379200+00:00,47.9101,21.7499,0.0,1,-5.7,0.094,43.07491237918996
2026-09-21 13:54:51.387126100+00:00,47.9156,21.7758,0.0,1,5.9,0.075,44.12004741958267
2026-09-21 13:54:51.655481300+00:00,47.9448,21.8192,0.0,1,-6.2,0.073,48.13462083976932
2026-09-21 13:54:51.817702700+00:00,47.9462,21.841,0.0,1,8.2,0.058,48.79251296622649
2026-09-21 13:54:52.100069100+00:00,47.9678,21.8881,0.0,1,-13.5,0.081,52.2756719669121
2026-09-21 13:54:52.101037300+00:00,47.9624,21.9508,0.0,1,-4.6,0.248,53.66280067519518
2026-09-21 13:54:57.621205800+00:00,47.8674,22.0286,0.0,1,-3.9,0.127,47.91779868471428
2026-09-21 13:55:05.707513500+00:00,47.8973,22.2775,0.0,1,3.6,0.051,63.401940951727255
2026-09-21 13:55:23.235583100+00:00,47.8801,22.2336,0.0,1,-13.7,0.096,59.664592030746256
2026-09-21 13:55:23.236753200+00:00,47.8693,22.2374,0.0,1,-12.0,0.118,59.11468506664151
2026-09-21 13:55:23.304247600+00:00,47.8807,22.233,0.0,1,-14.3,0.113,59.67364100967486
2026-09-21 13:55:23.428336800+00:00,47.8814,22.2311,0.0,1,-36.6,0.113,59.616258927231605
2026-09-21 13:55:23.479582800+00:00,47.8802,22.2337,0.0,1,-7.8,0.093,59.677470443812815
2026-09-21 13:55:23.622231500+00:00,47.8796,22.235,0.0,1,-4.1,0.166,59.70840475857269
2026-09-21 13:55:23.632416900+00:00,47.8801,22.2336,0.0,1,-3.7,0.068,59.664592030746256
2026-09-21 13:55:44.746662900+00:00,47.8786,22.0052,0.0,1,-6.0,0.076,47.837057482732355
2026-09-21 13:55:44.748752400+00:00,47.875,22.0823,0.0,1,-3.0,0.113,51.15948370536629
2026-09-21 13:56:10.610374+00:00,47.9035,21.7888,0.0,1,13.3,0.064,43.082159307729356
2026-09-21 13:56:10.610972800+00:00,47.9043,21.7886,0.0,1,-3.3,0.024,43.163341714421804
2026-09-21 13:56:46.589842600+00:00,47.9007,22.0211,0.0,1,-3.3,0.084,50.52119842158179
2026-09-21 13:56:46.604799900+00:00,47.895,22.0034,0.0,1,-13.1,0.063,49.24008290633162
2026-09-21 13:56:46.605409400+00:00,47.8764,22.085,0.0,1,-7.9,0.064,51.409851244077494
2026-09-21 13:56:46.608466700+00:00,47.9017,21.97,0.0,1,3.4,0.134,48.48590248146865
2026-09-21 13:56:46.617714700+00:00,47.8891,22.0391,0.0,1,4.4,0.092,50.294613654132284
2026-09-21 13:56:46.777833400+00:00,47.895,22.0026,0.0,1,-12.8,0.072,49.20590469679238
2026-09-21 13:56:46.778750600+00:00,47.9104,22.0801,0.0,1,7.1,0.113,54.050263848114795
2026-09-21 13:56:46.779540900+00:00,47.9164,22.0661,0.0,1,5.1,0.066,53.92686325585496
2026-09-21 13:57:06.064709300+00:00,47.8709,22.0396,0.0,1,-3.0,0.1,48.73794569385349
2026-09-21 13:57:06.381243+00:00,47.8746,22.0978,0.0,1,2.9,0.123,51.90601540286601
2026-09-21 13:57:27.016387200+00:00,47.9288,21.8126,0.0,1,-4.6,0.134,46.289944036077614
2026-09-21 13:57:27.394667900+00:00,47.9091,21.7748,0.0,1,-9.9,0.065,43.4020439140677
2026-09-21 13:58:12.048718700+00:00,47.941,22.2375,0.0,1,-3.1,0.089,64.45671855564645
2026-09-21 13:58:12.934266800+00:00,47.8748,22.0306,0.0,1,5.5,0.089,48.65309280678214
2026-09-21 13:58:13.502989200+00:00,47.8561,22.0887,0.0,1,-11.9,0.086,49.94486285790009
2026-09-21 13:58:13.561762400+00:00,47.8557,22.0878,0.0,1,-10.0,0.068,49.866250991526876
2026-09-21 13:58:13.668982700+00:00,47.8556,22.0868,0.0,1,-19.9,0.086,49.806530075929
2026-09-21 13:58:13.697615600+00:00,47.8561,22.0884,0.0,1,-6.1,0.084,49.92934095214553
2026-09-21 13:58:13.729817400+00:00,47.8559,22.0879,0.0,1,-7.7,0.084,49.887451143179995
2026-09-21 13:58:50.941523300+00:00,47.9027,21.7903,0.0,1,6.3,0.053,43.02847304696269
2026-09-21 13:58:50.945746200+00:00,47.9171,21.7728,0.0,1,-5.3,0.084,44.22569053918588
2026-09-21 13:58:50.956432300+00:00,47.901,21.7928,0.0,1,14.1,0.092,42.90088458542237
2026-09-21 13:58:50.962909500+00:00,47.9081,21.7873,0.0,1,-4.6,0.084,43.54224048364422
2026-09-21 13:58:50.970446600+00:00,47.901,21.7909,0.0,1,-3.0,0.059,42.86007810574259
2026-09-21 13:58:50.971395500+00:00,47.913,21.777,0.0,1,-4.6,0.071,43.86321444221896
2026-09-21 13:58:50.975311600+00:00,47.9215,21.7781,0.0,1,-5.8,0.101,44.79811771157346
2026-09-21 13:59:02.557352700+00:00,47.9481,22.2105,0.0,1,-4.3,0.139,63.613785130055916
2026-09-21 13:59:26.690163600+00:00,47.9099,21.7879,0.0,1,11.5,0.078,43.74696323040922
2026-09-21 13:59:26.703597800+00:00,47.9113,21.7891,0.0,1,5.4,0.109,43.92127901687112
2026-09-21 13:59:26.704289900+00:00,47.9102,21.7871,0.0,1,7.6,0.045,43.76264630960351
2026-09-21 13:59:26.708098500+00:00,47.9131,21.7855,0.0,1,-7.1,0.063,44.04053562272241
2026-09-21 13:59:26.709050100+00:00,47.9119,21.7893,0.0,1,-3.8,0.045,43.98951638853992
2026-09-21 13:59:26.743306800+00:00,47.9229,21.7741,0.0,1,-7.3,0.084,44.87461347825335
2026-09-21 13:59:50.319341400+00:00,47.8529,22.0831,0.0,1,-4.0,0.091,49.39876425162104
2026-09-21 14:00:01.521084100+00:00,47.9113,21.7927,0.0,1,9.8,0.069,43.99624968287618
2026-09-21 14:00:01.523286800+00:00,47.91,21.7807,0.0,1,-5.5,0.067,43.612855248833796
2026-09-21 14:00:01.534750400+00:00,47.9073,21.7937,0.0,1,-4.0,0.061,43.59103775279256
2026-09-21 14:00:20.402464400+00:00,47.902,22.2619,0.0,1,-6.0,0.092,62.850586156324106
2026-09-21 14:00:22.237976800+00:00,47.8607,22.0354,0.0,1,-3.2,0.128,47.66527955221964
2026-09-21 14:00:22.253916400+00:00,47.8613,22.0281,0.0,1,-5.3,0.091,47.368571349802615
2026-09-21 14:00:34.457496500+00:00,47.9094,21.8,0.0,1,10.8,0.057,43.951013328332316
2026-09-21 14:00:34.457971100+00:00,47.9094,21.7997,0.0,1,-7.2,0.067,43.94442209306418
2026-09-21 14:00:34.458804200+00:00,47.9094,21.793,0.0,1,-4.0,0.099,43.799955439812265
2026-09-21 14:00:34.469639900+00:00,47.9107,21.7985,0.0,1,10.7,0.076,44.056406432963186
2026-09-21 14:00:34.470235500+00:00,47.9,21.783,0.0,1,-4.1,0.117,42.58813029651659
2026-09-21 14:00:34.725592300+00:00,47.9468,21.8273,0.0,1,-5.3,0.047,48.53008954665928
2026-09-21 14:00:48.878748400+00:00,47.8574,22.0814,0.0,1,13.2,0.096,49.67370391040496
2026-09-21 14:01:17.710308700+00:00,47.891,22.2753,0.0,1,-6.8,0.069,62.8301217124327
2026-09-21 14:01:21.942540400+00:00,47.8829,22.1155,0.0,1,-7.5,0.068,53.48169802384741
2026-09-21 14:01:21.943736200+00:00,47.8561,22.0828,0.0,1,-4.8,0.125,49.64057197937054
2026-09-21 14:01:51.055354900+00:00,47.911,21.8041,0.0,1,-4.6,0.076,44.21181262327026
2026-09-21 14:01:51.083563100+00:00,47.9184,21.8091,0.0,1,-4.7,0.092,45.10870441072451
2026-09-21 14:01:51.236869700+00:00,47.9351,21.8579,0.0,1,-3.6,0.064,48.06746782619161
2026-09-21 14:02:02.866770700+00:00,47.859,22.0808,0.0,1,7.2,0.087,49.77261534163459
2026-09-21 14:02:19.136558500+00:00,47.9148,21.8068,0.0,1,-10.9,0.069,44.67532386270162
2026-09-21 14:02:19.148890200+00:00,47.9102,21.8072,0.0,1,-8.7,0.072,44.19702472763551
2026-09-21 14:02:19.149875700+00:00,47.9156,21.8071,0.0,1,9.4,0.07,44.76688068431322
2026-09-21 14:02:39.482625400+00:00,47.8153,22.1226,0.0,1,-14.8,0.089,48.68700841530328
2026-09-21 14:02:39.675159700+00:00,47.8151,22.1229,0.0,1,-5.0,0.092,48.68977269722744
2026-09-21 14:03:13.699436+00:00,47.8823,22.057,0.0,1,-8.4,0.077,50.54168895646238
2026-09-21 14:03:13.699578600+00:00,47.8828,22.0569,0.0,1,-8.0,0.056,50.579744180030076
2026-09-21 14:03:13.700106500+00:00,47.879,22.0621,0.0,1,-5.4,0.099,50.50475466207142
2026-09-21 14:03:13.722548600+00:00,47.8712,22.0442,0.0,1,-4.4,0.1,48.98224300098476
2026-09-21 14:03:14.026595900+00:00,47.8926,22.0461,0.0,1,-6.2,0.086,50.922717387911746
2026-09-21 14:03:14.029439700+00:00,47.8874,21.9635,0.0,1,2.8,0.058,46.88297876275129
2026-09-21 14:03:20.170026800+00:00,47.8705,22.2729,0.0,1,-6.9,0.111,61.27128082946003
2026-09-21 14:03:27.155472200+00:00,47.9032,21.8071,0.0,1,26.2,0.075,43.45423094789395
2026-09-21 14:03:27.155772600+00:00,47.9034,21.8115,0.0,1,-23.1,0.056,43.57833386709034
2026-09-21 14:03:27.156359700+00:00,47.9116,21.8107,0.0,1,-20.8,0.077,44.42542755594108
2026-09-21 14:03:27.156771+00:00,47.9154,21.808,0.0,1,-7.9,0.071,44.765958128374194
2026-09-21 14:03:27.172923400+00:00,47.9032,21.8125,0.0,1,-7.1,0.042,43.58097000926154
2026-09-21 14:03:27.174777800+00:00,47.9136,21.8096,0.0,1,-6.2,0.039,44.611699145025284
2026-09-21 14:03:27.182823400+00:00,47.9195,21.8104,0.0,1,-5.5,0.056,45.25463265568649
2026-09-21 14:03:27.184343800+00:00,47.9172,21.7992,0.0,1,-7.5,0.056,44.763239092088895
2026-09-21 14:03:27.189832700+00:00,47.9215,21.8055,0.0,1,4.1,0.066,45.3575135092913
2026-09-21 14:04:00.749560800+00:00,47.8993,22.2775,0.0,1,-11.0,0.091,63.544085950525925
2026-09-21 14:04:05.878968200+00:00,47.8569,22.0723,0.0,1,51.3,0.111,49.16942531984611
2026-09-21 14:04:05.893813600+00:00,47.8622,22.0892,0.0,1,-7.5,0.049,50.46131272206789
2026-09-21 14:04:05.911607100+00:00,47.8603,22.0715,0.0,1,5.1,0.305,49.40717188134224
2026-09-21 14:04:42.130973100+00:00,47.9148,21.82,0.0,1,9.8,0.075,44.981933980697086
2026-09-21 14:04:42.131937300+00:00,47.9156,21.8177,0.0,1,53.0,0.079,45.011440858845546
2026-09-21 14:04:42.143705500+00:00,47.9185,21.8224,0.0,1,-3.0,0.075,45.42903609889589
2026-09-21 14:04:42.144190500+00:00,47.9173,21.8214,0.0,1,-11.6,0.081,45.278708824607975
2026-09-21 14:04:42.148965400+00:00,47.9165,21.8215,0.0,1,-4.4,0.045,45.19689847861877
2026-09-21 14:04:42.157092600+00:00,47.9016,21.7844,0.0,1,-10.3,0.126,42.78788681097893
2026-09-21 14:04:53.344724800+00:00,47.8627,22.0821,0.0,1,6.7,0.097,50.13950185686251
2026-09-21 14:04:53.350405500+00:00,47.8641,22.0837,0.0,1,10.6,0.111,50.33478673500386
2026-09-21 14:04:53.355202800+00:00,47.8781,22.0478,0.0,1,4.2,0.074,49.744790158792206
2026-09-21 14:04:53.692758400+00:00,47.8375,22.0266,0.0,1,-7.5,0.087,45.28167725947851
2026-09-21 14:04:59.547740700+00:00,47.6874,21.7084,0.0,1,-5.2,0.041,18.359994838683225
2026-09-21 14:04:59.570464100+00:00,47.6824,21.7062,0.0,1,-9.8,0.073,17.780891554146265
2026-09-21 14:05:10.826402800+00:00,47.9142,22.307,0.0,1,-8.3,0.119,66.29413134779054
2026-09-21 14:05:36.544091500+00:00,47.8632,22.0809,0.0,1,-6.7,0.083,50.119358205112334
2026-09-21 14:05:36.562590200+00:00,47.8633,22.0776,0.0,1,-15.4,0.071,49.960599398437765
2026-09-21 14:05:36.564161300+00:00,47.8643,22.0789,0.0,1,-11.6,0.106,50.10809438453582
2026-09-21 14:05:36.584310200+00:00,47.8635,22.0852,0.0,1,-4.4,0.092,50.3622529605966
2026-09-21 14:05:36.588289500+00:00,47.8596,22.0469,0.0,1,-7.8,0.092,48.12875437491518
2026-09-21 14:06:16.293626800+00:00,47.863,22.0812,0.0,1,-9.8,0.057,50.11825841044496
2026-09-21 14:06:16.529607500+00:00,47.8458,22.1623,0.0,1,-4.1,0.05,53.14375917247389
2026-09-21 14:06:39.984175500+00:00,47.9113,21.829,0.0,1,12.8,0.081,44.8356574452252
2026-09-21 14:06:39.984725300+00:00,47.9125,21.8281,0.0,1,-15.4,0.064,44.93872590525033
2026-09-21 14:06:40.013558300+00:00,47.9035,21.8219,0.0,1,-4.9,0.068,43.8410522367703
2026-09-21 14:06:40.315969500+00:00,47.9397,21.8273,0.0,1,-11.7,0.065,47.77996997021834
2026-09-21 14:07:04.340249500+00:00,47.918,22.1851,0.0,1,-6.0,0.09,59.890392578219846
2026-09-21 14:07:04.368066700+00:00,47.8816,22.2993,0.0,1,-4.3,0.116,63.584355319833726
2026-09-21 14:07:24.102373400+00:00,47.7036,21.5988,0.0,1,-33.6,0.054,19.244455259688248
2026-09-21 14:07:24.119269100+00:00,47.7005,21.5705,0.0,1,-5.2,0.092,19.257351023526773
2026-09-21 14:07:24.139742600+00:00,47.704,21.5933,0.0,1,3.9,0.062,19.338653532790612
2026-09-21 14:07:36.819397400+00:00,47.8953,22.3615,0.0,1,-5.0,0.15,68.2112123838605
2026-09-21 14:07:37.189625200+00:00,47.9455,22.3007,0.0,1,-21.1,0.086,68.21972326990515
2026-09-21 14:08:00.832677700+00:00,47.8658,22.0735,0.0,1,-5.8,0.084,49.960030878578905
2026-09-21 14:08:00.838096400+00:00,47.8811,22.0901,0.0,1,5.8,0.113,52.05284034036755
2026-09-21 14:08:01.096879800+00:00,47.8044,22.1525,0.0,1,-10.2,0.101,49.66692709177156
2026-09-21 14:08:01.378547+00:00,47.8041,22.1524,0.0,1,-8.5,0.086,49.640718836561206
2026-09-21 14:08:07.326001900+00:00,47.9001,21.8423,0.0,1,-4.4,0.081,44.01923237878535
2026-09-21 14:08:46.308815800+00:00,47.9009,22.2807,0.0,1,8.3,0.126,63.84124596727637
2026-09-21 14:09:40.089849600+00:00,47.8594,22.373,0.0,1,5.9,0.135,66.65763585836028
2026-09-21 14:09:40.177439800+00:00,47.8825,22.4361,0.0,1,-3.4,0.118,72.0060428867207
2026-09-21 14:09:40.188634700+00:00,47.8559,22.0685,0.0,1,-3.4,0.156,48.89537953288469
2026-09-21 14:09:40.210288800+00:00,47.8838,22.1015,0.0,1,-5.2,0.106,52.845663590103925
2026-09-21 14:09:40.246371200+00:00,47.8484,22.5028,0.0,1,-7.7,0.255,74.39852581915285
2026-09-21 14:09:40.247350400+00:00,47.8799,22.4427,0.0,1,-6.5,0.306,72.26752725397712
2026-09-21 14:09:40.248204500+00:00,47.8826,22.4326,0.0,1,-8.1,0.349,71.79207643744365
2026-09-21 14:09:40.249310+00:00,47.9009,22.4172,0.0,1,-14.2,0.093,71.96049818560422
2026-09-21 14:10:25.630932600+00:00,47.8637,22.3275,0.0,1,-6.9,0.146,64.10619933105029
2026-09-21 14:10:25.830435800+00:00,47.8639,22.3268,0.0,1,-6.6,0.118,64.07612408817393
2026-09-21 14:10:25.903164100+00:00,47.8636,22.3287,0.0,1,-5.5,0.121,64.17327284179522
2026-09-21 14:10:26.133529500+00:00,47.8637,22.327,0.0,1,-15.1,0.119,64.07561602406857
2026-09-21 14:10:26.229022600+00:00,47.8636,22.3281,0.0,1,-3.3,0.078,64.13654918063925
2026-09-21 14:10:46.827586600+00:00,47.6906,21.6262,0.0,1,-11.1,0.044,17.6801856300081
2026-09-21 14:10:46.845794200+00:00,47.691,21.6304,0.0,1,-5.4,0.059,17.725994629623806
2026-09-21 14:10:58.611434100+00:00,47.8282,22.5292,0.0,1,9.3,0.226,75.14379544921226
2026-09-21 14:10:58.612356700+00:00,47.8263,22.5279,0.0,1,-23.3,0.15,74.96487492145383
2026-09-21 14:10:58.644405900+00:00,47.8304,22.5434,7.2,2,-6.7,0.172,76.20544671885581
2026-09-21 14:11:07.695660400+00:00,47.8903,22.3651,0.0,1,-10.1,0.163,68.10333678046122
2026-09-21 14:11:07.698683900+00:00,47.8781,22.3527,0.0,1,-4.7,0.171,66.56437452427133
2026-09-21 14:11:08.166190100+00:00,47.8901,22.3702,0.0,1,-7.3,0.12,68.40011215581839
2026-09-21 14:11:08.378108700+00:00,47.89,22.3703,0.0,1,-6.5,0.104,68.39975648882694
2026-09-21 14:11:08.585395300+00:00,47.8897,22.3717,0.0,1,-8.4,0.044,68.46563883257333
2026-09-21 14:11:27.872347100+00:00,47.7982,22.1705,0.0,1,-7.7,0.108,50.33371881508591
2026-09-21 14:11:27.873025100+00:00,47.7953,22.1722,0.0,1,-11.6,0.116,50.24872649428992
2026-09-21 14:11:27.876594400+00:00,47.8104,22.1711,0.0,1,-8.9,0.089,51.17638547481407
2026-09-21 14:11:49.386354+00:00,47.8992,21.8643,0.0,1,-29.7,0.066,44.55515939759421
2026-09-21 14:11:49.412445600+00:00,47.9038,21.8533,0.0,1,-10.7,0.065,44.70691571301115
2026-09-21 14:12:10.357201100+00:00,47.8265,22.5284,0.0,1,-6.6,0.204,75.00814595355394
2026-09-21 14:12:10.357975700+00:00,47.8218,22.5262,0.0,1,-10.9,0.233,74.63534936126074
2026-09-21 14:12:10.364254100+00:00,47.8288,22.5217,0.0,1,16.2,0.205,74.66885692262056
2026-09-21 14:12:18.838709800+00:00,47.6804,21.6458,0.0,1,5.7,0.087,16.60383383895684
2026-09-21 14:12:34.836794+00:00,47.804,22.1839,0.0,1,-9.6,0.114,51.52268424535
2026-09-21 14:12:34.838711900+00:00,47.8045,22.1742,0.0,1,-6.8,1.019,50.96982407283482
2026-09-21 14:12:34.839409300+00:00,47.8068,22.1807,0.0,1,-6.1,0.107,51.51248189088455
2026-09-21 14:12:34.875925200+00:00,47.8303,22.1913,0.0,1,-4.7,0.077,53.7205122910663
2026-09-21 14:12:35.236029+00:00,47.8822,22.1966,0.0,1,5.7,0.094,57.74428658238951
2026-09-21 14:13:20.023191400+00:00,47.6872,21.6666,0.0,1,6.1,0.14,17.55097006006856
2026-09-21 14:13:20.035311800+00:00,47.6849,21.6469,0.0,1,-4.4,0.079,17.109393114253166
2026-09-21 14:13:20.041568100+00:00,47.6844,21.6564,0.0,1,-5.0,0.1,17.1300654517639
2026-09-21 14:13:58.133171800+00:00,47.7978,22.1688,0.0,1,-11.0,0.184,50.20478123896999
2026-09-21 14:13:58.134410900+00:00,47.8134,22.1779,0.0,1,-12.4,0.225,51.78263983285405
2026-09-21 14:13:58.226283700+00:00,47.8699,22.1227,0.0,1,7.1,0.062,52.81516886289396
2026-09-21 14:13:58.341087700+00:00,47.8007,22.1731,0.0,1,-6.1,1.046,50.65411968999632
2026-09-21 14:14:34.501195200+00:00,47.817,22.19,0.0,1,-5.4,0.135,52.74548499480295
2026-09-21 14:14:34.698945+00:00,47.852,22.2027,0.0,1,5.4,0.146,55.8929553157855
2026-09-21 14:14:46.790109900+00:00,47.6716,21.6721,0.0,1,-3.6,0.022,15.925547819730067
2026-09-21 14:15:05.759849600+00:00,47.807,22.1956,0.0,1,-3.0,0.137,52.42709280744369
2026-09-21 14:15:06.046583+00:00,47.7923,22.1689,0.0,1,-11.0,0.097,49.854489983277695
2026-09-21 14:15:42.389723400+00:00,47.8819,22.4565,0.0,1,-10.6,0.158,73.25840068742163
2026-09-21 14:15:42.390603+00:00,47.8789,22.4629,0.0,1,-3.7,0.069,73.49010855279414
2026-09-21 14:15:42.391953700+00:00,47.8772,22.4753,0.0,1,-10.8,0.109,74.18391272245168
2026-09-21 14:15:42.440624700+00:00,47.8371,22.549,0.0,1,-20.8,0.11,76.9050996231504
2026-09-21 14:15:42.441990+00:00,47.8759,22.4822,0.0,1,-4.7,0.148,74.55237884246084
2026-09-21 14:15:42.511958300+00:00,47.8411,22.5397,0.0,1,10.5,0.132,76.4779137339421
2026-09-21 14:15:42.640068500+00:00,47.8514,22.5494,0.0,1,-5.1,0.254,77.63874669486198
2026-09-21 14:15:42.677577400+00:00,47.8463,22.558,0.0,1,-5.2,0.223,77.95834552454936
2026-09-21 14:15:46.881290700+00:00,47.6738,21.6773,0.0,1,14.5,0.081,16.25022807016903
2026-09-21 14:15:49.556901700+00:00,47.8081,22.1997,0.0,1,-8.7,0.125,52.74741711026232
2026-09-21 14:15:49.820898600+00:00,47.8105,22.1659,0.0,1,-9.8,0.082,50.873891153361555
2026-09-21 14:15:49.847720400+00:00,47.848,22.162,0.0,1,3.2,0.146,53.287396350602
2026-09-21 14:16:38.206908+00:00,47.8061,22.2119,0.0,1,-8.7,0.158,53.36552803967101
2026-09-21 14:16:38.207150600+00:00,47.8076,22.21,0.0,1,-9.7,0.086,53.34415637171448
2026-09-21 14:16:38.209307800+00:00,47.8049,22.2077,0.0,1,-6.9,0.177,53.031693606042744
2026-09-21 14:16:38.228351200+00:00,47.8092,22.213,0.0,1,5.1,0.12,53.629698800227104
2026-09-21 14:16:38.646690100+00:00,47.8915,22.1085,0.0,1,-14.2,0.098,53.830378908066834
2026-09-21 14:16:55.993282600+00:00,47.7719,22.5529,0.0,1,9.6,0.272,74.3020020856513
2026-09-21 14:16:55.996240200+00:00,47.818,22.5637,6.2,2,-5.7,0.189,77.00307214942944
2026-09-21 14:16:56.015039300+00:00,47.7986,22.548,0.0,1,64.5,0.154,75.06706236143957
2026-09-21 14:17:17.630279900+00:00,47.8747,22.4847,0.0,1,-7.9,0.161,74.64531307150114
2026-09-21 14:17:18.043560400+00:00,47.876,22.5019,0.0,1,-19.6,0.152,75.8266261314601
2026-09-21 14:17:18.097901700+00:00,47.876,22.4986,0.0,1,-20.6,0.156,75.61360154969739
2026-09-21 14:17:18.185703700+00:00,47.8787,22.5122,0.0,1,-24.2,0.758,76.64209097307145
2026-09-21 14:17:18.253041300+00:00,47.8762,22.5031,0.0,1,-7.9,0.134,75.91525411541669
2026-09-21 14:17:28.845415800+00:00,47.7908,22.2033,0.0,1,-5.5,0.152,51.87967476931448
2026-09-21 14:17:29.267296600+00:00,47.9046,22.2752,0.0,1,-3.8,0.105,63.79215671559594
2026-09-21 14:17:31.262248100+00:00,47.667,21.6988,0.0,1,6.7,0.091,15.981799611454802
2026-09-21 14:18:11.419558900+00:00,47.8758,22.505,0.0,1,-4.2,0.249,76.01583672969855
2026-09-21 14:18:11.458398+00:00,47.8411,22.5342,0.0,1,5.2,0.3,76.11048406330583
2026-09-21 14:18:11.532302300+00:00,47.8231,22.5711,0.0,1,-4.9,0.201,77.73942235103857
2026-09-21 14:18:11.546078200+00:00,47.8295,22.5521,0.0,1,-5.6,0.22,76.74939670049604
2026-09-21 14:18:11.570019800+00:00,47.8275,22.5532,0.0,1,-5.2,0.205,76.72926474744943
2026-09-21 14:18:11.703175900+00:00,47.8355,22.5458,0.0,1,6.7,0.288,76.6125773533513
2026-09-21 14:18:14.621777200+00:00,47.7853,22.223,0.0,1,-4.4,0.125,52.78534263663426
2026-09-21 14:18:14.622369400+00:00,47.787,22.2234,0.0,1,-5.8,0.163,52.911267728205964
2026-09-21 14:18:14.623259500+00:00,47.7858,22.2154,0.0,1,-9.9,0.307,52.334963763638264
2026-09-21 14:18:54.708640900+00:00,47.6625,21.6835,0.0,1,-4.2,0.078,15.153163944527252
2026-09-21 14:18:54.722864300+00:00,47.6681,21.6857,0.0,1,-6.3,0.087,15.797109697082073
2026-09-21 14:18:54.733214900+00:00,47.6758,21.6873,0.0,1,7.1,0.065,16.653371967658583
2026-09-21 14:18:56.779175300+00:00,47.7974,22.2026,0.0,1,-4.5,0.064,52.24545466090356
2026-09-21 14:18:57.023988200+00:00,47.8393,22.1437,0.0,1,-7.0,0.101,51.622658545153826
2026-09-21 14:18:57.284097800+00:00,47.9048,22.0991,0.0,1,-36.1,0.085,54.47751164124641
2026-09-21 14:18:57.284956700+00:00,47.8634,22.0898,0.0,1,-6.9,0.106,50.58904068046468
2026-09-21 14:18:57.415338300+00:00,47.9421,22.12,0.0,1,-4.4,0.111,58.66060631850659
2026-09-21 14:18:57.415927600+00:00,47.9496,22.1154,0.0,1,-4.6,0.062,59.097139710615714
2026-09-21 14:18:57.437948300+00:00,47.8618,21.9889,0.0,1,3.7,0.13,45.61207306536074
2026-09-21 14:18:57.451002+00:00,47.8857,21.9316,0.0,1,-4.5,0.089,45.48325446700156
2026-09-21 14:18:57.451398300+00:00,47.885,21.9306,0.0,1,-2.9,0.07,45.37850113780158
2026-09-21 14:18:57.455176900+00:00,47.9412,22.1214,0.0,1,-3.7,0.089,58.64887338568989
2026-09-21 14:18:57.495191800+00:00,47.8859,21.9629,0.0,1,-4.7,0.074,46.71836411804411
2026-09-21 14:18:57.592951100+00:00,47.8697,21.9782,0.0,1,-3.4,0.097,45.85775898263461
2026-09-21 14:19:39.569365900+00:00,47.8306,22.575,6.6,2,5.3,0.137,78.35047853654605
2026-09-21 14:19:44.571232500+00:00,47.7965,22.1934,0.0,1,-5.3,0.192,51.62194526993778
2026-09-21 14:20:04.796823200+00:00,47.6611,21.6963,0.0,1,-7.1,0.052,15.301042845368805
2026-09-21 14:20:04.797020+00:00,47.661,21.6985,0.0,1,-13.0,0.079,15.34718530426761
2026-09-21 14:20:04.810249300+00:00,47.6665,21.6967,0.0,1,-5.5,0.086,15.877142407853073
2026-09-21 14:20:04.812337900+00:00,47.6623,21.7002,0.0,1,-3.4,0.032,15.527185021440088
2026-09-21 14:20:16.573678500+00:00,47.7968,22.2169,0.0,1,-4.5,0.107,53.095078828688
2026-09-21 14:20:36.162493900+00:00,47.8042,22.5741,0.0,1,-8.8,0.141,77.1052064018372
2026-09-21 14:20:39.932984600+00:00,47.8916,22.5249,0.0,1,-15.9,0.092,78.18197378990503
2026-09-21 14:20:40.106522700+00:00,47.8924,22.5228,0.0,1,-15.3,0.236,78.09227565733546
2026-09-21 14:21:34.023821100+00:00,47.8432,22.5547,0.0,1,-10.4,0.138,77.58499995288739
2026-09-21 14:21:34.038434800+00:00,47.8438,22.5448,0.0,1,-4.9,0.136,76.95239898791215
2026-09-21 14:21:34.116045500+00:00,47.8416,22.5578,0.0,1,-3.3,0.216,77.7145690415804
2026-09-21 14:21:34.140169800+00:00,47.8425,22.5487,0.0,1,5.3,0.135,77.14892736303226
2026-09-21 14:21:35.724061700+00:00,47.6879,21.5273,0.0,1,-12.5,0.05,18.92759075733427
2026-09-21 14:21:35.725572200+00:00,47.6769,21.534,0.0,1,-3.4,0.094,17.605850732977537
2026-09-21 14:21:35.740271400+00:00,47.6853,21.5239,0.0,1,-11.2,0.071,18.766391111624984
2026-09-21 14:21:35.742162+00:00,47.6831,21.5295,0.0,1,-7.1,0.062,18.372414659714952
2026-09-21 14:21:35.744231700+00:00,47.6858,21.5233,0.0,1,7.8,0.069,18.835596459522986
2026-09-21 14:21:35.755792700+00:00,47.6932,21.5266,0.0,1,-4.6,0.075,19.490245781676
2026-09-21 14:21:47.001211100+00:00,47.7527,22.6125,0.0,1,5.5,0.121,77.79596099268889
2026-09-21 14:21:52.566232700+00:00,47.6595,21.7376,0.0,1,-8.0,0.055,16.451988330734686
2026-09-21 14:21:52.591627600+00:00,47.6575,21.7172,0.0,1,-4.8,0.063,15.538004690208238
2026-09-21 14:21:59.789810200+00:00,47.7419,22.118,0.0,1,-17.6,0.096,43.572673241182535
2026-09-21 14:22:17.797257600+00:00,47.7956,22.2076,0.0,1,-8.2,0.103,52.442961058740096
2026-09-21 14:22:17.859820800+00:00,47.7427,22.5404,0.0,1,-7.9,0.138,72.32901331511931
2026-09-21 14:22:17.860426300+00:00,47.7425,22.5411,0.0,1,-9.5,0.165,72.37153852148214
2026-09-21 14:22:18.248485100+00:00,47.8779,22.2049,0.0,1,3.8,0.152,57.8861091621307
2026-09-21 14:22:18.428886300+00:00,47.861,22.0977,0.0,1,-4.2,0.114,50.80319859855304
2026-09-21 14:22:18.604018+00:00,47.862,22.0408,0.0,1,-14.0,0.059,48.03546063348039
2026-09-21 14:23:20.908602400+00:00,47.746,22.554,0.0,1,-6.6,0.246,73.40983835361904
2026-09-21 14:23:20.909360500+00:00,47.7465,22.5432,0.0,1,14.4,0.225,72.66296891874552
2026-09-21 14:23:20.909825800+00:00,47.7463,22.5549,0.0,1,-8.7,0.131,73.484257961318
2026-09-21 14:23:20.910126700+00:00,47.7479,22.5442,0.0,1,3.5,0.272,72.78414939159028
2026-09-21 14:23:24.172697200+00:00,47.6612,21.7029,0.0,1,-4.3,0.069,15.485742382557973
2026-09-21 14:23:24.464334300+00:00,47.7883,22.364,0.0,1,2.8,0.082,62.119534712954135
2026-09-21 14:24:14.743650200+00:00,47.8052,22.6091,0.0,1,-3.8,0.28,79.56346495052647
2026-09-21 14:24:21.232078500+00:00,47.7802,22.2004,0.0,1,-3.9,0.14,51.055192289535874
2026-09-21 14:24:21.559728300+00:00,47.8441,22.3116,0.0,1,4.6,0.135,61.8958008177171
2026-09-21 14:24:21.561719700+00:00,47.7803,22.2053,0.0,1,-5.4,0.089,51.370079768452094
2026-09-21 14:24:21.563030200+00:00,47.8236,22.2253,0.0,1,5.6,0.135,55.30491950401572
2026-09-21 14:24:21.771576+00:00,47.8572,22.3609,0.0,1,-10.3,0.147,65.76728873083965
2026-09-21 14:24:21.778290700+00:00,47.8648,22.2989,0.0,1,5.7,0.288,62.44088410462699
2026-09-21 14:24:21.781214800+00:00,47.8343,22.3869,0.0,1,-7.5,0.161,66.07819024246454
2026-09-21 14:24:22.064845200+00:00,47.8705,22.332,0.0,1,-8.1,0.116,64.81561897485722
2026-09-21 14:24:27.029158900+00:00,47.648,21.697,0.0,1,-9.4,0.088,13.958711544590567
2026-09-21 14:24:27.035850100+00:00,47.6504,21.6969,0.0,1,-7.1,0.081,14.203712217943492
2026-09-21 14:24:40.983082800+00:00,47.7546,22.6091,0.0,1,-7.9,0.219,77.62030085027666
2026-09-21 14:24:54.201814700+00:00,47.7948,22.2582,0.0,1,-3.9,0.182,55.57683529431162
2026-09-21 14:24:54.343484400+00:00,47.7974,22.2713,0.0,1,-6.4,0.127,56.562684205466056
2026-09-21 14:24:54.656281900+00:00,47.7984,22.2715,0.0,1,-16.8,0.136,56.633228426474055
2026-09-21 14:24:54.664961400+00:00,47.7981,22.2719,0.0,1,-9.5,0.097,56.64140490744272
2026-09-21 14:24:59.981613500+00:00,47.7536,22.5814,0.0,1,-4.1,0.253,75.62106010703351
2026-09-21 14:25:13.158149+00:00,47.6606,21.7214,0.0,1,-5.4,0.086,15.985689025039946
2026-09-21 14:25:21.043327700+00:00,47.7488,22.5674,0.0,1,-7.2,0.187,74.45870246246774
2026-09-21 14:25:43.405448200+00:00,47.7981,22.2327,0.0,1,-21.2,0.135,54.16148215387059
2026-09-21 14:25:43.409222400+00:00,47.8658,22.2165,0.0,1,-7.2,0.125,57.66481625462006
2026-09-21 14:25:43.483189+00:00,47.7986,22.2346,0.0,1,-17.6,0.082,54.310823789976396
2026-09-21 14:25:43.484371600+00:00,47.8712,22.2349,0.0,1,6.3,0.091,59.10442777461398
2026-09-21 14:25:43.545407+00:00,47.7985,22.235,0.0,1,-17.2,0.107,54.32987024484221
2026-09-21 14:25:43.552106700+00:00,47.8621,22.1574,0.0,1,-5.1,0.83,54.07824464628144
2026-09-21 14:25:43.605136+00:00,47.834,22.1592,0.0,1,-5.4,0.053,52.11648127879026
2026-09-21 14:25:43.609051800+00:00,47.8694,22.1167,0.0,1,7.9,0.058,52.46127538401962
2026-09-21 14:25:43.674275800+00:00,47.8737,22.0238,0.0,1,-16.1,0.086,48.242796755575675
2026-09-21 14:25:44.224650500+00:00,47.8868,22.1864,0.0,1,11.0,0.107,57.53217047037749
2026-09-21 14:25:58.636469600+00:00,47.7499,22.591,0.0,1,-4.7,0.285,76.17154027549914
2026-09-21 14:26:23.512294400+00:00,47.649,21.7208,0.0,1,-5.6,0.082,14.818235671899698
2026-09-21 14:26:23.513664300+00:00,47.6565,21.7305,0.0,1,-8.8,0.045,15.89877199358929
2026-09-21 14:26:23.523611+00:00,47.6523,21.713,0.0,1,10.3,0.051,14.88057837454523
2026-09-21 14:26:31.129553500+00:00,47.7554,22.5723,0.0,1,-8.9,0.133,75.04197894061068
2026-09-21 14:26:33.295821200+00:00,47.7543,22.3582,0.0,1,-15.1,0.138,60.0959024088435
2026-09-21 14:26:48.904113200+00:00,47.846,22.0441,0.0,1,6.7,0.13,46.85607396845445
2026-09-21 14:26:48.930411700+00:00,47.844,22.0453,0.0,1,-4.7,0.2,46.7508501353654
2026-09-21 14:26:48.931656700+00:00,47.8657,22.0404,0.0,1,-3.8,0.092,48.33099410703517
2026-09-21 14:26:48.942654300+00:00,47.8654,22.0269,0.0,1,-9.0,0.06,47.66514991774028
2026-09-21 14:27:18.351307400+00:00,47.7789,22.3668,0.0,1,-31.3,0.124,61.83847311862059
2026-09-21 14:27:18.393918200+00:00,47.7784,22.3669,0.0,1,-20.4,0.099,61.8207196720886
2026-09-21 14:27:18.452753400+00:00,47.779,22.3664,0.0,1,-26.0,0.128,61.81654019697931
2026-09-21 14:27:18.534368700+00:00,47.7787,22.3662,0.0,1,-25.3,0.135,61.78842753461486
2026-09-21 14:27:18.534960900+00:00,47.7916,22.2276,0.0,1,-8.7,0.115,53.45018248329462
2026-09-21 14:27:18.602058900+00:00,47.7772,22.3671,0.0,1,-5.0,0.145,61.77561159780688
2026-09-21 14:27:18.614895+00:00,47.7787,22.367,0.0,1,-16.3,0.102,61.842102049021044
2026-09-21 14:27:18.783121700+00:00,47.7778,22.3664,0.0,1,-12.6,0.134,61.757846887087496
2026-09-21 14:27:28.517476900+00:00,47.8666,22.0104,0.0,1,-6.4,0.084,47.00576069409121
2026-09-21 14:28:03.702925600+00:00,47.8401,22.0292,0.0,1,-3.4,0.08,45.62684759267982
2026-09-21 14:28:37.796471+00:00,47.8411,22.0398,0.0,1,-10.0,0.136,46.236386338208455
2026-09-21 14:28:37.933210100+00:00,47.8663,22.0331,0.0,1,-9.7,0.077,48.0349449919387
2026-09-21 14:28:38.360809900+00:00,47.913,21.9803,0.0,1,-4.2,0.125,49.95830343923497
2026-09-21 14:28:38.818006500+00:00,47.8469,22.2167,0.0,1,-22.1,0.143,56.35140255824504
2026-09-21 14:28:38.818572800+00:00,47.8308,22.1837,0.0,1,-5.9,0.091,53.30902181154021
2026-09-21 14:28:38.822821900+00:00,47.806,22.2618,0.0,1,-6.5,0.044,56.464973807690534
2026-09-21 14:28:38.877493800+00:00,47.8,22.2567,0.0,1,-6.1,0.124,55.78655355998103
2026-09-21 14:28:38.978482800+00:00,47.8228,22.2176,0.0,1,-4.8,0.12,54.78694771002015
2026-09-21 14:29:10.792827500+00:00,47.841,22.0405,0.0,1,13.7,0.11,46.26314551464641
2026-09-21 14:29:23.414686600+00:00,47.7668,22.6336,0.0,1,-3.4,0.277,79.78764626661211
2026-09-21 14:29:34.449573800+00:00,47.7527,22.4216,0.0,1,5.7,0.16,64.38603993137984
2026-09-21 14:29:34.450861500+00:00,47.7543,22.3986,0.0,1,-3.1,0.072,62.86599942569487
2026-09-21 14:29:34.469347600+00:00,47.7516,22.4012,0.0,1,-6.4,0.164,62.92914643462572
2026-09-21 14:29:34.618432800+00:00,47.7509,22.4012,0.0,1,-5.3,0.17,62.89928844126462
2026-09-21 14:29:34.947359400+00:00,47.7493,22.3872,0.0,1,-5.5,0.146,61.86476177324694
2026-09-21 14:29:34.986708800+00:00,47.7345,22.3281,0.0,1,-13.2,0.125,57.15335510677584
2026-09-21 14:29:34.987746200+00:00,47.8561,22.3957,0.0,1,-4.4,0.09,67.89217843130373
2026-09-21 14:29:48.277906400+00:00,47.8376,22.0475,0.0,1,-5.3,0.097,46.33746673171103
2026-09-21 14:29:54.703286400+00:00,47.7498,22.5815,0.0,1,-6.4,0.182,75.49374792797687
2026-09-21 14:30:03.220612100+00:00,47.8538,22.0548,0.0,1,-7.7,0.091,48.03485529093665
2026-09-21 14:30:03.355651500+00:00,47.8371,22.0386,0.0,1,-7.6,0.092,45.846712793099
2026-09-21 14:30:15.096377700+00:00,47.7588,22.6346,0.0,1,-5.6,0.285,79.57702861534258
2026-09-21 14:30:34.258908+00:00,47.8601,22.0485,0.0,1,-4.7,0.103,48.248950378287674
2026-09-21 14:30:34.677608600+00:00,47.8127,22.0687,0.0,1,-6.1,0.104,45.48941820198721
2026-09-21 14:30:34.679276400+00:00,47.8775,22.1891,0.0,1,3.7,0.121,56.978872083044614
2026-09-21 14:30:34.805268200+00:00,47.8457,22.1938,0.0,1,-9.3,0.098,54.93526474159851
2026-09-21 14:30:34.846853800+00:00,47.846,22.1948,0.0,1,-3.9,0.077,55.01415846487149
2026-09-21 14:30:35.017275900+00:00,47.8994,22.2123,0.0,1,3.3,0.113,59.90000264408102
2026-09-21 14:30:35.458186400+00:00,47.8458,22.1949,0.0,1,-7.5,0.125,55.00587328712626
2026-09-21 14:30:35.459061900+00:00,47.8855,22.399,0.0,1,3.5,0.131,69.87513028474338
2026-09-21 14:30:38.395002800+00:00,47.7555,22.656,0.0,1,-5.7,0.241,80.9875818625008
2026-09-21 14:30:50.856487800+00:00,47.6837,22.3301,0.0,1,-5.4,0.046,55.335262859254954
2026-09-21 14:30:51.586362700+00:00,47.6863,22.3127,0.0,1,-16.9,0.071,54.18459620145742
2026-09-21 14:30:51.612786400+00:00,47.6631,22.3192,0.0,1,-9.2,0.149,53.90157928208657
2026-09-21 14:30:51.613817800+00:00,47.6672,22.2902,0.0,1,-7.9,0.073,51.94063397633341
2026-09-21 14:31:30.579354400+00:00,47.8472,22.0753,0.0,1,-5.5,0.08,48.538471010937585
2026-09-21 14:31:30.586004300+00:00,47.8528,22.0807,0.0,1,-5.2,0.075,49.26684344582776
2026-09-21 14:31:30.731204800+00:00,47.8389,22.0726,0.0,1,-3.1,0.044,47.735976522122115
2026-09-21 14:31:38.933911700+00:00,47.7628,22.6395,0.0,1,-5.1,0.254,80.06413948362552
2026-09-21 14:32:06.998793100+00:00,47.7615,22.6368,0.0,1,-15.5,0.21,79.82710489149787
2026-09-21 14:32:06.998933200+00:00,47.7619,22.629,0.0,1,-6.8,0.27,79.28787669471483
2026-09-21 14:32:12.312286100+00:00,47.73,22.6907,5.9,2,-4.7,0.116,82.68238430119422
2026-09-21 14:32:15.712556500+00:00,47.6944,22.3195,0.0,1,10.6,0.117,54.954484790321345
2026-09-21 14:32:16.145137500+00:00,47.715,22.2346,0.0,1,-11.2,0.17,49.87412657718102
2026-09-21 14:32:40.072090900+00:00,47.7622,22.6424,0.0,1,-6.4,0.233,80.24897619177877
2026-09-21 14:33:23.768874800+00:00,47.8306,22.0769,0.0,1,-13.3,0.086,47.31010445910274
2026-09-21 14:33:23.853697900+00:00,47.8716,22.0614,0.0,1,-4.3,0.082,49.84556982122954
2026-09-21 14:33:23.925478200+00:00,47.823,22.0627,0.0,1,-14.9,0.084,45.96185898254717
2026-09-21 14:33:23.926081300+00:00,47.8657,22.0944,0.0,1,-6.1,0.121,51.010622565520244
2026-09-21 14:33:24.487359200+00:00,47.8104,22.1999,0.0,1,-7.7,0.085,52.908262507389075
2026-09-21 14:33:24.539566600+00:00,47.8108,22.1993,0.0,1,-8.6,0.1,52.89782163286894
2026-09-21 14:33:29.350855700+00:00,47.7428,22.287,0.0,1,44.8,0.113,54.723501231132204
2026-09-21 14:33:29.368189700+00:00,47.7341,22.2817,0.0,1,-3.9,0.164,53.957974983511996
2026-09-21 14:33:46.974253500+00:00,47.7289,22.7118,7.1,2,4.5,0.422,84.17607198651541
2026-09-21 14:34:08.174017400+00:00,47.6914,22.3352,0.0,1,-5.9,0.128,55.96163612018128
2026-09-21 14:34:43.728010+00:00,47.7489,22.6729,0.0,1,-5.0,0.191,81.97868340748605
2026-09-21 14:34:48.013433700+00:00,47.7168,22.4047,0.0,1,-6.5,0.124,61.79376178297869
2026-09-21 14:35:34.759259100+00:00,47.7344,22.6715,0.0,1,-3.7,0.179,81.42769133068565
2026-09-21 14:35:34.760145700+00:00,47.7345,22.6718,0.0,1,-4.3,0.19,81.45229846848682
2026-09-21 14:35:40.379763400+00:00,47.6818,22.3318,0.0,1,-6.8,0.11,55.393472183806935
2026-09-21 14:35:40.973992600+00:00,47.7876,22.357,0.0,1,-10.5,0.151,61.61871222973203
2026-09-21 14:35:40.974314900+00:00,47.8126,22.3424,0.0,1,7.7,0.154,61.99325478247173
2026-09-21 14:35:40.977433600+00:00,47.7621,22.3902,0.0,1,-9.9,0.102,62.634034758539165
2026-09-21 14:35:40.978537900+00:00,47.7576,22.371,0.0,1,-3.5,0.168,61.11926171943683
2026-09-21 14:35:41.272465200+00:00,47.8505,22.4214,0.0,1,-18.0,0.131,69.21066166691742
2026-09-21 14:35:41.349305700+00:00,47.8551,22.504,0.0,1,-16.2,0.118,74.82919204637389
2026-09-21 14:35:41.349909900+00:00,47.8682,22.5104,0.0,1,5.3,0.1,75.94941360995851
2026-09-21 14:35:41.405245900+00:00,47.8533,22.5041,0.0,1,3.9,0.207,74.74075223939944
2026-09-21 14:35:41.408058400+00:00,47.8537,22.5226,0.0,1,-4.8,0.076,75.98011548089666
2026-09-21 14:35:41.442232500+00:00,47.8611,22.4939,0.0,1,-6.5,0.256,74.48983867626812
2026-09-21 14:35:41.642764100+00:00,47.8596,22.4916,0.0,1,-6.9,0.146,74.25876919908157
2026-09-21 14:35:41.683402700+00:00,47.8593,22.4896,0.0,1,-6.4,0.219,74.11217769303421
2026-09-21 14:36:19.056425500+00:00,47.7336,22.7124,0.0,1,6.1,0.314,84.35359414876162
2026-09-21 14:36:19.082494400+00:00,47.7279,22.7284,0.0,1,3.9,0.34,85.34985481516263
2026-09-21 14:36:37.793883500+00:00,47.7356,22.6758,0.0,1,-3.4,0.149,81.7733809887023
2026-09-21 14:36:37.795812600+00:00,47.738,22.6714,0.0,1,-6.2,0.148,81.52967449723756
2026-09-21 14:37:08.806670100+00:00,47.6962,22.3565,0.0,1,-6.0,0.05,57.642780769865325
2026-09-21 14:37:08.921845400+00:00,47.6781,22.3411,0.0,1,-6.0,0.207,55.93924689628451
2026-09-21 14:37:45.253376500+00:00,47.7346,22.6783,0.0,1,17.1,0.205,81.92338670527874
2026-09-21 14:37:45.256343700+00:00,47.733,22.674,0.0,1,-5.1,0.354,81.56583920660673
2026-09-21 14:37:45.256698900+00:00,47.7357,22.6768,0.0,1,-4.3,0.191,81.84838202626683
2026-09-21 14:38:06.125770+00:00,47.7271,22.6936,0.0,1,-4.3,0.141,82.80873794293352
2026-09-21 14:38:24.234386+00:00,47.7132,22.335,0.0,1,-9.0,0.14,56.75350045924254
2026-09-21 14:38:24.234941600+00:00,47.7111,22.3349,0.0,1,-8.6,0.14,56.66482237218835
2026-09-21 14:38:24.262209400+00:00,47.7161,22.3297,0.0,1,-7.7,0.15,56.49738444144351
2026-09-21 14:39:10.537354100+00:00,47.7166,22.1206,0.0,1,-18.3,0.109,42.3077643173646
2026-09-21 14:39:10.773424400+00:00,47.7595,22.136,0.0,1,-11.4,0.094,45.76498716430885
2026-09-21 14:39:10.892726200+00:00,47.7594,22.1362,0.0,1,-17.7,0.106,45.77133983763335
2026-09-21 14:39:13.186474100+00:00,47.7156,22.3397,0.0,1,-5.0,0.155,57.17663568708355
2026-09-21 14:39:13.187106100+00:00,47.7137,22.3386,0.0,1,-4.4,0.091,57.025210086010304
2026-09-21 14:39:13.573139800+00:00,47.6859,22.3981,0.0,1,-7.2,0.142,60.27724992832561
2026-09-21 14:39:29.123028400+00:00,47.7303,22.7029,0.0,1,-4.6,0.136,83.57236929791543
2026-09-21 14:40:04.962752400+00:00,47.7157,22.3462,0.0,1,-6.3,0.135,57.63568089010882
2026-09-21 14:40:05.004375300+00:00,47.7134,22.3437,0.0,1,-5.6,0.145,57.37106755061497
2026-09-21 14:40:05.206872500+00:00,47.7153,22.3438,0.0,1,-4.5,0.152,57.45194163053123
2026-09-21 14:40:05.228913700+00:00,47.7084,22.3062,0.0,1,-6.7,0.119,54.549244807582205
2026-09-21 14:40:07.598113600+00:00,47.734,22.6762,0.0,1,-4.8,0.247,81.75418004746209
2026-09-21 14:40:07.623420+00:00,47.7277,22.6792,0.0,1,-5.5,0.198,81.78533498636064
2026-09-21 14:41:05.482304600+00:00,47.7221,22.6735,0.0,1,-8.8,0.269,81.21316879389556
2026-09-21 14:41:21.505080400+00:00,47.7241,22.4667,0.0,1,-15.1,0.117,66.44558404658835
2026-09-21 14:42:25.831858600+00:00,47.7308,22.6904,0.0,1,-7.7,0.208,82.68391635710944
2026-09-21 14:42:25.834375700+00:00,47.7255,22.6772,0.0,1,-4.3,0.26,81.57750436056685
2026-09-21 14:42:26.529618700+00:00,47.7121,22.361,6.6,2,16.3,0.166,58.537178325764955
2026-09-21 14:42:26.532383800+00:00,47.7087,22.3603,0.0,1,-6.2,0.079,58.360928407383106
2026-09-21 14:42:26.568624300+00:00,47.7141,22.3393,0.0,1,-9.8,0.1,57.08986001798485
2026-09-21 14:42:26.637540100+00:00,47.6854,22.2831,0.0,1,8.7,0.358,52.05260949194265
2026-09-21 14:42:26.694041700+00:00,47.6836,22.3745,0.0,1,-7.9,0.111,58.51020432330287
2026-09-21 14:42:49.470354800+00:00,47.7216,22.6947,0.0,1,-4.9,0.235,82.73406871787495
2026-09-21 14:42:49.484651600+00:00,47.7295,22.7246,0.0,1,-6.6,0.189,85.11920665081956
2026-09-21 14:43:56.036245300+00:00,47.72,22.7314,0.0,1,-3.3,0.172,85.35342021523799
2026-09-21 14:44:31.179732900+00:00,47.7284,22.7271,0.0,1,-6.1,0.181,85.26955270231412
2026-09-21 14:44:31.565952500+00:00,47.7585,22.6521,0.0,1,3.9,0.09,80.81103615154943
2026-09-21 14:44:52.076524+00:00,47.7166,22.7311,0.0,1,6.1,0.281,85.24221538293608
2026-09-21 14:45:19.202212200+00:00,47.7268,22.6963,0.0,1,-5.6,0.05,82.99547557143558
2026-09-21 14:45:19.202737400+00:00,47.7257,22.6983,0.0,1,-4.9,0.38,83.10910830062491
2026-09-21 14:45:32.151153900+00:00,47.7217,22.4727,0.0,1,-6.5,0.188,66.78783773651426
2026-09-21 14:45:32.158113200+00:00,47.7062,22.3976,0.0,1,5.2,0.172,60.91200241676922
2026-09-21 14:45:32.160907500+00:00,47.7094,22.3649,0.0,1,3.1,0.151,58.71140513810952
2026-09-21 14:45:32.289161500+00:00,47.7258,22.4868,0.0,1,-4.2,0.069,67.93212695893729
2026-09-21 14:45:38.036187700+00:00,47.7271,22.7359,0.0,1,-8.5,0.273,85.87134650635066
2026-09-21 14:46:14.781485300+00:00,47.7112,22.6978,0.0,1,-16.0,0.134,82.67951790903194
2026-09-21 14:46:14.782012600+00:00,47.7197,22.6951,0.0,1,-12.8,0.119,82.710782193035
2026-09-21 14:46:14.784030500+00:00,47.7199,22.6813,0.0,1,-5.0,0.161,81.71618589191382
2026-09-21 14:47:12.814235100+00:00,47.6564,22.7984,0.0,1,-4.2,0.341,88.90676110953999
2026-09-21 14:47:13.333856+00:00,47.718,22.7833,0.0,1,4.4,0.244,89.07854987351347
2026-09-21 14:47:13.337826100+00:00,47.7237,22.7424,0.0,1,7.2,0.221,86.2508753437408
2026-09-21 14:47:13.369717700+00:00,47.6936,22.7696,0.0,1,11.2,0.234,87.50125249011322
2026-09-21 14:47:20.204509100+00:00,47.6623,22.4328,0.0,1,11.0,0.153,62.12266541035622
2026-09-21 14:47:20.205014300+00:00,47.6661,22.4418,0.0,1,-10.1,0.156,62.87598095097221
2026-09-21 14:47:20.219795300+00:00,47.6642,22.4418,8.0,2,10.3,0.202,62.82714287810424
2026-09-21 14:47:20.226610700+00:00,47.668,22.434,0.0,1,-4.7,0.142,62.358062183742625
2026-09-21 14:47:20.229369+00:00,47.6632,22.4408,0.0,1,-5.0,0.117,62.728793519008434
2026-09-21 14:47:20.417357600+00:00,47.6635,22.4332,0.0,1,-5.0,0.135,62.18248859624823
2026-09-21 14:47:20.492907+00:00,47.663,22.44,0.0,1,-4.8,0.169,62.6653892443107
2026-09-21 14:47:20.512728300+00:00,47.6636,22.4386,0.0,1,-3.4,0.196,62.57858786286469
2026-09-21 14:49:14.841870700+00:00,47.7172,22.7588,5.4,2,9.8,0.293,87.27348100649994
2026-09-21 14:50:24.448541400+00:00,47.726,22.4873,0.0,1,-4.9,0.186,67.97460452376392
2026-09-21 14:50:24.453391600+00:00,47.6872,22.4631,0.0,1,4.4,0.092,65.00081604270741
2026-09-21 14:50:24.546658200+00:00,47.7215,22.4786,0.0,1,-3.7,0.191,67.20052239915425
2026-09-21 14:50:24.578656500+00:00,47.731,22.4798,0.0,1,-4.0,0.06,67.61934963796365
2026-09-21 14:51:24.290499200+00:00,47.6752,22.7816,0.0,1,-15.0,0.213,88.00247936901823
2026-09-21 14:51:24.338941200+00:00,47.7012,22.7803,0.0,1,-30.3,0.22,88.4564326959059
2026-09-21 14:51:24.343395300+00:00,47.6718,22.7827,0.0,1,-7.5,0.262,88.01860719909558
2026-09-21 14:51:24.433515200+00:00,47.6341,22.809,0.0,1,35.3,0.17,89.36064391179761
2026-09-21 14:51:24.434341400+00:00,47.706,22.7843,0.0,1,-6.1,0.255,88.86042886735603
2026-09-21 14:53:16.727408800+00:00,47.7046,22.7712,0.0,1,-6.2,0.207,87.86942300050025
2026-09-21 14:55:36.045033500+00:00,47.6421,22.7901,0.0,1,7.2,0.151,88.06796192882496
2026-09-21 14:55:36.045688600+00:00,47.6446,22.7972,0.0,1,-22.6,0.119,88.63215843173768
2026-09-21 14:56:23.241047300+00:00,47.6238,22.8309,0.0,1,-5.4,0.178,90.86247729096772
2026-09-21 14:57:20.288253900+00:00,47.7256,22.7644,0.0,1,-6.0,0.233,87.89918988882143
2026-09-21 14:58:02.839593500+00:00,47.6702,22.8224,0.0,1,3.6,0.109,90.92058374056818
2026-09-21 15:01:01.173665800+00:00,47.6365,22.7967,0.0,1,-5.2,0.343,88.47852944048476
2026-09-21 15:01:01.202669800+00:00,47.6394,22.8134,7.7,2,18.5,0.256,89.76029101901814
2026-09-21 15:01:01.212033200+00:00,47.6345,22.8001,0.0,1,-5.1,0.26,88.70401677943924
2026-09-21 15:01:17.154444800+00:00,48.1651,22.9185,0.0,1,-12.1,0.596,119.35328030435784
2026-09-21 15:01:17.154707400+00:00,48.168,22.9253,0.0,1,-8.3,0.605,119.95100626193309
2026-09-21 15:01:17.157504200+00:00,48.1701,22.8965,0.0,1,-5.6,0.678,118.36102963479868
2026-09-21 15:01:17.171172800+00:00,48.1659,22.9148,0.0,1,21.1,0.712,119.18253764410724
2026-09-21 15:01:17.295848500+00:00,48.1613,22.8435,0.0,1,-6.2,0.412,114.62711042075674
2026-09-21 15:01:21.318689900+00:00,47.4831,22.4845,0.0,1,-6.7,0.178,64.61086567595808
2026-09-21 15:03:13.314049300+00:00,47.4835,22.4924,0.0,1,-6.2,0.154,65.19827662875034
2026-09-21 15:04:13.549968500+00:00,46.9111,22.3711,0.0,1,8.2,0.172,88.96975689087641
2026-09-21 15:05:35.841903500+00:00,47.4964,22.5172,0.0,1,17.9,0.157,66.94756540319041
2026-09-21 15:07:17.063633800+00:00,47.6355,22.8901,0.0,1,-5.1,0.371,95.4141841165261
2026-09-21 15:08:46.876324100+00:00,47.5067,22.5451,0.0,1,-6.5,0.158,68.97719439636957
2026-09-21 15:08:46.876521+00:00,47.5042,22.5488,0.0,1,-6.2,0.169,69.2681344271256
2026-09-21 15:08:46.892570800+00:00,47.5049,22.5407,0.0,1,-10.4,0.239,68.656589728059
2026-09-21 15:08:47.216794100+00:00,47.5565,22.4787,0.0,1,6.4,0.143,63.96499160991225
2026-09-21 15:08:47.217228900+00:00,47.5621,22.4818,0.0,1,-7.2,0.141,64.22390073356861
2026-09-21 15:08:47.332821500+00:00,47.5422,22.5053,0.0,1,-4.4,0.227,65.92111088594265
2026-09-21 15:08:47.462235900+00:00,47.4765,22.4984,0.0,1,-5.7,0.189,65.71976523931608
2026-09-21 15:08:47.614527600+00:00,47.6169,22.4948,0.0,1,11.0,0.405,65.76351671142947
2026-09-21 15:08:47.676545600+00:00,47.5909,22.4544,0.0,1,-9.1,0.138,62.410057015794095
2026-09-21 15:08:48.071645+00:00,47.7316,22.5283,0.0,1,-22.2,0.161,71.08313055659738
2026-09-21 15:08:48.072234700+00:00,47.7318,22.5424,0.0,1,-17.4,0.15,72.09413289259255
2026-09-21 15:08:48.085539500+00:00,47.7498,22.589,0.0,1,3.6,0.038,76.02604541941878
2026-09-21 15:08:48.086757700+00:00,47.751,22.5937,0.0,1,4.5,0.232,76.40154679216552
2026-09-21 15:08:48.088323800+00:00,47.752,22.6009,0.0,1,4.8,0.082,76.9475900946271
2026-09-21 15:08:48.352681600+00:00,47.7153,22.6272,0.0,1,-11.3,0.274,77.6712988787904
2026-09-21 15:08:48.362076900+00:00,47.7247,22.6158,0.0,1,-7.8,0.247,77.1253418430658
2026-09-21 15:08:49.862568400+00:00,47.6259,22.8758,0.0,1,-9.0,0.291,94.2334505203833
2026-09-21 15:08:49.902192700+00:00,47.6505,22.8463,0.0,1,-9.1,0.261,92.36515009923957
2026-09-21 15:09:08.973171200+00:00,47.4338,22.4904,0.0,1,27.7,0.173,65.76433853841256
2026-09-21 15:09:32.303048+00:00,47.6288,22.8776,0.0,1,-5.0,0.226,94.40141730044841
2026-09-21 15:09:40.932701300+00:00,46.9079,22.4177,0.0,1,5.3,0.193,91.50291007916734
2026-09-21 15:09:40.961989500+00:00,46.9064,22.4256,0.0,1,4.8,0.137,92.01971222817554
2026-09-21 15:09:40.972254500+00:00,46.9071,22.433,0.0,1,-4.5,0.141,92.32800283019667
2026-09-21 15:10:20.018553+00:00,47.6296,22.8864,0.0,1,-8.4,0.22,95.06658788802962
2026-09-21 15:10:36.115203900+00:00,47.5041,22.5606,0.0,1,-25.0,0.159,70.15396207839805
2026-09-21 15:11:03.149650300+00:00,47.4142,22.5084,0.0,1,-8.5,0.057,67.49831478094195
2026-09-21 15:11:03.179048700+00:00,47.4235,22.4937,0.0,1,-5.1,0.132,66.21351245645951
2026-09-21 15:11:03.239177100+00:00,47.3594,22.5173,0.0,1,18.6,0.105,69.61284258721483
2026-09-21 15:11:03.239487100+00:00,47.353,22.5091,0.0,1,-7.4,0.294,69.22486609515752
2026-09-21 15:11:03.278669100+00:00,47.3852,22.5158,0.0,1,62.9,0.102,68.75349778681786
2026-09-21 15:11:03.281495900+00:00,47.3513,22.5069,0.0,1,-4.4,0.146,69.12200141519382
2026-09-21 15:11:03.298490500+00:00,47.4164,22.5048,0.0,1,-5.8,0.182,67.18444559323099
2026-09-21 15:11:39.587811400+00:00,47.6235,22.9191,0.0,1,4.4,0.319,97.43561072355044
2026-09-21 15:12:36.788630800+00:00,47.6211,22.9375,0.0,1,-7.3,0.167,98.78326222626485
2026-09-21 15:12:36.789040600+00:00,47.6241,22.9408,0.0,1,-6.4,0.194,99.06080856970752
2026-09-21 15:12:58.503883900+00:00,47.3749,22.6236,0.0,1,35.2,0.182,76.91001379972859
2026-09-21 15:12:58.506775100+00:00,47.3594,22.5364,0.0,1,-32.8,0.126,70.99483571246844
2026-09-21 15:12:58.522968300+00:00,47.3638,22.5458,10.2,2,-6.2,0.127,71.54383055965711
2026-09-21 15:12:58.531252400+00:00,47.3586,22.5359,0.0,1,-9.7,0.088,70.98318539989069
2026-09-21 15:12:58.558057800+00:00,47.3562,22.5381,0.0,1,4.8,0.14,71.21657035251346
2026-09-21 15:13:24.417017300+00:00,46.9128,22.4829,0.0,1,8.0,0.252,94.38851438474516
2026-09-21 15:13:24.418670500+00:00,46.909,22.477,0.0,1,-5.6,0.176,94.3950968327184
2026-09-21 15:13:24.432838800+00:00,46.9141,22.4702,0.0,1,9.4,0.272,93.6280298237209
2026-09-21 15:13:54.946529400+00:00,47.4054,22.5604,0.0,1,7.7,0.209,71.5281126686507
2026-09-21 15:13:54.952893300+00:00,47.4006,22.5557,0.0,1,-7.6,0.11,71.29198798207098
2026-09-21 15:13:55.479859400+00:00,47.5096,22.5712,0.0,1,-10.1,0.288,70.92178569833041
2026-09-21 15:14:25.068380900+00:00,47.3605,22.5591,0.0,1,-8.9,0.105,72.60719636529896
2026-09-21 15:14:25.087859500+00:00,47.3613,22.5469,0.0,1,8.8,0.246,71.69818832967704
2026-09-21 15:14:25.396080900+00:00,47.3575,22.5619,0.0,1,-4.7,0.142,72.9002197771428
2026-09-21 15:15:21.714687200+00:00,47.4199,22.541,0.0,1,-10.8,0.194,69.78462124277071
2026-09-21 15:15:21.733922200+00:00,47.419,22.5329,0.0,1,-5.4,0.194,69.20427423774777
2026-09-21 15:15:21.802921400+00:00,47.3864,22.5767,0.0,1,-3.7,0.19,73.17946835498111
2026-09-21 15:16:07.123685+00:00,47.4169,22.5578,0.0,1,-6.6,0.231,71.08848356087375
2026-09-21 15:16:07.154803200+00:00,47.362,22.5653,0.0,1,5.5,0.174,73.0130071090986
2026-09-21 15:16:40.706164300+00:00,47.6162,22.9559,0.0,1,6.2,0.249,100.10850007082715
2026-09-21 15:16:41.048597700+00:00,47.664,22.891,0.0,1,-5.0,0.337,95.89070632076374
2026-09-21 15:16:56.655241300+00:00,47.4148,22.558,0.0,1,-5.4,0.119,71.14689982711933
2026-09-21 15:16:56.656767100+00:00,47.4167,22.5632,0.0,1,-13.2,0.129,71.49188908403345
2026-09-21 15:16:57.071648100+00:00,47.3856,22.5536,0.0,1,-7.1,0.169,71.507304502877
2026-09-21 15:16:57.379212700+00:00,47.3979,22.5522,0.0,1,-10.4,0.143,71.0983819362202
2026-09-21 15:17:31.874299100+00:00,46.8981,22.4994,0.0,1,-25.6,0.14,96.43943887679136
2026-09-21 15:17:31.874548600+00:00,46.8983,22.4891,0.0,1,-7.5,0.181,95.89339370204092
2026-09-21 15:17:31.891549900+00:00,46.8956,22.4984,0.0,1,-6.6,0.218,96.59226364009015
2026-09-21 15:17:37.348360+00:00,47.609,22.9683,0.0,1,-8.6,0.169,100.97009232860887
2026-09-21 15:17:37.348610100+00:00,47.6097,22.9656,0.0,1,10.1,0.236,100.77428900493989
2026-09-21 15:17:37.349002600+00:00,47.6087,22.9678,0.0,1,-5.6,0.112,100.93016779575181
2026-09-21 15:17:37.675687800+00:00,47.6074,22.9692,0.0,1,-3.5,0.254,101.02389824684933
2026-09-21 15:17:39.390904900+00:00,47.4918,22.0547,0.0,1,15.5,0.102,32.403665411030964
2026-09-21 15:17:39.391109700+00:00,47.4901,22.0563,0.0,1,7.7,0.116,32.54948949458278
2026-09-21 15:17:39.461280800+00:00,47.4954,22.0199,0.0,1,-5.2,0.06,29.758848894674806
2026-09-21 15:17:50.510859100+00:00,47.371,22.586,0.0,1,-5.5,0.132,74.26491473534661
2026-09-21 15:17:50.689308+00:00,47.3619,22.5834,0.0,1,-5.2,0.149,74.33160308705371
2026-09-21 15:18:16.139869500+00:00,47.429,22.5314,0.0,1,3.3,0.122,68.89421508124045
2026-09-21 15:18:41.402842+00:00,46.8966,22.5086,0.0,1,10.5,0.191,97.03727859553538
2026-09-21 15:19:19.087685500+00:00,47.4157,22.5758,0.0,1,-5.7,0.221,72.44419478916808
2026-09-21 15:19:19.101498100+00:00,47.4165,22.5713,0.0,1,-7.0,0.2,72.09502607461157
2026-09-21 15:19:19.102121100+00:00,47.3713,22.6052,0.0,1,6.6,0.154,75.65893635604402
2026-09-21 15:19:19.103099300+00:00,47.3587,22.6009,0.0,1,-5.4,0.184,75.6969174793431
2026-09-21 15:19:19.574744800+00:00,47.4164,22.5727,0.0,1,-4.9,0.206,72.20061666780825
2026-09-21 15:20:03.458951300+00:00,47.5913,23.0105,0.0,1,4.3,0.264,103.99804267556914
2026-09-21 15:20:03.879744700+00:00,47.6634,22.9275,0.0,1,4.5,0.272,98.58652039363653
2026-09-21 15:20:52.454493700+00:00,47.416,22.5861,0.0,1,27.3,0.286,73.20004083356271
2026-09-21 15:20:52.454780400+00:00,47.4148,22.5944,0.0,1,-11.5,0.138,73.8384108097883
2026-09-21 15:20:52.455294600+00:00,47.4154,22.5871,0.0,1,3.9,0.232,73.28617043379066
2026-09-21 15:20:52.464736500+00:00,47.4242,22.6654,0.0,1,13.4,0.187,78.92528868791273
2026-09-21 15:20:52.465677300+00:00,47.412,22.5931,0.0,1,-34.7,0.075,73.7995997921269
2026-09-21 15:20:52.470605500+00:00,47.4257,22.5848,0.0,1,-5.3,0.151,72.915387005224
2026-09-21 15:20:52.477625600+00:00,47.4133,22.6001,0.0,1,-5.2,0.074,74.29055422481636
2026-09-21 15:20:52.502360700+00:00,47.3872,22.6185,0.0,1,17.2,0.136,76.2283371057073
2026-09-21 15:20:52.775200900+00:00,47.4238,22.5657,0.0,1,-8.1,0.106,71.5355688679989
2026-09-21 15:21:07.354043100+00:00,47.5579,22.9678,0.0,1,7.0,0.364,100.65668851960378
2026-09-21 15:21:57.660776600+00:00,47.3663,22.6016,0.0,1,7.5,0.2,75.5326407026937
2026-09-21 15:21:57.989528200+00:00,47.3944,22.6105,0.0,1,-5.3,0.236,75.46966626890375
2026-09-21 15:22:27.257898500+00:00,47.5651,22.9759,0.0,1,-10.6,0.309,101.28371399469785
2026-09-21 15:22:27.258403800+00:00,47.5644,22.9757,0.0,1,-5.8,0.386,101.26655652041745
2026-09-21 15:23:35.286916500+00:00,47.5717,22.9738,0.0,1,-6.0,0.244,101.14954737889326
2026-09-21 15:23:35.289895800+00:00,47.594,22.9642,0.0,1,5.6,0.332,100.54911077619771
2026-09-21 15:30:00.481742100+00:00,47.3079,22.654,0.0,1,-6.4,0.236,81.15122192064729
2026-09-21 15:30:00.482906100+00:00,47.309,22.6411,0.0,1,-6.9,0.225,80.1893625781676
2026-09-21 15:30:00.483655900+00:00,47.3157,22.6336,0.0,1,-4.8,0.164,79.41991567376087
2026-09-21 15:30:00.506109800+00:00,47.3094,22.6537,0.0,1,-6.8,0.124,81.07771025217778
2026-09-21 15:30:00.506800400+00:00,47.3095,22.6513,0.0,1,-14.0,0.193,80.9022909760824
2026-09-21 15:30:00.799306600+00:00,47.3479,22.6776,0.0,1,-5.4,0.255,81.58894962750009
2026-09-21 15:30:00.892835300+00:00,47.318,22.6311,0.0,1,-5.2,0.255,79.16198355257018
2026-09-21 15:35:32.095546+00:00,47.2573,22.685,0.0,1,6.2,0.212,85.25789741873282
2026-09-21 15:35:32.096504900+00:00,47.2449,22.6848,0.0,1,-5.3,0.191,85.75552019452024
2026-09-21 15:35:32.260002600+00:00,47.3076,22.6953,0.0,1,7.5,0.447,84.12434413749511
2026-09-21 15:35:32.394053300+00:00,47.2559,22.6936,0.0,1,-6.4,0.186,85.91911437471201
2026-09-21 15:35:32.512399300+00:00,47.3203,22.7195,0.0,1,9.4,0.216,85.45663081897534
2026-09-21 15:36:42.422282200+00:00,47.2508,22.6762,0.0,1,-11.0,0.202,84.9073277614399
2026-09-21 15:36:42.422792300+00:00,47.328,22.7571,0.0,1,4.5,0.147,87.94929462964107
2026-09-21 15:36:42.471104900+00:00,47.2505,22.6763,0.0,1,-8.9,0.204,84.92680797225606
2026-09-21 15:37:56.725042900+00:00,47.2591,22.7257,0.0,1,8.0,0.2,88.05509755738693
2026-09-21 15:37:56.736612700+00:00,47.2717,22.8135,0.0,1,13.8,0.331,93.83659665714649
2026-09-21 15:37:57.000884200+00:00,47.231,22.6962,0.0,1,-8.8,0.162,87.1436944528361
2026-09-21 15:38:53.849242500+00:00,47.3107,22.7222,0.0,1,-5.8,0.211,85.9580623600058
2026-09-21 15:38:54.065273600+00:00,47.3086,22.7756,0.0,1,8.1,0.227,89.88110729247278
2026-09-21 15:38:54.068713200+00:00,47.2391,22.7174,0.0,1,-23.7,0.219,88.2782550729587
2026-09-21 15:41:17.576364800+00:00,47.2667,22.7636,0.0,1,-5.1,0.153,90.4544013886799
2026-09-21 15:41:18.031728700+00:00,47.3009,22.8107,0.0,1,3.7,0.333,92.66184020342465
2026-09-21 15:42:05.477956800+00:00,47.2687,22.7676,0.0,1,-5.9,0.184,90.66561647452303
2026-09-21 15:42:05.478407500+00:00,47.2687,22.769,0.0,1,-4.3,0.184,90.76536325227468
2026-09-21 15:43:00.430988+00:00,47.2131,22.7964,0.0,1,-9.1,0.219,94.8938204369611
2026-09-21 15:43:01.148553100+00:00,47.3362,22.8317,0.0,1,-15.1,0.288,93.15910479352864
2026-09-21 15:43:51.676309800+00:00,47.2669,22.7729,0.0,1,-3.8,0.129,91.10914922272553
2026-09-21 15:45:08.458032700+00:00,47.2461,22.7967,0.0,1,-11.1,0.159,93.58170366212356
2026-09-21 15:45:08.491806+00:00,47.2446,22.7975,0.0,1,-4.5,0.256,93.6962110930997
2026-09-21 15:45:08.508438+00:00,47.2717,22.7991,0.0,1,-5.5,0.266,92.8061247097242
2026-09-21 15:45:08.814895900+00:00,47.2288,22.7755,0.0,1,-11.9,0.176,92.77597376513351
2026-09-21 15:45:08.910772800+00:00,47.5068,23.231,0.0,1,28.0,0.287,120.4588403160568
2026-09-21 15:45:08.963121900+00:00,47.4699,23.2111,0.0,1,-6.8,0.256,119.17241002953514
2026-09-21 15:47:00.824287900+00:00,47.2479,22.8189,0.0,1,-4.8,0.138,95.08745084189403
2026-09-21 15:47:00.824859700+00:00,47.2448,22.8212,0.0,1,-4.1,0.132,95.36799935492483
2026-09-21 15:47:00.838309500+00:00,47.2472,22.8181,0.0,1,-5.7,0.236,95.05706791221542
2026-09-21 15:48:02.918123700+00:00,47.2538,22.8228,0.0,1,-9.1,0.238,95.14470316609703
2026-09-21 15:48:02.918423100+00:00,47.253,22.8262,0.0,1,-12.7,0.259,95.41629421929831
2026-09-21 15:48:02.940559700+00:00,47.2589,22.8264,0.0,1,-4.9,0.195,95.21481300428225
2026-09-21 15:48:03.490012200+00:00,47.3811,22.8748,0.0,1,-26.3,0.125,95.27297178418785
2026-09-21 15:48:49.847112100+00:00,47.2553,22.8326,0.0,1,-7.5,0.095,95.78787235343059
2026-09-21 15:48:49.847390200+00:00,47.2561,22.8303,0.0,1,-6.9,0.342,95.5947171763457
2026-09-21 15:48:50.223684300+00:00,47.2593,22.8214,0.0,1,8.5,0.194,94.8436057465253
2026-09-21 15:49:30.326833800+00:00,47.2501,22.8269,0.0,1,-6.9,0.137,95.573599557601
2026-09-21 15:49:30.547311700+00:00,47.2515,22.8198,0.0,1,-8.1,0.214,95.01651586859528
2026-09-21 15:50:27.419961600+00:00,46.6994,22.9034,0.0,1,-4.5,0.304,133.7405185783365
2026-09-21 15:50:27.426300800+00:00,46.701,22.8948,0.0,1,-4.9,0.157,133.1469704815866
2026-09-21 15:51:03.659470200+00:00,47.2541,22.8395,0.0,1,36.3,0.242,96.32359537393027
2026-09-21 15:51:03.676525600+00:00,47.2527,22.8545,0.0,1,-6.1,0.166,97.44444877015682
2026-09-21 15:53:26.499717100+00:00,46.6953,22.923,0.0,1,29.8,0.302,135.1311985054641
2026-09-21 15:53:26.500090200+00:00,46.6991,22.916,0.0,1,-8.5,0.249,134.4536245850176
2026-09-21 15:56:14.869030+00:00,47.4847,23.2044,0.0,1,-5.8,0.433,118.5695284781279
2026-09-21 15:56:14.960502100+00:00,47.4809,23.2182,0.0,1,5.6,0.255,119.62849240213941
2026-09-21 15:56:15.005316+00:00,47.4759,23.2738,0.0,1,-7.8,0.323,123.83252165393262
2026-09-21 15:56:52.277112500+00:00,47.1824,22.6775,0.0,1,-9.6,0.334,88.12264790034888
2026-09-21 15:58:58.355860200+00:00,47.4515,23.3857,0.0,1,-13.8,0.341,132.41316736422976
2026-09-21 15:59:17.465537200+00:00,47.1952,22.6804,0.0,1,12.9,0.163,87.69369247571287
2026-09-21 15:59:18.253560600+00:00,47.1943,22.6864,0.0,1,-7.7,0.132,88.14577134270822
2026-09-21 15:59:18.295181400+00:00,47.1395,22.6314,0.0,1,13.8,0.21,87.32758169704942
2026-09-21 15:59:18.297856200+00:00,47.1542,22.607,0.0,1,-6.1,0.26,84.91096280285579
2026-09-21 15:59:18.309122900+00:00,47.1648,22.6578,0.0,1,14.7,0.211,87.69744894670504
2026-09-21 16:01:26.655965+00:00,47.1944,22.7075,0.0,1,-4.6,0.124,89.58172575690234
2026-09-21 16:01:27.112158500+00:00,47.1714,22.713,0.0,1,4.9,0.224,91.06969070452334
2026-09-21 16:01:27.137620200+00:00,47.1361,22.6234,0.0,1,-5.3,0.099,86.99835018754342
2026-09-21 16:01:49.316277100+00:00,47.1456,22.6361,0.0,1,-6.9,0.2,87.2953475026476
2026-09-21 16:01:49.332789+00:00,47.1485,22.6942,0.0,1,5.2,0.278,90.97954546323487
2026-09-21 16:01:49.334609900+00:00,47.1483,22.6338,0.0,1,-3.8,0.234,86.9953172825185
2026-09-21 16:02:44.554630300+00:00,47.4432,23.4299,0.0,1,11.4,0.263,135.8008972513878
2026-09-21 16:03:22.148696900+00:00,47.139,22.63,0.0,1,5.4,0.181,87.26429824651642
2026-09-21 16:05:07.219626900+00:00,47.0915,22.7255,0.0,1,35.8,0.201,96.17455500080524
2026-09-21 16:05:07.237422500+00:00,47.0922,22.7245,0.0,1,-14.2,0.145,96.06958477170116
2026-09-21 16:05:07.482328300+00:00,47.1239,22.6948,0.0,1,-6.4,0.171,92.34760467601886
2026-09-21 16:06:22.194484800+00:00,47.0949,22.7338,0.0,1,-6.4,0.189,96.52069008957179
2026-09-21 16:06:22.194863600+00:00,47.0944,22.7366,0.0,1,-5.1,0.142,96.73144205375934
2026-09-21 16:06:22.195702+00:00,47.0976,22.7318,0.0,1,-3.9,0.194,96.23769039361942
2026-09-21 16:08:27.675296900+00:00,47.095,22.7461,0.0,1,-19.5,0.18,97.31755243915367
2026-09-21 16:08:27.690924200+00:00,47.0955,22.7472,0.0,1,10.9,0.381,97.36138337049607
2026-09-21 16:08:27.796666300+00:00,47.141,22.7011,0.0,1,7.4,0.215,91.83578382298725
2026-09-21 16:08:27.868071100+00:00,47.0677,22.7443,0.0,1,-7.4,0.275,98.76961918305456
2026-09-21 16:09:02.862528300+00:00,46.9164,22.5988,0.0,1,-15.1,0.286,100.30709147131476
2026-09-21 16:10:20.476319100+00:00,47.4402,23.4377,0.0,1,-29.9,0.33,136.41373838621303
2026-09-21 16:10:20.477190300+00:00,47.4393,23.422,0.0,1,-6.1,0.511,135.24609830324664
2026-09-21 16:10:20.499985+00:00,47.4247,23.3918,0.0,1,-7.5,0.252,133.13704679859464
2026-09-21 16:10:20.532904100+00:00,47.4171,23.3696,0.0,1,-4.9,0.547,131.56400292924366
2026-09-21 16:11:30.532364600+00:00,47.0831,22.7679,0.0,1,-8.5,0.262,99.41084246802218
2026-09-21 16:11:30.533097100+00:00,47.0878,22.7637,0.0,1,-5.0,0.231,98.87188788263964
2026-09-21 16:11:30.551281400+00:00,47.0885,22.7593,0.0,1,-9.6,0.195,98.54515192910462
2026-09-21 16:11:30.551900900+00:00,47.0846,22.7672,0.0,1,-13.5,0.272,99.28053386117442
2026-09-21 16:11:30.771311300+00:00,47.1585,22.7778,0.0,1,-9.7,0.183,96.0979572377088
2026-09-21 16:11:31.156268600+00:00,47.1924,22.8034,0.0,1,-17.5,0.239,96.27733732717654
2026-09-21 16:15:52.126567800+00:00,46.8891,22.6966,0.0,1,28.7,0.217,107.8308787624401
2026-09-21 16:15:52.142551900+00:00,46.8918,22.6929,0.0,1,-6.5,0.231,107.4211210499962
2026-09-21 16:15:52.152195400+00:00,46.8873,22.7053,0.0,1,-5.2,0.225,108.45709744990727
2026-09-21 16:15:52.154640300+00:00,46.887,22.7052,0.0,1,-5.2,0.194,108.47363770880197
2026-09-21 16:17:02.688613600+00:00,46.8793,22.712,0.0,1,-4.7,0.207,109.42975215413905
2026-09-21 16:17:02.689491700+00:00,46.8769,22.7171,0.0,1,-5.5,0.234,109.8965016898089
2026-09-21 16:17:55.465894100+00:00,47.0146,22.487,0.0,1,-3.4,0.2,86.66973621923819
2026-09-21 16:18:15.674740300+00:00,46.5901,23.031,0.0,1,-7.3,0.274,149.211917074836
2026-09-21 16:18:15.692105100+00:00,46.6744,22.7413,0.0,1,-5.3,0.514,127.25496253298267
2026-09-21 16:18:15.695550100+00:00,46.5972,23.0159,0.0,1,-4.9,0.302,147.83832440975917
2026-09-21 16:18:15.921895900+00:00,46.5924,22.9917,0.0,1,-10.0,0.299,146.9222827220882
2026-09-21 16:18:16.062163600+00:00,46.589,23.0022,0.0,1,-5.4,0.244,147.753010141768
2026-09-21 16:18:26.171046300+00:00,46.8703,22.729,0.0,1,-6.8,0.242,111.05992109002673
2026-09-21 16:18:57.082242+00:00,46.871,22.7335,0.0,1,-4.9,0.135,111.26310095401413
2026-09-21 16:20:28.836412700+00:00,46.8724,22.7377,0.0,1,-5.6,0.242,111.39829097284037
2026-09-21 16:21:27.755374+00:00,46.871,22.746,0.0,1,-6.3,0.132,111.97410185660755
2026-09-21 16:22:51.160160600+00:00,46.8706,22.793,0.0,1,-4.9,0.241,114.70634999835055
2026-09-21 16:22:51.161236400+00:00,46.8702,22.7853,0.0,1,-16.1,0.26,114.28923548410081
2026-09-21 16:22:51.176890400+00:00,46.8722,22.7773,0.0,1,-34.2,0.24,113.68248820886086
2026-09-21 16:22:51.200782300+00:00,46.8704,22.7981,0.0,1,-4.0,0.245,115.01674944599979
2026-09-21 16:24:05.434874300+00:00,46.8756,22.7651,0.0,1,34.0,0.219,112.73265962216396
2026-09-21 16:24:05.454753900+00:00,46.8625,22.7796,0.0,1,-8.3,0.193,114.5191457267736
2026-09-21 16:24:05.466173+00:00,46.8683,22.7802,0.0,1,-9.5,0.283,114.1321886543766
2026-09-21 16:24:05.497855800+00:00,46.8671,22.8017,0.0,1,5.4,0.252,115.46260770252394
2026-09-21 16:26:54.337469900+00:00,46.8628,22.8069,0.0,1,-5.7,0.195,116.07326835625638
2026-09-21 16:26:54.343014800+00:00,46.8642,22.8043,0.0,1,-9.4,0.25,115.82181745853339
2026-09-21 16:26:54.352605200+00:00,46.8569,22.7807,0.0,1,-4.6,0.323,114.99109376161671
2026-09-21 16:28:23.725100300+00:00,46.8664,22.8746,0.0,1,-5.6,0.25,119.79503273026599
2026-09-21 16:29:35.201699+00:00,46.8642,22.9133,0.0,1,-5.7,0.25,122.25811633767881
2026-09-21 16:30:49.517990700+00:00,46.861,22.9148,0.0,1,-12.9,0.264,122.56665745503304
2026-09-21 16:31:53.864678+00:00,46.8536,22.9134,0.0,1,29.5,0.161,122.99071681618996
2026-09-21 16:31:53.882764200+00:00,46.8548,22.9065,0.0,1,8.5,0.245,122.4963455080035
2026-09-21 16:33:41.883357200+00:00,46.8367,22.9358,0.0,1,-17.8,0.273,125.49293254164584
2026-09-21 16:33:41.883746200+00:00,46.8413,22.9282,0.0,1,-19.3,0.22,124.72213056098367
2026-09-21 16:33:41.884118600+00:00,46.8457,22.9262,0.0,1,-14.9,0.268,124.29906548032181
2026-09-21 16:33:41.884942700+00:00,46.8483,22.9207,0.0,1,-6.9,0.211,123.79164016655825
2026-09-21 16:34:57.828018800+00:00,46.8508,22.9655,0.0,1,-12.1,0.363,126.31249803676036
2026-09-21 16:34:57.828433500+00:00,46.8534,22.9781,9.5,2,-30.7,0.168,126.90188252350129
2026-09-21 16:34:57.829240400+00:00,46.8549,22.9473,0.0,1,-8.5,0.546,124.93623302881085
2026-09-21 16:35:39.115020600+00:00,46.8432,22.945,0.0,1,-33.9,0.276,125.59488543910308
2026-09-21 16:45:46.938257500+00:00,46.8441,22.9187,0.0,1,-17.4,0.303,123.96284783050822
2026-09-21 16:45:46.938858+00:00,46.8074,23.0278,0.0,1,-6.7,0.163,133.01116470627684
2026-09-21 16:45:47.030469600+00:00,46.8433,22.92,0.0,1,-10.7,0.22,124.0956099498464
2026-09-21 16:45:47.031281400+00:00,46.8263,23.0602,0.0,1,-13.3,0.283,133.70981419255716
2026-09-21 16:47:43.001403200+00:00,46.8605,22.9133,0.0,1,9.2,0.204,122.51095305580378
2026-09-21 16:47:43.150387300+00:00,46.8255,22.9448,0.0,1,-6.7,0.244,126.80507649446889
2026-09-21 16:47:43.507811300+00:00,46.8443,22.9779,0.0,1,-19.7,0.277,127.50064329856853
2026-09-21 16:47:43.553183+00:00,46.806,22.9834,0.0,1,-11.8,0.323,130.45310385435062
2026-09-21 16:47:43.880906100+00:00,46.7462,23.0428,0.0,1,-16.7,0.52,138.1618662518624
