time,latitude,longitude,height_km,event_type,peak_current_ka,location_error,distance_km
2026-08-02 11:33:23.212939200+00:00,48.0829,20.443,0.0,1,-4.7,0.078,107.61060959640652
2026-08-02 11:33:23.214052700+00:00,48.0813,20.4526,0.0,1,-19.0,0.07,106.92148561126034
2026-08-02 11:33:23.227136800+00:00,48.08,20.4535,0.0,1,-6.1,0.067,106.78463975899568
2026-08-02 11:33:23.239597800+00:00,48.0802,20.4559,0.0,1,-6.4,0.077,106.65013383347288
2026-08-02 11:37:21.686015+00:00,48.0847,20.4554,0.0,1,30.7,0.082,106.96455203573676
2026-08-02 11:37:21.698555300+00:00,48.0831,20.4585,9.6,2,-14.5,0.092,106.67396067324457
2026-08-02 11:42:13.488166500+00:00,48.0929,20.4399,0.0,1,10.5,0.097,108.43010298988479
2026-08-02 11:42:13.493678600+00:00,48.0961,20.4408,0.0,1,-6.2,0.086,108.57822305945528
2026-08-02 11:45:45.256663100+00:00,48.1031,20.4386,0.0,1,7.1,0.057,109.15867517751036
2026-08-02 11:48:17.078340900+00:00,48.0872,20.3848,0.0,1,-4.1,0.068,111.47132032827085
2026-08-02 11:48:17.375282600+00:00,48.0949,20.3783,0.0,1,3.5,0.101,112.34496146756277
2026-08-02 11:51:46.534478600+00:00,48.0733,20.3744,0.0,1,-8.6,0.052,111.28498509885885
2026-08-02 11:51:46.534694400+00:00,48.0736,20.3739,0.0,1,-16.6,0.07,111.33421169181842
2026-08-02 11:51:46.535111200+00:00,48.0711,20.3777,0.0,1,-9.6,0.092,110.94703756326301
2026-08-02 11:51:46.535775800+00:00,48.0674,20.3887,0.0,1,-3.2,0.087,110.03631470333345
2026-08-02 11:51:46.554292200+00:00,48.0785,20.374,0.0,1,-3.3,0.32,111.6201039563107
2026-08-02 11:51:46.557262700+00:00,48.0656,20.3669,0.0,1,-4.4,0.062,111.30319073088384
2026-08-02 11:51:46.714075600+00:00,48.0749,20.3738,0.0,1,-4.0,0.085,111.41781226771853
2026-08-02 11:53:09.819845400+00:00,48.0695,20.3716,0.0,1,3.0,0.087,111.23601485659363
2026-08-02 11:53:09.822011500+00:00,48.0729,20.3732,4.7,2,3.5,0.05,111.3366081151149
2026-08-02 11:53:09.822741100+00:00,48.0719,20.3699,7.3,2,4.9,0.028,111.48483234525042
2026-08-02 11:53:29.386396800+00:00,48.0614,20.3664,0.0,1,-10.1,0.085,111.0896557199602
2026-08-02 11:53:29.387102+00:00,48.0646,20.3696,0.0,1,-5.9,0.052,111.07407135442395
2026-08-02 11:55:04.137242500+00:00,48.065,20.3699,0.0,1,36.9,0.075,111.0785563234909
2026-08-02 11:55:04.137622+00:00,48.0652,20.3702,0.0,1,-20.8,0.078,111.07133598446924
2026-08-02 11:55:04.138038700+00:00,48.0686,20.3678,0.0,1,-9.3,0.07,111.42244071133307
2026-08-02 11:55:04.151743500+00:00,48.0731,20.3759,0.0,1,-4.6,0.079,111.17890979076326
2026-08-02 11:55:04.152323400+00:00,48.0639,20.3682,0.0,1,-4.1,0.098,111.12158342198437
2026-08-02 11:55:04.160133700+00:00,48.0644,20.3665,0.0,1,-3.0,0.093,111.25827703514705
2026-08-02 11:55:04.167174200+00:00,48.0615,20.3695,0.0,1,-4.8,0.09,110.89924481557007
2026-08-02 11:55:04.175641800+00:00,48.0872,20.3944,0.0,1,-6.3,0.063,110.8753265233837
2026-08-02 11:55:25.527847+00:00,48.086,20.4353,0.0,1,3.9,0.039,108.27738171080284
2026-08-02 11:57:03.180040400+00:00,48.0868,20.4367,0.0,1,-4.2,0.064,108.24159509801981
2026-08-02 11:57:03.187729800+00:00,48.0872,20.4346,0.0,1,-2.9,0.086,108.39550273281957
2026-08-02 11:57:03.259939500+00:00,48.0744,20.3955,0.0,1,-5.3,0.07,110.02946300299347
2026-08-02 11:57:03.269271700+00:00,48.0779,20.3841,0.0,1,-6.0,0.087,110.95227211761663
2026-08-02 11:57:03.269973400+00:00,48.0766,20.3769,0.0,1,-3.4,0.066,111.32484864586742
2026-08-02 11:57:03.282483900+00:00,48.106,20.3942,0.0,1,-6.7,0.068,112.05206340917593
2026-08-02 11:57:57.323600200+00:00,48.0712,20.2141,0.0,1,-3.1,0.053,121.4107867990163
2026-08-02 11:57:57.344432300+00:00,48.0724,20.216,0.0,1,-4.8,0.095,121.35244465050984
2026-08-02 11:57:57.346034600+00:00,48.0725,20.2109,0.0,1,-7.4,0.075,121.68883561014735
2026-08-02 11:58:37.702862700+00:00,48.0797,20.3833,0.0,1,-8.5,0.07,111.1105755632915
2026-08-02 11:58:37.704735200+00:00,48.0837,20.39,0.0,1,-3.7,0.057,110.93507551137183
2026-08-02 11:58:37.711380500+00:00,48.0777,20.3804,0.0,1,-4.5,0.078,111.17160533812655
2026-08-02 11:58:37.757102900+00:00,48.098,20.3982,0.0,1,-12.4,0.077,111.30691348710731
2026-08-02 11:59:05.713748200+00:00,48.0724,20.2081,0.0,1,-4.5,0.121,121.86527018730756
2026-08-02 11:59:19.886369800+00:00,48.0903,20.4383,0.0,1,6.9,0.077,108.36364885805003
2026-08-02 11:59:19.975465100+00:00,48.1056,20.3966,0.0,1,-11.2,0.057,111.87979578806014
2026-08-02 12:00:51.638287700+00:00,48.0741,20.2108,0.0,1,-7.1,0.108,121.78193071007726
2026-08-02 12:01:28.992920800+00:00,48.0838,20.3868,3.4,2,3.7,0.036,111.14026257330268
2026-08-02 12:01:28.994031500+00:00,48.0843,20.3872,6.9,2,10.0,0.045,111.14572410518544
2026-08-02 12:01:29.011100800+00:00,48.0817,20.3861,4.8,2,4.6,0.029,111.05662691455535
2026-08-02 12:01:52.542953900+00:00,48.0872,20.4141,0.0,1,-3.3,0.082,109.65682898230445
2026-08-02 12:01:52.554434+00:00,48.084,20.4173,0.0,1,-7.9,0.081,109.26136900000814
2026-08-02 12:01:52.688535500+00:00,48.0847,20.4267,0.0,1,-8.4,0.066,108.72505662636094
2026-08-02 12:02:41.568095200+00:00,48.0749,20.2211,0.0,1,-2.7,0.112,121.15791687593317
2026-08-02 12:03:22.883599900+00:00,48.0788,20.3736,4.8,2,3.4,0.06,111.66310019533167
2026-08-02 12:03:22.885131200+00:00,48.0794,20.3778,5.9,2,-10.8,0.04,111.4362290812477
2026-08-02 12:03:22.893001800+00:00,48.0749,20.3768,0.0,1,5.9,0.086,111.22962219534176
2026-08-02 12:03:22.898876100+00:00,48.0828,20.3695,6.7,2,4.7,0.061,112.15934292806284
2026-08-02 12:03:45.329925900+00:00,48.0733,20.3633,0.0,1,19.9,0.081,111.98295175522517
2026-08-02 12:03:45.345531500+00:00,48.072,20.3613,0.0,1,-8.1,0.104,112.03230656588255
2026-08-02 12:03:45.470553500+00:00,48.0828,20.3212,0.0,1,-6.7,0.068,115.19695716025
2026-08-02 12:04:48.315958600+00:00,48.0785,20.3778,0.0,1,-4.4,0.103,111.38223988037309
2026-08-02 12:04:48.403810200+00:00,48.103,20.4017,0.0,1,7.9,0.084,111.40402999676095
2026-08-02 12:04:48.458630100+00:00,48.1063,20.4225,0.0,1,-4.2,0.082,110.34168827409802
2026-08-02 12:06:09.908557200+00:00,48.0767,20.3714,0.0,1,-9.8,0.071,111.67559027033823
2026-08-02 12:07:15.109746500+00:00,48.0566,20.3792,0.0,1,-23.2,0.069,109.99973387153386
2026-08-02 12:08:32.961936200+00:00,48.0857,20.3798,0.0,1,-2.8,0.126,111.6913293345681
2026-08-02 12:08:32.971937900+00:00,48.0866,20.3802,0.0,1,6.1,0.07,111.72098780649614
2026-08-02 12:08:32.985183400+00:00,48.0772,20.3883,0.0,1,-4.9,0.073,110.64775832726629
2026-08-02 12:08:32.985661100+00:00,48.0783,20.3879,0.0,1,-3.2,0.062,110.73901374174758
2026-08-02 12:08:32.990896900+00:00,48.0782,20.3829,0.0,1,-68.5,0.077,111.04530445153097
2026-08-02 12:08:33.012536800+00:00,48.0836,20.387,0.0,1,2.9,0.073,111.11567716702896
2026-08-02 12:10:34.584470500+00:00,48.0868,20.3893,0.0,1,3.5,0.088,111.16736215124223
2026-08-02 12:10:34.590367800+00:00,48.0812,20.3971,0.0,1,-73.1,0.079,110.34148899456059
2026-08-02 12:10:34.596575400+00:00,48.087,20.3909,0.0,1,-5.5,0.079,111.08023343812637
2026-08-02 12:10:34.609381300+00:00,48.0816,20.3969,0.0,1,-43.9,0.1,110.37826614776584
2026-08-02 12:10:34.630673200+00:00,48.0799,20.3979,0.0,1,-40.9,0.093,110.21268300925371
2026-08-02 12:10:34.703901200+00:00,48.1003,20.3658,0.0,1,-6.0,0.108,113.45047618191138
2026-08-02 12:10:34.739958900+00:00,48.0757,20.4217,0.0,1,-4.5,0.071,108.47834043038037
2026-08-02 12:10:34.744935200+00:00,48.0722,20.3876,0.0,1,-3.4,0.03,110.39150321025632
2026-08-02 12:12:43.716867+00:00,48.0749,20.3974,0.0,1,3.6,0.096,109.94101469640289
2026-08-02 12:12:43.720104200+00:00,48.074,20.3971,6.6,2,3.2,0.055,109.90545464180761
2026-08-02 12:12:43.727384100+00:00,48.0781,20.3963,0.0,1,-5.5,0.081,110.20308637720629
2026-08-02 12:12:43.728752+00:00,48.0769,20.3923,0.0,1,6.1,0.071,110.37995486235128
2026-08-02 12:12:43.766545800+00:00,48.0821,20.4397,4.5,2,-5.0,0.036,107.76325365673142
2026-08-02 12:12:43.779962300+00:00,48.0919,20.3856,0.0,1,2.9,0.087,111.70871454945802
2026-08-02 12:14:35.110644100+00:00,48.0868,20.3311,0.0,1,4.0,0.076,114.80703881485624
2026-08-02 12:14:35.112868800+00:00,48.0847,20.3312,0.0,1,3.5,0.055,114.67700249049547
2026-08-02 12:14:35.121667700+00:00,48.0883,20.3261,0.0,1,3.6,0.089,115.21034961649005
2026-08-02 12:14:35.223456200+00:00,48.1081,20.2806,0.0,1,-3.9,0.1,119.24256934430797
2026-08-02 12:16:39.011265400+00:00,48.1458,20.2241,0.0,1,-12.9,0.089,125.02733114916482
2026-08-02 12:16:39.159463400+00:00,48.0755,20.2974,0.0,1,6.5,0.074,116.28742967181563
2026-08-02 12:16:39.159970100+00:00,48.0877,20.2627,0.0,1,7.2,0.112,119.19624297048207
2026-08-02 12:17:31.144742100+00:00,48.0932,20.3225,4.1,2,6.3,0.024,115.72635600444282
2026-08-02 12:17:31.152044+00:00,48.0905,20.3253,0.0,1,2.8,0.124,115.3905557597061
2026-08-02 12:17:31.168339800+00:00,48.0901,20.3351,0.0,1,-7.3,0.102,114.7508849186943
2026-08-02 12:18:27.154722700+00:00,48.0904,20.3065,0.0,1,-6.9,0.057,116.5699964072081
2026-08-02 12:18:27.293305700+00:00,48.0957,20.3301,0.0,1,-5.7,0.085,115.39787403311698
2026-08-02 12:18:27.481339700+00:00,48.0908,20.3038,0.0,1,-5.1,0.047,116.76398590522787
2026-08-02 12:19:56.230875600+00:00,48.107,20.2669,0.0,1,4.1,0.073,120.04196163411943
2026-08-02 12:21:45.752289200+00:00,48.0886,20.2482,0.0,1,-2.8,0.057,120.17400661287733
2026-08-02 12:21:45.752919900+00:00,48.0893,20.243,0.0,1,-3.7,0.094,120.54635201784029
2026-08-02 12:26:00.460652600+00:00,48.096,20.2943,0.0,1,4.0,0.089,117.66813783040837
2026-08-02 12:26:00.465481900+00:00,48.0933,20.299,0.0,1,3.6,0.129,117.2133706905756
2026-08-02 12:26:00.470859700+00:00,48.0929,20.297,0.0,1,3.0,0.063,117.31642686005748
2026-08-02 12:26:00.499807600+00:00,48.0811,20.3713,0.0,1,-4.6,0.113,111.94479716765497
2026-08-02 12:26:00.667528200+00:00,48.034,20.2698,0.0,1,-22.3,0.098,115.79232139498629
2026-08-02 12:28:56.643531700+00:00,48.1439,19.9431,0.0,1,2.5,0.077,142.95406992477413
2026-08-02 12:30:17.738564100+00:00,48.1435,19.9518,0.0,1,-15.9,0.059,142.36264493914695
2026-08-02 12:32:48.862205200+00:00,48.1371,19.9431,0.0,1,7.3,0.1,142.60281643428482
2026-08-02 12:32:48.862822900+00:00,48.1356,19.9431,0.0,1,-8.0,0.058,142.52575746547765
2026-08-02 12:32:48.881159100+00:00,48.1401,19.943,0.0,1,-3.5,0.087,142.76396604811808
2026-08-02 12:32:48.894710100+00:00,48.1489,19.939,0.0,1,-4.3,0.046,143.4829575785161
2026-08-02 12:32:48.904136+00:00,48.1528,19.9392,0.0,1,-7.0,0.096,143.67364838373712
2026-08-02 12:35:57.702489800+00:00,48.1465,19.9758,0.0,1,10.3,0.104,140.95026921645507
2026-08-02 12:35:57.703003400+00:00,48.1481,19.982,0.0,1,-9.7,0.082,140.6308016246489
2026-08-02 12:35:57.923094500+00:00,48.1459,19.9709,0.0,1,-7.6,0.119,141.23851172708365
2026-08-02 12:38:18.973301700+00:00,48.1518,19.9776,0.0,1,-6.5,0.07,141.11434480961466
2026-08-02 12:38:19.043227+00:00,48.1559,19.9309,0.0,1,-10.7,0.045,144.37913779184862
2026-08-02 12:38:59.053955200+00:00,48.1608,19.965,3.7,2,5.2,0.006,142.41492484094692
2026-08-02 12:38:59.058963700+00:00,48.1557,19.9652,0.0,1,4.3,0.075,142.12952674957916
2026-08-02 12:39:16.411778100+00:00,48.0984,20.3543,0.0,1,9.1,0.071,114.04894157943754
2026-08-02 12:39:49.622143800+00:00,48.1591,19.9708,0.0,1,4.7,0.07,141.94687960808275
2026-08-02 12:41:00.610771100+00:00,48.1554,19.9695,0.0,1,7.0,0.166,141.8335806722913
2026-08-02 12:41:00.631403100+00:00,48.1559,19.979,0.0,1,6.3,0.167,141.24244083178868
2026-08-02 12:42:20.107793600+00:00,48.1055,20.3489,0.0,1,-4.3,0.092,114.81662414579976
2026-08-02 12:42:20.118075+00:00,48.1028,20.3524,0.0,1,-5.2,0.077,114.43464487954134
2026-08-02 12:42:38.964916200+00:00,48.1571,19.9637,0.0,1,-12.6,0.069,142.3017714085215
2026-08-02 12:42:38.966531100+00:00,48.1556,19.9748,0.0,1,-11.4,0.073,141.4994268563441
2026-08-02 12:42:38.967102200+00:00,48.1665,19.958,0.0,1,-11.6,0.083,143.17555794362923
2026-08-02 12:42:38.968910800+00:00,48.1548,19.9758,0.0,1,-6.0,0.058,141.39161152090395
2026-08-02 12:42:38.971109800+00:00,48.1553,19.9717,0.0,1,-4.0,0.091,141.68506530529882
2026-08-02 12:42:38.977902+00:00,48.158,19.9562,0.0,1,-4.7,0.066,142.83811473838696
2026-08-02 12:44:16.304684500+00:00,48.1539,19.967,0.0,1,-14.9,0.085,141.91651162891492
2026-08-02 12:44:16.311705200+00:00,48.1575,19.9723,5.2,2,2.8,0.074,141.7636588645557
2026-08-02 12:44:16.314194500+00:00,48.1529,19.9678,0.0,1,-12.9,0.072,141.81123910613434
2026-08-02 12:46:59.472508900+00:00,48.1643,19.9822,0.0,1,-14.4,0.092,141.4879171371006
2026-08-02 12:46:59.481290900+00:00,48.1648,19.9745,0.0,1,-31.8,0.045,142.0137288898245
2026-08-02 12:46:59.491231800+00:00,48.1572,19.969,0.0,1,19.2,0.069,141.96220925043679
2026-08-02 12:46:59.496960800+00:00,48.1588,19.9748,0.0,1,-4.5,0.045,141.67091122698056
2026-08-02 12:46:59.501010600+00:00,48.1569,19.95,0.0,1,-4.1,0.076,143.18394364267496
2026-08-02 12:46:59.502528100+00:00,48.154,19.9695,0.0,1,-5.3,0.08,141.7589824836982
2026-08-02 12:47:47.857489500+00:00,48.1869,19.9206,0.0,1,-3.8,0.065,146.70113656219124
2026-08-02 12:47:47.959191700+00:00,48.1947,19.9289,0.0,1,-14.0,0.036,146.59005777321352
2026-08-02 12:47:47.994973500+00:00,48.1944,19.9288,0.0,1,-7.1,0.049,146.5800491006087
2026-08-02 12:49:08.068046300+00:00,48.1998,20.0013,0.0,1,-15.2,0.144,142.23856569410088
2026-08-02 12:49:08.070691200+00:00,48.1688,19.9874,4.2,2,6.1,0.044,141.39684155062085
2026-08-02 12:49:08.072294400+00:00,48.1682,19.9885,9.1,2,4.0,0.054,141.2930008404778
2026-08-02 12:49:13.103633700+00:00,48.1915,19.8935,0.0,1,-4.9,0.072,148.70587004712894
2026-08-02 12:50:27.552143200+00:00,48.1854,19.8906,0.0,1,-15.4,0.06,148.56766980982255
2026-08-02 12:50:27.618300800+00:00,48.184,19.8948,0.0,1,-4.1,0.102,148.21977933813218
2026-08-02 12:50:27.684992300+00:00,48.1889,19.9054,0.0,1,-13.4,0.058,147.79404850813506
2026-08-02 12:51:22.754985500+00:00,48.2061,19.9612,0.0,1,6.9,0.076,145.15176785133968
2026-08-02 12:51:22.757858600+00:00,48.2089,19.9638,0.0,1,-5.8,0.061,145.14418527302027
2026-08-02 12:52:43.435972400+00:00,48.2018,19.955,0.0,1,-4.3,0.062,145.3065564534292
2026-08-02 12:52:43.436802400+00:00,48.202,19.9564,0.0,1,-3.7,0.06,145.2281261765968
2026-08-02 12:52:43.577025300+00:00,48.1755,19.9791,0.0,1,-6.3,0.064,142.29956548224214
2026-08-02 12:54:17.387102700+00:00,48.1802,19.9878,0.0,1,4.1,0.138,141.9988919056334
2026-08-02 12:54:20.551853600+00:00,48.1268,20.0928,0.0,1,-5.4,0.062,132.29139839365078
2026-08-02 12:54:20.552425600+00:00,48.1281,20.0914,0.0,1,5.9,0.105,132.4529688008156
2026-08-02 12:54:20.566753400+00:00,48.1285,20.0977,0.0,1,-4.6,0.074,132.0680972499284
2026-08-02 12:54:47.438646700+00:00,48.1424,19.8745,0.0,1,-33.7,0.029,147.4007515368259
2026-08-02 12:54:47.541914300+00:00,48.1419,19.8754,0.0,1,-7.8,0.046,147.31608462923765
2026-08-02 12:55:12.146655+00:00,48.1684,19.926,0.0,1,2.4,0.1,145.35832221727532
2026-08-02 12:55:12.147148700+00:00,48.1845,19.9231,0.0,1,2.6,0.127,146.409357926613
2026-08-02 12:55:12.270975600+00:00,48.1626,19.9234,6.3,2,2.9,0.098,145.2213395056192
2026-08-02 12:55:12.286734800+00:00,48.1731,19.9253,0.0,1,3.9,0.077,145.65409993113943
2026-08-02 12:55:20.563455600+00:00,48.1917,19.9348,0.0,1,-4.9,0.046,146.0450854103376
2026-08-02 12:55:20.895376400+00:00,48.179,19.9695,0.0,1,-3.2,0.056,143.11072554099982
2026-08-02 12:55:35.011865500+00:00,48.1942,19.9535,0.0,1,-4.3,0.155,144.97925414710943
2026-08-02 12:56:32.695830+00:00,48.1777,19.9196,9.6,2,2.9,0.084,146.270616194071
2026-08-02 12:57:25.829567600+00:00,48.1819,19.9291,0.0,1,4.5,0.088,145.8800780075788
2026-08-02 12:57:25.846202800+00:00,48.1843,19.9272,0.0,1,4.8,0.072,146.1329883846936
2026-08-02 12:57:59.650948400+00:00,48.1809,19.9382,0.0,1,6.5,0.039,145.2365978328162
2026-08-02 12:57:59.651906700+00:00,48.1884,19.9413,0.0,1,-5.6,0.088,145.44498235116512
2026-08-02 12:57:59.674912800+00:00,48.1984,19.9338,0.0,1,-6.7,0.078,146.4781606550814
2026-08-02 12:59:22.476236500+00:00,48.1952,19.9337,0.0,1,-6.2,0.069,146.30820662319226
2026-08-02 13:00:05.769096300+00:00,48.2113,19.9222,0.0,1,-14.6,0.06,147.9389028347207
2026-08-02 13:00:05.849052800+00:00,48.2104,19.927,0.0,1,-7.4,0.086,147.58101022361484
2026-08-02 13:00:47.958817300+00:00,48.1885,19.9567,6.6,2,10.0,0.045,144.45815559414345
2026-08-02 13:01:11.940726+00:00,48.2297,19.9204,0.0,1,-16.5,0.079,149.08968270810095
2026-08-02 13:01:12.205242800+00:00,48.2287,19.9212,0.0,1,-4.7,0.086,148.9819277138832
2026-08-02 13:01:24.478872300+00:00,48.2304,19.9279,0.0,1,-11.8,0.068,148.65241954560108
2026-08-02 13:01:46.393996+00:00,48.2268,19.9134,4.7,2,8.3,0.057,149.37152806315495
2026-08-02 13:01:46.567464500+00:00,48.2267,19.9108,9.1,2,2.7,0.074,149.5318225733012
2026-08-02 13:02:04.049112800+00:00,48.2212,19.9196,6.9,2,2.6,0.042,148.65989709386668
2026-08-02 13:02:24.477524200+00:00,48.2089,19.9165,0.0,1,-3.9,0.092,148.17125960642522
2026-08-02 13:02:31.383976800+00:00,48.1644,20.0341,0.0,1,-5.1,0.089,138.14695413604775
2026-08-02 13:02:31.385632900+00:00,48.1589,20.0349,0.0,1,-4.0,0.065,137.79045223545043
2026-08-02 13:02:31.577486400+00:00,48.1544,20.0107,0.0,1,-7.4,0.076,139.10558665115207
2026-08-02 13:02:31.716399600+00:00,48.1559,20.0096,0.0,1,-7.6,0.048,139.2583275527979
2026-08-02 13:02:37.541190+00:00,48.2229,19.9396,0.0,1,-8.6,0.074,147.480782994103
2026-08-02 13:02:46.243104900+00:00,48.2068,19.9234,0.0,1,-5.3,0.097,147.6116228505227
2026-08-02 13:02:46.316037100+00:00,48.206,19.9754,0.0,1,-3.8,0.076,144.24034068458081
2026-08-02 13:03:17.931958600+00:00,48.2114,19.9603,0.0,1,6.0,0.103,145.50903313308262
2026-08-02 13:03:26.447985200+00:00,48.2251,19.9126,0.0,1,2.4,0.11,149.3266836958398
2026-08-02 13:03:30.386176100+00:00,48.1641,20.0362,0.0,1,4.5,0.069,137.99542352586454
2026-08-02 13:03:30.409991200+00:00,48.156,20.0465,0.0,1,2.4,0.099,136.88366982208206
2026-08-02 13:03:46.976795900+00:00,48.216,19.9331,0.0,1,4.2,0.093,147.50462717338482
2026-08-02 13:04:29.262675600+00:00,48.2091,19.9519,0.0,1,5.2,0.088,145.91490886121574
2026-08-02 13:05:22.524447+00:00,48.1566,20.0102,0.0,1,7.8,0.1,139.25763189185534
2026-08-02 13:05:22.528694700+00:00,48.1556,20.0095,5.4,2,5.5,0.046,139.24847656289387
2026-08-02 13:05:22.542559400+00:00,48.1575,20.0096,0.0,1,7.1,0.114,139.3454748318877
2026-08-02 13:05:22.552977700+00:00,48.1605,20.0068,0.0,1,4.3,0.098,139.69017120986544
2026-08-02 13:05:22.786060400+00:00,48.1697,19.9763,8.3,2,2.7,0.025,142.16316245332263
2026-08-02 13:05:24.833511800+00:00,48.2371,19.9612,7.3,2,3.3,0.062,146.93081471045238
2026-08-02 13:05:36.083304100+00:00,48.235,19.92,0.0,1,-6.4,0.14,149.4171892776734
2026-08-02 13:05:55.184804300+00:00,48.2388,19.9643,0.0,1,-15.2,0.066,146.8348348667249
2026-08-02 13:06:02.820770600+00:00,48.1643,20.0029,0.0,1,3.0,0.09,140.149927853287
2026-08-02 13:06:44.653954200+00:00,48.2219,19.9244,0.0,1,4.1,0.062,148.39285082382258
2026-08-02 13:07:03.679709500+00:00,48.2487,19.9478,0.0,1,2.7,0.094,148.45342615475707
2026-08-02 13:07:12.472480700+00:00,48.222,19.9398,0.0,1,-3.5,0.031,147.41685513869774
2026-08-02 13:07:12.578997600+00:00,48.2083,19.9148,0.0,1,5.0,0.111,148.24723474437837
2026-08-02 13:07:26.609861100+00:00,48.2489,19.9362,0.0,1,-5.7,0.073,149.19532834400692
2026-08-02 13:07:32.145489800+00:00,48.2363,19.9264,0.0,1,5.3,0.102,149.08534567754933
2026-08-02 13:08:23.457302200+00:00,48.2374,19.9209,0.0,1,4.5,0.095,149.49740466276634
2026-08-02 13:08:23.462102700+00:00,48.2415,19.9224,4.1,2,3.0,0.046,149.63789797831834
2026-08-02 13:08:23.876242200+00:00,48.1951,19.9651,0.0,1,4.4,0.077,144.28490189813144
2026-08-02 13:08:38.052473700+00:00,48.244,19.9262,5.4,2,4.1,0.07,149.5417192819398
2026-08-02 13:08:38.329458900+00:00,48.2032,19.9325,0.0,1,5.5,0.104,146.8274515769074
2026-08-02 13:08:53.196422+00:00,48.2333,19.922,0.0,1,3.3,0.101,149.1929887967302
2026-08-02 13:09:09.420456800+00:00,48.2335,19.927,6.0,2,4.7,0.021,148.88678136482673
2026-08-02 13:09:57.870568100+00:00,48.2189,19.9106,0.0,1,5.4,0.042,149.1065132793764
2026-08-02 13:10:13.909987800+00:00,48.218,19.9391,0.0,1,-4.4,0.094,147.2345501539504
2026-08-02 13:11:06.744360800+00:00,48.1698,20.0088,0.0,1,10.1,0.103,140.07261594855117
2026-08-02 13:11:06.760342200+00:00,48.1664,20.0094,0.0,1,12.2,0.084,139.84625377344437
2026-08-02 13:11:06.783637+00:00,48.1623,20.0134,0.0,1,4.8,0.082,139.3628455332404
2026-08-02 13:11:10.560788700+00:00,48.2256,19.922,6.3,2,5.4,0.068,148.75514955871594
2026-08-02 13:11:10.592202200+00:00,48.232,19.925,0.0,1,3.6,0.098,148.9280904661109
2026-08-02 13:12:34.911606800+00:00,48.2277,19.9265,0.0,1,7.8,0.11,148.58765507583476
2026-08-02 13:12:34.936673700+00:00,48.2289,19.9326,0.0,1,4.4,0.087,148.26803249866143
2026-08-02 13:13:47.645595900+00:00,48.2328,19.9227,0.0,1,-14.9,0.1,149.1199516571837
2026-08-02 13:14:32.114726100+00:00,48.2392,19.9443,0.0,1,2.8,0.087,148.11956863354732
2026-08-02 13:14:32.210758600+00:00,48.2274,19.9451,5.2,2,3.6,0.043,147.38826269057964
2026-08-02 13:14:32.293213700+00:00,48.2344,19.9456,4.9,2,-3.4,0.013,147.75943996742583
2026-08-02 13:16:46.440141100+00:00,48.2356,19.9303,0.0,1,3.1,0.086,148.79779948049466
2026-08-02 13:17:25.611611+00:00,48.235,19.9456,0.0,1,6.7,0.099,147.7941148226874
2026-08-02 13:17:25.988632100+00:00,48.2317,19.9257,5.0,2,-3.6,0.055,148.8664705137992
2026-08-02 13:17:26.004342500+00:00,48.2291,19.935,0.0,1,3.5,0.094,148.12694986169964
2026-08-02 13:18:27.777519+00:00,48.2323,19.9222,5.3,2,5.0,0.064,149.1232053220802
2026-08-02 13:19:24.379858300+00:00,48.2316,19.946,0.0,1,3.6,0.086,147.57257327871167
2026-08-02 13:19:44.805519+00:00,48.1956,20.0058,0.0,1,-4.4,0.076,141.71277861598404
2026-08-02 13:21:45.469768+00:00,48.2431,19.9392,0.0,1,21.5,0.08,148.6681549034597
2026-08-02 13:21:45.483438+00:00,48.2423,19.9382,0.0,1,3.3,0.074,148.6848172017319
2026-08-02 13:21:45.495234+00:00,48.2332,19.9389,0.0,1,7.8,0.121,148.11460012328286
2026-08-02 13:21:45.801473600+00:00,48.1921,19.9822,0.0,1,-4.0,0.072,143.0216685027432
2026-08-02 13:21:45.812299400+00:00,48.1895,19.9738,0.0,1,3.8,0.071,143.41470457025338
2026-08-02 13:22:27.043561700+00:00,48.2467,19.9226,0.0,1,3.9,0.098,149.9256231707479
2026-08-02 13:22:27.212628600+00:00,48.1886,19.9795,7.7,2,3.2,0.063,142.99890839496078
2026-08-02 13:23:08.999446300+00:00,48.253,20.014,0.0,1,-13.9,0.046,144.5751346533493
2026-08-02 13:23:09.083973200+00:00,48.2029,19.9955,0.0,1,-10.1,0.07,142.7844271898021
2026-08-02 13:23:33.918817500+00:00,48.2149,19.8934,0.0,1,3.3,0.104,149.98790495617692
2026-08-02 13:24:36.025369+00:00,48.2338,19.9708,0.0,1,-77.1,0.05,146.13302164575373
2026-08-02 13:24:36.039312600+00:00,48.2343,19.9718,0.0,1,-16.8,0.08,146.09921624567426
2026-08-02 13:24:36.042100200+00:00,48.2252,19.9336,0.0,1,23.0,0.089,147.9935313920768
2026-08-02 13:24:36.043033100+00:00,48.2249,19.9321,0.0,1,-3.1,0.06,148.0719561953271
2026-08-02 13:24:36.053658800+00:00,48.2341,19.9719,0.0,1,-30.1,0.056,146.0812256967659
2026-08-02 13:24:36.068993700+00:00,48.2335,19.9351,0.0,1,-5.8,0.075,148.37276859688694
2026-08-02 13:25:36.503672700+00:00,48.2413,19.9325,0.0,1,-10.9,0.121,148.9870977281765
2026-08-02 13:25:36.505854400+00:00,48.2415,19.9296,4.4,2,-15.8,0.049,149.18210177138747
2026-08-02 13:25:36.508350800+00:00,48.2423,19.9307,5.5,2,9.9,0.028,149.15878846397987
2026-08-02 13:25:36.513010100+00:00,48.2357,19.9347,0.0,1,7.0,0.092,148.524643051284
2026-08-02 13:25:36.525793400+00:00,48.238,19.9378,0.0,1,7.4,0.09,148.46102158906209
2026-08-02 13:25:36.540673500+00:00,48.2386,19.9357,0.0,1,6.9,0.077,148.62856879628828
2026-08-02 13:25:36.548818+00:00,48.239,19.9336,0.0,1,5.7,0.082,148.7845691866494
2026-08-02 13:26:30.374992300+00:00,48.2424,19.9389,0.0,1,5.5,0.09,148.64641834450927
2026-08-02 13:26:30.377977300+00:00,48.2441,19.9439,6.7,2,3.3,0.067,148.42987040892302
2026-08-02 13:27:18.426487800+00:00,48.25,19.9591,0.0,1,3.4,0.089,147.82022719759254
2026-08-02 13:28:13.255338300+00:00,48.27,19.9507,0.0,1,3.6,0.111,149.53646190707354
2026-08-02 13:28:13.275751300+00:00,48.2647,19.9559,0.0,1,5.2,0.098,148.89457043525235
2026-08-02 13:28:13.298553400+00:00,48.2575,19.9586,0.0,1,3.8,0.083,148.29620802076886
2026-08-02 13:28:13.596529800+00:00,48.2339,19.93,0.0,1,-3.1,0.091,148.71925833565913
2026-08-02 13:28:35.410762100+00:00,48.2161,20.0359,0.0,1,6.3,0.071,140.99842974613986
2026-08-02 13:28:35.411075100+00:00,48.2156,20.0358,0.0,1,10.3,0.067,140.97519089234814
2026-08-02 13:28:35.471810600+00:00,48.217,20.0113,0.0,1,-9.1,0.035,142.5988250876033
2026-08-02 13:28:35.754850600+00:00,48.2184,20.0127,0.0,1,-38.1,0.047,142.59251601178605
2026-08-02 13:28:35.801687800+00:00,48.2182,20.0132,0.0,1,-6.0,0.053,142.54931319019303
2026-08-02 13:28:35.967040900+00:00,48.2178,20.0132,0.0,1,-7.9,0.044,142.5258924684712
2026-08-02 13:28:55.391297500+00:00,48.2656,19.9501,0.0,1,3.6,0.094,149.3103222090627
2026-08-02 13:28:55.395163200+00:00,48.2654,19.9526,5.3,2,3.1,0.076,149.14234078900142
2026-08-02 13:29:19.174275200+00:00,48.2568,19.957,6.3,2,2.4,0.048,148.3546747605216
2026-08-02 13:29:19.175544900+00:00,48.2556,19.9582,5.1,2,3.0,0.016,148.2082912811696
2026-08-02 13:29:19.494169900+00:00,48.2542,19.9564,0.0,1,-4.3,0.101,148.23796734449343
2026-08-02 13:29:38.878948300+00:00,48.2588,19.9363,0.0,1,5.5,0.071,149.77021226783913
2026-08-02 13:30:06.328687300+00:00,48.2545,19.9566,0.0,1,4.7,0.054,148.243217139821
2026-08-02 13:30:06.331734600+00:00,48.2583,19.9556,5.5,2,5.3,0.019,148.53143542784375
2026-08-02 13:30:06.363888100+00:00,48.259,19.9548,0.0,1,9.9,0.08,148.62311184167598
2026-08-02 13:30:06.366091200+00:00,48.2542,19.9585,0.0,1,3.9,0.126,148.10642643404515
2026-08-02 13:30:06.699698900+00:00,48.2172,19.9324,0.0,1,4.3,0.086,147.61695211759906
2026-08-02 13:30:51.412157+00:00,48.2662,19.9484,0.0,1,3.9,0.068,149.45229452495633
2026-08-02 13:30:51.434695700+00:00,48.2518,19.9947,0.0,1,-69.6,0.044,145.7022028426106
2026-08-02 13:30:51.460476100+00:00,48.2563,19.9717,0.0,1,-20.4,0.072,147.40612501564968
2026-08-02 13:30:51.478857200+00:00,48.2523,19.995,0.0,1,-16.9,0.044,145.71359298367054
2026-08-02 13:30:51.526549200+00:00,48.2518,19.9945,0.0,1,-33.7,0.055,145.7146595800987
2026-08-02 13:30:51.529729400+00:00,48.2563,19.9863,0.0,1,-3.6,0.098,146.4959385397621
2026-08-02 13:30:51.593214100+00:00,48.252,19.995,0.0,1,-25.0,0.06,145.6955465530641
2026-08-02 13:30:51.594703100+00:00,48.2679,19.948,0.0,1,-4.9,0.075,149.57891158039308
2026-08-02 13:30:51.685530400+00:00,48.2521,19.9945,0.0,1,-12.2,0.052,145.73269837199263
2026-08-02 13:31:17.410060300+00:00,48.2684,19.9447,0.0,1,2.4,0.097,149.8147240958899
2026-08-02 13:31:17.428720800+00:00,48.2643,19.9507,0.0,1,5.4,0.116,149.1952107305998
2026-08-02 13:31:17.445120600+00:00,48.2587,19.951,5.0,2,3.0,0.063,148.84303429423244
2026-08-02 13:31:17.765372900+00:00,48.2681,19.9451,0.0,1,3.6,0.099,149.7718259734643
2026-08-02 13:31:56.135241800+00:00,48.2693,19.9692,0.0,1,-15.8,0.074,148.34351414354538
2026-08-02 13:31:56.242112300+00:00,48.2536,20.0011,0.0,1,-15.3,0.074,145.41246535766751
2026-08-02 13:31:56.243005700+00:00,48.2684,19.9509,0.0,1,-4.8,0.069,149.428011516111
2026-08-02 13:31:56.287580700+00:00,48.254,19.9998,0.0,1,-5.1,0.077,145.5174362536212
2026-08-02 13:31:56.348535700+00:00,48.2641,19.9675,0.0,1,-12.4,0.087,148.13563200567484
2026-08-02 13:31:56.490198100+00:00,48.225,19.9542,0.0,1,-3.4,0.08,146.67312910131673
2026-08-02 13:31:56.505066500+00:00,48.2299,19.9335,0.0,1,-10.6,0.074,148.2679861118816
2026-08-02 13:31:56.513331300+00:00,48.2192,20.036,0.0,1,-4.5,0.086,141.175524580287
2026-08-02 13:32:02.797601600+00:00,48.7136,20.6564,0.0,1,-14.4,0.131,149.8905580122682
2026-08-02 13:32:35.309682200+00:00,48.2689,19.9874,0.0,1,-56.9,0.039,147.19068143398215
2026-08-02 13:32:35.351541300+00:00,48.2711,19.9759,0.0,1,5.5,0.057,148.036935011084
2026-08-02 13:32:35.352781900+00:00,48.2685,19.9863,0.0,1,-10.0,0.07,147.23442543489068
2026-08-02 13:32:35.431538800+00:00,48.2673,19.9819,0.0,1,-23.0,0.042,147.4341492410963
2026-08-02 13:32:35.454051700+00:00,48.2683,19.9838,0.0,1,-5.5,0.04,147.37712629495456
2026-08-02 13:33:20.139267700+00:00,48.2643,19.9443,0.0,1,-27.7,0.063,149.59510570637406
2026-08-02 13:35:47.343831100+00:00,48.2722,19.9856,0.0,1,-51.5,0.057,147.50341328015216
2026-08-02 13:35:47.389795500+00:00,48.2645,19.9484,0.0,1,-5.3,0.088,149.35080015104657
2026-08-02 13:35:47.390391700+00:00,48.2858,19.9715,0.0,1,-28.2,0.025,149.20760732505155
2026-08-02 13:35:47.423393500+00:00,48.2876,19.9915,0.0,1,-14.4,0.063,148.08888831271938
2026-08-02 13:35:47.469030700+00:00,48.2879,19.9925,0.0,1,-48.1,0.056,148.04619146373207
2026-08-02 13:35:47.512153700+00:00,48.2874,19.9923,0.0,1,-14.6,0.043,148.02737590719235
2026-08-02 13:35:47.514279500+00:00,48.2655,19.947,0.0,1,-9.3,0.072,149.4979121290429
2026-08-02 13:35:47.588758+00:00,48.2873,19.9924,0.0,1,-19.0,0.043,148.01502565413753
2026-08-02 13:35:47.589888600+00:00,48.2547,19.9544,0.0,1,-10.2,0.113,148.39289632010792
2026-08-02 13:35:47.648106100+00:00,48.2873,19.9917,0.0,1,-10.5,0.033,148.05797586864122
2026-08-02 13:35:47.650613500+00:00,48.2628,19.9499,0.0,1,-7.6,0.089,149.15571922274594
2026-08-02 13:35:47.772726500+00:00,48.2868,19.9932,0.0,1,-35.0,0.03,147.93486907794127
2026-08-02 13:35:47.850656500+00:00,48.287,19.9925,0.0,1,-5.3,0.05,147.99024760912476
2026-08-02 13:36:04.333412300+00:00,48.6854,20.651,0.0,1,-30.6,0.119,147.3553337151236
2026-08-02 13:37:02.549973+00:00,48.7347,20.7256,0.0,1,-30.8,0.156,149.57850959955937
2026-08-02 13:43:25.707669100+00:00,48.2438,19.9642,0.0,1,-3.5,0.104,147.1345299842192
2026-08-02 13:47:13.970591100+00:00,48.2503,19.9434,0.0,1,2.8,0.087,148.82404495113778
2026-08-02 13:49:13.160429900+00:00,48.2821,19.9573,9.2,2,5.2,0.071,149.8583368114903
2026-08-02 14:17:01.668211300+00:00,48.6403,20.4947,0.0,1,-6.6,0.092,149.24808488559944
2026-08-02 14:36:35.512814600+00:00,48.4841,23.0182,0.0,1,-16.4,0.996,148.0633102439395
2026-08-02 14:37:31.268395400+00:00,48.5015,22.802,0.0,1,-6.6,0.917,138.796386411603
2026-08-02 14:38:42.143547500+00:00,48.5341,22.9596,0.0,1,-12.1,1.065,149.1264708361503
2026-08-02 14:39:57.868506200+00:00,48.5075,23.0168,0.0,1,-14.7,0.402,149.8473672890898
2026-08-02 14:42:54.341243600+00:00,48.4944,22.9735,0.0,1,-14.1,1.088,146.58661767800135
2026-08-02 14:44:39.330307400+00:00,48.4634,23.0283,8.3,2,-11.7,0.402,146.9724975742813
2026-08-02 14:47:05.393455300+00:00,48.3872,23.0395,6.5,2,9.3,0.368,141.80197634124218
2026-08-02 14:47:21.778470600+00:00,48.4749,23.0242,0.0,1,-36.3,0.413,147.65364118654966
2026-08-02 14:48:23.362732400+00:00,48.5802,22.7953,0.0,1,-20.2,0.723,145.36194214245842
2026-08-02 14:49:34.581581900+00:00,48.5033,22.9645,0.0,1,-19.1,1.008,146.85086979381063
2026-08-02 14:52:10.172123300+00:00,48.5362,22.8482,0.0,1,-16.8,0.745,143.93809645164714
2026-08-02 14:52:37.268717300+00:00,48.5531,22.8841,0.0,1,-10.3,0.735,147.07254881092922
2026-08-02 14:52:46.401964400+00:00,48.4129,23.0465,4.4,2,11.7,0.555,144.09714147167668
2026-08-02 14:53:19.031334100+00:00,48.5045,22.997,0.0,1,-11.9,1.58,148.59474108419232
2026-08-02 14:53:21.778148800+00:00,48.5521,22.8462,0.0,1,-4.9,0.901,145.21279409758742
2026-08-02 14:53:31.718640700+00:00,48.5246,22.9211,0.0,1,-5.5,1.382,146.44840173448688
2026-08-02 14:54:13.934311300+00:00,48.5318,22.834,0.0,1,-6.2,1.017,142.89594643164165
2026-08-02 14:54:35.185639100+00:00,48.5563,22.9118,0.0,1,-15.3,0.778,148.65971846295892
2026-08-02 14:54:35.257761100+00:00,48.5457,22.8509,0.0,1,-11.9,0.81,144.8800643374273
2026-08-02 14:54:35.395685600+00:00,48.5671,22.8899,0.0,1,-10.8,0.922,148.54199642526575
2026-08-02 14:56:30.444154800+00:00,48.5356,22.8251,0.0,1,-5.1,0.61,142.8093849644438
2026-08-02 14:56:30.546689200+00:00,48.5429,22.8551,0.0,1,-11.1,0.9,144.83602703025494
2026-08-02 14:57:18.829661200+00:00,48.5331,22.8573,0.0,1,-15.7,0.528,144.10093481994085
2026-08-02 14:57:23.610918+00:00,48.5514,22.8772,0.0,1,-6.3,0.895,146.6019739549725
2026-08-02 14:57:23.800411700+00:00,48.5517,22.8368,0.0,1,-10.9,0.892,144.74316583704413
2026-08-02 14:57:25.058947400+00:00,48.4857,22.9464,4.2,2,-7.0,0.485,144.5111986803077
2026-08-02 14:57:43.984308900+00:00,48.5537,22.8391,8.9,2,8.4,0.199,145.02255173857492
2026-08-02 14:57:50.633695100+00:00,48.5482,22.856,0.0,1,5.1,0.787,145.33311714085312
2026-08-02 14:57:56.279922700+00:00,48.4785,22.931,0.0,1,13.1,0.621,143.15058275645603
2026-08-02 14:58:13.007073700+00:00,48.4651,22.5787,0.0,1,-6.8,0.559,125.63916082907927
2026-08-02 14:58:13.146888500+00:00,48.5526,22.8733,0.0,1,9.7,0.621,146.52107308199118
2026-08-02 14:58:21.484654500+00:00,48.5263,22.8152,0.0,1,-5.9,0.628,141.54702443339832
2026-08-02 14:58:30.840615300+00:00,48.3987,23.0532,3.3,2,11.7,0.496,143.40770809265953
2026-08-02 14:58:30.841228600+00:00,48.3996,23.0604,3.7,2,12.4,0.421,143.87137228986023
2026-08-02 14:58:30.842059500+00:00,48.3964,23.0498,5.6,2,6.9,0.514,143.0501526115115
2026-08-02 14:58:30.842941400+00:00,48.3948,23.0525,4.6,2,15.2,0.448,143.0808573060636
2026-08-02 14:58:30.848138500+00:00,48.3953,23.0372,0.0,1,6.7,0.479,142.27529410697068
2026-08-02 14:58:30.943330300+00:00,48.3694,22.9951,0.0,1,-24.0,0.82,138.03778035348114
2026-08-02 14:58:32.935963400+00:00,48.5663,22.851,9.5,2,-8.0,0.806,146.6631285473936
2026-08-02 14:58:38.274446300+00:00,48.5442,22.8586,8.3,2,7.3,0.92,145.11155152954947
2026-08-02 14:58:47.996628200+00:00,48.5288,22.8459,0.0,1,-14.4,0.426,143.19635908755805
2026-08-02 14:58:48.140190500+00:00,48.4905,22.851,0.0,1,-10.0,0.849,140.19261985158946
2026-08-02 14:59:33.526540100+00:00,48.5517,22.8554,0.0,1,-15.4,0.824,145.60608970178194
2026-08-02 14:59:33.527112300+00:00,48.5231,22.8102,0.0,1,-5.6,0.759,141.03872435093965
2026-08-02 14:59:33.527595100+00:00,48.5355,22.8641,0.0,1,-9.8,0.57,144.6268277221558
2026-08-02 14:59:52.385008400+00:00,48.534,22.8292,0.0,1,-8.6,0.635,142.8617033435609
2026-08-02 15:01:40.464218400+00:00,48.5339,22.943,0.0,1,-11.3,1.218,148.29292951528114
2026-08-02 15:01:40.908311+00:00,48.5111,22.9859,0.0,1,-9.4,1.337,148.56275584182848
2026-08-02 15:01:43.757057700+00:00,48.4023,23.0479,4.4,2,-8.9,0.482,143.38311069550176
2026-08-02 15:01:43.831738+00:00,48.3532,23.028,0.0,1,-15.5,0.339,138.67453476287233
2026-08-02 15:02:06.396570+00:00,48.5214,22.8135,0.0,1,-6.4,0.72,141.0452533096383
2026-08-02 15:02:06.632342600+00:00,48.5293,22.8167,0.0,1,-16.3,0.862,141.87571584776745
2026-08-02 15:02:06.735184600+00:00,48.5299,22.8233,0.0,1,-12.5,0.79,142.23386457121964
2026-08-02 15:02:06.834364100+00:00,48.5267,22.8071,0.0,1,-12.1,0.725,141.20660793065977
2026-08-02 15:02:27.665662900+00:00,48.5487,22.8533,0.0,1,5.9,0.735,145.2500541888025
2026-08-02 15:02:27.667327400+00:00,48.5479,22.8572,0.0,1,20.9,0.952,145.3634357554061
2026-08-02 15:02:42.417849600+00:00,48.5554,22.8528,0.0,1,4.3,0.843,145.80391276255727
2026-08-02 15:03:02.765439600+00:00,48.5307,22.8256,0.0,1,-7.1,0.733,142.40979348662282
2026-08-02 15:03:02.792998+00:00,48.536,22.8467,0.0,1,-11.3,0.849,143.85063713003905
2026-08-02 15:03:02.848233200+00:00,48.5715,22.8376,0.0,1,-13.6,0.557,146.50066827427892
2026-08-02 15:03:02.918130100+00:00,48.53,22.8239,0.0,1,-5.7,0.814,142.27038308487144
2026-08-02 15:03:35.647621100+00:00,48.5477,22.9019,6.4,2,-4.5,1.12,147.4592642443391
2026-08-02 15:03:35.710105+00:00,48.5254,22.8054,0.0,1,-12.3,0.795,141.01550064413362
2026-08-02 15:03:44.851651500+00:00,48.5249,22.7641,0.0,1,-9.1,0.798,139.08471532747816
2026-08-02 15:04:03.600866200+00:00,48.5761,22.8633,0.0,1,-7.5,0.929,148.07944971000464
2026-08-02 15:04:22.481817800+00:00,48.5545,22.8678,7.3,2,7.2,0.595,146.42592308206312
2026-08-02 15:04:29.272735300+00:00,48.4807,22.8609,0.0,1,-20.3,0.474,139.85347045700823
2026-08-02 15:05:25.160191800+00:00,48.5157,22.893,5.7,2,6.0,0.528,144.33800972222696
2026-08-02 15:05:51.758319300+00:00,48.4947,22.9047,0.0,1,-10.7,1.335,143.16469910372115
2026-08-02 15:06:11.990529300+00:00,48.5149,22.9057,6.8,2,-10.8,0.501,144.88898020598103
2026-08-02 15:06:22.366310800+00:00,48.5955,20.5113,0.0,1,-10.3,0.196,144.4703955503831
2026-08-02 15:06:35.413523700+00:00,48.6071,20.5053,0.0,1,-5.7,0.116,145.77755077892886
2026-08-02 15:06:58.680142+00:00,48.5072,22.8818,0.0,1,-11.4,0.949,143.0834206363517
2026-08-02 15:06:58.775451500+00:00,48.5547,22.8568,0.0,1,-6.8,0.644,145.929579576318
2026-08-02 15:07:09.011175800+00:00,48.5699,22.8293,0.0,1,-11.1,0.851,145.98281862417363
2026-08-02 15:07:17.410966900+00:00,48.5184,22.9063,5.0,2,6.3,0.133,145.209974101642
2026-08-02 15:07:36.297122600+00:00,48.6127,20.5135,8.7,2,4.1,0.009,145.93991646803048
2026-08-02 15:07:36.308227200+00:00,48.6132,20.5098,5.6,2,5.7,0.052,146.14147048654462
2026-08-02 15:07:36.317842900+00:00,48.6077,20.5035,0.0,1,-5.1,0.142,145.9084934149329
2026-08-02 15:07:44.372275500+00:00,48.5314,22.8449,0.0,1,-8.1,0.992,143.37192133137708
2026-08-02 15:07:44.632744800+00:00,48.5201,22.7967,0.0,1,-7.1,0.564,140.1546910896267
2026-08-02 15:07:47.803048+00:00,48.4886,23.0376,0.0,1,-38.2,1.266,149.42796346375002
2026-08-02 15:07:59.405756500+00:00,48.4907,22.871,0.0,1,-7.8,0.923,141.17970517808206
2026-08-02 15:07:59.440334800+00:00,48.4757,22.8615,0.0,1,-10.1,1.103,139.46674596287747
2026-08-02 15:07:59.640314800+00:00,48.4806,22.8863,0.0,1,-17.7,1.054,141.09223571504248
2026-08-02 15:07:59.680448600+00:00,48.4805,22.8829,0.0,1,-8.0,0.879,140.91620742609527
2026-08-02 15:08:19.271841600+00:00,48.4997,22.891,0.0,1,6.5,0.472,142.90576944401872
2026-08-02 15:08:19.273549+00:00,48.5008,22.8945,0.0,1,11.0,0.721,143.16849040532935
2026-08-02 15:09:02.282401100+00:00,48.5237,22.9561,6.8,2,6.0,0.637,148.0970258316193
2026-08-02 15:09:02.354814600+00:00,48.5053,22.9095,5.3,2,8.6,0.658,144.27767951234813
2026-08-02 15:09:17.314283300+00:00,48.5094,22.9032,9.1,2,8.2,0.335,144.30908931046255
2026-08-02 15:09:24.775639300+00:00,48.503,22.861,0.0,1,5.5,0.36,141.7257971842406
2026-08-02 15:09:24.847860900+00:00,48.509,22.8171,0.0,1,-6.3,0.654,140.1476362991595
2026-08-02 15:09:46.065527300+00:00,48.5805,22.8191,0.0,1,-10.0,0.733,146.4514187646589
2026-08-02 15:09:46.066005100+00:00,48.5609,22.842,4.1,2,-6.7,0.628,145.78028967186856
2026-08-02 15:09:46.207052200+00:00,48.5832,22.8282,0.0,1,-10.0,0.821,147.0985109667749
2026-08-02 15:10:11.655567300+00:00,48.5251,22.9555,0.0,1,-5.8,0.642,148.18237799561982
2026-08-02 15:10:11.763878600+00:00,48.5163,22.9288,0.0,1,-13.0,1.082,146.1375817473946
2026-08-02 15:10:11.960525900+00:00,48.5083,22.9852,12.8,2,-10.5,0.566,148.30108866627194
2026-08-02 15:11:13.731573400+00:00,48.6007,22.851,0.0,1,5.7,0.587,149.66392019739519
2026-08-02 15:11:18.786978700+00:00,48.5471,22.9134,0.0,1,-38.2,0.846,147.95950609530647
2026-08-02 15:11:31.409943700+00:00,48.5348,22.8035,0.0,1,-12.4,0.792,141.74387917341664
2026-08-02 15:11:31.421653300+00:00,48.5423,22.8357,0.0,1,18.7,0.951,143.87963302099044
2026-08-02 15:11:46.633057+00:00,48.5133,22.9195,0.0,1,-15.6,1.133,145.431799212777
2026-08-02 15:11:46.745580700+00:00,48.5156,22.9132,0.0,1,-11.2,1.059,145.31370689437867
2026-08-02 15:11:46.799363600+00:00,48.5195,22.931,0.0,1,-22.8,0.977,146.5105589824247
2026-08-02 15:12:10.585753800+00:00,48.5038,22.9556,2.9,2,7.0,0.244,146.44412210192652
2026-08-02 15:12:27.186191700+00:00,48.562,22.8353,5.7,2,5.2,0.606,145.5680188482799
2026-08-02 15:12:45.971855200+00:00,48.409,23.098,5.4,2,-11.7,0.384,146.64505103544312
2026-08-02 15:12:51.151421600+00:00,48.6545,20.5715,0.0,1,-9.8,0.082,147.43786793207096
2026-08-02 15:12:51.342363800+00:00,48.6573,20.5697,0.0,1,-7.9,0.066,147.77148091514184
2026-08-02 15:12:55.118894900+00:00,48.5229,22.92,0.0,1,-11.3,1.098,146.25321679286608
2026-08-02 15:12:55.169372900+00:00,48.528,22.9098,0.0,1,-15.3,0.894,146.18206872261473
2026-08-02 15:13:16.460151+00:00,48.5111,22.9391,10.4,2,9.5,0.636,146.21807593938556
2026-08-02 15:13:19.303592600+00:00,48.5287,22.9667,13.4,2,-8.7,0.575,149.03391851345447
2026-08-02 15:13:38.108391800+00:00,48.5466,22.8395,0.0,1,28.1,0.706,144.42715036043592
2026-08-02 15:13:38.233369300+00:00,48.535,22.8432,0.0,1,-12.0,0.867,143.60092235897287
2026-08-02 15:13:59.410861700+00:00,48.4734,22.9541,5.3,2,6.4,0.595,143.9105186481735
2026-08-02 15:14:16.086015900+00:00,48.5364,22.8895,0.0,1,-7.7,0.966,145.91090883161507
2026-08-02 15:14:16.145126400+00:00,48.5183,22.908,0.0,1,-8.5,0.657,145.28446802815506
2026-08-02 15:14:34.773613200+00:00,48.4787,22.9121,6.3,2,8.2,0.589,142.21813788562523
2026-08-02 15:14:34.790308100+00:00,48.4774,22.8994,4.5,2,5.2,0.508,141.47826012069513
2026-08-02 15:14:41.692084800+00:00,48.515,22.7915,0.0,1,-8.4,0.663,139.4727381514533
2026-08-02 15:14:47.878126+00:00,48.5302,22.9167,0.0,1,-25.9,1.035,146.7009839325747
2026-08-02 15:14:49.914210500+00:00,48.5373,22.9458,0.0,1,-18.4,0.634,148.71226442440465
2026-08-02 15:14:49.980684800+00:00,48.5357,22.9312,0.0,1,-8.8,0.852,147.86560570037906
2026-08-02 15:14:50.031065200+00:00,48.5386,22.9454,0.0,1,-21.8,1.06,148.80058448293886
2026-08-02 15:14:55.087255300+00:00,48.5343,22.8575,0.0,1,6.1,0.633,144.21282487631248
2026-08-02 15:15:05.303747400+00:00,48.4985,22.8671,0.0,1,-13.8,0.334,141.6423880304701
2026-08-02 15:15:05.304698500+00:00,48.5089,22.8992,0.0,1,14.2,0.538,144.0720315909307
2026-08-02 15:15:05.429849300+00:00,48.5061,22.9324,5.1,2,4.9,0.453,145.4746863674474
2026-08-02 15:15:07.077090700+00:00,48.5461,22.9083,6.6,2,6.9,0.932,147.63041435698085
2026-08-02 15:15:14.422014+00:00,48.5641,22.8197,0.0,1,6.5,0.853,145.03929608542256
2026-08-02 15:15:52.056217+00:00,48.5357,22.9031,0.0,1,-11.0,0.859,146.5043671693866
2026-08-02 15:15:52.245432200+00:00,48.5421,22.89,0.0,1,-13.4,0.713,146.41726672319686
2026-08-02 15:16:00.252036300+00:00,48.6572,20.5187,0.0,1,-4.1,0.105,149.80947480722352
2026-08-02 15:16:00.337103800+00:00,48.6398,20.5169,0.0,1,-3.2,0.171,148.2789974872021
2026-08-02 15:16:00.337890100+00:00,48.6194,20.5025,0.0,1,-4.5,0.137,147.01403538070664
2026-08-02 15:16:00.505722+00:00,48.6313,20.5118,0.0,1,-9.3,0.065,147.7105030970299
2026-08-02 15:16:23.806045100+00:00,48.5809,22.7914,0.0,1,-44.6,0.663,145.25121569765773
2026-08-02 15:16:23.832718900+00:00,48.579,22.7835,0.0,1,-17.7,0.636,144.73319638857367
2026-08-02 15:16:23.898464200+00:00,48.5813,22.7908,0.0,1,-36.3,0.815,145.26019681224213
2026-08-02 15:16:23.925666100+00:00,48.5819,22.7967,0.0,1,-8.5,0.665,145.57483409298248
2026-08-02 15:16:34.849522800+00:00,48.6597,20.5225,0.0,1,12.5,0.136,149.88604704820702
2026-08-02 15:16:34.855180300+00:00,48.6626,20.5267,0.0,1,7.5,0.084,149.98456723342687
2026-08-02 15:16:50.034465200+00:00,48.6011,22.7666,0.0,1,-36.4,0.47,145.97520755839193
2026-08-02 15:16:50.139463900+00:00,48.5865,22.7617,0.0,1,-10.2,0.586,144.44999663389422
2026-08-02 15:16:50.198012+00:00,48.6031,22.822,5.9,2,-7.9,0.69,148.57740844916296
2026-08-02 15:16:50.268739800+00:00,48.5865,22.7643,0.0,1,-6.0,0.546,144.56283914602406
2026-08-02 15:16:50.424478400+00:00,48.5856,22.754,0.0,1,-11.0,0.483,144.03579971196905
2026-08-02 15:16:53.698239400+00:00,48.5338,22.9352,5.9,2,-5.7,0.132,147.90269762380345
2026-08-02 15:16:58.981727+00:00,48.5286,22.8738,0.0,1,-13.0,1.022,144.50098339691465
2026-08-02 15:16:59.058835700+00:00,48.5159,22.9264,0.0,1,-6.8,0.965,145.98634673387477
2026-08-02 15:17:27.719872+00:00,48.5571,22.8045,0.0,1,-9.9,0.686,143.73705515475166
2026-08-02 15:17:27.778435400+00:00,48.5507,22.7981,0.0,1,-17.2,0.731,142.88620878308896
2026-08-02 15:17:33.823397100+00:00,48.5212,22.8783,9.5,2,8.9,0.088,144.0908071231005
2026-08-02 15:17:43.790974900+00:00,48.5719,22.7737,0.0,1,-24.8,0.613,143.6690906191356
2026-08-02 15:17:43.857124200+00:00,48.5705,22.7677,0.0,1,-21.6,0.591,143.28022127874192
2026-08-02 15:17:55.125530900+00:00,48.5388,22.9397,7.2,2,-9.3,0.705,148.53847735054015
2026-08-02 15:18:15.023770700+00:00,48.5931,22.7802,0.0,1,-47.6,0.649,145.84660972082722
2026-08-02 15:18:15.151443200+00:00,48.5767,22.798,0.0,1,-12.0,0.758,145.1719169140851
2026-08-02 15:18:15.345264400+00:00,48.5696,22.7623,0.0,1,-10.4,0.443,142.96279623599463
2026-08-02 15:18:15.394406+00:00,48.4877,22.9355,8.2,2,6.0,0.688,144.12457667405548
2026-08-02 15:18:35.953860300+00:00,48.5523,22.8213,0.0,1,-21.2,0.651,144.08247799757635
2026-08-02 15:18:35.996955600+00:00,48.5519,22.819,0.0,1,-31.0,0.704,143.94237044612782
2026-08-02 15:18:36.053421700+00:00,48.5572,22.8434,0.0,1,-32.3,0.723,145.52416457853462
2026-08-02 15:18:46.943178800+00:00,48.5358,22.9024,0.0,1,-16.5,0.572,146.47909219250064
2026-08-02 15:18:46.993088500+00:00,48.538,22.8846,0.0,1,-23.7,1.026,145.81242404416065
2026-08-02 15:18:47.031150700+00:00,48.5371,22.8784,0.0,1,-12.6,0.945,145.4409252935213
2026-08-02 15:18:49.918144600+00:00,48.5305,22.9122,7.9,2,-5.0,0.874,146.50764933426544
2026-08-02 15:19:08.260391100+00:00,48.525,22.9188,8.4,2,7.1,0.133,146.3694284604075
2026-08-02 15:19:18.462361400+00:00,48.4557,22.9056,0.0,1,-9.0,0.289,140.02053743106723
2026-08-02 15:19:50.851383100+00:00,48.5479,22.9189,8.1,2,8.9,0.554,148.29133449507796
2026-08-02 15:19:50.865309+00:00,48.5375,22.8959,0.0,1,10.1,0.43,146.31022305931972
2026-08-02 15:20:03.888770300+00:00,48.5309,22.9362,11.7,2,-5.2,0.269,147.71068516349973
2026-08-02 15:20:04.067904600+00:00,48.5443,22.9043,4.6,2,6.1,0.498,147.2867690230581
2026-08-02 15:20:19.507047500+00:00,48.6478,20.5357,7.3,2,-4.7,0.116,148.24735305208347
2026-08-02 15:20:19.528696900+00:00,48.6488,20.5333,6.1,2,7.5,0.084,148.43750935897165
2026-08-02 15:20:20.948856900+00:00,48.5645,22.8658,4.5,2,10.6,0.696,147.19263923891424
2026-08-02 15:20:21.008410500+00:00,48.5489,22.8261,0.0,1,-17.8,0.669,144.00724091867494
2026-08-02 15:20:21.057247600+00:00,48.5618,22.84,0.0,1,-19.4,0.752,145.76640114319943
2026-08-02 15:20:21.114166100+00:00,48.5614,22.8358,0.0,1,-27.0,0.707,145.5387752496774
2026-08-02 15:20:21.198989200+00:00,48.5609,22.8332,0.0,1,-45.3,0.727,145.37606862517498
2026-08-02 15:20:21.200793+00:00,48.5454,22.8052,0.0,1,-9.5,0.856,142.74524070398172
2026-08-02 15:20:21.274539500+00:00,48.5642,22.854,0.0,1,-48.8,0.491,146.61974898764063
2026-08-02 15:20:21.328129700+00:00,48.5614,22.8399,0.0,1,-42.5,0.795,145.72707174781456
2026-08-02 15:20:21.328823300+00:00,48.5403,22.8371,0.0,1,-11.8,0.821,143.77218695499428
2026-08-02 15:20:21.452419400+00:00,48.5614,22.8348,0.0,1,-19.0,0.713,145.49290913477748
2026-08-02 15:20:44.767597900+00:00,48.6686,20.5654,0.0,1,4.7,0.253,149.0014141643407
2026-08-02 15:20:44.790192200+00:00,48.6539,20.5471,6.0,2,23.4,0.08,148.35355097217362
2026-08-02 15:21:29.440076900+00:00,48.6664,20.5455,6.1,2,5.8,0.169,149.58310773805158
2026-08-02 15:21:35.094463900+00:00,48.5118,22.8251,0.0,1,4.6,1.081,140.76340940472528
2026-08-02 15:21:46.867481900+00:00,48.5222,22.9125,0.0,1,8.8,0.478,145.82891651013827
2026-08-02 15:21:56.582934900+00:00,48.6604,20.5285,0.0,1,6.5,0.159,149.7075803850999
2026-08-02 15:21:56.585657200+00:00,48.6659,20.541,8.4,2,3.4,0.064,149.71618546475318
2026-08-02 15:21:56.599402300+00:00,48.6636,20.5314,0.0,1,4.5,0.09,149.88760913691948
2026-08-02 15:21:56.604606+00:00,48.6611,20.5401,6.5,2,3.5,0.068,149.30500800248714
2026-08-02 15:21:57.711829300+00:00,48.5376,22.877,0.0,1,-23.6,0.84,145.41685020178912
2026-08-02 15:22:24.036682600+00:00,48.51,22.8344,0.0,1,5.7,0.355,141.04865580472224
2026-08-02 15:22:24.463907800+00:00,48.5187,22.9018,5.1,2,6.8,0.29,145.0160860847753
2026-08-02 15:22:54.309143400+00:00,48.6647,20.5336,0.0,1,6.3,0.134,149.901293671746
2026-08-02 15:22:54.326181700+00:00,48.6703,20.545,6.2,2,3.5,0.024,149.9673473421858
2026-08-02 15:22:59.620715100+00:00,48.5258,22.8908,4.2,2,6.7,0.692,145.07925040890964
2026-08-02 15:22:59.759490800+00:00,48.5208,22.9232,9.0,2,5.3,0.431,146.2353028434708
2026-08-02 15:23:16.372443500+00:00,48.5363,22.8802,6.7,2,12.6,0.499,145.45868709267404
2026-08-02 15:23:16.375936800+00:00,48.5469,22.7773,0.0,1,-69.8,0.65,141.6144924006936
2026-08-02 15:23:16.425501600+00:00,48.5275,22.8538,4.5,2,5.0,0.295,143.45788550545825
2026-08-02 15:23:16.713925700+00:00,48.5608,22.7668,0.0,1,-14.2,0.606,142.3770359334706
2026-08-02 15:23:34.704740800+00:00,48.5114,22.8394,0.0,1,7.3,0.929,141.40472000443043
2026-08-02 15:23:46.786688900+00:00,48.5822,22.8258,8.2,2,-4.5,1.111,146.90246131675383
2026-08-02 15:23:46.798283900+00:00,48.5734,22.7848,0.0,1,7.6,0.776,144.2929990018026
2026-08-02 15:23:55.252722700+00:00,48.5207,22.8854,0.0,1,6.7,0.404,144.39015861274225
2026-08-02 15:24:07.956994700+00:00,48.6634,20.5362,7.6,2,4.7,0.059,149.6757821724635
2026-08-02 15:24:07.973328+00:00,48.6651,20.5432,5.6,2,7.7,0.087,149.5536000126461
2026-08-02 15:24:15.220587200+00:00,48.5431,22.8662,0.0,1,-58.0,0.837,145.37460523730698
2026-08-02 15:24:15.256524200+00:00,48.5459,22.8477,0.0,1,-30.8,0.681,144.74803320456644
2026-08-02 15:24:15.276017300+00:00,48.5479,22.855,0.0,1,-16.1,0.9,145.26062175081955
2026-08-02 15:24:15.417767500+00:00,48.5468,22.8649,0.0,1,-14.1,0.721,145.62995438658353
2026-08-02 15:24:24.048406600+00:00,48.6121,20.5491,6.1,2,4.1,0.024,144.40146649753999
2026-08-02 15:24:53.864147600+00:00,48.5857,22.8404,9.6,2,-5.8,0.462,147.8692258455687
2026-08-02 15:24:53.887689700+00:00,48.5903,22.8485,4.3,2,-12.1,0.404,148.63922510859163
2026-08-02 15:25:31.696704700+00:00,48.5769,22.8169,0.0,1,5.4,0.139,146.03568195815384
2026-08-02 15:25:31.728267600+00:00,48.5845,22.8069,0.0,1,-7.5,0.862,146.2585959327845
2026-08-02 15:25:57.335116300+00:00,48.5627,22.795,0.0,1,-33.0,0.811,143.80132529581084
2026-08-02 15:25:57.432519900+00:00,48.5767,22.7855,0.0,1,-23.5,0.846,144.6170550818854
2026-08-02 15:25:57.634720900+00:00,48.5511,22.8013,0.0,1,-16.6,0.923,143.06626538609783
2026-08-02 15:26:18.435208900+00:00,48.56,22.8922,0.0,1,7.0,0.73,148.04354412637034
2026-08-02 15:26:21.071263100+00:00,48.6205,20.5443,8.1,2,3.3,0.083,145.37291866568248
2026-08-02 15:26:43.280715900+00:00,48.5146,22.7537,0.0,1,-7.6,0.783,137.71039341272828
2026-08-02 15:26:43.305773900+00:00,48.5137,22.7598,0.0,1,-8.1,0.723,137.90798369097826
2026-08-02 15:26:43.329020600+00:00,48.5211,22.7401,0.0,1,-10.7,0.605,137.67132509219326
2026-08-02 15:26:46.625330900+00:00,48.5641,22.7892,0.0,1,-40.4,0.629,143.66518689193921
2026-08-02 15:26:46.651182300+00:00,48.5644,22.7913,0.0,1,-30.0,0.621,143.78556134723382
2026-08-02 15:26:46.707048800+00:00,48.5499,22.8182,0.0,1,-14.3,0.734,143.73158755695468
2026-08-02 15:27:12.317802900+00:00,48.4996,22.8019,0.0,1,5.9,0.511,138.6286279317029
2026-08-02 15:27:22.879413400+00:00,48.6225,20.5538,0.0,1,-3.6,0.13,145.16845015351578
2026-08-02 15:27:22.893619500+00:00,48.6231,20.5566,0.0,1,-6.0,0.137,145.10983094184252
2026-08-02 15:27:31.646604900+00:00,48.5632,22.8161,0.0,1,-26.7,0.833,144.79712227411207
2026-08-02 15:27:31.697947100+00:00,48.5645,22.7966,0.0,1,-15.9,0.58,144.03176170563665
2026-08-02 15:27:31.725635800+00:00,48.5609,22.8025,0.0,1,-6.3,0.557,143.98026896837953
2026-08-02 15:27:31.924018600+00:00,48.5567,22.8194,0.0,1,-15.0,0.69,144.3791049154163
2026-08-02 15:27:32.001188+00:00,48.5537,22.8101,0.0,1,-23.6,0.622,143.69343997352252
2026-08-02 15:27:32.003568800+00:00,48.5686,22.8304,0.0,1,-6.8,0.769,145.9193095960802
2026-08-02 15:27:32.046076+00:00,48.5513,22.7942,0.0,1,-8.4,0.696,142.76246790628727
2026-08-02 15:27:32.338931400+00:00,48.555,22.8103,0.0,1,-11.3,0.877,143.81620287928112
2026-08-02 15:27:42.043999800+00:00,48.5067,22.8208,0.0,1,-11.7,0.797,140.12480830967297
2026-08-02 15:27:42.067848700+00:00,48.4881,22.785,12.0,2,-5.1,0.496,136.8498694773267
2026-08-02 15:28:41.439416100+00:00,48.5096,22.7919,0.0,1,-17.6,0.785,139.02386168494036
2026-08-02 15:28:41.563226300+00:00,48.5094,22.8455,3.7,2,-9.7,0.371,141.52454430617624
2026-08-02 15:28:41.595464500+00:00,48.5087,22.7475,0.0,1,-9.1,0.624,136.91215880632151
2026-08-02 15:28:41.627691300+00:00,48.5059,22.7389,0.0,1,-6.6,0.634,136.2776654936757
2026-08-02 15:28:44.276239300+00:00,48.5769,20.5249,0.0,1,-21.7,0.051,142.20585480447184
2026-08-02 15:28:44.276961500+00:00,48.6007,20.5223,6.6,2,-6.1,0.092,144.47578515600165
2026-08-02 15:28:44.387374100+00:00,48.6624,20.539,4.1,2,4.2,0.116,149.47021430911178
2026-08-02 15:29:16.696023800+00:00,48.5067,22.8187,0.0,1,14.7,0.629,140.02593017852473
2026-08-02 15:29:16.702324500+00:00,48.5155,22.8414,6.0,2,5.6,0.607,141.84858729569385
2026-08-02 15:29:19.920050+00:00,48.5617,22.8392,0.0,1,-9.2,0.86,145.72095087036055
2026-08-02 15:29:37.690663400+00:00,48.5712,22.8412,0.0,1,5.5,1.011,146.63897315758135
2026-08-02 15:29:40.281696100+00:00,48.6537,20.5348,0.0,1,-4.3,0.112,148.8308995860641
2026-08-02 15:30:01.924470500+00:00,48.6119,20.5364,0.0,1,-8.3,0.106,144.90864996694117
2026-08-02 15:30:01.931322600+00:00,48.6124,20.5381,0.0,1,3.9,0.161,144.88393996413382
2026-08-02 15:30:01.948805800+00:00,48.6157,20.5376,0.0,1,6.2,0.091,145.20769969410858
2026-08-02 15:30:02.023451700+00:00,48.6395,20.5467,0.0,1,5.6,0.104,147.0316058853525
2026-08-02 15:30:09.006288700+00:00,48.5698,22.8566,3.6,2,5.8,0.495,147.22463248851167
2026-08-02 15:30:09.237857500+00:00,48.5755,22.8426,0.0,1,-11.2,0.273,147.07772484423143
2026-08-02 15:31:11.229528500+00:00,48.5654,22.8953,4.3,2,-12.1,0.38,148.65065966604982
2026-08-02 15:31:11.257286800+00:00,48.542,22.8145,0.0,1,-11.5,0.585,142.87474837142878
2026-08-02 15:31:11.302040100+00:00,48.5846,22.8211,0.0,1,-18.3,0.607,146.90230512303737
2026-08-02 15:31:11.642364400+00:00,48.5909,22.8156,0.0,1,-5.5,0.573,147.21244755751079
2026-08-02 15:31:11.784416+00:00,48.5924,22.8234,0.0,1,-9.4,0.665,147.69322513310112
2026-08-02 15:31:12.008801900+00:00,48.5103,22.819,5.0,2,6.6,0.577,140.3482340553236
2026-08-02 15:31:30.723108800+00:00,48.5011,22.8046,0.0,1,-39.7,0.652,138.883879266357
2026-08-02 15:31:30.743750100+00:00,48.5054,22.8253,0.0,1,-15.7,0.851,140.2261093311232
2026-08-02 15:31:30.808296500+00:00,48.5108,22.7627,0.0,1,-23.0,0.572,137.78630026389666
2026-08-02 15:31:30.905785300+00:00,48.5141,22.7739,0.0,1,-24.1,0.664,138.5856679406678
2026-08-02 15:31:31.101858500+00:00,48.5135,22.7729,0.0,1,-36.4,0.743,138.48762934364245
2026-08-02 15:31:31.184720100+00:00,48.5153,22.7815,0.0,1,-9.1,0.688,139.0384409919661
2026-08-02 15:31:31.248858900+00:00,48.5135,22.7761,0.0,1,-8.4,0.736,138.63414846673646
2026-08-02 15:31:33.090397700+00:00,48.5771,22.8619,7.2,2,6.4,0.787,148.1016358131212
2026-08-02 15:31:47.313843900+00:00,47.1358,21.7341,0.0,1,-17.1,0.103,44.74080855253888
2026-08-02 15:31:47.338657500+00:00,47.1356,21.7301,0.0,1,-4.4,0.088,44.70947230912192
2026-08-02 15:31:51.920007900+00:00,48.5162,22.8433,5.8,2,5.8,0.663,141.9981685471058
2026-08-02 15:31:51.921031500+00:00,48.492,22.742,0.0,1,7.5,0.582,135.2003899767022
2026-08-02 15:31:51.921633900+00:00,48.5081,22.8193,9.1,2,7.2,0.458,140.1739523006945
2026-08-02 15:31:51.930384600+00:00,48.5098,22.8412,0.0,1,6.0,0.742,141.35404632025782
2026-08-02 15:31:59.410484800+00:00,48.6208,20.5515,5.5,2,4.4,0.074,145.10530113815457
2026-08-02 15:32:20.551093+00:00,48.502,22.8351,0.0,1,8.0,0.833,140.40147853386586
2026-08-02 15:32:28.943836500+00:00,48.4913,22.8559,0.0,1,-12.7,0.531,140.49661949255378
2026-08-02 15:32:29.008803300+00:00,48.51,22.7846,0.0,1,-19.1,0.529,138.72096959231604
2026-08-02 15:32:29.066816500+00:00,48.5105,22.7823,0.0,1,-23.7,0.613,138.65829131575967
2026-08-02 15:32:29.186205700+00:00,48.5095,22.7879,0.0,1,-7.4,0.418,138.83007831075636
2026-08-02 15:32:29.292330900+00:00,48.511,22.7819,0.0,1,-18.3,0.588,138.68325963369918
2026-08-02 15:32:29.416203800+00:00,48.5073,22.7639,0.0,1,-13.7,0.642,137.5355794206416
2026-08-02 15:32:29.649034300+00:00,48.5089,22.7763,0.0,1,-8.8,0.763,138.24325295720575
2026-08-02 15:32:36.556187600+00:00,48.5572,22.811,0.0,1,24.9,0.786,144.04046508246446
2026-08-02 15:32:53.892682100+00:00,48.6192,20.5371,0.0,1,12.4,0.098,145.5500598772293
2026-08-02 15:32:54.472272300+00:00,48.519,22.9164,4.4,2,4.6,0.134,145.75287940806717
2026-08-02 15:33:19.976005900+00:00,48.5006,22.817,0.0,1,-11.4,0.834,139.4244650832944
2026-08-02 15:33:24.102767700+00:00,48.5002,22.9617,0.0,1,6.9,0.67,146.45828797757454
2026-08-02 15:33:32.577433900+00:00,48.5558,22.7835,0.0,1,4.6,0.794,142.67734760575038
2026-08-02 15:33:32.580617600+00:00,48.5678,22.8329,0.0,1,-22.9,0.94,145.96345436154394
2026-08-02 15:33:32.596053100+00:00,48.5589,22.7901,0.0,1,6.3,0.593,143.24655425551984
2026-08-02 15:33:38.754695+00:00,48.5126,22.841,10.2,2,4.9,0.537,141.582699843576
2026-08-02 15:34:12.090237+00:00,48.499,22.818,0.0,1,-16.3,0.852,139.33516324049066
2026-08-02 15:34:12.117081100+00:00,48.4939,22.8555,0.0,1,-12.0,1.069,140.69550149779553
2026-08-02 15:34:43.234191200+00:00,47.1345,21.7352,0.0,1,16.7,0.115,44.89796811630549
2026-08-02 15:34:43.251323800+00:00,47.1345,21.7372,0.0,1,-6.7,0.068,44.92550917157422
2026-08-02 15:35:24.239666100+00:00,48.5133,22.7862,0.0,1,-7.1,0.804,139.0809068250725
2026-08-02 15:35:24.265200800+00:00,48.5532,22.8445,0.0,1,-10.6,1.037,145.22901633298153
2026-08-02 15:36:04.832647300+00:00,48.6542,20.544,0.0,1,-24.0,0.14,148.50607142811734
2026-08-02 15:36:04.836940600+00:00,48.6635,20.547,9.1,2,7.2,0.092,149.25252651845352
2026-08-02 15:36:04.841216100+00:00,48.6565,20.5502,0.0,1,9.2,0.109,148.4715688397253
2026-08-02 15:36:04.842340900+00:00,48.659,20.5475,0.0,1,6.7,0.134,148.81272087944782
2026-08-02 15:36:04.851084800+00:00,48.6329,20.5134,5.5,2,2.4,0.076,147.7905205518129
2026-08-02 15:36:04.855322100+00:00,48.6583,20.5435,0.0,1,5.7,0.105,148.90779195903391
2026-08-02 15:36:11.200492400+00:00,48.5625,22.8396,4.2,2,9.8,0.629,145.80881843560027
2026-08-02 15:36:13.218402100+00:00,48.5097,22.7233,0.0,1,-24.0,0.557,135.91304374332907
2026-08-02 15:36:30.265477800+00:00,48.5178,22.8262,8.9,2,-16.7,0.21,141.32890777024457
2026-08-02 15:36:30.432328500+00:00,48.5157,22.8565,12.0,2,-19.5,0.399,142.5828849628555
2026-08-02 15:36:53.856677800+00:00,48.4912,22.7187,0.0,1,-6.1,0.462,134.0741182737291
2026-08-02 15:37:02.050351500+00:00,48.5619,22.8236,0.0,1,-15.1,0.708,145.02446855165599
2026-08-02 15:37:02.622107400+00:00,48.5423,22.8441,0.0,1,-19.0,0.786,144.27038972048663
2026-08-02 15:37:02.630309200+00:00,48.5836,22.8745,4.8,2,-7.9,0.595,149.24572225052725
2026-08-02 15:37:32.244970200+00:00,48.4941,22.8016,0.0,1,-14.4,0.704,138.14318939367925
2026-08-02 15:37:32.285940900+00:00,48.4888,22.82,0.0,1,-14.3,0.662,138.5622944993517
2026-08-02 15:37:32.348454400+00:00,48.4988,22.8623,0.0,1,-8.6,0.951,141.4354176570681
2026-08-02 15:37:32.783062900+00:00,48.6661,20.5513,0.0,1,4.3,0.033,149.32421609372375
2026-08-02 15:37:42.520771100+00:00,48.4834,22.9244,6.8,2,11.1,0.238,143.21743800424892
2026-08-02 15:38:18.533443700+00:00,48.5072,22.7868,0.0,1,-13.1,0.706,138.5801502207506
2026-08-02 15:38:36.987932300+00:00,48.5584,22.8974,4.2,2,5.7,0.324,148.15311790179422
2026-08-02 15:38:39.662623500+00:00,48.4834,22.9707,5.7,2,8.0,0.273,145.56005376803301
2026-08-02 15:38:48.929395200+00:00,48.5735,22.8312,0.0,1,-7.7,0.668,146.3839509502721
2026-08-02 15:38:48.961589300+00:00,48.5554,22.7878,0.0,1,-15.8,0.559,142.834872601219
2026-08-02 15:38:49.047993200+00:00,48.5707,22.8391,0.0,1,-7.4,0.419,146.49941447723273
2026-08-02 15:38:49.136712900+00:00,48.5685,22.8251,0.0,1,-16.4,0.91,145.6694935316393
2026-08-02 15:38:49.193181300+00:00,48.5791,22.8604,3.4,2,-12.7,0.469,148.20619486074256
2026-08-02 15:38:49.240641700+00:00,48.5612,22.7984,0.0,1,-6.3,0.691,143.82197201642185
2026-08-02 15:38:49.431420+00:00,48.5638,22.8041,0.0,1,-11.5,0.513,144.30728231969982
2026-08-02 15:38:56.235187200+00:00,48.6695,20.5543,5.5,2,4.9,0.227,149.5235015121429
2026-08-02 15:39:24.813965600+00:00,48.5083,22.787,0.0,1,7.7,0.726,138.68459028903047
2026-08-02 15:39:24.825991800+00:00,48.5046,22.7943,0.0,1,-51.9,0.583,138.70367164530737
2026-08-02 15:39:24.867387+00:00,48.4905,22.8154,0.0,1,-25.0,0.781,138.48801091932583
2026-08-02 15:39:24.887236800+00:00,48.5017,22.7884,0.0,1,-11.5,0.528,138.17917558751037
2026-08-02 15:39:25.047375800+00:00,48.5227,22.8117,0.0,1,-15.0,0.776,141.07377948746188
2026-08-02 15:39:25.103286900+00:00,48.5177,22.7935,0.0,1,-6.0,0.513,139.79903301093668
2026-08-02 15:39:25.168609100+00:00,48.5189,22.7917,0.0,1,-22.5,0.693,139.82015108186167
2026-08-02 15:39:25.210239800+00:00,48.5214,22.8073,0.0,1,-20.0,0.858,140.75739715603896
2026-08-02 15:39:25.279120800+00:00,48.518,22.792,0.0,1,-18.6,0.792,139.75588679388122
2026-08-02 15:39:25.355523700+00:00,48.5188,22.7987,0.0,1,-8.8,0.649,140.134441306074
2026-08-02 15:39:25.622287300+00:00,48.5188,22.7999,0.0,1,-9.2,0.751,140.18992660767586
2026-08-02 15:40:02.613555800+00:00,48.4966,22.816,0.0,1,-55.1,0.785,139.03592483917538
2026-08-02 15:40:02.638062400+00:00,48.4917,22.7969,0.0,1,-23.3,0.81,137.71673473708702
2026-08-02 15:40:02.658439100+00:00,48.5087,22.818,0.0,1,-6.8,0.695,140.16420963531192
2026-08-02 15:40:02.727849+00:00,48.4873,22.8448,0.0,1,-23.7,0.956,139.62446998837774
2026-08-02 15:40:02.887493500+00:00,48.4869,22.8619,0.0,1,-12.4,0.781,140.41942389023527
2026-08-02 15:40:02.888701800+00:00,48.5078,22.8343,0.0,1,-7.2,0.895,140.8565518216183
2026-08-02 15:40:02.934026300+00:00,48.504,22.821,0.0,1,-13.6,0.822,139.9035587838095
2026-08-02 15:40:03.029344+00:00,48.5076,22.8225,0.0,1,-46.2,0.734,140.28183797805218
2026-08-02 15:41:01.904907700+00:00,48.4865,22.9676,7.0,2,6.3,0.644,145.65085589310132
2026-08-02 15:41:06.403498500+00:00,48.6737,20.5532,0.0,1,4.2,0.072,149.9605697960044
2026-08-02 15:41:23.835668400+00:00,48.5022,22.9855,8.3,2,6.7,0.549,147.8244621991011
2026-08-02 15:42:23.050159900+00:00,48.5103,22.7954,0.0,1,-12.7,0.788,139.24661803087423
2026-08-02 15:42:23.057224+00:00,48.5085,22.795,0.0,1,-52.8,0.705,139.07263011300887
2026-08-02 15:42:23.071025500+00:00,48.5025,22.7887,0.0,1,-7.5,0.85,138.26214519631395
2026-08-02 15:42:23.085058300+00:00,48.5011,22.8319,0.0,1,-14.7,0.31,140.17285282132343
2026-08-02 15:42:23.123842400+00:00,48.4975,22.7862,0.0,1,-13.6,0.751,137.71465935542182
2026-08-02 15:42:23.166616+00:00,48.4897,22.8242,0.0,1,-18.8,0.734,138.8388020108632
2026-08-02 15:42:23.167733300+00:00,48.5107,22.8301,0.0,1,-5.4,0.654,140.90508882700342
2026-08-02 15:42:23.251955400+00:00,48.5027,22.7756,0.0,1,-16.8,0.836,137.6729051555513
2026-08-02 15:42:23.309084700+00:00,48.5483,22.8338,0.0,1,-7.2,0.672,144.3102362726065
2026-08-02 15:43:37.455571300+00:00,48.5161,22.7961,0.0,1,-15.5,0.633,139.7805217238292
2026-08-02 15:43:37.483680700+00:00,48.513,22.7839,0.0,1,-20.2,0.639,138.9489408640323
2026-08-02 15:43:37.521938600+00:00,48.5056,22.802,0.0,1,-19.4,0.785,139.1487188377206
2026-08-02 15:43:37.915815400+00:00,48.5119,22.7792,0.0,1,-7.5,0.733,138.63723327541305
2026-08-02 15:43:37.916659500+00:00,48.5773,22.8465,0.0,1,8.9,0.404,147.41273753911426
2026-08-02 15:43:46.872311700+00:00,48.6738,20.5539,0.0,1,6.0,0.114,149.94231259871697
2026-08-02 15:43:46.899373800+00:00,48.6676,20.5544,0.0,1,4.2,0.136,149.3415997465031
2026-08-02 15:43:46.909792200+00:00,48.6655,20.5563,0.0,1,4.2,0.143,149.06971001991448
2026-08-02 15:44:34.377120200+00:00,48.4698,22.9484,0.0,1,5.0,0.639,143.33075258882852
2026-08-02 15:47:01.624523200+00:00,48.5157,22.8334,0.0,1,5.9,0.578,141.48776133601604
2026-08-02 15:47:01.660942500+00:00,48.4934,22.8334,0.0,1,-7.8,0.898,139.59146681257482
2026-08-02 15:47:37.537168900+00:00,48.5212,22.9933,6.2,2,-7.0,0.506,149.75396800644506
2026-08-02 15:48:31.666393300+00:00,48.5245,22.7616,0.0,1,-5.9,0.789,138.93667006522
2026-08-02 15:48:31.709169600+00:00,48.515,22.7668,0.0,1,-7.1,0.674,138.34006776924105
2026-08-02 15:48:31.762259100+00:00,48.528,22.7353,0.0,1,-14.1,0.609,138.06866119859566
2026-08-02 15:48:31.826185400+00:00,48.533,22.766,0.0,1,-16.5,0.592,139.88242479332965
2026-08-02 15:49:30.282602100+00:00,48.506,22.887,0.0,1,4.8,0.36,143.2356441344303
2026-08-02 15:49:43.696145900+00:00,48.5133,22.7512,0.0,1,7.7,0.498,137.4832343344614
2026-08-02 15:49:43.752080200+00:00,48.5066,22.7614,0.0,1,-15.0,0.563,137.3603008926125
2026-08-02 15:50:26.852162200+00:00,48.5282,22.8867,7.6,2,7.0,0.495,145.0843235761987
2026-08-02 15:51:28.240215800+00:00,48.5207,22.7786,0.0,1,-35.8,0.548,139.37595005228988
2026-08-02 15:51:28.287725500+00:00,48.5147,22.7522,0.0,1,-37.1,0.645,137.6513516523589
2026-08-02 15:51:28.671662400+00:00,48.5158,22.7547,0.0,1,-9.6,0.336,137.86093845705003
2026-08-02 15:51:28.786018600+00:00,48.5163,22.758,0.0,1,-23.8,0.605,138.054153121924
2026-08-02 15:51:28.851921800+00:00,48.5183,22.7646,0.0,1,-13.9,0.567,138.5286799969393
2026-08-02 15:52:22.363868+00:00,48.5124,22.7587,0.0,1,-27.3,0.75,137.74421907023296
2026-08-02 15:52:22.368784800+00:00,48.5397,22.8396,8.2,2,-4.6,0.869,143.83686971676096
2026-08-02 15:52:22.386422700+00:00,48.5109,22.7574,0.0,1,-10.4,0.557,137.55386556302435
2026-08-02 15:52:22.436049100+00:00,48.5404,22.7386,0.0,1,-13.9,0.561,139.316956673138
2026-08-02 15:52:22.504098700+00:00,48.5243,22.7973,0.0,1,-18.4,0.827,140.54664136910478
2026-08-02 15:52:22.574838300+00:00,48.5234,22.7895,0.0,1,-8.0,0.73,140.1100521073038
2026-08-02 15:52:22.659890400+00:00,48.522,22.7813,0.0,1,-25.2,0.632,139.61268682387072
2026-08-02 15:52:22.715906600+00:00,48.5232,22.7885,0.0,1,-13.2,0.682,140.04679507867337
2026-08-02 15:52:22.819679+00:00,48.5206,22.7793,0.0,1,-10.5,0.571,139.39920845746778
2026-08-02 15:52:22.838800100+00:00,48.5238,22.7929,0.0,1,-11.1,0.654,140.30089386937806
2026-08-02 15:52:22.882969700+00:00,48.523,22.7884,0.0,1,-9.8,0.594,140.02480624402946
2026-08-02 15:52:23.067685700+00:00,48.5279,22.8094,0.0,1,-7.0,1.019,141.41677879230448
2026-08-02 15:52:23.197302600+00:00,48.5228,22.7888,0.0,1,-11.8,0.756,140.02574707996746
2026-08-02 15:53:32.966002600+00:00,48.5239,22.7917,0.0,1,-37.7,0.171,140.25448413469417
2026-08-02 15:53:33.074064200+00:00,48.5288,22.7941,0.0,1,-22.0,0.751,140.79085432509206
2026-08-02 15:53:33.249442700+00:00,48.5292,22.7928,0.0,1,-21.0,0.728,140.76614908571
2026-08-02 15:53:33.415889800+00:00,48.5316,22.804,0.0,1,-6.9,0.58,141.48870525003034
2026-08-02 15:54:52.562999700+00:00,48.5103,22.7933,0.0,1,-9.7,0.342,139.14924278563146
2026-08-02 15:56:48.774204500+00:00,48.5154,22.7998,4.8,2,21.3,0.359,139.89127278041187
2026-08-02 15:56:48.782832400+00:00,48.5066,22.7773,0.0,1,-43.4,0.268,138.08954770348893
2026-08-02 15:56:48.787544+00:00,48.5136,22.8035,3.6,2,-6.6,0.577,139.90763179150267
2026-08-02 15:56:49.344264300+00:00,48.4722,22.8709,0.0,1,6.1,0.613,139.6384696928287
2026-08-02 15:56:49.374310100+00:00,48.4768,22.9402,0.0,1,-12.0,0.643,143.47771703113926
2026-08-02 15:58:05.269614400+00:00,48.5113,22.7548,0.0,1,-24.1,0.504,137.47085642396624
2026-08-02 15:58:05.293115900+00:00,48.5139,22.8043,0.0,1,-9.0,0.438,139.97070220999765
2026-08-02 16:06:14.358351900+00:00,48.0927,20.6836,0.0,1,3.2,0.061,94.11965839188613
2026-08-02 16:06:14.381550100+00:00,48.0961,20.6785,0.0,1,-3.6,0.051,94.65365990341522
2026-08-02 16:07:57.075046+00:00,48.6608,22.6916,6.4,2,5.8,0.891,148.36428429683727
2026-08-02 16:11:39.530754200+00:00,48.6557,22.6735,0.0,1,-4.6,0.604,147.1728012976844
2026-08-02 16:13:54.636976400+00:00,48.6465,22.652,0.0,1,-4.9,0.458,145.46700347932338
2026-08-02 16:13:54.806903300+00:00,48.6393,22.6165,0.0,1,-10.3,0.494,143.41968149576795
2026-08-02 16:13:54.838052600+00:00,48.6508,22.6807,0.0,1,-5.5,0.406,146.9961997084721
2026-08-02 16:17:47.204588400+00:00,48.127,20.6914,0.0,1,-4.8,0.063,96.24957171097164
2026-08-02 16:17:47.236812900+00:00,48.1327,20.6979,6.0,2,-5.1,0.088,96.33386011523253
2026-08-02 16:17:47.273233900+00:00,48.1305,20.7057,0.0,1,-2.9,0.079,95.74618100645263
2026-08-02 16:18:50.475294+00:00,48.6398,22.6338,0.0,1,9.8,0.384,144.12950580756836
2026-08-02 16:18:50.483309500+00:00,48.643,22.642,0.0,1,7.5,0.444,144.74877329868784
2026-08-02 16:19:30.309964800+00:00,48.1259,20.6877,0.0,1,3.2,0.122,96.36686088184649
2026-08-02 16:20:22.324081100+00:00,48.1346,20.7005,5.5,2,4.6,0.071,96.34019814918177
2026-08-02 16:20:22.338091700+00:00,48.1303,20.7014,0.0,1,5.1,0.065,95.96172341707158
2026-08-02 16:20:50.238499900+00:00,48.1352,20.6857,0.0,1,-5.8,0.077,97.1822495572446
2026-08-02 16:21:57.017134900+00:00,48.1296,20.7024,0.0,1,6.3,0.064,95.85430223852032
2026-08-02 16:22:11.618420500+00:00,48.1247,20.7012,0.0,1,5.1,0.088,95.54431043432976
2026-08-02 16:22:37.900652100+00:00,48.135,20.7025,0.0,1,-7.4,0.079,96.26386279979471
2026-08-02 16:22:37.908643200+00:00,48.1314,20.7011,0.0,1,-5.7,0.082,96.06220214748296
2026-08-02 16:22:38.075003300+00:00,48.1229,20.6772,2.8,2,4.1,0.015,96.71325075673302
2026-08-02 16:23:40.955775600+00:00,48.1333,20.6935,0.0,1,4.0,0.085,96.61653875220063
2026-08-02 16:23:40.957367600+00:00,48.1359,20.6843,4.8,2,2.9,0.019,97.31123429048144
2026-08-02 16:24:21.569570100+00:00,48.1289,20.6991,8.6,2,4.8,0.067,95.97833534878819
2026-08-02 16:24:51.326760500+00:00,48.1429,20.713,0.0,1,4.3,0.062,96.31760180410957
2026-08-02 16:24:51.389670100+00:00,48.1608,20.7318,0.0,1,3.6,0.104,96.74990439431151
2026-08-02 16:25:08.014129100+00:00,48.1388,20.6782,6.8,2,4.7,0.022,97.86182234002993
2026-08-02 16:25:08.082722200+00:00,48.1414,20.6875,0.0,1,4.9,0.062,97.55996902158789
2026-08-02 16:25:34.965143500+00:00,48.1401,20.6822,0.0,1,-2.4,0.103,97.74528855762068
2026-08-02 16:25:34.987888900+00:00,48.1432,20.6845,0.0,1,6.8,0.088,97.85918274347146
2026-08-02 16:26:11.725748100+00:00,48.1406,20.6908,7.1,2,17.8,0.058,97.321505233061
2026-08-02 16:26:11.765257900+00:00,48.1422,20.6904,8.3,2,25.1,0.085,97.4660206111055
2026-08-02 16:26:11.766297700+00:00,48.156,20.7154,6.4,2,4.4,0.087,97.21952704828911
2026-08-02 16:26:11.777401+00:00,48.1435,20.7123,0.0,1,7.0,0.091,96.40141898261498
2026-08-02 16:26:11.780161700+00:00,48.1434,20.7052,0.0,1,6.8,0.068,96.76976443963224
2026-08-02 16:26:11.790985600+00:00,48.1439,20.7035,0.0,1,4.6,0.11,96.89885948127456
2026-08-02 16:26:22.198949+00:00,48.1328,20.6688,0.0,1,-3.1,0.075,97.91721656257045
2026-08-02 16:26:38.950908300+00:00,48.1357,20.6736,0.0,1,6.2,0.087,97.87530168056807
2026-08-02 16:26:40.359814900+00:00,48.1373,20.7121,0.0,1,3.1,0.104,95.92963395854035
2026-08-02 16:26:40.543448500+00:00,48.1318,20.6727,0.0,1,-5.0,0.077,97.62917220071884
2026-08-02 16:26:53.558174400+00:00,48.1418,20.6935,0.0,1,10.4,0.084,97.26931911094168
2026-08-02 16:26:53.570489600+00:00,48.1439,20.6881,2.5,2,-3.4,0.02,97.72003222051495
2026-08-02 16:26:53.591951700+00:00,48.1293,20.6924,0.0,1,-6.4,0.054,96.37046948011803
2026-08-02 16:26:53.593121400+00:00,48.1504,20.7171,0.0,1,-3.4,0.074,96.68923608028447
2026-08-02 16:27:56.634951800+00:00,48.1404,20.6922,0.0,1,14.1,0.061,97.2310965928894
2026-08-02 16:27:56.642174100+00:00,48.1439,20.6949,0.0,1,-48.1,0.067,97.3566175066179
2026-08-02 16:27:56.642931900+00:00,48.1398,20.6904,0.0,1,-14.0,0.09,97.2814780342718
2026-08-02 16:27:56.651885300+00:00,48.1383,20.6954,0.0,1,-2.7,0.076,96.89809531650171
2026-08-02 16:27:56.660582600+00:00,48.1406,20.6912,0.0,1,12.0,0.083,97.30006508875677
2026-08-02 16:27:56.663581100+00:00,48.1485,20.7111,0.0,1,5.2,0.055,96.855493275868
2026-08-02 16:27:56.674932100+00:00,48.1393,20.6965,0.0,1,-4.7,0.067,96.9161883494254
2026-08-02 16:27:56.685215+00:00,48.1564,20.6624,0.0,1,-15.5,0.078,100.05864921021151
2026-08-02 16:27:56.686911600+00:00,48.1404,20.6956,0.0,1,-3.0,0.071,97.04909985922018
2026-08-02 16:28:11.077608900+00:00,48.1454,20.6802,9.2,2,9.6,0.086,98.25888077438232
2026-08-02 16:28:45.750334300+00:00,48.1356,20.7066,0.0,1,4.1,0.069,96.0909855075194
2026-08-02 16:28:45.756745100+00:00,48.1352,20.6958,0.0,1,3.1,0.061,96.63844682653229
2026-08-02 16:28:45.757371600+00:00,48.1352,20.6974,0.0,1,10.9,0.081,96.55255890015515
2026-08-02 16:28:45.771975600+00:00,48.1366,20.6851,0.0,1,11.7,0.078,97.32149437635499
2026-08-02 16:28:45.778264600+00:00,48.1402,20.6876,0.0,1,9.5,0.069,97.46249311190086
2026-08-02 16:28:45.787302200+00:00,48.1431,20.6846,0.0,1,8.5,0.069,97.84613773833749
2026-08-02 16:29:38.384808200+00:00,48.1474,20.6898,4.4,2,3.9,0.05,97.89916409323824
2026-08-02 16:29:38.396195300+00:00,48.1429,20.6992,3.6,2,3.5,0.009,97.05004476220203
2026-08-02 16:30:19.754627+00:00,48.1275,20.7402,0.0,1,-3.1,0.038,93.67808450911905
2026-08-02 16:30:19.765504100+00:00,48.1436,20.7055,0.0,1,5.8,0.051,96.76938466278948
2026-08-02 16:30:19.776395+00:00,48.1282,20.7293,0.0,1,-52.4,0.075,94.3094096775136
2026-08-02 16:30:19.777165300+00:00,48.135,20.7627,0.0,1,-5.2,0.076,93.09443113623296
2026-08-02 16:30:19.797350900+00:00,48.1309,20.6862,0.0,1,-4.1,0.101,96.8276972837915
2026-08-02 16:30:19.834098400+00:00,48.1492,20.6951,0.0,1,-3.4,0.051,97.75649239607472
2026-08-02 16:31:33.926143800+00:00,48.1455,20.7101,0.0,1,8.2,0.085,96.67376829436161
2026-08-02 16:31:33.927142400+00:00,48.1461,20.7074,0.0,1,-9.9,0.058,96.86333054845684
2026-08-02 16:31:33.928962800+00:00,48.1511,20.7096,5.6,2,5.1,0.065,97.13814113174335
2026-08-02 16:31:33.930386800+00:00,48.1491,20.7104,6.7,2,7.5,0.064,96.93934516388705
2026-08-02 16:31:33.933723+00:00,48.1446,20.7054,9.1,2,7.9,0.054,96.85244018000482
2026-08-02 16:31:33.938716300+00:00,48.1432,20.707,0.0,1,7.6,0.057,96.65871370307883
2026-08-02 16:31:33.940105600+00:00,48.1448,20.7055,0.0,1,3.4,0.096,96.86269667992308
2026-08-02 16:31:33.943615800+00:00,48.1452,20.703,0.0,1,5.0,0.052,97.02639217829558
2026-08-02 16:31:33.950117100+00:00,48.1421,20.7035,0.0,1,7.0,0.072,96.75918973982333
2026-08-02 16:32:07.468305800+00:00,48.1467,20.7082,5.8,2,-6.3,0.035,96.86783289083252
2026-08-02 16:32:07.471975400+00:00,48.149,20.6992,8.3,2,6.9,0.051,97.52340308393543
2026-08-02 16:32:37.733356200+00:00,48.1219,20.6928,0.0,1,6.4,0.066,95.78675641612378
2026-08-02 16:32:37.744350900+00:00,48.1241,20.7043,4.5,2,4.3,0.027,95.33117264525909
2026-08-02 16:32:37.797147+00:00,48.1404,20.702,0.0,1,-4.4,0.07,96.70739501377719
2026-08-02 16:32:59.314397+00:00,48.1263,20.6911,4.2,2,3.6,0.042,96.21265822411874
2026-08-02 16:32:59.358887700+00:00,48.1362,20.7038,0.0,1,2.3,0.075,96.28684789951068
2026-08-02 16:32:59.589041200+00:00,48.0819,20.755,0.0,1,-32.6,0.068,89.37560470640429
2026-08-02 16:33:31.145796500+00:00,48.1477,20.7041,5.8,2,-5.9,0.063,97.16265282715285
2026-08-02 16:33:31.159045700+00:00,48.1449,20.7,0.0,1,5.9,0.086,97.16243825799457
2026-08-02 16:33:31.169420700+00:00,48.147,20.7119,0.0,1,4.3,0.061,96.69594758790308
2026-08-02 16:33:31.314041300+00:00,48.1446,20.6966,0.0,1,2.7,0.103,97.32012859497412
2026-08-02 16:33:52.247699900+00:00,48.1342,20.6851,0.0,1,3.1,0.065,97.13840119681124
2026-08-02 16:33:52.272547+00:00,48.1312,20.6863,0.0,1,4.0,0.077,96.84509606628801
2026-08-02 16:34:17.080963700+00:00,48.1285,20.6815,0.0,1,18.8,0.059,96.90073173832106
2026-08-02 16:34:17.100938200+00:00,48.1266,20.6869,0.0,1,3.4,0.07,96.46335642116249
2026-08-02 16:34:29.262606500+00:00,48.1237,20.6846,0.0,1,-4.4,0.079,96.36922128542197
2026-08-02 16:34:29.263081200+00:00,48.1258,20.6873,0.0,1,-2.9,0.062,96.38102220848124
2026-08-02 16:34:29.275111300+00:00,48.1326,20.6749,0.0,1,-3.9,0.051,97.56988719094997
2026-08-02 16:34:29.377015900+00:00,48.1346,20.7208,0.0,1,-11.4,0.076,95.25800984872028
2026-08-02 16:34:29.377634600+00:00,48.1319,20.6894,0.0,1,-5.5,0.079,96.73074967955216
2026-08-02 16:34:29.428492600+00:00,48.1324,20.6917,0.0,1,-8.5,0.066,96.64474784086298
2026-08-02 16:34:29.429029+00:00,48.1298,20.7065,0.0,1,-3.3,0.061,95.64947461640115
2026-08-02 16:34:29.429636100+00:00,48.132,20.6896,0.0,1,-12.5,0.067,96.72757080149427
2026-08-02 16:35:04.523527500+00:00,48.1302,20.6848,6.0,2,2.7,0.115,96.85037648672268
2026-08-02 16:35:04.542079300+00:00,48.132,20.6834,5.1,2,3.9,0.042,97.06297807900295
2026-08-02 16:35:04.554235400+00:00,48.129,20.6842,0.0,1,3.6,0.08,96.79188707721788
2026-08-02 16:35:04.710498900+00:00,48.1445,20.6846,0.0,1,2.9,0.078,97.95369563169055
2026-08-02 16:35:35.220489900+00:00,48.131,20.6724,0.0,1,-10.7,0.081,97.5851429805241
2026-08-02 16:35:35.271706300+00:00,48.1342,20.6903,0.0,1,3.0,0.067,96.8577604230993
2026-08-02 16:36:11.184197900+00:00,48.1681,20.6132,0.0,1,-46.7,0.074,103.61048329869048
2026-08-02 16:36:11.227503600+00:00,48.1674,20.6138,0.0,1,-7.0,0.069,103.5249958670484
2026-08-02 16:36:11.227986700+00:00,48.1243,20.6755,0.0,1,-4.3,0.077,96.91144656059977
2026-08-02 16:36:38.081719800+00:00,48.1373,20.6957,7.6,2,4.2,0.062,96.80511245113192
2026-08-02 16:37:01.850284700+00:00,48.1363,20.7,0.0,1,-10.4,0.077,96.49780137492381
2026-08-02 16:37:47.556216500+00:00,48.1487,20.6986,5.6,2,12.3,0.037,97.53188334937359
2026-08-02 16:37:47.559456600+00:00,48.1476,20.6938,3.8,2,3.9,0.01,97.70152280437257
2026-08-02 16:37:47.581010300+00:00,48.1488,20.7018,0.0,1,4.9,0.069,97.37010117523064
2026-08-02 16:39:12.782280700+00:00,48.1256,20.6759,0.0,1,-5.0,0.084,96.98728531671345
2026-08-02 16:39:12.783124300+00:00,48.1267,20.6737,4.1,2,4.3,0.043,97.19028634612752
2026-08-02 16:39:12.786102900+00:00,48.1237,20.6728,0.0,1,7.7,0.081,97.01432785955781
2026-08-02 16:39:12.790745200+00:00,48.1285,20.6745,7.5,2,7.0,0.049,97.28209257886529
2026-08-02 16:39:12.791214500+00:00,48.1284,20.6769,0.0,1,7.1,0.065,97.14364630473833
2026-08-02 16:39:12.793340700+00:00,48.127,20.6848,0.0,1,8.7,0.116,96.60777049467372
2026-08-02 16:39:12.800855500+00:00,48.1343,20.6906,0.0,1,8.1,0.55,96.84923732614892
2026-08-02 16:39:12.811569400+00:00,48.1273,20.6803,0.0,1,5.1,0.053,96.8753298901235
2026-08-02 16:40:43.517054600+00:00,48.1371,20.7018,7.2,2,3.5,0.035,96.46316366762613
2026-08-02 16:40:43.530626+00:00,48.1336,20.6953,0.0,1,10.3,0.077,96.54263599789643
2026-08-02 16:40:43.531663400+00:00,48.1316,20.692,0.0,1,5.8,0.073,96.56747970709493
2026-08-02 16:40:43.544735600+00:00,48.1366,20.6877,4.9,2,5.5,0.039,97.18135243077381
2026-08-02 16:42:47.438739100+00:00,48.1498,20.6976,0.0,1,20.5,0.078,97.67045338800833
2026-08-02 16:42:47.443691500+00:00,48.1581,20.7059,0.0,1,-59.4,0.062,97.88215591395601
2026-08-02 16:42:47.445071500+00:00,48.1525,20.6965,0.0,1,-23.5,0.077,97.93890363035683
2026-08-02 16:42:47.451816+00:00,48.1498,20.7025,0.0,1,-6.2,0.083,97.41100965336236
2026-08-02 16:42:47.456468300+00:00,48.1433,20.6868,0.0,1,-10.8,0.088,97.74350937494387
2026-08-02 16:42:47.458117600+00:00,48.1389,20.6922,0.0,1,-10.9,0.059,97.1157745583158
2026-08-02 16:42:47.459573700+00:00,48.1364,20.6866,0.0,1,-29.7,0.073,97.2253350604193
2026-08-02 16:42:47.469070600+00:00,48.1394,20.676,0.0,1,-5.4,0.055,98.0264380304341
2026-08-02 16:42:47.490629100+00:00,48.1272,20.6834,0.0,1,4.5,0.083,96.69903429547719
2026-08-02 16:42:47.492007200+00:00,48.1373,20.6958,0.0,1,-21.0,0.063,96.79975125735976
2026-08-02 16:42:47.516108900+00:00,48.1546,20.7009,0.0,1,-29.1,0.077,97.87042406121826
2026-08-02 16:45:34.346443700+00:00,48.139,20.685,0.0,1,2.7,0.117,97.5103574978513
2026-08-02 16:45:34.347116800+00:00,48.1415,20.6856,6.0,2,4.6,0.063,97.66964891445741
2026-08-02 16:45:34.348077500+00:00,48.1368,20.6869,0.0,1,3.0,0.123,97.23974415448977
2026-08-02 16:45:34.349499900+00:00,48.1398,20.686,5.3,2,4.6,0.077,97.51781273339785
2026-08-02 16:45:34.355863400+00:00,48.1431,20.6843,0.0,1,11.5,0.094,97.86223962897391
2026-08-02 16:48:13.005361300+00:00,47.4939,23.5388,0.0,1,-12.1,0.385,143.61877732292908
2026-08-02 17:01:49.548517800+00:00,47.4923,23.5211,0.0,1,9.0,0.509,142.2976275287353
2026-08-02 17:04:02.410787900+00:00,47.46,23.5301,0.0,1,-15.9,0.475,143.17188642250403
2026-08-02 17:04:02.428080100+00:00,47.4602,23.5233,0.0,1,-6.9,0.568,142.66033614888735
2026-08-02 17:04:02.429694100+00:00,47.4517,23.5469,0.0,1,-10.4,0.326,144.49718731785373
2026-08-02 17:04:02.479960600+00:00,47.4267,23.5435,0.0,1,-11.6,0.528,144.4742248878934
2026-08-02 17:04:02.591880300+00:00,47.4575,23.5628,0.0,1,-10.5,0.31,145.64356949813546
2026-08-02 17:05:37.112870600+00:00,47.4305,23.4871,0.0,1,-13.0,0.304,140.2106772629681
2026-08-02 17:05:37.260512800+00:00,47.4328,23.4749,0.0,1,-13.4,0.6,139.27345938540978
2026-08-02 17:06:36.394841900+00:00,47.4194,23.5574,0.0,1,-14.2,0.53,145.59271362076223
2026-08-02 17:12:05.833640+00:00,47.3907,23.4413,0.0,1,4.5,0.478,137.26629000102858
2026-08-02 17:12:06.170901800+00:00,47.4502,23.5373,0.0,1,-26.8,0.412,143.78977227886892
2026-08-02 17:14:06.529870100+00:00,47.4435,23.5137,0.0,1,12.2,0.469,142.07871033553818
2026-08-02 17:14:06.536796800+00:00,47.4442,23.5203,0.0,1,8.6,0.564,142.5671498870847
2026-08-02 17:15:51.032632800+00:00,47.4417,23.5429,11.4,2,-5.4,0.575,144.2836787473829
2026-08-02 17:15:51.033833600+00:00,47.4376,23.5226,0.0,1,-6.9,0.668,142.80031386325814
2026-08-02 17:15:51.041236100+00:00,47.4387,23.528,0.0,1,7.4,0.328,143.19461154729262
2026-08-02 17:23:36.520153400+00:00,47.8924,19.7227,0.0,1,3.6,0.155,148.03440284415183
2026-08-02 17:25:26.377620700+00:00,47.4068,23.3804,0.0,1,7.7,0.536,132.49976679442847
2026-08-02 17:27:21.643905100+00:00,47.4107,23.4598,8.7,2,-24.9,0.373,138.38827892930937
2026-08-02 17:27:21.658076900+00:00,47.4091,23.4631,0.0,1,5.6,0.39,138.6545823842531
2026-08-02 17:27:49.770285100+00:00,47.8907,19.7207,0.0,1,2.5,0.079,148.12961532368257
2026-08-02 17:29:53.941183800+00:00,47.3507,23.3789,0.0,1,-29.4,0.409,133.25540378540063
2026-08-02 17:29:54.080707500+00:00,47.3494,23.3931,0.0,1,-6.0,0.209,134.33446773238808
2026-08-02 17:31:15.805560400+00:00,47.8979,19.7489,0.0,1,7.4,0.102,146.31055156770265
2026-08-02 17:31:15.812804700+00:00,47.8931,19.7498,0.0,1,3.9,0.073,146.10438385051356
2026-08-02 17:32:23.378108500+00:00,47.3551,23.425,0.0,1,-21.8,0.339,136.6067336157983
2026-08-02 17:32:23.562026300+00:00,47.3524,23.4307,0.0,1,-7.7,0.266,137.07768693112584
2026-08-02 17:33:22.200026100+00:00,47.9009,19.7479,0.0,1,5.6,0.132,146.4716712287646
2026-08-02 17:34:18.841587+00:00,47.3134,23.3714,0.0,1,-22.2,0.34,133.43521760542708
2026-08-02 17:37:47.309417800+00:00,47.8736,19.7394,0.0,1,3.4,0.084,146.2995362670619
2026-08-02 17:40:02.487050100+00:00,47.3994,23.4389,0.0,1,9.2,0.236,136.96868079161734
2026-08-02 17:42:00.874997900+00:00,47.3406,23.329,0.0,1,-21.5,0.355,129.73830040323207
2026-08-02 17:46:33.457061100+00:00,47.3747,23.4756,0.0,1,-5.3,0.42,140.0596109190751
2026-08-02 23:27:40.307275800+00:00,48.0014,20.0892,0.0,1,21.3,0.074,126.26736530127506
2026-08-02 23:27:40.307813600+00:00,48.0016,20.0886,0.0,1,13.2,0.07,126.31718722677586
2026-08-02 23:27:40.393708600+00:00,48.0567,20.1259,0.0,1,-4.7,0.072,126.44037816072286
2026-08-02 23:35:20.563165100+00:00,47.991,20.1036,0.0,1,-36.9,0.057,124.8210856518067
2026-08-02 23:35:20.563927800+00:00,47.9896,20.1066,0.0,1,-14.9,0.047,124.55419882560001
2026-08-02 23:35:20.564598300+00:00,47.9894,20.0978,0.0,1,3.3,0.082,125.14589528433214
2026-08-02 23:35:20.567130600+00:00,48.0037,20.0969,0.0,1,4.3,0.12,125.84783921436346
2026-08-02 23:35:20.576442600+00:00,47.9894,20.104,0.0,1,-3.6,0.078,124.72269426652156
2026-08-02 23:35:20.708849200+00:00,47.968,20.1872,0.0,1,-16.6,0.059,118.09515984396211
2026-08-02 23:37:26.459606800+00:00,47.9933,20.1078,0.0,1,8.7,0.067,124.63754656623219
2026-08-02 23:37:26.459976800+00:00,47.9932,20.1081,0.0,1,-11.1,0.068,124.61263451884982
2026-08-02 23:37:26.460565800+00:00,47.9908,20.1048,0.0,1,10.1,0.063,124.73034952028158
2026-08-02 23:37:26.466565+00:00,47.9913,20.1115,0.0,1,4.1,0.067,124.2959779508826
2026-08-02 23:37:26.467042600+00:00,47.9959,20.1043,0.0,1,2.8,0.089,124.99249438575833
2026-08-02 23:37:26.470878100+00:00,47.9977,20.1079,0.0,1,4.5,0.062,124.82867581114466
2026-08-03 00:12:07.781089200+00:00,47.9501,19.7892,0.0,1,-29.9,0.05,145.10699728059012
2026-08-03 00:12:07.781369700+00:00,47.9517,19.7914,0.0,1,12.8,0.122,145.00640637062693
2026-08-03 00:12:07.782056100+00:00,47.9494,19.789,0.0,1,4.4,0.035,145.09710112078037
2026-08-03 00:12:07.797316500+00:00,47.9495,19.7876,0.0,1,8.3,0.073,145.19970659212956
2026-08-03 00:33:51.752145800+00:00,47.9285,19.8076,0.0,1,18.3,0.063,143.07236733517226
2026-08-03 00:33:51.836997800+00:00,47.9316,19.7983,0.0,1,-5.6,0.064,143.8364493790124
2026-08-03 10:56:41.320975400+00:00,47.9248,19.844,0.0,1,9.0,0.075,140.36121268930737
2026-08-03 11:01:24.439828900+00:00,47.8948,19.8034,0.0,1,-3.3,0.075,142.30487805284795
2026-08-03 11:03:25.715571700+00:00,47.8981,19.7938,0.0,1,-3.8,0.101,143.09356543220827
2026-08-03 11:04:42.796147400+00:00,47.9321,19.7692,0.0,1,-13.4,0.052,145.92388120353488
2026-08-03 11:05:19.093862900+00:00,47.902,19.7605,0.0,1,-13.5,0.089,145.60028521199843
2026-08-03 11:05:19.126711100+00:00,47.911,19.7997,0.0,1,-11.8,0.052,143.07061681019232
2026-08-03 11:06:01.131289200+00:00,47.8994,19.7801,0.0,1,-4.8,0.097,144.11558713717017
2026-08-03 11:06:01.144237500+00:00,47.9005,19.7824,0.0,1,-4.5,0.075,143.98400725784802
2026-08-03 11:06:01.153301+00:00,47.9076,19.7882,0.0,1,-23.9,0.064,143.78671061527626
2026-08-03 11:06:01.183565700+00:00,47.9079,19.7858,0.0,1,-13.1,0.071,143.96779736911915
2026-08-03 11:06:30.604708100+00:00,47.9007,19.7942,0.0,1,2.9,0.102,143.14421100662517
2026-08-03 11:06:30.632193100+00:00,47.9116,19.7912,0.0,1,-10.3,0.059,143.69710690119314
2026-08-03 11:08:00.337810+00:00,47.8912,19.7879,0.0,1,-13.9,0.071,143.30952177608506
2026-08-03 11:08:00.412194900+00:00,47.8814,19.7557,0.0,1,-15.2,0.072,145.341695505468
2026-08-03 11:08:55.278154600+00:00,47.9076,19.7604,0.0,1,-11.7,0.075,145.77759523652225
2026-08-03 11:08:55.359652+00:00,47.9066,19.7614,0.0,1,-17.8,0.077,145.67535965780726
2026-08-03 11:08:55.400683+00:00,47.9077,19.7605,0.0,1,-10.0,0.095,145.7734900082348
2026-08-03 11:08:55.464051800+00:00,47.9079,19.7603,0.0,1,-3.6,0.087,145.79394447350825
2026-08-03 11:09:47.459002900+00:00,47.8967,19.7576,0.0,1,-4.4,0.076,145.64986418351447
2026-08-03 11:09:47.527670100+00:00,47.9096,19.7685,0.0,1,-15.3,0.051,145.2588875677455
2026-08-03 11:09:47.576058800+00:00,47.91,19.7683,0.0,1,-7.6,0.042,145.2855692772091
2026-08-03 11:11:02.293788500+00:00,47.905,19.7528,0.0,1,-5.4,0.074,146.24331925884266
2026-08-03 11:11:02.294418+00:00,47.9084,19.7577,0.0,1,-3.7,0.118,145.99555631703498
2026-08-03 11:11:02.371643500+00:00,47.904,19.7498,0.0,1,-22.9,0.045,146.42832285163144
2026-08-03 11:11:02.372171100+00:00,47.8551,19.7437,0.0,1,-4.3,0.074,145.49090395223445
2026-08-03 11:11:02.422201300+00:00,47.9047,19.7505,0.0,1,-23.2,0.07,146.39922784226988
2026-08-03 11:12:41.077991800+00:00,47.9108,19.782,3.9,2,6.6,0.022,144.32997859407396
2026-08-03 11:13:32.613191700+00:00,47.8947,19.7486,0.0,1,-3.3,0.103,146.23763148963
2026-08-03 11:13:32.614071900+00:00,47.8992,19.7513,0.0,1,-20.1,0.079,146.17678387292926
2026-08-03 11:13:32.614444800+00:00,47.9025,19.7535,0.0,1,-9.8,0.054,146.11764570706995
2026-08-03 11:13:32.616617+00:00,47.9157,19.7716,0.0,1,3.4,0.051,145.22715734390727
2026-08-03 11:13:32.634221300+00:00,47.8984,19.7514,0.0,1,-5.0,0.072,146.14578986508872
2026-08-03 11:13:32.718891600+00:00,47.9044,19.7706,0.0,1,-7.6,0.048,144.94878010108405
2026-08-03 11:13:32.825230400+00:00,47.907,19.7918,0.0,1,-6.8,0.044,143.510421508313
2026-08-03 11:15:18.684071500+00:00,47.9109,19.78,0.0,1,3.6,0.112,144.47617549348945
2026-08-03 11:15:18.740645600+00:00,47.9106,19.7856,6.1,2,2.8,0.088,144.06621733477388
2026-08-03 11:15:42.936592700+00:00,47.9063,19.7647,7.1,2,4.3,0.026,145.42968398188722
2026-08-03 11:15:42.954278900+00:00,47.9114,19.7681,0.0,1,2.6,0.11,145.34324807352735
2026-08-03 11:15:58.113798100+00:00,47.9088,19.7491,0.0,1,-5.0,0.074,146.62409742426942
2026-08-03 11:15:58.114407+00:00,47.9073,19.7505,0.0,1,-4.0,0.068,146.47804451446441
2026-08-03 11:15:58.130079100+00:00,47.9078,19.749,0.0,1,19.7,0.084,146.60079563079074
2026-08-03 11:15:58.137532+00:00,47.9095,19.7457,0.0,1,-2.1,0.098,146.88914684944564
2026-08-03 11:15:58.183138900+00:00,47.9232,19.7729,0.0,1,6.7,0.101,145.3722552180089
2026-08-03 11:15:58.221672800+00:00,47.9314,19.7554,0.0,1,-7.7,0.057,146.88432482821352
2026-08-03 11:15:58.286213800+00:00,47.9212,19.7747,0.0,1,-8.1,0.062,145.17985374844213
2026-08-03 11:16:38.255407400+00:00,47.9048,19.7531,0.0,1,-6.8,0.087,146.2157478124911
2026-08-03 11:17:14.942286500+00:00,47.9138,19.7734,7.8,2,6.2,0.055,145.03886659716596
2026-08-03 11:17:47.087919500+00:00,47.9161,19.7571,0.0,1,-2.8,0.057,146.2765577999472
2026-08-03 11:17:47.088340300+00:00,47.9156,19.7583,0.0,1,-5.3,0.072,146.17511987649206
2026-08-03 11:17:47.115569300+00:00,47.9122,19.7741,0.0,1,-11.0,0.05,144.9388040688178
2026-08-03 11:17:47.160177600+00:00,47.924,19.7957,0.0,1,-9.0,0.061,143.7722030132426
2026-08-03 11:18:13.360203500+00:00,47.9141,19.767,0.0,1,3.2,0.136,145.50598577475841
2026-08-03 11:19:07.342203600+00:00,47.9138,19.7464,0.0,1,-3.7,0.087,146.97093286415952
2026-08-03 11:19:07.362332+00:00,47.9059,19.7745,0.0,1,-41.0,0.047,144.7152153422709
2026-08-03 11:19:07.376371300+00:00,47.9146,19.7431,0.0,1,-7.5,0.074,147.23190034517157
2026-08-03 11:19:07.377053400+00:00,47.9151,19.7725,0.0,1,-4.6,0.109,145.14397136935767
2026-08-03 11:19:07.384798300+00:00,47.9177,19.7637,0.0,1,-11.4,0.059,145.85475032870988
2026-08-03 11:19:47.346086500+00:00,47.913,19.7644,0.0,1,2.1,0.088,145.65772855449376
2026-08-03 11:20:39.748427200+00:00,47.915,19.771,0.0,1,-4.4,0.102,145.24808161470892
2026-08-03 11:20:39.752943200+00:00,47.911,19.7804,0.0,1,-10.4,0.082,144.4506790606255
2026-08-03 11:20:39.821137+00:00,47.9135,19.7427,0.0,1,-12.3,0.063,147.22664528907575
2026-08-03 11:20:39.824689+00:00,47.915,19.771,0.0,1,-6.1,0.11,145.24808161470892
2026-08-03 11:20:39.875677300+00:00,47.9122,19.7641,0.0,1,-16.9,0.097,145.65435280049095
2026-08-03 11:22:03.188504600+00:00,47.9214,19.7567,4.8,2,7.6,0.041,146.4716415560799
2026-08-03 11:22:03.190590400+00:00,47.9194,19.763,7.4,2,5.3,0.033,145.95833732575463
2026-08-03 11:23:06.334283200+00:00,47.9334,19.8276,0.0,1,-6.8,0.093,141.81498934242006
2026-08-03 11:23:06.382907100+00:00,47.958,19.8864,0.0,1,-23.6,0.073,138.53159386719724
2026-08-03 11:23:06.383595500+00:00,47.9348,19.8759,0.0,1,-5.4,0.052,138.44023334864272
2026-08-03 11:23:47.316529500+00:00,47.9274,19.8219,0.0,1,-3.8,0.087,142.0188635905711
2026-08-03 11:25:29.899983100+00:00,47.9278,19.7446,0.0,1,-5.0,0.083,147.53895429220907
2026-08-03 11:26:36.483009700+00:00,47.9153,19.7748,0.0,1,-3.0,0.117,144.98582884713682
2026-08-03 11:27:49.569406900+00:00,47.9019,19.8338,5.2,2,6.0,0.039,140.34641719310483
2026-08-03 11:27:49.572467+00:00,47.9046,19.8315,4.7,2,6.1,0.036,140.59583901228228
2026-08-03 11:29:03.415089100+00:00,47.9172,19.7585,0.0,1,4.4,0.069,146.21082457403344
2026-08-03 11:29:03.420675700+00:00,47.9079,19.7875,0.0,1,-5.3,0.096,143.84612911525556
2026-08-03 11:29:03.477876500+00:00,47.9269,19.7435,0.0,1,-15.2,0.044,147.58880047272675
2026-08-03 11:29:03.522896400+00:00,47.9067,19.7806,0.0,1,-3.1,0.13,144.30292330882006
2026-08-03 11:29:03.526646+00:00,47.9287,19.8025,0.0,1,-3.1,0.042,143.44182106772502
2026-08-03 11:29:03.529341+00:00,47.9159,19.8154,0.0,1,-3.8,0.13,142.1056824117063
2026-08-03 11:29:03.545166600+00:00,47.9102,19.8302,0.0,1,-7.2,0.059,140.8666616038907
2026-08-03 11:30:24.815518500+00:00,47.9281,19.7439,0.0,1,-9.5,0.066,147.59848935298086
2026-08-03 11:30:24.884819700+00:00,47.9082,19.746,0.0,1,-24.7,0.048,146.82804246020422
2026-08-03 11:30:24.931719400+00:00,47.9031,19.7685,0.0,1,-3.9,0.102,145.05975312777016
2026-08-03 11:30:24.958931700+00:00,47.9234,19.7764,0.0,1,-22.3,0.034,145.12894905270602
2026-08-03 11:30:24.959507500+00:00,47.9075,19.7776,0.0,1,-3.9,0.092,144.54244295004236
2026-08-03 11:30:25.009787+00:00,47.9196,19.7455,0.0,1,-12.1,0.056,147.2155511448595
2026-08-03 11:30:25.012151300+00:00,47.9031,19.8069,0.0,1,-2.7,0.057,142.30853536242608
2026-08-03 11:31:46.831493800+00:00,47.9168,19.7507,0.0,1,-4.6,0.131,146.7562020622413
2026-08-03 11:31:46.831953200+00:00,47.9159,19.7533,0.0,1,-6.0,0.06,146.54216367305625
2026-08-03 11:31:46.842748100+00:00,47.9173,19.7497,0.0,1,4.1,0.063,146.8433225749662
2026-08-03 11:31:46.852702700+00:00,47.9184,19.7415,3.7,2,-4.3,0.025,147.46419983811694
2026-08-03 11:31:46.889865300+00:00,47.9258,19.7714,0.0,1,-8.8,0.057,145.56276854493856
2026-08-03 11:31:46.981221200+00:00,47.927,19.7433,0.0,1,-10.8,0.036,147.60626119312988
2026-08-03 11:32:27.554728500+00:00,47.9125,19.8618,10.3,2,-4.6,0.116,138.68790264204517
2026-08-03 11:32:27.563799100+00:00,47.9112,19.8376,0.0,1,3.1,0.112,140.37070079471172
2026-08-03 11:33:38.247104800+00:00,47.9187,19.7542,0.0,1,-16.0,0.05,146.565290066023
2026-08-03 11:33:38.430817500+00:00,47.91,19.7662,0.0,1,-23.7,0.069,145.43592406447462
2026-08-03 11:33:38.481410900+00:00,47.9441,19.7928,0.0,1,-4.3,0.127,144.64664557888668
2026-08-03 11:33:38.481863900+00:00,47.9114,19.767,0.0,1,-12.0,0.062,145.42197867342568
2026-08-03 11:33:38.541831900+00:00,47.9102,19.7674,0.0,1,-6.9,0.04,145.3561878337382
2026-08-03 11:33:55.172741+00:00,47.9044,19.8438,0.0,1,3.2,0.127,139.710605508633
2026-08-03 11:34:24.087007800+00:00,47.9192,19.759,0.0,1,7.5,0.102,146.2378830219342
2026-08-03 11:34:24.097625100+00:00,47.9202,19.7614,0.0,1,-6.0,0.088,146.09792474139456
2026-08-03 11:34:46.676526900+00:00,47.9182,19.7747,0.0,1,-12.5,0.04,145.08449123485568
2026-08-03 11:34:46.732802700+00:00,47.9057,19.7672,0.0,1,-13.0,0.068,145.23217458317367
2026-08-03 11:35:31.344845700+00:00,47.9083,19.8497,0.0,1,-4.3,0.121,139.41410316289753
2026-08-03 11:35:31.349261300+00:00,47.9098,19.8456,4.4,2,5.0,0.066,139.75490974932328
2026-08-03 11:35:44.134260500+00:00,47.9173,19.7537,0.0,1,-14.4,0.066,146.5572159292054
2026-08-03 11:35:44.180971200+00:00,47.9257,19.739,0.0,1,-19.7,0.101,147.8720685610411
2026-08-03 11:35:44.239269500+00:00,47.9048,19.7731,0.0,1,-12.0,0.056,144.78182098767363
2026-08-03 11:35:44.289209300+00:00,47.9046,19.7734,0.0,1,-3.8,0.154,144.75420423756265
2026-08-03 11:35:44.394112700+00:00,47.8863,19.7635,0.0,1,-3.3,0.101,144.92046224595114
2026-08-03 11:35:44.462505200+00:00,47.9041,19.7732,0.0,1,-12.1,0.06,144.7532597163397
2026-08-03 11:36:36.869253900+00:00,47.8858,19.8468,0.0,1,-4.2,0.145,138.91864911907672
2026-08-03 11:36:36.895632+00:00,47.8857,19.8523,0.0,1,-42.5,0.07,138.52104736916607
2026-08-03 11:37:24.360137200+00:00,47.9025,19.8461,0.0,1,-4.6,0.095,139.4860307792078
2026-08-03 11:37:24.361158300+00:00,47.9009,19.8463,0.0,1,-5.1,0.066,139.4211970778979
2026-08-03 11:37:24.446923500+00:00,47.8916,19.8868,0.0,1,-22.6,0.067,136.23252357967158
2026-08-03 11:37:24.498503300+00:00,47.9069,19.8229,0.0,1,4.2,0.07,141.28312019839936
2026-08-03 11:37:24.578112+00:00,47.8951,19.8856,0.0,1,-10.7,0.054,136.42893262541682
2026-08-03 11:37:24.619983600+00:00,47.8948,19.886,0.0,1,-8.3,0.064,136.3908303543115
2026-08-03 11:38:52.439029800+00:00,47.905,19.8468,0.0,1,-5.1,0.076,139.5154196205705
2026-08-03 11:38:52.441115600+00:00,47.9037,19.8466,0.0,1,-15.5,0.118,139.48835013100668
2026-08-03 11:38:52.443062100+00:00,47.9049,19.8486,3.2,2,10.5,0.035,139.3836901215174
2026-08-03 11:38:52.443304+00:00,47.903,19.8475,5.0,2,3.2,0.066,139.40183648149457
2026-08-03 11:38:52.444978300+00:00,47.9014,19.8488,6.5,2,3.1,0.058,139.25828087038553
2026-08-03 11:38:52.445852600+00:00,47.8994,19.8437,5.2,2,4.9,0.064,139.5599536088735
2026-08-03 11:38:52.447836700+00:00,47.8973,19.8521,7.4,2,2.5,0.075,138.89330231611785
2026-08-03 11:38:52.466592200+00:00,47.9026,19.8411,0.0,1,4.3,0.112,139.84653579886373
2026-08-03 11:38:52.723176300+00:00,47.904,19.8492,3.6,2,-5.7,0.035,139.31216758695234
2026-08-03 11:39:33.726336400+00:00,47.9041,19.8392,0.0,1,29.1,0.096,140.029744919863
2026-08-03 11:39:33.726524300+00:00,47.9029,19.8394,0.0,1,10.3,0.093,139.9775169822896
2026-08-03 11:39:33.741634900+00:00,47.9055,19.8429,0.0,1,-9.2,0.145,139.8098713077623
2026-08-03 11:39:33.749040+00:00,47.9033,19.8418,0.0,1,-10.3,0.1,139.8186308753975
2026-08-03 11:39:33.750176800+00:00,47.8976,19.8476,0.0,1,-12.8,0.089,139.22460761046034
2026-08-03 11:39:33.786915200+00:00,47.911,19.8454,0.0,1,-24.6,0.088,139.8079117334172
2026-08-03 11:39:33.787517100+00:00,47.9099,19.8489,0.0,1,-4.5,0.069,139.52275889805716
2026-08-03 11:39:34.004462700+00:00,47.9149,19.8476,0.0,1,-45.5,0.076,139.77788053157
2026-08-03 11:39:34.063943+00:00,47.9116,19.8451,0.0,1,-18.2,0.078,139.84871383401574
2026-08-03 11:39:34.064612900+00:00,47.9066,19.8105,0.0,1,6.3,0.103,142.16013339171172
2026-08-03 11:39:34.100121500+00:00,47.911,19.8445,0.0,1,-20.2,0.07,139.87209467356288
2026-08-03 11:39:34.127973100+00:00,47.9112,19.8447,0.0,1,-8.4,0.086,139.86429624918156
2026-08-03 11:41:03.921005600+00:00,48.076,19.7948,0.0,1,-4.0,0.077,149.64744945772534
2026-08-03 11:41:26.238258700+00:00,47.884,19.842,0.0,1,-7.8,0.073,139.20882567328815
2026-08-03 11:41:26.240999300+00:00,47.8819,19.8412,0.0,1,11.8,0.173,139.20333578034447
2026-08-03 11:41:26.245337400+00:00,47.8848,19.851,5.9,2,3.3,0.057,138.58701269319852
2026-08-03 11:41:26.252447400+00:00,47.8871,19.8442,5.6,2,7.4,0.026,139.14459862507607
2026-08-03 11:41:44.077757300+00:00,47.9029,19.8453,0.0,1,-5.0,0.051,139.55586160165436
2026-08-03 11:41:44.079890500+00:00,47.8782,19.829,0.0,1,-2.9,0.155,139.97067920649528
2026-08-03 11:42:11.043794600+00:00,48.4469,21.2972,9.4,2,-16.5,0.157,104.69918805090337
2026-08-03 11:42:11.044065100+00:00,48.4444,21.299,0.0,1,-19.1,0.1,104.39769349814709
2026-08-03 11:42:11.055253800+00:00,48.436,21.2665,14.7,2,-5.2,0.112,104.08789004864661
2026-08-03 11:42:11.056497700+00:00,48.4427,21.2882,0.0,1,5.0,0.088,104.40536185666926
2026-08-03 11:42:11.059049700+00:00,48.4408,21.2887,0.0,1,6.3,0.104,104.19147656466063
2026-08-03 11:42:11.155200700+00:00,48.462,21.2753,0.0,1,-8.0,0.09,106.71941230909631
2026-08-03 11:42:48.783522700+00:00,47.8845,19.8494,2.1,2,-3.3,0.011,138.69274558681508
2026-08-03 11:42:48.804404100+00:00,47.8891,19.8418,0.0,1,5.4,0.106,139.3775659788793
2026-08-03 11:42:56.469067200+00:00,48.1121,19.8158,0.0,1,36.1,0.077,149.85609818480737
2026-08-03 11:43:17.688145200+00:00,47.8992,19.9409,0.0,1,-21.6,0.045,132.61833060284653
2026-08-03 11:43:17.688889900+00:00,47.8991,19.855,0.0,1,4.7,0.229,138.74249547798004
2026-08-03 11:43:57.733011600+00:00,47.8895,19.8544,0.0,1,-10.5,0.054,138.48659487060388
2026-08-03 11:43:57.782627600+00:00,47.9139,19.8406,0.0,1,-10.2,0.057,140.24409709727047
2026-08-03 11:44:39.664271700+00:00,48.4461,21.3039,0.0,1,8.4,0.109,104.49680962331243
2026-08-03 11:44:39.680117800+00:00,48.4404,21.3114,0.0,1,-11.5,0.065,103.752555574048
2026-08-03 11:44:39.704660800+00:00,48.4326,21.3252,0.0,1,-11.4,0.091,102.67860718527503
2026-08-03 11:44:39.758173100+00:00,48.4512,21.2593,0.0,1,-9.8,0.111,105.85805559347709
2026-08-03 11:46:42.553904600+00:00,48.4285,21.3206,2.8,2,6.0,0.046,102.30986548997234
2026-08-03 11:46:42.718656300+00:00,48.4101,21.3737,0.0,1,-13.0,0.057,99.4922674653884
2026-08-03 11:47:09.689625+00:00,48.0975,19.8076,0.0,1,4.9,0.123,149.73671992085468
2026-08-03 11:47:09.716459+00:00,48.0975,19.8098,0.0,1,9.5,0.076,149.58768253818488
2026-08-03 11:47:18.290108500+00:00,47.9163,19.8351,0.0,1,-6.4,0.086,140.71412322737427
2026-08-03 11:47:18.291107800+00:00,47.9151,19.8354,0.0,1,-4.9,0.074,140.65371259318204
2026-08-03 11:47:18.293141+00:00,47.9245,19.8287,0.0,1,4.9,0.09,141.4390720207924
2026-08-03 11:47:18.355631200+00:00,47.8717,19.8047,4.3,2,-2.3,0.019,141.53286223433307
2026-08-03 11:47:51.423501500+00:00,48.452,21.3113,0.0,1,7.0,0.089,105.01034196471348
2026-08-03 11:47:59.162923500+00:00,48.4499,21.3249,6.4,2,4.8,0.094,104.56042378487206
2026-08-03 11:48:39.134197400+00:00,48.0926,19.8016,0.0,1,29.0,0.052,149.92170334862303
2026-08-03 11:48:39.135177200+00:00,48.0984,19.8061,0.0,1,-3.7,0.066,149.87933240419952
2026-08-03 11:48:39.155144900+00:00,48.1033,19.8204,0.0,1,-15.1,0.045,149.13692564750824
2026-08-03 11:48:39.219015200+00:00,48.1061,19.8588,0.0,1,-12.7,0.018,146.68065544046053
2026-08-03 11:49:07.638804500+00:00,48.4382,21.3251,0.0,1,-4.7,0.096,103.28762801680597
2026-08-03 11:49:07.835253900+00:00,48.4324,21.3115,0.0,1,-9.0,0.09,102.88505157008709
2026-08-03 11:49:07.859957600+00:00,48.1028,19.8214,0.0,1,3.1,0.102,149.04628169979108
2026-08-03 11:49:07.861888700+00:00,48.1045,19.8223,6.0,2,3.3,0.074,149.06417221782652
2026-08-03 11:49:07.878861800+00:00,48.1062,19.8201,0.0,1,4.5,0.077,149.29147559169897
2026-08-03 11:50:02.997084600+00:00,47.8826,19.8304,0.0,1,3.1,0.112,140.00010709030778
2026-08-03 11:50:02.997744600+00:00,47.8846,19.8282,0.0,1,-6.4,0.086,140.21779303250386
2026-08-03 11:50:02.998950400+00:00,47.8829,19.8344,0.0,1,3.1,0.124,139.72166800254786
2026-08-03 11:50:03.004074800+00:00,47.8893,19.8505,6.8,2,5.7,0.055,138.75996055836217
2026-08-03 11:50:03.005818100+00:00,47.8832,19.8284,4.4,2,2.4,0.064,140.16166819251785
2026-08-03 11:50:12.942371+00:00,48.4407,21.3265,0.0,1,4.6,0.107,103.53626681674766
2026-08-03 11:50:12.954468500+00:00,48.4383,21.3241,0.0,1,-4.4,0.092,103.31470471339216
2026-08-03 11:50:12.959325400+00:00,48.4492,21.324,0.0,1,-29.5,0.063,104.49889015220643
2026-08-03 11:50:13.002755100+00:00,48.451,21.3083,0.0,1,-18.9,0.065,104.95229075371763
2026-08-03 11:50:13.019768800+00:00,48.45,21.326,0.0,1,-4.6,0.085,104.55369432082539
2026-08-03 11:50:25.190665700+00:00,48.0996,19.8107,0.0,1,-16.0,0.093,149.62263536023318
2026-08-03 11:50:25.210383600+00:00,48.1054,19.8216,0.0,1,9.0,0.092,149.15314079699712
2026-08-03 11:50:25.211727200+00:00,48.103,19.8094,0.0,1,11.1,0.123,149.86646399100127
2026-08-03 11:51:02.062263100+00:00,47.8874,19.8532,0.0,1,4.1,0.075,138.50828163062144
2026-08-03 11:51:12.610488100+00:00,48.1084,19.8181,4.8,2,4.9,0.045,149.52859967941234
2026-08-03 11:51:12.632857+00:00,48.1079,19.8165,0.0,1,3.4,0.135,149.6132833801882
2026-08-03 11:52:20.534714200+00:00,48.1144,19.8183,0.0,1,13.5,0.049,149.79543136531242
2026-08-03 11:52:20.535273+00:00,48.1131,19.821,0.0,1,-14.0,0.066,149.5527117846558
2026-08-03 11:52:20.598017800+00:00,48.1085,19.8204,0.0,1,-4.8,0.055,149.3781621253311
2026-08-03 11:53:06.695787300+00:00,48.4329,21.3222,0.0,1,5.1,0.093,102.7602494899246
2026-08-03 11:53:06.696410800+00:00,48.4324,21.3227,0.0,1,4.0,0.115,102.69783064822089
2026-08-03 11:53:06.724405900+00:00,48.4419,21.3161,0.0,1,4.8,0.122,103.83636753326158
2026-08-03 11:54:12.689784400+00:00,48.2038,19.9072,0.0,1,5.5,0.073,148.48825127888352
2026-08-03 11:55:00.752443400+00:00,47.8949,19.826,0.0,1,-3.2,0.113,140.68755377694316
2026-08-03 11:55:00.754699200+00:00,47.8955,19.8256,0.0,1,-3.7,0.093,140.73463941857125
2026-08-03 11:55:00.767859900+00:00,47.8991,19.8275,0.0,1,4.9,0.095,140.7097642746909
2026-08-03 11:57:11.857306200+00:00,48.4613,21.3316,0.0,1,3.9,0.07,105.69326264686684
2026-08-03 11:57:18.719208700+00:00,48.1274,19.8838,0.0,1,-18.6,0.046,146.0377112537185
2026-08-03 11:57:18.753656300+00:00,48.1281,19.8842,0.0,1,-5.2,0.039,146.04564947637618
2026-08-03 11:58:24.751920+00:00,48.1186,19.8436,0.0,1,5.7,0.103,148.29495795422162
2026-08-03 11:58:24.779727200+00:00,48.1221,19.8421,0.0,1,3.5,0.101,148.56304257769833
2026-08-03 11:58:46.729892900+00:00,48.1189,19.8449,0.0,1,3.0,0.075,148.2221721718201
2026-08-03 11:59:01.215382500+00:00,48.1171,19.8427,0.0,1,5.0,0.08,148.2837221455819
2026-08-03 11:59:48.185248800+00:00,48.1244,19.8281,0.0,1,3.1,0.1,149.61100997333088
2026-08-03 12:00:23.856241+00:00,48.1132,19.8348,2.9,2,3.9,0.021,148.62915208699698
2026-08-03 12:00:23.877373600+00:00,48.1246,19.8362,0.0,1,4.9,0.09,149.07807183068667
2026-08-03 12:02:35.592284800+00:00,48.1322,19.8332,0.0,1,-5.3,0.082,149.64530792427118
2026-08-03 12:02:35.592731600+00:00,48.133,19.8321,0.0,1,5.6,0.074,149.7575560253902
2026-08-03 12:02:35.593583600+00:00,48.132,19.8323,0.0,1,-7.6,0.073,149.6957391413507
2026-08-03 12:02:35.596265+00:00,48.1326,19.83,4.1,2,6.9,0.025,149.87844803931156
2026-08-03 12:02:35.599141200+00:00,48.1247,19.8303,4.8,2,7.0,0.048,149.4779704337459
2026-08-03 12:02:35.606102600+00:00,48.1214,19.8429,7.4,2,4.0,0.033,148.47589093842078
2026-08-03 12:02:35.608074500+00:00,48.1266,19.8289,0.0,1,13.1,0.077,149.66281303515098
2026-08-03 12:04:13.408933+00:00,48.1108,19.8834,0.0,1,-12.1,0.039,145.2552219302993
2026-08-03 12:04:13.423318600+00:00,48.1194,19.835,0.0,1,-6.6,0.072,148.90977068400235
2026-08-03 12:04:13.431405300+00:00,48.1311,19.8289,0.0,1,3.9,0.081,149.87943384943077
2026-08-03 12:06:54.052007500+00:00,48.1146,19.9299,0.0,1,-8.7,0.061,142.33974471900228
2026-08-03 12:06:54.053490700+00:00,48.1071,19.8653,0.0,1,-4.4,0.089,146.29142597639424
2026-08-03 12:09:13.663129200+00:00,48.12,19.8548,0.0,1,4.2,0.082,147.61200694873997
2026-08-03 12:09:13.670869200+00:00,48.1124,19.8552,0.0,1,4.9,0.129,147.2213174074313
2026-08-03 12:10:45.257762900+00:00,48.1129,19.8643,0.0,1,6.6,0.129,146.63505003711757
2026-08-03 12:10:45.271342500+00:00,48.1071,19.8655,0.0,1,4.6,0.088,146.27799890270038
2026-08-03 12:11:42.808447200+00:00,48.3754,21.2545,0.0,1,-12.7,0.101,97.84720547031017
2026-08-03 12:11:42.808680600+00:00,48.3778,21.2549,0.0,1,-4.8,0.113,98.09452680617103
2026-08-03 12:11:42.891937700+00:00,48.3875,21.2571,0.0,1,-5.9,0.075,99.08315758570969
2026-08-03 12:12:57.023900800+00:00,48.1189,19.8603,0.0,1,3.5,0.085,147.1910388255973
2026-08-03 12:13:46.919115200+00:00,47.9057,19.893,0.0,1,4.2,0.1,136.24286386714104
2026-08-03 12:14:54.494781+00:00,48.1155,19.8693,0.0,1,5.6,0.082,146.4250904921639
2026-08-03 12:15:11.913039700+00:00,48.133,20.0827,0.0,1,-3.6,0.075,133.28326023836004
2026-08-03 12:15:12.010187500+00:00,48.1386,20.0836,0.0,1,-3.7,0.144,133.5333980216416
2026-08-03 12:16:37.816976300+00:00,48.3719,21.2536,14.1,2,9.9,0.089,97.49345999293718
2026-08-03 12:16:37.817630100+00:00,48.3811,21.2711,0.0,1,3.5,0.06,98.11334086175765
2026-08-03 12:16:37.819840100+00:00,48.3782,21.2688,0.0,1,6.2,0.078,97.84971377053124
2026-08-03 12:16:37.841683200+00:00,48.3873,21.2695,0.0,1,-5.1,0.127,98.80887835646254
2026-08-03 12:18:43.967042800+00:00,48.1243,20.041,0.0,1,3.1,0.07,135.52022320239996
2026-08-03 12:18:43.978114900+00:00,48.1243,20.0479,0.0,1,4.8,0.083,135.0704045467902
2026-08-03 12:18:44.105075+00:00,48.1306,20.0476,0.0,1,2.6,0.081,135.4268158089641
2026-08-03 12:18:54.834406400+00:00,48.404,21.2744,5.1,2,-7.3,0.066,100.50117793656385
2026-08-03 12:20:04.831646300+00:00,48.1257,20.0763,0.0,1,4.8,0.069,133.29966273885285
2026-08-03 12:20:04.833177400+00:00,48.1256,20.0763,0.0,1,-11.7,0.045,133.29425006633116
2026-08-03 12:20:49.726888900+00:00,48.1362,20.0638,0.0,1,15.6,0.093,134.67952696794927
2026-08-03 12:23:54.932760300+00:00,48.1437,20.0677,0.0,1,-27.0,0.05,134.83906692726356
2026-08-03 12:23:54.942762800+00:00,48.1447,20.0673,0.0,1,6.0,0.048,134.92001388108935
2026-08-03 12:23:54.947601500+00:00,48.1388,20.0568,0.0,1,-11.8,0.057,135.27399404555283
2026-08-03 12:23:54.999705+00:00,48.1011,20.1146,0.0,1,-7.6,0.071,129.48796135647905
2026-08-03 12:33:16.563038600+00:00,48.6128,21.4093,6.2,2,7.6,0.015,121.3100008146337
2026-08-03 12:33:45.495415200+00:00,48.6188,21.4151,0.0,1,-4.6,0.109,121.91463859261
2026-08-03 12:49:26.317588700+00:00,48.094,20.1222,0.0,1,-8.7,0.062,128.61432982065233
2026-08-03 12:49:26.318823800+00:00,48.1001,20.1101,0.0,1,5.0,0.081,129.72787040689704
2026-08-03 12:49:26.326554500+00:00,48.1268,20.1207,0.0,1,-3.8,0.074,130.4923241926124
2026-08-03 12:49:26.327582600+00:00,48.0842,20.1001,0.0,1,-11.1,0.097,129.54787684832215
2026-08-03 12:49:26.328476100+00:00,48.0952,20.1198,3.8,2,7.2,0.02,128.83466292330957
2026-08-03 12:49:26.330541100+00:00,48.0807,20.1131,0.0,1,7.0,0.087,128.51207732650727
2026-08-03 12:49:26.333712100+00:00,48.0835,20.1118,0.0,1,4.5,0.046,128.74292660036355
2026-08-03 12:53:27.832308500+00:00,48.8401,21.4846,0.0,1,5.7,0.117,145.88257736978807
2026-08-03 12:53:27.834931900+00:00,48.8343,21.4815,0.0,1,6.4,0.261,145.25631553936412
2026-08-03 12:55:10.073192700+00:00,48.5943,21.2927,0.0,1,-3.8,0.13,120.75427852095471
2026-08-03 12:56:45.571366100+00:00,48.8422,21.4879,0.0,1,-7.8,0.164,146.09795210046565
2026-08-03 12:56:45.594500800+00:00,48.8459,21.4911,0.0,1,-16.0,0.075,146.4917814745861
2026-08-03 12:56:45.635606700+00:00,48.8478,21.4818,0.0,1,-12.3,0.13,146.75158566877593
2026-08-03 13:03:08.329617+00:00,48.5943,21.2845,0.0,1,-5.1,0.109,120.88120987008939
2026-08-03 13:03:08.330202200+00:00,48.5933,21.2838,0.0,1,-14.5,0.105,120.78354874274818
2026-08-03 13:03:08.340795200+00:00,48.594,21.2769,0.0,1,3.3,0.126,120.96891423796102
2026-08-03 13:05:40.137813500+00:00,48.8667,21.4651,0.0,1,4.2,0.277,148.94218993881282
2026-08-03 13:05:40.141425100+00:00,48.8432,21.4106,6.1,2,4.6,0.148,146.72517955095915
2026-08-03 13:05:40.150287900+00:00,48.8685,21.464,0.0,1,5.0,0.221,149.1482635765553
2026-08-03 13:15:14.893025700+00:00,48.2845,20.0757,0.0,1,-3.5,0.103,142.7675028566715
2026-08-03 13:15:14.893455+00:00,48.2876,20.0728,0.0,1,-3.6,0.097,143.1419595446547
2026-08-03 13:31:22.216451700+00:00,48.694,21.1827,5.3,2,6.4,0.048,133.40035599119733
2026-08-03 13:33:43.983305+00:00,48.6641,21.159,0.0,1,-7.7,0.129,130.64145804171326
2026-08-03 13:40:21.292994600+00:00,48.6449,21.0899,0.0,1,-21.2,0.095,130.0686196809903
2026-08-03 13:45:02.519522700+00:00,48.6776,21.1746,0.0,1,-8.7,0.081,131.78766569091968
2026-08-03 13:45:02.523912400+00:00,48.673,21.1773,0.0,1,5.9,0.164,131.24235816731618
2026-08-03 13:45:02.530758900+00:00,48.6676,21.1633,0.0,1,5.9,0.178,130.93193977149656
2026-08-03 13:48:22.995979+00:00,48.6633,21.1629,0.0,1,3.4,0.172,130.47894667884154
2026-08-03 13:48:30.579464300+00:00,48.6091,20.4933,5.1,2,4.0,0.1,146.47011848132138
2026-08-03 13:48:30.580933+00:00,48.6102,20.4892,5.8,2,3.5,0.033,146.74497037347106
2026-08-03 13:48:30.592666+00:00,48.6008,20.4947,3.6,2,-4.6,0.096,145.65999664191915
2026-08-03 14:02:09.393687100+00:00,48.5975,20.6057,4.3,2,7.3,0.018,140.74792671902057
2026-08-03 14:02:09.510822600+00:00,48.598,20.6816,0.0,1,-8.6,0.06,137.83576773264753
2026-08-03 14:06:31.418033500+00:00,48.5863,20.6101,0.0,1,-5.1,0.082,139.5279476945633
2026-08-03 14:06:31.428535+00:00,48.5882,20.612,0.0,1,4.9,0.114,139.62846507622103
2026-08-03 14:06:31.435029200+00:00,48.5842,20.616,0.0,1,6.0,0.127,139.09519239953624
2026-08-03 14:07:31.593962200+00:00,48.5859,20.6055,0.0,1,3.0,0.099,139.67626792232525
2026-08-03 14:08:32.722510100+00:00,48.6102,20.594,0.0,1,-8.0,0.063,142.4008100652952
2026-08-03 14:08:32.903591400+00:00,48.581,20.6207,0.0,1,-17.8,0.03,138.60837021465062
2026-08-03 14:08:32.931854800+00:00,48.5981,20.628,0.0,1,-14.9,0.048,139.91752970474303
2026-08-03 14:08:33.050552200+00:00,48.5986,20.6282,0.0,1,-6.7,0.064,139.95657831908417
2026-08-03 14:12:57.739351800+00:00,48.6015,20.5883,0.0,1,4.4,0.15,141.82065784250392
2026-08-03 14:12:57.739993600+00:00,48.6007,20.5808,0.0,1,12.9,0.188,142.05065174600085
2026-08-03 14:25:32.774759900+00:00,48.7105,20.9669,4.2,2,3.8,0.139,139.95221508402608
2026-08-03 14:26:06.054301100+00:00,48.7042,20.9479,0.0,1,-4.5,0.046,139.79987921048155
2026-08-03 14:26:06.055156600+00:00,48.7058,20.9486,0.0,1,-14.8,0.12,139.94682796617258
2026-08-03 14:26:06.057563300+00:00,48.7068,20.9501,7.7,2,3.5,0.205,140.01038528046968
2026-08-03 14:26:06.068893500+00:00,48.7073,20.9525,5.5,2,4.1,0.095,139.9983571103738
2026-08-03 14:26:31.397699400+00:00,48.7076,20.9803,0.0,1,-5.4,0.122,139.3047140112428
2026-08-03 14:26:31.478846500+00:00,48.7381,20.9714,0.0,1,-12.5,0.142,142.71204638977272
2026-08-03 14:27:14.747354200+00:00,48.7217,21.0209,0.0,1,-9.1,0.135,139.77617670765594
2026-08-03 14:27:52.743945300+00:00,48.7174,20.9623,4.8,2,4.6,0.083,140.78927246122782
2026-08-03 14:27:52.752978500+00:00,48.7182,20.9651,4.4,2,-8.5,0.057,140.79978005127322
2026-08-03 14:28:45.813458200+00:00,48.724,20.9712,4.0,2,5.4,0.087,141.24665339769587
2026-08-03 14:28:45.818227700+00:00,48.7257,20.9673,7.0,2,7.2,0.082,141.5237366781322
2026-08-03 14:28:45.833213800+00:00,48.7199,20.9711,5.7,2,4.1,0.119,140.82203506830243
2026-08-03 14:29:28.139107200+00:00,48.717,20.9548,5.8,2,4.6,0.058,140.94384012418075
2026-08-03 14:29:28.140627800+00:00,48.714,20.954,6.3,2,-18.9,0.085,140.65353126657362
2026-08-03 14:29:28.156965400+00:00,48.7196,20.9626,4.6,2,6.3,0.069,141.01023738488777
2026-08-03 14:30:18.317989+00:00,48.7263,20.9779,5.9,2,3.2,0.077,141.31603680153916
2026-08-03 14:30:18.334837900+00:00,48.7247,20.9649,3.9,2,5.5,0.07,141.48137212227755
2026-08-03 14:30:18.488383600+00:00,48.7076,20.8687,0.0,1,-27.5,0.147,142.3728129854165
2026-08-03 14:31:43.599935300+00:00,48.7168,20.9638,5.8,2,-11.3,0.08,140.68788856412465
2026-08-03 14:31:43.601240+00:00,48.7168,20.9613,6.5,2,9.7,0.089,140.7529402582974
2026-08-03 14:33:32.526815600+00:00,48.7222,20.9505,5.2,2,3.6,0.087,141.5967136587509
2026-08-03 14:34:18.692137200+00:00,48.7134,20.959,7.6,2,9.9,0.081,140.45979604544223
2026-08-03 14:34:18.702255800+00:00,48.7141,20.961,5.0,2,7.8,0.377,140.48017586210446
2026-08-03 14:35:25.970659900+00:00,48.7173,20.9426,9.1,2,4.8,0.093,141.29809256589667
2026-08-03 14:35:25.973396700+00:00,48.7157,20.9394,5.4,2,5.7,0.082,141.21807885668397
2026-08-03 14:35:25.982182700+00:00,48.7193,20.9481,5.0,2,9.4,0.069,141.35919383561176
2026-08-03 14:35:26.166589200+00:00,48.7557,20.8872,0.0,1,-22.8,0.147,146.77123560347707
2026-08-03 14:35:59.260424200+00:00,48.7274,20.9424,5.5,2,5.0,0.163,142.3500781824622
2026-08-03 14:36:26.160182800+00:00,48.7264,20.9525,5.1,2,5.2,0.125,141.9803042887466
2026-08-03 14:37:16.818883500+00:00,48.7282,20.9491,5.6,2,4.4,0.101,142.25636564885153
2026-08-03 14:38:22.757201400+00:00,48.7191,20.8057,0.0,1,-3.9,0.22,145.44311699026517
2026-08-03 14:40:29.617818200+00:00,48.7388,20.9473,5.8,2,5.0,0.044,143.40449635987324
2026-08-03 14:40:32.457179400+00:00,48.6959,21.0338,4.1,2,8.2,0.159,136.75548790457398
2026-08-03 14:41:25.608996700+00:00,48.7019,21.0286,6.1,2,6.8,0.077,137.51067712984172
2026-08-03 14:41:25.610518100+00:00,48.7049,21.0283,6.7,2,6.2,0.109,137.8331598987159
2026-08-03 14:41:25.620279500+00:00,48.7056,21.0301,4.3,2,3.5,0.1,137.86372134308434
2026-08-03 14:41:25.924862+00:00,48.7035,21.0315,6.5,2,-10.8,0.207,137.6094958409643
2026-08-03 14:42:18.699621300+00:00,48.7014,21.0302,6.2,2,11.5,0.108,137.41978321098563
2026-08-03 14:42:36.244205900+00:00,48.7453,20.9466,6.6,2,21.1,0.046,144.0983309088684
2026-08-03 14:42:36.256157700+00:00,48.7417,20.9463,8.5,2,-8.7,0.063,143.7319471228183
2026-08-03 14:42:36.265840500+00:00,48.7406,20.9514,4.9,2,6.7,0.085,143.48493330464729
2026-08-03 14:42:36.278479700+00:00,48.7397,20.9514,4.1,2,4.4,0.087,143.3913304367773
2026-08-03 14:42:49.891879800+00:00,48.7012,21.0335,7.4,2,-6.3,0.063,137.31993808317904
2026-08-03 14:43:08.195345200+00:00,48.7449,20.954,5.4,2,5.5,0.086,143.86516469448108
2026-08-03 14:43:08.201172100+00:00,48.7708,20.9745,0.0,1,-13.3,0.215,146.0537629047623
2026-08-03 14:43:08.202555200+00:00,48.7632,20.9341,0.0,1,-6.1,0.106,146.28442812677392
2026-08-03 14:43:25.913858200+00:00,48.6954,21.0422,7.6,2,11.5,0.031,136.5032354705039
2026-08-03 14:43:57.248473900+00:00,48.7434,20.9391,0.0,1,4.3,0.113,144.09707506441632
2026-08-03 14:43:57.270260500+00:00,48.7408,20.9445,4.7,2,5.6,0.051,143.68546184783088
2026-08-03 14:44:10.585177100+00:00,48.7006,21.0372,7.6,2,8.0,0.064,137.16888427684913
2026-08-03 14:45:17.568387400+00:00,48.7442,20.9326,6.8,2,4.5,0.111,144.35162978203124
2026-08-03 14:46:08.865264600+00:00,48.739,20.9444,4.2,2,6.4,0.102,143.5011218308138
2026-08-03 14:46:08.880285100+00:00,48.7386,20.9449,4.0,2,3.8,0.087,143.44648026056296
2026-08-03 14:47:32.441662800+00:00,48.7009,20.9895,6.0,2,-6.2,0.059,138.3715735104448
2026-08-03 14:48:32.560189100+00:00,48.7393,20.9461,4.2,2,11.9,0.059,143.48779447431542
2026-08-03 14:48:32.726905900+00:00,48.7405,20.8652,0.0,1,-17.5,0.13,145.8334821853338
2026-08-03 14:49:15.182654400+00:00,48.7053,21.001,7.3,2,6.2,0.064,138.54194496626846
2026-08-03 14:49:15.195874700+00:00,48.707,21.0159,4.3,2,3.6,0.1,138.35307040715728
2026-08-03 14:50:06.079856600+00:00,48.7415,20.9497,4.9,2,9.3,0.078,143.62265378624826
2026-08-03 14:50:06.092123900+00:00,48.7368,20.9363,4.8,2,4.7,0.106,143.48635005279272
2026-08-03 14:50:26.338888700+00:00,48.7077,21.0322,5.9,2,-6.2,0.088,138.03459812789382
2026-08-03 14:50:26.341105400+00:00,48.7112,21.0302,0.0,1,5.5,0.13,138.450330410151
2026-08-03 14:50:26.360400100+00:00,48.6996,21.0308,3.1,2,3.5,0.176,137.21621974137875
2026-08-03 14:51:14.029679+00:00,48.7047,21.0071,6.0,2,8.2,0.098,138.32784588345783
2026-08-03 14:51:14.062143900+00:00,48.7087,21.0005,3.9,2,5.8,0.132,138.9100487523141
2026-08-03 14:51:14.167043800+00:00,48.7046,21.0037,4.3,2,3.6,0.126,138.40157564239107
2026-08-03 14:52:22.456597+00:00,48.7079,20.9955,6.4,2,5.0,0.077,138.95116827682102
2026-08-03 14:53:05.703074700+00:00,48.7284,20.9243,5.4,2,-11.5,0.339,142.9385132092445
2026-08-03 14:53:11.006835+00:00,48.5535,20.3171,0.0,1,-4.7,0.1,149.65909865243214
2026-08-03 14:54:32.042499600+00:00,48.7131,20.9982,3.8,2,5.1,0.089,139.42754624795197
2026-08-03 14:56:13.814724300+00:00,48.7001,20.9856,4.0,2,9.2,0.04,138.38749694182206
2026-08-03 14:56:13.835082500+00:00,48.7025,20.9993,2.2,2,7.1,0.026,138.29160690799793
2026-08-03 14:56:14.145851500+00:00,48.6833,20.8443,0.0,1,-29.2,0.152,140.63963382953912
2026-08-03 14:57:52.821292500+00:00,48.7012,20.9834,4.2,2,6.4,0.119,138.55841352658123
2026-08-03 14:57:52.830417800+00:00,48.706,20.9972,3.7,2,13.2,0.078,138.71001226734143
2026-08-03 14:59:16.031252500+00:00,48.7313,21.0055,0.0,1,-6.9,0.157,141.15528392154746
2026-08-03 14:59:16.042386500+00:00,48.7361,21.0059,0.0,1,-11.5,0.162,141.6494270102326
2026-08-03 14:59:16.043345700+00:00,48.7312,20.9999,2.7,2,-7.4,0.013,141.28118881538887
2026-08-03 14:59:16.051883500+00:00,48.7282,21.0001,0.0,1,-4.1,0.337,140.96183500784602
2026-08-03 14:59:16.052748800+00:00,48.7302,21.0037,10.0,2,-5.2,0.089,141.08361570556377
2026-08-03 14:59:16.060534+00:00,48.7231,21.0065,0.0,1,-7.5,0.127,140.2707312743147
2026-08-03 15:01:09.176001200+00:00,48.6411,21.0027,2.8,2,20.8,0.12,131.80478096984982
2026-08-03 15:01:09.539568700+00:00,48.6599,21.0178,0.0,1,-8.9,0.115,133.3758409717446
2026-08-03 15:05:17.051633600+00:00,48.7012,21.0095,0.0,1,-7.4,0.38,137.90209413382166
2026-08-03 15:05:17.066173+00:00,48.7026,21.0215,3.1,2,-5.2,0.051,137.75537382626473
2026-08-03 15:05:17.071324500+00:00,48.6628,21.0069,0.0,1,-4.9,0.138,133.95498563956167
2026-08-03 15:05:17.073944400+00:00,48.7001,21.0054,0.0,1,6.1,0.111,137.8885058508047
2026-08-03 15:09:11.023733700+00:00,48.6811,21.0217,0.0,1,7.3,0.251,135.49613004860498
2026-08-03 15:09:11.088656700+00:00,48.6904,21.0189,0.0,1,-4.4,0.156,136.53933793713162
2026-08-03 15:09:11.139472800+00:00,48.72,21.0165,0.0,1,30.4,0.614,139.70308517750118
2026-08-03 15:09:11.140810800+00:00,48.7185,21.0154,0.0,1,-11.2,0.418,139.57208800663756
2026-08-03 15:09:15.498517100+00:00,47.5742,23.5793,0.0,1,14.3,0.569,146.56342325888616
2026-08-03 15:14:24.248380+00:00,47.566,23.5947,0.0,1,-12.1,0.431,147.70357368774367
2026-08-03 15:14:24.265784900+00:00,47.568,23.6009,0.0,1,-7.6,0.613,148.1717868164183
2026-08-03 15:19:38.606161100+00:00,47.578,23.5687,0.0,1,-7.8,0.593,145.77747150832667
2026-08-03 15:19:38.639936100+00:00,47.5724,23.5884,0.0,1,6.9,0.287,147.24216157513936
2026-08-03 15:19:38.647906400+00:00,47.5729,23.5863,0.0,1,9.0,0.552,147.08567274165023
2026-08-03 15:19:45.479710+00:00,47.6712,23.4618,0.0,1,5.1,0.369,138.41511341861357
2026-08-03 15:19:45.549797200+00:00,47.6707,23.4139,0.0,1,-18.4,0.385,134.84146767567472
2026-08-03 15:22:14.353112200+00:00,47.5441,23.4518,0.0,1,-39.7,0.404,136.96552213586907
2026-08-03 15:22:21.149589100+00:00,47.6749,23.3583,0.0,1,-13.4,0.507,130.75229759852064
2026-08-03 15:23:45.450870700+00:00,47.5813,23.5626,0.0,1,6.7,0.375,145.3289460304706
2026-08-03 15:24:16.343172700+00:00,47.5567,23.422,0.0,1,-19.3,0.399,134.73431184094017
2026-08-03 15:27:08.087763900+00:00,47.5429,23.5818,0.0,1,-11.2,0.463,146.7236502915061
2026-08-03 15:27:08.202204300+00:00,47.58,23.6032,0.0,1,-9.5,0.423,148.36975190405295
2026-08-03 15:27:08.301905+00:00,47.5382,23.5627,0.0,1,-7.9,0.555,145.29293247218968
2026-08-03 15:27:08.426142300+00:00,47.5377,23.5751,0.0,1,-8.0,0.302,146.2241726143147
2026-08-03 15:27:36.842838700+00:00,47.53,23.5854,0.0,1,11.2,0.675,147.00668669140617
2026-08-03 15:29:28.248355700+00:00,47.568,23.6056,0.0,1,-10.0,0.502,148.52436625096735
2026-08-03 15:29:38.351466600+00:00,47.5279,23.6211,0.0,1,5.8,0.559,149.69021344142266
2026-08-03 15:30:23.688652300+00:00,47.592,23.4842,0.0,1,-7.7,0.282,139.4885698170289
2026-08-03 15:30:23.809382600+00:00,47.593,23.4867,0.0,1,-14.4,0.384,139.67998327673237
2026-08-03 15:30:24.001469200+00:00,47.5922,23.4888,0.0,1,-7.0,0.286,139.83410426651002
2026-08-03 15:30:26.394643400+00:00,47.65,23.4546,0.0,1,8.9,0.584,137.66094726217733
2026-08-03 15:30:26.522954400+00:00,47.7156,23.4433,0.0,1,-12.4,0.452,137.6263650018086
2026-08-03 15:32:10.279624800+00:00,47.6155,23.5922,0.0,1,-15.2,0.562,147.69166181307713
2026-08-03 15:32:10.280785300+00:00,47.6418,23.616,0.0,1,-6.6,0.319,149.646994859334
2026-08-03 15:33:03.486526+00:00,47.5957,23.5011,0.0,1,10.4,0.498,140.77035914699928
2026-08-03 15:33:42.742979600+00:00,47.5023,23.4866,0.0,1,5.0,0.608,139.6642801857929
2026-08-03 15:34:00.053916800+00:00,47.5572,23.4917,0.0,1,4.8,0.279,139.96493325151098
2026-08-03 15:34:18.914854900+00:00,47.5999,23.4718,0.0,1,6.5,0.529,138.59423238440294
2026-08-03 15:34:25.389772600+00:00,47.4981,23.4301,0.0,1,-11.3,0.489,135.44018639488243
2026-08-03 15:36:24.555184500+00:00,47.6251,23.4847,0.0,1,-7.1,0.498,139.70761510633926
2026-08-03 15:36:40.351585700+00:00,47.5216,23.5974,0.0,1,10.1,0.395,147.92346808467923
2026-08-03 15:36:40.352203600+00:00,47.5209,23.5942,0.0,1,-11.3,0.523,147.68481679938816
2026-08-03 15:36:40.352567800+00:00,47.5222,23.5985,0.0,1,-9.0,0.191,148.00471905482544
2026-08-03 15:36:40.423867600+00:00,47.5275,23.5921,0.0,1,-8.8,0.375,147.51378264616787
2026-08-03 15:37:36.505274+00:00,47.5299,23.6151,0.0,1,-15.7,0.442,149.23648143205878
2026-08-03 15:37:36.610397900+00:00,47.5625,23.6128,0.0,1,-12.6,0.534,149.0569567744362
2026-08-03 15:38:15.830028100+00:00,47.5012,23.3977,0.0,1,8.3,0.43,132.99488164858215
2026-08-03 15:38:24.278150500+00:00,47.5322,23.6133,0.0,1,-13.5,0.416,149.09797735804977
2026-08-03 15:38:24.345066800+00:00,47.5189,23.5779,0.0,1,-17.3,0.536,146.46584167386058
2026-08-03 15:39:14.355366200+00:00,47.5808,23.4821,0.0,1,10.6,0.583,139.291591985151
2026-08-03 15:39:37.330854100+00:00,47.512,23.4362,0.0,1,-16.2,0.34,135.84653204316686
2026-08-03 15:40:59.955368+00:00,47.5803,23.5697,0.0,1,6.1,0.498,145.8585345724242
2026-08-03 15:41:24.244990900+00:00,47.5155,23.4797,0.0,1,-8.1,0.309,139.10216182772808
2026-08-03 15:41:24.245246900+00:00,47.5155,23.483,0.0,1,-8.0,0.569,139.3499157474154
2026-08-03 15:41:24.257196800+00:00,47.5166,23.4694,0.0,1,12.6,0.376,138.32589058226046
2026-08-03 15:43:29.105041100+00:00,47.5809,23.4697,0.0,1,6.5,0.281,138.36217126588326
2026-08-03 15:44:19.672795400+00:00,47.5395,23.5019,0.0,1,9.2,0.367,140.7280263555524
2026-08-03 15:46:26.774059700+00:00,47.4957,23.3944,0.0,1,-10.0,0.424,132.77108215485248
2026-08-03 15:46:49.492701200+00:00,47.5077,23.5365,0.0,1,9.8,0.517,143.39063992438
2026-08-03 15:47:48.209168+00:00,47.4869,23.444,0.0,1,-6.8,0.568,136.53783636327975
2026-08-03 15:48:37.177081700+00:00,47.4847,23.4367,0.0,1,7.0,0.38,136.00194864052196
2026-08-03 15:48:41.217750900+00:00,47.5334,23.426,0.0,1,-5.3,0.364,135.03577253797496
2026-08-03 15:49:23.836025+00:00,47.4852,23.4585,11.0,2,-7.3,0.514,137.63530640695487
2026-08-03 15:49:55.287382100+00:00,47.548,23.4847,0.0,1,-5.9,0.152,139.43477286135322
2026-08-03 15:52:00.857916200+00:00,47.4871,23.5982,0.0,1,-10.8,0.417,148.11067481510128
2026-08-03 15:52:01.052367300+00:00,47.4586,23.5774,0.0,1,-15.8,0.407,146.73028988181164
2026-08-03 15:52:01.218128200+00:00,47.4579,23.5784,0.0,1,-10.4,0.558,146.81059716325325
2026-08-03 15:52:01.400992+00:00,47.4595,23.5748,0.0,1,-6.4,0.317,146.5285083942865
2026-08-03 15:52:01.588312800+00:00,47.4591,23.58,0.0,1,-6.9,0.401,146.92155375855774
2026-08-03 15:52:01.658847300+00:00,47.4585,23.5798,0.0,1,-10.2,0.422,146.9110641159914
2026-08-03 15:52:32.514137300+00:00,47.4829,23.4406,0.0,1,5.8,0.27,136.30478218719645
2026-08-03 15:53:01.706329800+00:00,47.4873,23.5871,0.0,1,-13.3,0.425,147.2764759770073
2026-08-03 15:53:01.747933300+00:00,47.4825,23.5785,0.0,1,-10.6,0.433,146.65654908313414
2026-08-03 15:53:01.893949800+00:00,47.483,23.5764,0.0,1,-5.9,0.249,146.49617766140716
2026-08-03 15:53:02.009432700+00:00,47.4829,23.5657,0.0,1,-7.3,0.436,145.69364620852022
2026-08-03 15:53:02.045470+00:00,47.4823,23.5779,0.0,1,-5.9,0.525,146.61262523604998
2026-08-03 15:53:02.139749900+00:00,47.4824,23.5732,0.0,1,-11.9,0.362,146.2593174552484
2026-08-03 15:53:02.261073100+00:00,47.482,23.5759,0.0,1,-6.4,0.355,146.46418779537964
2026-08-03 15:54:15.781203100+00:00,47.4792,23.3987,0.0,1,-8.8,0.415,133.18239728259064
2026-08-03 15:54:15.783497500+00:00,47.4814,23.3878,6.4,2,-5.5,0.272,132.35118137502832
2026-08-03 15:55:14.624101900+00:00,47.4566,23.4403,0.0,1,4.5,0.313,136.46379186497634
2026-08-03 15:56:20.291200+00:00,47.5531,23.3275,0.0,1,-8.2,0.521,127.63954831842206
2026-08-03 15:56:53.648887900+00:00,47.4971,23.404,0.0,1,-11.4,0.506,133.48535373228975
2026-08-03 15:58:57.279474700+00:00,47.5227,23.4113,0.0,1,11.9,0.549,133.94940348228488
2026-08-03 16:01:45.584285200+00:00,47.5006,23.4838,0.0,1,8.8,0.587,139.46087961310525
2026-08-03 16:01:45.796573500+00:00,47.4977,23.4982,0.0,1,7.7,0.384,140.5540603323032
2026-08-03 16:04:39.999776700+00:00,47.528,23.3649,0.0,1,6.5,0.559,130.45612716710676
2026-08-03 16:04:40.006856400+00:00,47.502,23.2273,0.0,1,7.5,0.526,120.20000115284101
2026-08-03 16:06:46.468227200+00:00,47.4493,23.4121,0.0,1,4.8,0.389,134.41139096029187
2026-08-03 16:07:37.163118900+00:00,47.5457,23.281,0.0,1,5.3,0.423,124.14566053357181
2026-08-03 16:07:37.177137900+00:00,47.5496,23.2747,0.0,1,7.1,0.561,123.67446180218504
2026-08-03 16:08:52.584890400+00:00,47.4939,23.4043,0.0,1,8.4,0.382,133.5226367909827
2026-08-03 16:08:52.585432500+00:00,47.4954,23.3894,0.0,1,8.7,0.425,132.39715121846226
2026-08-03 16:08:52.586932200+00:00,47.4984,23.3758,0.0,1,6.9,0.501,131.3627448377692
2026-08-03 16:13:03.388600200+00:00,47.4461,23.3561,0.0,1,6.8,0.375,130.24356410447913
2026-08-03 16:13:03.391335300+00:00,47.4413,23.3466,0.0,1,4.4,0.485,129.57785709962783
2026-08-03 16:13:03.392131400+00:00,47.4382,23.3544,0.0,1,6.1,0.436,130.19302864162384
2026-08-03 16:13:03.401579300+00:00,47.4425,23.3573,0.0,1,5.7,0.319,130.36773248174515
2026-08-03 16:14:15.414473300+00:00,47.536,23.3252,0.0,1,16.8,0.492,127.46625304729386
2026-08-03 16:14:15.415073200+00:00,47.5364,23.3319,0.0,1,5.9,0.66,127.96890351790083
2026-08-03 16:15:20.866704400+00:00,47.4446,23.3626,0.0,1,5.2,0.693,130.74472399635175
2026-08-03 16:15:20.867469400+00:00,47.4465,23.3602,0.0,1,8.8,0.521,130.54706596216525
2026-08-03 16:16:13.054478900+00:00,47.5317,23.3202,0.0,1,-26.5,0.37,127.09517862405013
2026-08-03 16:18:03.388112100+00:00,47.4407,23.3313,0.0,1,10.6,0.361,128.43770997171646
2026-08-03 16:18:03.389819300+00:00,47.4397,23.3385,0.0,1,7.5,0.349,128.9870092941938
2026-08-03 16:18:03.399441500+00:00,47.4355,23.3504,0.0,1,6.4,0.398,129.92109383066517
2026-08-03 16:21:05.062143+00:00,47.4288,23.2595,0.0,1,7.6,0.29,123.18984918575639
2026-08-03 16:21:05.069232900+00:00,47.4413,23.3381,0.0,1,8.6,0.504,128.941122607057
2026-08-03 16:21:05.075276200+00:00,47.4453,23.3073,0.0,1,-6.9,0.519,126.59477781971074
2026-08-03 16:21:05.081381700+00:00,47.4378,23.3426,0.0,1,6.4,0.291,129.31329987837094
2026-08-03 16:29:30.527517600+00:00,47.4671,23.3199,0.0,1,-11.8,0.316,127.35298530207041
2026-08-03 16:29:30.528109200+00:00,47.4681,23.32,0.0,1,7.9,0.205,127.35306369684083
2026-08-03 16:29:30.550521300+00:00,47.4621,23.3216,0.0,1,23.1,0.35,127.51901654080798
2026-08-03 16:29:30.552081800+00:00,47.4612,23.319,0.0,1,8.7,0.454,127.33125786406164
2026-08-03 16:29:30.591876800+00:00,47.4642,23.3383,0.0,1,-6.7,0.442,128.75490669468562
2026-08-03 16:29:30.643132800+00:00,47.4849,23.3889,0.0,1,29.6,0.357,132.41348832860834
2026-08-03 16:31:34.686451900+00:00,47.4626,23.2624,0.0,1,60.1,0.29,123.07617938695248
2026-08-03 16:36:15.446046200+00:00,47.4698,23.2796,0.0,1,10.5,0.212,124.31047858631268
2026-08-03 16:36:15.516365300+00:00,47.4656,23.3306,0.0,1,46.8,0.343,128.16675300544097
2026-08-03 16:39:13.225319800+00:00,47.5308,23.0675,0.0,1,7.5,0.308,108.12517520189117
2026-08-03 16:44:50.375572700+00:00,47.5182,23.0513,0.0,1,5.0,0.311,106.93215671730877
2026-08-03 16:53:29.655070700+00:00,47.5014,23.0135,0.0,1,-15.1,0.253,104.15442994905065
2026-08-03 16:56:48.519700600+00:00,47.494,23.0128,0.0,1,9.2,0.126,104.13900892729285
2026-08-03 16:58:10.733823+00:00,47.4953,22.9986,0.0,1,5.2,0.23,103.06640810500453
2026-08-03 17:05:51.399255200+00:00,47.4739,22.962,0.0,1,5.6,0.306,100.4641816544219
2026-08-03 17:09:21.330893200+00:00,47.4204,23.1101,0.0,1,-19.2,0.187,112.12421911736297
2026-08-03 17:09:21.547113200+00:00,47.4202,23.1112,0.0,1,-21.9,0.332,112.20904716240638
2026-08-03 17:17:00.142885+00:00,47.3466,23.0442,0.0,1,5.6,0.249,108.52975546760719
2026-08-03 17:23:39.865345+00:00,47.3406,23.0026,0.0,1,-23.6,0.114,105.59749189094934
2026-08-03 17:23:39.866034100+00:00,47.3394,23.0041,0.0,1,-13.3,0.268,105.73604802732861
